record_type,record_id,label_ko,alias_or_term,concept_ids,concept_labels,grade_domain_unit,relationship_status,recommended_action,confidence,source_ref_count,notes
concept_alias,m1_factor_sum_difference_product_formula,(a+b)(a-b) 공식,합과 차의 곱; a^2-b^2 공식,m1_factor_sum_difference_product_formula,(a+b)(a-b) 공식,중3(교육과정 학년군: 중1-3) > 변화와 관계 > 다항식의 곱셈과 인수분해,alias_on_concept,preserve_alias_and_check_textbook_wording,high,2,Aliases are stored on the concept node; add an equivalent_to edge only when sources treat two separate concepts as interchangeable.
concept_alias,m1_factor_square_sum_formula,(a+b)^2 공식,합의 제곱 공식; (a+b)^2=a^2+2ab+b^2,m1_factor_square_sum_formula,(a+b)^2 공식,중3(교육과정 학년군: 중1-3) > 변화와 관계 > 다항식의 곱셈과 인수분해,alias_on_concept,preserve_alias_and_check_textbook_wording,high,2,Aliases are stored on the concept node; add an equivalent_to edge only when sources treat two separate concepts as interchangeable.
concept_alias,m1_factor_square_difference_formula,(a-b)^2 공식,차의 제곱 공식; (a-b)^2=a^2-2ab+b^2,m1_factor_square_difference_formula,(a-b)^2 공식,중3(교육과정 학년군: 중1-3) > 변화와 관계 > 다항식의 곱셈과 인수분해,alias_on_concept,preserve_alias_and_check_textbook_wording,high,2,Aliases are stored on the concept node; add an equivalent_to edge only when sources treat two separate concepts as interchangeable.
concept_alias,m1_factor_linear_product_axb_cxd,(ax+b)(cx+d) 공식,일차식의 곱 일반형; acx^2+(ad+bc)x+bd,m1_factor_linear_product_axb_cxd,(ax+b)(cx+d) 공식,중3(교육과정 학년군: 중1-3) > 변화와 관계 > 다항식의 곱셈과 인수분해,alias_on_concept,preserve_alias_and_check_textbook_wording,high,2,Aliases are stored on the concept node; add an equivalent_to edge only when sources treat two separate concepts as interchangeable.
concept_alias,m1_factor_binomial_product_xab,(x+a)(x+b) 공식,x^2+(a+b)x+ab 공식,m1_factor_binomial_product_xab,(x+a)(x+b) 공식,중3(교육과정 학년군: 중1-3) > 변화와 관계 > 다항식의 곱셈과 인수분해,alias_on_concept,preserve_alias_and_check_textbook_wording,high,2,Aliases are stored on the concept node; add an equivalent_to edge only when sources treat two separate concepts as interchangeable.
concept_alias,m1_num_zero,0,영; zero,m1_num_zero,0,중1(교육과정 학년군: 중1-3) > 수와 연산 > 정수와 유리수,alias_on_concept,preserve_alias_and_check_textbook_wording,high,3,Aliases are stored on the concept node; add an equivalent_to edge only when sources treat two separate concepts as interchangeable.
concept_alias,m1_num_one_not_prime_or_composite,1은 소수도 합성수도 아님,1의 소수·합성수 제외,m1_num_one_not_prime_or_composite,1은 소수도 합성수도 아님,중1(교육과정 학년군: 중1-3) > 수와 연산 > 소인수분해,alias_on_concept,preserve_alias_and_check_textbook_wording,high,3,Aliases are stored on the concept node; add an equivalent_to edge only when sources treat two separate concepts as interchangeable.
concept_alias,m1_mis_prime_one,1을 소수나 합성수로 보는 오류,1의 분류 오류,m1_mis_prime_one,1을 소수나 합성수로 보는 오류,중1(교육과정 학년군: 중1-3) > 수와 연산 > 소인수분해,alias_on_concept,preserve_alias_and_check_textbook_wording,high,2,Aliases are stored on the concept node; add an equivalent_to edge only when sources treat two separate concepts as interchangeable.
concept_alias,m1_geo_special_angles_30_45_60,"30도, 45도, 60도의 삼각비",특수각 삼각비,m1_geo_special_angles_30_45_60,"30도, 45도, 60도의 삼각비",중3(교육과정 학년군: 중1-3) > 도형과 측정 > 삼각비,alias_on_concept,preserve_alias_and_check_textbook_wording,high,2,Aliases are stored on the concept node; add an equivalent_to edge only when sources treat two separate concepts as interchangeable.
concept_alias,m1_factor_common_factor_formula,m(a+b) 공식,공통인수 묶기 공식; m(a+b)=ma+mb,m1_factor_common_factor_formula,m(a+b) 공식,중3(교육과정 학년군: 중1-3) > 변화와 관계 > 다항식의 곱셈과 인수분해,alias_on_concept,preserve_alias_and_check_textbook_wording,high,1,Aliases are stored on the concept node; add an equivalent_to edge only when sources treat two separate concepts as interchangeable.
concept_alias,m1_func_x_increment,x의 증가량,x 증가량; x값의 증가량,m1_func_x_increment,x의 증가량,중1(교육과정 학년군: 중1-3) > 변화와 관계 > 일차함수와 그 그래프,alias_on_concept,preserve_alias_and_check_textbook_wording,high,1,Aliases are stored on the concept node; add an equivalent_to edge only when sources treat two separate concepts as interchangeable.
concept_alias,m1_func_x_intercept,x절편,x 절편,m1_func_x_intercept,x절편,중1(교육과정 학년군: 중1-3) > 변화와 관계 > 일차함수와 그 그래프,alias_on_concept,preserve_alias_and_check_textbook_wording,high,2,Aliases are stored on the concept node; add an equivalent_to edge only when sources treat two separate concepts as interchangeable.
concept_alias,m1_mis_x_y_intercept,x절편과 y절편 혼동,절편 혼동; 축 절편 오류,m1_mis_x_y_intercept,x절편과 y절편 혼동,중1(교육과정 학년군: 중1-3) > 변화와 관계 > 일차함수와 그 그래프,alias_on_concept,preserve_alias_and_check_textbook_wording,high,2,Aliases are stored on the concept node; add an equivalent_to edge only when sources treat two separate concepts as interchangeable.
concept_alias,m1_coord_x_coordinate,x좌표,x 좌표; 가로 좌표,m1_coord_x_coordinate,x좌표,중1(교육과정 학년군: 중1-3) > 변화와 관계 > 좌표평면과 그래프,alias_on_concept,preserve_alias_and_check_textbook_wording,high,2,Aliases are stored on the concept node; add an equivalent_to edge only when sources treat two separate concepts as interchangeable.
concept_alias,m1_coord_x_axis,x축,x 축; 가로축,m1_coord_x_axis,x축,중1(교육과정 학년군: 중1-3) > 변화와 관계 > 좌표평면과 그래프,alias_on_concept,preserve_alias_and_check_textbook_wording,high,1,Aliases are stored on the concept node; add an equivalent_to edge only when sources treat two separate concepts as interchangeable.
concept_alias,m1_coord_x_axis_point,x축 위의 점,x축상의 점; x축에 있는 점,m1_coord_x_axis_point,x축 위의 점,중1(교육과정 학년군: 중1-3) > 변화와 관계 > 좌표평면과 그래프,alias_on_concept,preserve_alias_and_check_textbook_wording,high,2,Aliases are stored on the concept node; add an equivalent_to edge only when sources treat two separate concepts as interchangeable.
concept_alias,m1_quad_func_shifted_square_form,y=a(x-p)^2 꼴,x방향 평행이동형; y=a(x-p)^2,m1_quad_func_shifted_square_form,y=a(x-p)^2 꼴,중3(교육과정 학년군: 중1-3) > 변화와 관계 > 이차함수와 그 그래프,alias_on_concept,preserve_alias_and_check_textbook_wording,high,2,Aliases are stored on the concept node; add an equivalent_to edge only when sources treat two separate concepts as interchangeable.
concept_alias,m1_quad_func_vertex_form,y=a(x-p)^2+q 꼴,꼭짓점형; vertex form,m1_quad_func_vertex_form,y=a(x-p)^2+q 꼴,중3(교육과정 학년군: 중1-3) > 변화와 관계 > 이차함수와 그 그래프,alias_on_concept,preserve_alias_and_check_textbook_wording,high,2,Aliases are stored on the concept node; add an equivalent_to edge only when sources treat two separate concepts as interchangeable.
concept_alias,m1_quad_func_y_ax2_graph,y=ax^2 그래프,기본 이차함수 그래프,m1_quad_func_y_ax2_graph,y=ax^2 그래프,중3(교육과정 학년군: 중1-3) > 변화와 관계 > 이차함수와 그 그래프,alias_on_concept,preserve_alias_and_check_textbook_wording,high,2,Aliases are stored on the concept node; add an equivalent_to edge only when sources treat two separate concepts as interchangeable.
concept_alias,m1_quad_func_y_ax2_form,y=ax^2 꼴,기본 이차함수 식; y=ax^2,m1_quad_func_y_ax2_form,y=ax^2 꼴,중3(교육과정 학년군: 중1-3) > 변화와 관계 > 이차함수와 그 그래프,alias_on_concept,preserve_alias_and_check_textbook_wording,high,2,Aliases are stored on the concept node; add an equivalent_to edge only when sources treat two separate concepts as interchangeable.
concept_alias,m1_quad_func_general_form,y=ax^2+bx+c 꼴,일반형 이차함수; general form,m1_quad_func_general_form,y=ax^2+bx+c 꼴,중3(교육과정 학년군: 중1-3) > 변화와 관계 > 이차함수와 그 그래프,alias_on_concept,preserve_alias_and_check_textbook_wording,high,2,Aliases are stored on the concept node; add an equivalent_to edge only when sources treat two separate concepts as interchangeable.
concept_alias,m1_quad_func_vertical_shift_form,y=ax^2+q 꼴,y방향 평행이동형; y=ax^2+q,m1_quad_func_vertical_shift_form,y=ax^2+q 꼴,중3(교육과정 학년군: 중1-3) > 변화와 관계 > 이차함수와 그 그래프,alias_on_concept,preserve_alias_and_check_textbook_wording,high,2,Aliases are stored on the concept node; add an equivalent_to edge only when sources treat two separate concepts as interchangeable.
concept_alias,m1_quad_func_y_fx,y=f(x),f(x); 함수 기호,m1_quad_func_y_fx,y=f(x),중3(교육과정 학년군: 중1-3) > 변화와 관계 > 이차함수와 그 그래프,alias_on_concept,preserve_alias_and_check_textbook_wording,high,2,Aliases are stored on the concept node; add an equivalent_to edge only when sources treat two separate concepts as interchangeable.
concept_alias,m1_func_y_increment,y의 증가량,y 증가량; y값의 증가량,m1_func_y_increment,y의 증가량,중1(교육과정 학년군: 중1-3) > 변화와 관계 > 일차함수와 그 그래프,alias_on_concept,preserve_alias_and_check_textbook_wording,high,1,Aliases are stored on the concept node; add an equivalent_to edge only when sources treat two separate concepts as interchangeable.
concept_alias,m1_func_y_intercept,y절편,y 절편,m1_func_y_intercept,y절편,중1(교육과정 학년군: 중1-3) > 변화와 관계 > 일차함수와 그 그래프,alias_on_concept,preserve_alias_and_check_textbook_wording,high,3,Aliases are stored on the concept node; add an equivalent_to edge only when sources treat two separate concepts as interchangeable.
concept_alias,m1_coord_y_coordinate,y좌표,y 좌표; 세로 좌표,m1_coord_y_coordinate,y좌표,중1(교육과정 학년군: 중1-3) > 변화와 관계 > 좌표평면과 그래프,alias_on_concept,preserve_alias_and_check_textbook_wording,high,2,Aliases are stored on the concept node; add an equivalent_to edge only when sources treat two separate concepts as interchangeable.
concept_alias,m1_coord_y_axis,y축,y 축; 세로축,m1_coord_y_axis,y축,중1(교육과정 학년군: 중1-3) > 변화와 관계 > 좌표평면과 그래프,alias_on_concept,preserve_alias_and_check_textbook_wording,high,1,Aliases are stored on the concept node; add an equivalent_to edge only when sources treat two separate concepts as interchangeable.
concept_alias,m1_coord_y_axis_point,y축 위의 점,y축상의 점; y축에 있는 점,m1_coord_y_axis_point,y축 위의 점,중1(교육과정 학년군: 중1-3) > 변화와 관계 > 좌표평면과 그래프,alias_on_concept,preserve_alias_and_check_textbook_wording,high,2,Aliases are stored on the concept node; add an equivalent_to edge only when sources treat two separate concepts as interchangeable.
concept_alias,m1_system_addition_subtraction_method,가감법,addition-subtraction method,m1_system_addition_subtraction_method,가감법,중1(교육과정 학년군: 중1-3) > 변화와 관계 > 연립일차방정식,alias_on_concept,preserve_alias_and_check_textbook_wording,high,2,Aliases are stored on the concept node; add an equivalent_to edge only when sources treat two separate concepts as interchangeable.
concept_alias,m1_mis_system_elimination_sign,가감법에서 부호와 계수 처리를 잘못하는 오류,가감법 부호 오류; 소거 계수 오류,m1_mis_system_elimination_sign,가감법에서 부호와 계수 처리를 잘못하는 오류,중1(교육과정 학년군: 중1-3) > 변화와 관계 > 연립일차방정식,alias_on_concept,preserve_alias_and_check_textbook_wording,high,2,Aliases are stored on the concept node; add an equivalent_to edge only when sources treat two separate concepts as interchangeable.
concept_alias,m1_data_middle_position,가운데 위치,중앙 위치; middle position,m1_data_middle_position,가운데 위치,중1(교육과정 학년군: 중1-3) > 자료와 가능성 > 대푯값,alias_on_concept,preserve_alias_and_check_textbook_wording,high,3,Aliases are stored on the concept node; add an equivalent_to edge only when sources treat two separate concepts as interchangeable.
concept_alias,m1_geo_pythagorean_converse_side_ordering,가장 긴 변을 빗변 후보로 정하기,빗변 후보 정하기; longest-side selection,m1_geo_pythagorean_converse_side_ordering,가장 긴 변을 빗변 후보로 정하기,중2(교육과정 학년군: 중1-3) > 도형과 측정 > 피타고라스 정리,alias_on_concept,preserve_alias_and_check_textbook_wording,high,2,Aliases are stored on the concept node; add an equivalent_to edge only when sources treat two separate concepts as interchangeable.
concept_alias,m1_mis_pythagorean_converse_unsorted_sides,가장 긴 변을 확인하지 않고 역을 적용하는 오류,피타고라스 역 변 순서 오류,m1_mis_pythagorean_converse_unsorted_sides,가장 긴 변을 확인하지 않고 역을 적용하는 오류,중2(교육과정 학년군: 중1-3) > 도형과 측정 > 피타고라스 정리,alias_on_concept,preserve_alias_and_check_textbook_wording,high,2,Aliases are stored on the concept node; add an equivalent_to edge only when sources treat two separate concepts as interchangeable.
concept_alias,m1_geo_angle,각,angle,m1_geo_angle,각,중1(교육과정 학년군: 중1-3) > 도형과 측정 > 기본 도형,alias_on_concept,preserve_alias_and_check_textbook_wording,high,2,Aliases are stored on the concept node; add an equivalent_to edge only when sources treat two separate concepts as interchangeable.
concept_alias,m1_data_equally_likely_assumption,각 경우가 발생할 가능성이 동등하다는 가정,동등 가능성 가정,m1_data_equally_likely_assumption,각 경우가 발생할 가능성이 동등하다는 가정,중2(교육과정 학년군: 중1-3) > 자료와 가능성 > 경우의 수와 확률,alias_on_concept,preserve_alias_and_check_textbook_wording,high,1,Aliases are stored on the concept node; add an equivalent_to edge only when sources treat two separate concepts as interchangeable.
concept_alias,m1_quad_eq_zero_product_condition,각 인수가 0이 되는 조건,곱이 0이 되는 조건; zero product condition,m1_quad_eq_zero_product_condition,각 인수가 0이 되는 조건,중3(교육과정 학년군: 중1-3) > 변화와 관계 > 이차방정식,alias_on_concept,preserve_alias_and_check_textbook_wording,high,2,Aliases are stored on the concept node; add an equivalent_to edge only when sources treat two separate concepts as interchangeable.
concept_alias,m1_geo_frustum_pyramid,각뿔대,frustum of pyramid,m1_geo_frustum_pyramid,각뿔대,중1(교육과정 학년군: 중1-3) > 도형과 측정 > 입체도형의 성질,alias_on_concept,preserve_alias_and_check_textbook_wording,high,3,Aliases are stored on the concept node; add an equivalent_to edge only when sources treat two separate concepts as interchangeable.
concept_alias,m1_geo_angle_bisector,각의 이등분선,내각의 이등분선; angle bisector,m1_geo_angle_bisector,각의 이등분선,중2(교육과정 학년군: 중1-3) > 도형과 측정 > 삼각형과 사각형의 성질,alias_on_concept,preserve_alias_and_check_textbook_wording,high,2,Aliases are stored on the concept node; add an equivalent_to edge only when sources treat two separate concepts as interchangeable.
concept_alias,m1_geo_angle_measure,각의 크기,angle measure,m1_geo_angle_measure,각의 크기,중1(교육과정 학년군: 중1-3) > 도형과 측정 > 기본 도형,alias_on_concept,preserve_alias_and_check_textbook_wording,high,2,Aliases are stored on the concept node; add an equivalent_to edge only when sources treat two separate concepts as interchangeable.
concept_alias,m1_calc_same_base_power_multiplication,같은 밑의 거듭제곱의 곱셈,밑이 같은 거듭제곱의 곱셈 법칙,m1_calc_same_base_power_multiplication,같은 밑의 거듭제곱의 곱셈,중1(교육과정 학년군: 중1-3) > 변화와 관계 > 식의 계산,alias_on_concept,preserve_alias_and_check_textbook_wording,high,3,Aliases are stored on the concept node; add an equivalent_to edge only when sources treat two separate concepts as interchangeable.
concept_alias,m1_calc_same_base_power_division,같은 밑의 거듭제곱의 나눗셈,밑이 같은 거듭제곱의 나눗셈 법칙,m1_calc_same_base_power_division,같은 밑의 거듭제곱의 나눗셈,중1(교육과정 학년군: 중1-3) > 변화와 관계 > 식의 계산,alias_on_concept,preserve_alias_and_check_textbook_wording,high,3,Aliases are stored on the concept node; add an equivalent_to edge only when sources treat two separate concepts as interchangeable.
concept_alias,m1_geo_equal_chords_equal_center_distance,같은 원에서 길이가 같은 현은 중심에서 같은 거리에 있음,같은 현과 중심거리,m1_geo_equal_chords_equal_center_distance,같은 원에서 길이가 같은 현은 중심에서 같은 거리에 있음,중3(교육과정 학년군: 중1-3) > 도형과 측정 > 원의 성질,alias_on_concept,preserve_alias_and_check_textbook_wording,high,2,Aliases are stored on the concept node; add an equivalent_to edge only when sources treat two separate concepts as interchangeable.
concept_alias,m1_geo_equal_center_distance_equal_chords,같은 원에서 중심거리가 같은 현의 길이가 같음,중심거리가 같은 현,m1_geo_equal_center_distance_equal_chords,같은 원에서 중심거리가 같은 현의 길이가 같음,중3(교육과정 학년군: 중1-3) > 도형과 측정 > 원의 성질,alias_on_concept,preserve_alias_and_check_textbook_wording,high,2,Aliases are stored on the concept node; add an equivalent_to edge only when sources treat two separate concepts as interchangeable.
concept_alias,m1_geo_same_chord,같은 현,동일한 현,m1_geo_same_chord,같은 현,중3(교육과정 학년군: 중1-3) > 도형과 측정 > 원의 성질,alias_on_concept,preserve_alias_and_check_textbook_wording,high,2,Aliases are stored on the concept node; add an equivalent_to edge only when sources treat two separate concepts as interchangeable.
concept_alias,m1_mis_same_chord_arc_scope,같은 현과 같은 호의 조건을 넓게 적용하는 오류,같은 현 같은 호 조건 혼동,m1_mis_same_chord_arc_scope,같은 현과 같은 호의 조건을 넓게 적용하는 오류,중3(교육과정 학년군: 중1-3) > 도형과 측정 > 원의 성질,alias_on_concept,preserve_alias_and_check_textbook_wording,high,3,Aliases are stored on the concept node; add an equivalent_to edge only when sources treat two separate concepts as interchangeable.
concept_alias,m1_geo_same_arc,같은 호,동일한 호,m1_geo_same_arc,같은 호,중3(교육과정 학년군: 중1-3) > 도형과 측정 > 원의 성질,alias_on_concept,preserve_alias_and_check_textbook_wording,high,2,Aliases are stored on the concept node; add an equivalent_to edge only when sources treat two separate concepts as interchangeable.
concept_alias,m1_geo_same_arc_inscribed_angles_equal,같은 호에 대한 원주각의 크기가 같음,같은 호의 원주각; 같은 호에 대한 원주각,m1_geo_same_arc_inscribed_angles_equal,같은 호에 대한 원주각의 크기가 같음,중3(교육과정 학년군: 중1-3) > 도형과 측정 > 원의 성질,alias_on_concept,preserve_alias_and_check_textbook_wording,high,2,Aliases are stored on the concept node; add an equivalent_to edge only when sources treat two separate concepts as interchangeable.
concept_alias,m1_geo_same_arc_same_chord_relation,같은 호와 같은 현의 대응 관계,호와 현의 대응,m1_geo_same_arc_same_chord_relation,같은 호와 같은 현의 대응 관계,중3(교육과정 학년군: 중1-3) > 도형과 측정 > 원의 성질,alias_on_concept,preserve_alias_and_check_textbook_wording,high,3,Aliases are stored on the concept node; add an equivalent_to edge only when sources treat two separate concepts as interchangeable.
concept_alias,m1_calc_power,거듭제곱,power,m1_calc_power,거듭제곱,중1(교육과정 학년군: 중1-3) > 변화와 관계 > 식의 계산,alias_on_concept,preserve_alias_and_check_textbook_wording,high,3,Aliases are stored on the concept node; add an equivalent_to edge only when sources treat two separate concepts as interchangeable.
concept_alias,m1_calc_power_of_power,거듭제곱의 거듭제곱,거듭제곱을 다시 거듭제곱하기,m1_calc_power_of_power,거듭제곱의 거듭제곱,중1(교육과정 학년군: 중1-3) > 변화와 관계 > 식의 계산,alias_on_concept,preserve_alias_and_check_textbook_wording,high,3,Aliases are stored on the concept node; add an equivalent_to edge only when sources treat two separate concepts as interchangeable.
concept_alias,m1_geo_trig_distance_height_modeling,거리와 높이 문제를 직각삼각형으로 나타내기,거리 높이 직각삼각형 모델링; 측정 상황 모델링,m1_geo_trig_distance_height_modeling,거리와 높이 문제를 직각삼각형으로 나타내기,중3(교육과정 학년군: 중1-3) > 도형과 측정 > 삼각비,alias_on_concept,preserve_alias_and_check_textbook_wording,high,2,Aliases are stored on the concept node; add an equivalent_to edge only when sources treat two separate concepts as interchangeable.
concept_alias,m1_geo_surface_area,겉넓이,surface area,m1_geo_surface_area,겉넓이,중1(교육과정 학년군: 중1-3) > 도형과 측정 > 입체도형의 성질,alias_on_concept,preserve_alias_and_check_textbook_wording,high,2,Aliases are stored on the concept node; add an equivalent_to edge only when sources treat two separate concepts as interchangeable.
concept_alias,m1_mis_surface_area_volume,겉넓이와 부피를 같은 측정량으로 보는 오류,겉넓이-부피 혼동,m1_mis_surface_area_volume,겉넓이와 부피를 같은 측정량으로 보는 오류,중1(교육과정 학년군: 중1-3) > 도형과 측정 > 입체도형의 성질,alias_on_concept,preserve_alias_and_check_textbook_wording,high,2,Aliases are stored on the concept node; add an equivalent_to edge only when sources treat two separate concepts as interchangeable.
concept_alias,m1_geo_orthographic_drawing,겨냥도,입체도형의 겨냥도,m1_geo_orthographic_drawing,겨냥도,중1(교육과정 학년군: 중1-3) > 도형과 측정 > 입체도형의 성질,alias_on_concept,preserve_alias_and_check_textbook_wording,high,1,Aliases are stored on the concept node; add an equivalent_to edge only when sources treat two separate concepts as interchangeable.
concept_alias,m1_num_associative_law,결합법칙,associative law,m1_num_associative_law,결합법칙,중1(교육과정 학년군: 중1-3) > 수와 연산 > 정수와 유리수,alias_on_concept,preserve_alias_and_check_textbook_wording,high,2,Aliases are stored on the concept node; add an equivalent_to edge only when sources treat two separate concepts as interchangeable.
concept_alias,m1_data_counting_cases,경우의 수,number of cases,m1_data_counting_cases,경우의 수,중2(교육과정 학년군: 중1-3) > 자료와 가능성 > 경우의 수와 확률,alias_on_concept,preserve_alias_and_check_textbook_wording,high,4,Aliases are stored on the concept node; add an equivalent_to edge only when sources treat two separate concepts as interchangeable.
concept_alias,m1_data_probability_unit,경우의 수와 확률,"가능성, 확률",m1_data_probability_unit,경우의 수와 확률,중2(교육과정 학년군: 중1-3) > 자료와 가능성 > 경우의 수와 확률,alias_on_concept,preserve_alias_and_check_textbook_wording,high,5,Aliases are stored on the concept node; add an equivalent_to edge only when sources treat two separate concepts as interchangeable.
concept_alias,m1_data_probability_by_case_ratio,경우의 수의 비율로 확률 구하기,확률을 경우의 수의 비율로 구하기; 사건의 확률 구하기,m1_data_probability_by_case_ratio,경우의 수의 비율로 확률 구하기,중2(교육과정 학년군: 중1-3) > 자료와 가능성 > 경우의 수와 확률,alias_on_concept,preserve_alias_and_check_textbook_wording,high,4,Aliases are stored on the concept node; add an equivalent_to edge only when sources treat two separate concepts as interchangeable.
concept_alias,m1_data_theoretical_probability,경우의 수의 비율로서의 확률,이론적 확률,m1_data_theoretical_probability,경우의 수의 비율로서의 확률,중2(교육과정 학년군: 중1-3) > 자료와 가능성 > 경우의 수와 확률,alias_on_concept,preserve_alias_and_check_textbook_wording,high,4,Aliases are stored on the concept node; add an equivalent_to edge only when sources treat two separate concepts as interchangeable.
concept_alias,m1_data_class,계급,class interval,m1_data_class,계급,중1(교육과정 학년군: 중1-3) > 자료와 가능성 > 도수분포표와 상대도수,alias_on_concept,preserve_alias_and_check_textbook_wording,high,3,Aliases are stored on the concept node; add an equivalent_to edge only when sources treat two separate concepts as interchangeable.
concept_alias,m1_data_class_mark,계급값,class mark,m1_data_class_mark,계급값,중1(교육과정 학년군: 중1-3) > 자료와 가능성 > 도수분포표와 상대도수,alias_on_concept,preserve_alias_and_check_textbook_wording,high,2,Aliases are stored on the concept node; add an equivalent_to edge only when sources treat two separate concepts as interchangeable.
concept_alias,m1_data_class_width,계급의 크기,class width,m1_data_class_width,계급의 크기,중1(교육과정 학년군: 중1-3) > 자료와 가능성 > 도수분포표와 상대도수,alias_on_concept,preserve_alias_and_check_textbook_wording,high,3,Aliases are stored on the concept node; add an equivalent_to edge only when sources treat two separate concepts as interchangeable.
concept_alias,m1_num_square_root_calculator,계산기로 제곱근 값 구하기,제곱근 근삿값 구하기,m1_num_square_root_calculator,계산기로 제곱근 값 구하기,중3(교육과정 학년군: 중1-3) > 수와 연산 > 제곱근과 실수,alias_on_concept,preserve_alias_and_check_textbook_wording,high,1,Aliases are stored on the concept node; add an equivalent_to edge only when sources treat two separate concepts as interchangeable.
concept_alias,m1_expr_coefficient,계수,coefficient,m1_expr_coefficient,계수,중1(교육과정 학년군: 중1-3) > 변화와 관계 > 문자의 사용과 식,alias_on_concept,preserve_alias_and_check_textbook_wording,high,1,Aliases are stored on the concept node; add an equivalent_to edge only when sources treat two separate concepts as interchangeable.
concept_alias,m1_mis_coefficient_constant_degree,계수·상수항·차수 혼동,계수와 상수항 혼동; 차수 판단 오류,m1_mis_coefficient_constant_degree,계수·상수항·차수 혼동,중1(교육과정 학년군: 중1-3) > 변화와 관계 > 문자의 사용과 식,alias_on_concept,preserve_alias_and_check_textbook_wording,high,2,Aliases are stored on the concept node; add an equivalent_to edge only when sources treat two separate concepts as interchangeable.
concept_alias,m1_num_multiplication,곱셈,multiplication; 곱하기,m1_num_multiplication,곱셈,중1(교육과정 학년군: 중1-3) > 수와 연산 > 정수와 유리수,alias_on_concept,preserve_alias_and_check_textbook_wording,high,3,Aliases are stored on the concept node; add an equivalent_to edge only when sources treat two separate concepts as interchangeable.
concept_alias,m1_factor_formula_selection,곱셈·인수분해 공식 선택하기,공식 선택하기; 알맞은 공식 고르기,m1_factor_formula_selection,곱셈·인수분해 공식 선택하기,중3(교육과정 학년군: 중1-3) > 변화와 관계 > 다항식의 곱셈과 인수분해,alias_on_concept,preserve_alias_and_check_textbook_wording,high,2,Aliases are stored on the concept node; add an equivalent_to edge only when sources treat two separate concepts as interchangeable.
concept_alias,m1_mis_factor_formula_pattern,곱셈·인수분해 공식을 기계적으로 끼워 맞추는 오류,공식 패턴 오용,m1_mis_factor_formula_pattern,곱셈·인수분해 공식을 기계적으로 끼워 맞추는 오류,중3(교육과정 학년군: 중1-3) > 변화와 관계 > 다항식의 곱셈과 인수분해,alias_on_concept,preserve_alias_and_check_textbook_wording,high,2,Aliases are stored on the concept node; add an equivalent_to edge only when sources treat two separate concepts as interchangeable.
concept_alias,m1_num_mul_div_sign_rule,곱셈과 나눗셈의 부호 결정,곱셈의 부호 규칙; 나눗셈의 부호 규칙,m1_num_mul_div_sign_rule,곱셈과 나눗셈의 부호 결정,중1(교육과정 학년군: 중1-3) > 수와 연산 > 정수와 유리수,alias_on_concept,preserve_alias_and_check_textbook_wording,high,3,Aliases are stored on the concept node; add an equivalent_to edge only when sources treat two separate concepts as interchangeable.
concept_alias,m1_num_common_multiple,공배수,common multiple,m1_num_common_multiple,공배수,중1(교육과정 학년군: 중1-3) > 수와 연산 > 소인수분해,alias_on_concept,preserve_alias_and_check_textbook_wording,high,3,Aliases are stored on the concept node; add an equivalent_to edge only when sources treat two separate concepts as interchangeable.
concept_alias,m1_factor_formula_based_factorization,공식을 이용한 인수분해,인수분해 공식 적용하기; 공식으로 인수분해하기,m1_factor_formula_based_factorization,공식을 이용한 인수분해,중3(교육과정 학년군: 중1-3) > 변화와 관계 > 다항식의 곱셈과 인수분해,alias_on_concept,preserve_alias_and_check_textbook_wording,high,2,Aliases are stored on the concept node; add an equivalent_to edge only when sources treat two separate concepts as interchangeable.
concept_alias,m1_num_common_divisor,공약수,common divisor,m1_num_common_divisor,공약수,중1(교육과정 학년군: 중1-3) > 수와 연산 > 소인수분해,alias_on_concept,preserve_alias_and_check_textbook_wording,high,3,Aliases are stored on the concept node; add an equivalent_to edge only when sources treat two separate concepts as interchangeable.
concept_alias,m1_num_common_prime_factor,공통 소인수,common prime factor,m1_num_common_prime_factor,공통 소인수,중1(교육과정 학년군: 중1-3) > 수와 연산 > 소인수분해,alias_on_concept,preserve_alias_and_check_textbook_wording,high,3,Aliases are stored on the concept node; add an equivalent_to edge only when sources treat two separate concepts as interchangeable.
concept_alias,m1_num_select_common_prime_factors,공통 소인수 선택하기,공통인 소인수 고르기,m1_num_select_common_prime_factors,공통 소인수 선택하기,중1(교육과정 학년군: 중1-3) > 수와 연산 > 소인수분해,alias_on_concept,preserve_alias_and_check_textbook_wording,high,3,Aliases are stored on the concept node; add an equivalent_to edge only when sources treat two separate concepts as interchangeable.
concept_alias,m1_system_common_solution_condition,공통 해 조건,두 방정식을 모두 만족하는 조건; 동시에 만족하는 조건,m1_system_common_solution_condition,공통 해 조건,중1(교육과정 학년군: 중1-3) > 변화와 관계 > 연립일차방정식,alias_on_concept,preserve_alias_and_check_textbook_wording,high,2,Aliases are stored on the concept node; add an equivalent_to edge only when sources treat two separate concepts as interchangeable.
concept_alias,m1_factor_common_factor,공통인수,공통 인수,m1_factor_common_factor,공통인수,중3(교육과정 학년군: 중1-3) > 변화와 관계 > 다항식의 곱셈과 인수분해,alias_on_concept,preserve_alias_and_check_textbook_wording,high,3,Aliases are stored on the concept node; add an equivalent_to edge only when sources treat two separate concepts as interchangeable.
concept_alias,m1_factor_common_factor_extraction,공통인수로 묶기,공통인수 묶기; 공통 인수로 묶어 인수분해하기,m1_factor_common_factor_extraction,공통인수로 묶기,중3(교육과정 학년군: 중1-3) > 변화와 관계 > 다항식의 곱셈과 인수분해,alias_on_concept,preserve_alias_and_check_textbook_wording,high,2,Aliases are stored on the concept node; add an equivalent_to edge only when sources treat two separate concepts as interchangeable.
concept_alias,m1_mis_factor_common_factor_missing,공통인수를 빠뜨리는 오류,공통인수 누락,m1_mis_factor_common_factor_missing,공통인수를 빠뜨리는 오류,중3(교육과정 학년군: 중1-3) > 변화와 관계 > 다항식의 곱셈과 인수분해,alias_on_concept,preserve_alias_and_check_textbook_wording,high,2,Aliases are stored on the concept node; add an equivalent_to edge only when sources treat two separate concepts as interchangeable.
concept_alias,m1_data_box_plot_construction_tool,공학 도구로 상자그림 나타내기,공학 도구로 상자그림 그리기,m1_data_box_plot_construction_tool,공학 도구로 상자그림 나타내기,중3(교육과정 학년군: 중1-3) > 자료와 가능성 > 상자그림과 산점도,alias_on_concept,preserve_alias_and_check_textbook_wording,high,2,Aliases are stored on the concept node; add an equivalent_to edge only when sources treat two separate concepts as interchangeable.
concept_alias,m1_quad_func_tech_tool_graph,공학 도구로 이차함수 그래프 탐구하기,동적 그래프 도구로 이차함수 탐구,m1_quad_func_tech_tool_graph,공학 도구로 이차함수 그래프 탐구하기,중3(교육과정 학년군: 중1-3) > 변화와 관계 > 이차함수와 그 그래프,alias_on_concept,preserve_alias_and_check_textbook_wording,high,2,Aliases are stored on the concept node; add an equivalent_to edge only when sources treat two separate concepts as interchangeable.
concept_alias,m1_data_technology_tool_stats,공학 도구로 자료 수집·분석하기,통계 프로그램; 웹 기반 소프트웨어,m1_data_technology_tool_stats,공학 도구로 자료 수집·분석하기,중1(교육과정 학년군: 중1-3) > 자료와 가능성 > 도수분포표와 상대도수,alias_on_concept,preserve_alias_and_check_textbook_wording,high,6,Aliases are stored on the concept node; add an equivalent_to edge only when sources treat two separate concepts as interchangeable.
concept_alias,m1_func_tech_tool_graph,공학 도구로 함수 그래프 탐구하기,알지오매스 그래프 탐구; 그래프 도구 활용,m1_func_tech_tool_graph,공학 도구로 함수 그래프 탐구하기,중1(교육과정 학년군: 중1-3) > 변화와 관계 > 일차함수와 그 그래프,alias_on_concept,preserve_alias_and_check_textbook_wording,high,2,Aliases are stored on the concept node; add an equivalent_to edge only when sources treat two separate concepts as interchangeable.
concept_alias,m1_mis_proof_observation,관찰 결과와 증명을 같은 수준의 근거로 보는 오류,정당화-증명 혼동,m1_mis_proof_observation,관찰 결과와 증명을 같은 수준의 근거로 보는 오류,중2(교육과정 학년군: 중1-3) > 도형과 측정 > 삼각형과 사각형의 성질,alias_on_concept,preserve_alias_and_check_textbook_wording,high,2,Aliases are stored on the concept node; add an equivalent_to edge only when sources treat two separate concepts as interchangeable.
concept_alias,m1_geo_intersection_line,교선,intersection line,m1_geo_intersection_line,교선,중1(교육과정 학년군: 중1-3) > 도형과 측정 > 기본 도형,alias_on_concept,preserve_alias_and_check_textbook_wording,high,3,Aliases are stored on the concept node; add an equivalent_to edge only when sources treat two separate concepts as interchangeable.
concept_alias,m1_func_intersection_point,교점,그래프의 교점,m1_func_intersection_point,교점,중1(교육과정 학년군: 중1-3) > 변화와 관계 > 일차함수와 일차방정식의 관계,alias_on_concept,preserve_alias_and_check_textbook_wording,high,2,Aliases are stored on the concept node; add an equivalent_to edge only when sources treat two separate concepts as interchangeable.
concept_alias,m1_geo_intersection_point,교점,intersection point,m1_geo_intersection_point,교점,중1(교육과정 학년군: 중1-3) > 도형과 측정 > 기본 도형,alias_on_concept,preserve_alias_and_check_textbook_wording,high,3,Aliases are stored on the concept node; add an equivalent_to edge only when sources treat two separate concepts as interchangeable.
concept_alias,m1_func_system_solution_from_intersection,교점으로 연립일차방정식의 해 말하기,교점 좌표로 해 구하기,m1_func_system_solution_from_intersection,교점으로 연립일차방정식의 해 말하기,중1(교육과정 학년군: 중1-3) > 변화와 관계 > 일차함수와 일차방정식의 관계,alias_on_concept,preserve_alias_and_check_textbook_wording,high,2,Aliases are stored on the concept node; add an equivalent_to edge only when sources treat two separate concepts as interchangeable.
concept_alias,m1_func_intersection_count,교점의 개수,만나는 점의 개수,m1_func_intersection_count,교점의 개수,중1(교육과정 학년군: 중1-3) > 변화와 관계 > 일차함수와 일차방정식의 관계,alias_on_concept,preserve_alias_and_check_textbook_wording,high,1,Aliases are stored on the concept node; add an equivalent_to edge only when sources treat two separate concepts as interchangeable.
concept_alias,m1_func_intersection_solution_count_relation,교점의 개수와 연립일차방정식 해의 개수의 관계,교점 개수와 해의 개수; intersection-solution count relation,m1_func_intersection_solution_count_relation,교점의 개수와 연립일차방정식 해의 개수의 관계,중1(교육과정 학년군: 중1-3) > 변화와 관계 > 일차함수와 일차방정식의 관계,alias_on_concept,preserve_alias_and_check_textbook_wording,high,2,Aliases are stored on the concept node; add an equivalent_to edge only when sources treat two separate concepts as interchangeable.
concept_alias,m1_mis_intersection_count_solution_count,교점의 개수와 해의 개수를 따로 보는 오류,교점 개수-해 개수 관계 오류,m1_mis_intersection_count_solution_count,교점의 개수와 해의 개수를 따로 보는 오류,중1(교육과정 학년군: 중1-3) > 변화와 관계 > 일차함수와 일차방정식의 관계,alias_on_concept,preserve_alias_and_check_textbook_wording,high,2,Aliases are stored on the concept node; add an equivalent_to edge only when sources treat two separate concepts as interchangeable.
concept_alias,m1_func_intersection_point_coordinate,교점의 좌표,교점 좌표; coordinates of an intersection point,m1_func_intersection_point_coordinate,교점의 좌표,중1(교육과정 학년군: 중1-3) > 변화와 관계 > 일차함수와 일차방정식의 관계,alias_on_concept,preserve_alias_and_check_textbook_wording,high,5,Aliases are stored on the concept node; add an equivalent_to edge only when sources treat two separate concepts as interchangeable.
concept_alias,m1_factor_cross_term_coefficient_check,교차항 계수 확인하기,가운데 항 계수 맞추기; (ax+b)(cx+d) 계수 확인,m1_factor_cross_term_coefficient_check,교차항 계수 확인하기,중3(교육과정 학년군: 중1-3) > 변화와 관계 > 다항식의 곱셈과 인수분해,alias_on_concept,preserve_alias_and_check_textbook_wording,high,2,Aliases are stored on the concept node; add an equivalent_to edge only when sources treat two separate concepts as interchangeable.
concept_alias,m1_num_commutative_law,교환법칙,commutative law,m1_num_commutative_law,교환법칙,중1(교육과정 학년군: 중1-3) > 수와 연산 > 정수와 유리수,alias_on_concept,preserve_alias_and_check_textbook_wording,high,2,Aliases are stored on the concept node; add an equivalent_to edge only when sources treat two separate concepts as interchangeable.
concept_alias,m1_geo_sphere,구,sphere,m1_geo_sphere,구,중1(교육과정 학년군: 중1-3) > 도형과 측정 > 입체도형의 성질,alias_on_concept,preserve_alias_and_check_textbook_wording,high,2,Aliases are stored on the concept node; add an equivalent_to edge only when sources treat two separate concepts as interchangeable.
concept_alias,m1_geo_trig_select_ratio_for_unknown,구하려는 길이에 맞는 삼각비 선택하기,삼각비 선택하기; 사인 코사인 탄젠트 선택,m1_geo_trig_select_ratio_for_unknown,구하려는 길이에 맞는 삼각비 선택하기,중3(교육과정 학년군: 중1-3) > 도형과 측정 > 삼각비,alias_on_concept,preserve_alias_and_check_textbook_wording,high,2,Aliases are stored on the concept node; add an equivalent_to edge only when sources treat two separate concepts as interchangeable.
concept_alias,m1_geo_pythagorean_unknown_side_selection,구하려는 변이 빗변인지 직각변인지 판단하기,구하는 변 식별; unknown side selection,m1_geo_pythagorean_unknown_side_selection,구하려는 변이 빗변인지 직각변인지 판단하기,중2(교육과정 학년군: 중1-3) > 도형과 측정 > 피타고라스 정리,alias_on_concept,preserve_alias_and_check_textbook_wording,high,3,Aliases are stored on the concept node; add an equivalent_to edge only when sources treat two separate concepts as interchangeable.
concept_alias,m1_mis_solution_check,구한 해의 상황 적합성 확인 누락,해 확인 누락; 문제 상황 검토 누락,m1_mis_solution_check,구한 해의 상황 적합성 확인 누락,중1(교육과정 학년군: 중1-3) > 변화와 관계 > 일차방정식,alias_on_concept,preserve_alias_and_check_textbook_wording,high,2,Aliases are stored on the concept node; add an equivalent_to edge only when sources treat two separate concepts as interchangeable.
concept_alias,m1_graph_graph,그래프,graph,m1_graph_graph,그래프,중1(교육과정 학년군: 중1-3) > 변화와 관계 > 좌표평면과 그래프,alias_on_concept,preserve_alias_and_check_textbook_wording,high,3,Aliases are stored on the concept node; add an equivalent_to edge only when sources treat two separate concepts as interchangeable.
concept_alias,m1_graph_graph_interpretation,그래프 해석,주어진 그래프 해석; 그래프가 나타내는 상황 설명,m1_graph_graph_interpretation,그래프 해석,중1(교육과정 학년군: 중1-3) > 변화와 관계 > 좌표평면과 그래프,alias_on_concept,preserve_alias_and_check_textbook_wording,high,3,Aliases are stored on the concept node; add an equivalent_to edge only when sources treat two separate concepts as interchangeable.
concept_alias,m1_mis_graph_picture,그래프를 상황 그림으로만 보는 오류,그래프-그림 혼동; 그래프 모양만 읽기,m1_mis_graph_picture,그래프를 상황 그림으로만 보는 오류,중1(교육과정 학년군: 중1-3) > 변화와 관계 > 좌표평면과 그래프,alias_on_concept,preserve_alias_and_check_textbook_wording,high,3,Aliases are stored on the concept node; add an equivalent_to edge only when sources treat two separate concepts as interchangeable.
concept_alias,m1_mis_intersection_solution,그래프의 교점과 연립방정식의 해를 분리해서 보는 오류,교점-해 관계 오류,m1_mis_intersection_solution,그래프의 교점과 연립방정식의 해를 분리해서 보는 오류,중1(교육과정 학년군: 중1-3) > 변화와 관계 > 일차함수와 일차방정식의 관계,alias_on_concept,preserve_alias_and_check_textbook_wording,high,2,Aliases are stored on the concept node; add an equivalent_to edge only when sources treat two separate concepts as interchangeable.
concept_alias,m1_data_extreme_value,극단적인 값,극단값; 매우 크거나 작은 값,m1_data_extreme_value,극단적인 값,중1(교육과정 학년군: 중1-3) > 자료와 가능성 > 대푯값,alias_on_concept,preserve_alias_and_check_textbook_wording,high,2,Aliases are stored on the concept node; add an equivalent_to edge only when sources treat two separate concepts as interchangeable.
concept_alias,m1_data_median_extreme_value_context,극단적인 값이 있는 자료에서 중앙값 고려하기,극단값이 있을 때 중앙값 선택,m1_data_median_extreme_value_context,극단적인 값이 있는 자료에서 중앙값 고려하기,중1(교육과정 학년군: 중1-3) > 자료와 가능성 > 대푯값,alias_on_concept,preserve_alias_and_check_textbook_wording,high,2,Aliases are stored on the concept node; add an equivalent_to edge only when sources treat two separate concepts as interchangeable.
concept_alias,m1_mis_extreme_value_mean_choice,극단적인 값이 있는 자료에서 평균만 선택하는 오류,극단값 평균 선택 오류,m1_mis_extreme_value_mean_choice,극단적인 값이 있는 자료에서 평균만 선택하는 오류,중1(교육과정 학년군: 중1-3) > 자료와 가능성 > 대푯값,alias_on_concept,preserve_alias_and_check_textbook_wording,high,2,Aliases are stored on the concept node; add an equivalent_to edge only when sources treat two separate concepts as interchangeable.
concept_alias,m1_eq_root,근,root,m1_eq_root,근,중1(교육과정 학년군: 중1-3) > 변화와 관계 > 일차방정식,alias_on_concept,preserve_alias_and_check_textbook_wording,high,2,Aliases are stored on the concept node; add an equivalent_to edge only when sources treat two separate concepts as interchangeable.
concept_alias,m1_mis_root_coefficient_relation_scope,근과 계수와의 관계를 중학교 범위로 오인하는 오류,근과 계수 관계 범위 오류,m1_mis_root_coefficient_relation_scope,근과 계수와의 관계를 중학교 범위로 오인하는 오류,중3(교육과정 학년군: 중1-3) > 변화와 관계 > 이차방정식,alias_on_concept,preserve_alias_and_check_textbook_wording,high,1,Aliases are stored on the concept node; add an equivalent_to edge only when sources treat two separate concepts as interchangeable.
concept_alias,m1_quad_eq_root_formula,근의 공식,quadratic formula,m1_quad_eq_root_formula,근의 공식,중3(교육과정 학년군: 중1-3) > 변화와 관계 > 이차방정식,alias_on_concept,preserve_alias_and_check_textbook_wording,high,3,Aliases are stored on the concept node; add an equivalent_to edge only when sources treat two separate concepts as interchangeable.
concept_alias,m1_quad_eq_root_formula_substitution,근의 공식에 계수 대입하기,근의 공식 대입; 계수 대입,m1_quad_eq_root_formula_substitution,근의 공식에 계수 대입하기,중3(교육과정 학년군: 중1-3) > 변화와 관계 > 이차방정식,alias_on_concept,preserve_alias_and_check_textbook_wording,high,2,Aliases are stored on the concept node; add an equivalent_to edge only when sources treat two separate concepts as interchangeable.
concept_alias,m1_num_radical_sign,근호,근호 기호; radical sign; √,m1_num_radical_sign,근호,중3(교육과정 학년군: 중1-3) > 수와 연산 > 제곱근과 실수,alias_on_concept,preserve_alias_and_check_textbook_wording,high,4,Aliases are stored on the concept node; add an equivalent_to edge only when sources treat two separate concepts as interchangeable.
concept_alias,m1_num_radicand,근호 안의 수,radicand,m1_num_radicand,근호 안의 수,중3(교육과정 학년군: 중1-3) > 수와 연산 > 제곱근과 실수,alias_on_concept,preserve_alias_and_check_textbook_wording,high,2,Aliases are stored on the concept node; add an equivalent_to edge only when sources treat two separate concepts as interchangeable.
concept_alias,m1_num_radical_add_sub_same_radicand,근호 안의 수가 같은 제곱근의 덧셈과 뺄셈,같은 근호 덧셈과 뺄셈; like radicand addition and subtraction,m1_num_radical_add_sub_same_radicand,근호 안의 수가 같은 제곱근의 덧셈과 뺄셈,중3(교육과정 학년군: 중1-3) > 수와 연산 > 제곱근과 실수,alias_on_concept,preserve_alias_and_check_textbook_wording,high,3,Aliases are stored on the concept node; add an equivalent_to edge only when sources treat two separate concepts as interchangeable.
concept_alias,m1_mis_radical_like_terms,근호 안의 수가 다른 제곱근을 동류항처럼 더하는 오류,근호 식 덧셈 오류,m1_mis_radical_like_terms,근호 안의 수가 다른 제곱근을 동류항처럼 더하는 오류,중3(교육과정 학년군: 중1-3) > 수와 연산 > 제곱근과 실수,alias_on_concept,preserve_alias_and_check_textbook_wording,high,1,Aliases are stored on the concept node; add an equivalent_to edge only when sources treat two separate concepts as interchangeable.
concept_alias,m1_mis_radical_principal_root,근호가 나타내는 제곱근의 부호를 혼동하는 오류,근호 부호 오류,m1_mis_radical_principal_root,근호가 나타내는 제곱근의 부호를 혼동하는 오류,중3(교육과정 학년군: 중1-3) > 수와 연산 > 제곱근과 실수,alias_on_concept,preserve_alias_and_check_textbook_wording,high,2,Aliases are stored on the concept node; add an equivalent_to edge only when sources treat two separate concepts as interchangeable.
concept_alias,m1_num_radical_expression,근호를 포함한 식,radical expression,m1_num_radical_expression,근호를 포함한 식,중3(교육과정 학년군: 중1-3) > 수와 연산 > 제곱근과 실수,alias_on_concept,preserve_alias_and_check_textbook_wording,high,3,Aliases are stored on the concept node; add an equivalent_to edge only when sources treat two separate concepts as interchangeable.
concept_alias,m1_num_simplify_radical_expression,근호를 포함한 식 간단히 하기,simplifying radical expressions,m1_num_simplify_radical_expression,근호를 포함한 식 간단히 하기,중3(교육과정 학년군: 중1-3) > 수와 연산 > 제곱근과 실수,alias_on_concept,preserve_alias_and_check_textbook_wording,high,3,Aliases are stored on the concept node; add an equivalent_to edge only when sources treat two separate concepts as interchangeable.
concept_alias,m1_num_radical_operations,근호를 포함한 식의 사칙계산,radical operations,m1_num_radical_operations,근호를 포함한 식의 사칙계산,중3(교육과정 학년군: 중1-3) > 수와 연산 > 제곱근과 실수,alias_on_concept,preserve_alias_and_check_textbook_wording,high,3,Aliases are stored on the concept node; add an equivalent_to edge only when sources treat two separate concepts as interchangeable.
concept_alias,m1_geo_prism,기둥 모양 입체도형,각기둥; 원기둥; prism,m1_geo_prism,기둥 모양 입체도형,중1(교육과정 학년군: 중1-3) > 도형과 측정 > 입체도형의 성질,alias_on_concept,preserve_alias_and_check_textbook_wording,high,4,Aliases are stored on the concept node; add an equivalent_to edge only when sources treat two separate concepts as interchangeable.
concept_alias,m1_geo_basic_unit,기본 도형,"점, 선, 면, 각",m1_geo_basic_unit,기본 도형,중1(교육과정 학년군: 중1-3) > 도형과 측정 > 기본 도형,alias_on_concept,preserve_alias_and_check_textbook_wording,high,5,Aliases are stored on the concept node; add an equivalent_to edge only when sources treat two separate concepts as interchangeable.
concept_alias,m1_num_irreducible_fraction,기약분수,reduced fraction; lowest terms,m1_num_irreducible_fraction,기약분수,중2(교육과정 학년군: 중1-3) > 수와 연산 > 유리수와 순환소수,alias_on_concept,preserve_alias_and_check_textbook_wording,high,3,Aliases are stored on the concept node; add an equivalent_to edge only when sources treat two separate concepts as interchangeable.
concept_alias,m1_mis_fraction_decimal_denominator_not_reduced,기약분수로 고치지 않고 분모 조건을 판단하는 오류,분모 조건 판별 전 약분 누락,m1_mis_fraction_decimal_denominator_not_reduced,기약분수로 고치지 않고 분모 조건을 판단하는 오류,중2(교육과정 학년군: 중1-3) > 수와 연산 > 유리수와 순환소수,alias_on_concept,preserve_alias_and_check_textbook_wording,high,1,Aliases are stored on the concept node; add an equivalent_to edge only when sources treat two separate concepts as interchangeable.
concept_alias,m1_func_slope,기울기,slope,m1_func_slope,기울기,중1(교육과정 학년군: 중1-3) > 변화와 관계 > 일차함수와 그 그래프,alias_on_concept,preserve_alias_and_check_textbook_wording,high,3,Aliases are stored on the concept node; add an equivalent_to edge only when sources treat two separate concepts as interchangeable.
concept_alias,m1_func_slope_ratio_formula,기울기 계산식,기울기 = y의 증가량/x의 증가량; 기울기 구하는 식; 증가량의 비,m1_func_slope_ratio_formula,기울기 계산식,중1(교육과정 학년군: 중1-3) > 변화와 관계 > 일차함수와 그 그래프,alias_on_concept,preserve_alias_and_check_textbook_wording,high,1,Aliases are stored on the concept node; add an equivalent_to edge only when sources treat two separate concepts as interchangeable.
concept_alias,m1_mis_slope_sign,기울기 부호와 그래프 방향 혼동,기울기 부호 판단 오류,m1_mis_slope_sign,기울기 부호와 그래프 방향 혼동,중1(교육과정 학년군: 중1-3) > 변화와 관계 > 일차함수와 그 그래프,alias_on_concept,preserve_alias_and_check_textbook_wording,high,1,Aliases are stored on the concept node; add an equivalent_to edge only when sources treat two separate concepts as interchangeable.
concept_alias,m1_mis_slope_intercept,기울기와 절편 혼동,기울기-절편 혼동,m1_mis_slope_intercept,기울기와 절편 혼동,중1(교육과정 학년군: 중1-3) > 변화와 관계 > 일차함수와 그 그래프,alias_on_concept,preserve_alias_and_check_textbook_wording,high,2,Aliases are stored on the concept node; add an equivalent_to edge only when sources treat two separate concepts as interchangeable.
concept_alias,m1_func_slope_sign,기울기의 부호,기울기 부호,m1_func_slope_sign,기울기의 부호,중1(교육과정 학년군: 중1-3) > 변화와 관계 > 일차함수와 그 그래프,alias_on_concept,preserve_alias_and_check_textbook_wording,high,1,Aliases are stored on the concept node; add an equivalent_to edge only when sources treat two separate concepts as interchangeable.
concept_alias,m1_mis_trig_opposite_adjacent_swap,기준각에 따라 대변과 이웃변을 바꾸는 오류,대변 이웃변 혼동; 사인 코사인 변 위치 혼동,m1_mis_trig_opposite_adjacent_swap,기준각에 따라 대변과 이웃변을 바꾸는 오류,중3(교육과정 학년군: 중1-3) > 도형과 측정 > 삼각비,alias_on_concept,preserve_alias_and_check_textbook_wording,high,2,Aliases are stored on the concept node; add an equivalent_to edge only when sources treat two separate concepts as interchangeable.
concept_alias,m1_geo_trig_opposite_side,기준각의 대변,기준각의 맞은편 변; opposite side to the reference angle,m1_geo_trig_opposite_side,기준각의 대변,중3(교육과정 학년군: 중1-3) > 도형과 측정 > 삼각비,alias_on_concept,preserve_alias_and_check_textbook_wording,high,2,Aliases are stored on the concept node; add an equivalent_to edge only when sources treat two separate concepts as interchangeable.
concept_alias,m1_geo_trig_adjacent_side,기준각의 이웃변,기준각에 이웃한 변; adjacent side,m1_geo_trig_adjacent_side,기준각의 이웃변,중3(교육과정 학년군: 중1-3) > 도형과 측정 > 삼각비,alias_on_concept,preserve_alias_and_check_textbook_wording,high,2,Aliases are stored on the concept node; add an equivalent_to edge only when sources treat two separate concepts as interchangeable.
concept_alias,m1_geo_length,길이,length,m1_geo_length,길이,중학교(교육과정 학년군: 중1-3) > 도형과 측정 > 도형과 측정,alias_on_concept,preserve_alias_and_check_textbook_wording,high,7,Aliases are stored on the concept node; add an equivalent_to edge only when sources treat two separate concepts as interchangeable.
concept_alias,m1_geo_skew_lines,꼬인 위치,skew lines,m1_geo_skew_lines,꼬인 위치,중1(교육과정 학년군: 중1-3) > 도형과 측정 > 기본 도형,alias_on_concept,preserve_alias_and_check_textbook_wording,high,3,Aliases are stored on the concept node; add an equivalent_to edge only when sources treat two separate concepts as interchangeable.
concept_alias,m1_mis_skew_parallel_lines,꼬인 위치와 평행을 같은 관계로 보는 오류,꼬인 위치-평행 혼동,m1_mis_skew_parallel_lines,꼬인 위치와 평행을 같은 관계로 보는 오류,중1(교육과정 학년군: 중1-3) > 도형과 측정 > 기본 도형,alias_on_concept,preserve_alias_and_check_textbook_wording,high,3,Aliases are stored on the concept node; add an equivalent_to edge only when sources treat two separate concepts as interchangeable.
concept_alias,m1_quad_func_vertex,꼭짓점,포물선의 꼭짓점; vertex,m1_quad_func_vertex,꼭짓점,중3(교육과정 학년군: 중1-3) > 변화와 관계 > 이차함수와 그 그래프,alias_on_concept,preserve_alias_and_check_textbook_wording,high,3,Aliases are stored on the concept node; add an equivalent_to edge only when sources treat two separate concepts as interchangeable.
concept_alias,m1_quad_func_vertex_coordinates,꼭짓점 좌표,꼭짓점의 좌표,m1_quad_func_vertex_coordinates,꼭짓점 좌표,중3(교육과정 학년군: 중1-3) > 변화와 관계 > 이차함수와 그 그래프,alias_on_concept,preserve_alias_and_check_textbook_wording,high,4,Aliases are stored on the concept node; add an equivalent_to edge only when sources treat two separate concepts as interchangeable.
concept_alias,m1_quad_func_vertex_form_graph_reading,꼭짓점형에서 그래프 성질 읽기,꼭짓점형 그래프 해석,m1_quad_func_vertex_form_graph_reading,꼭짓점형에서 그래프 성질 읽기,중3(교육과정 학년군: 중1-3) > 변화와 관계 > 이차함수와 그 그래프,alias_on_concept,preserve_alias_and_check_textbook_wording,high,2,Aliases are stored on the concept node; add an equivalent_to edge only when sources treat two separate concepts as interchangeable.
concept_alias,m1_mis_sas_nonincluded_angle,끼인각이 아닌 각을 SAS 조건에 쓰는 오류,SAS 끼인각 오해,m1_mis_sas_nonincluded_angle,끼인각이 아닌 각을 SAS 조건에 쓰는 오류,중1(교육과정 학년군: 중1-3) > 도형과 측정 > 작도와 합동,alias_on_concept,preserve_alias_and_check_textbook_wording,high,2,Aliases are stored on the concept node; add an equivalent_to edge only when sources treat two separate concepts as interchangeable.
concept_alias,m1_num_division,나눗셈,division; 나누기,m1_num_division,나눗셈,중1(교육과정 학년군: 중1-3) > 수와 연산 > 정수와 유리수,alias_on_concept,preserve_alias_and_check_textbook_wording,high,3,Aliases are stored on the concept node; add an equivalent_to edge only when sources treat two separate concepts as interchangeable.
concept_alias,m1_num_division_as_multiply_reciprocal,나눗셈을 역수의 곱셈으로 바꾸기,역수의 곱셈으로 나누기,m1_num_division_as_multiply_reciprocal,나눗셈을 역수의 곱셈으로 바꾸기,중1(교육과정 학년군: 중1-3) > 수와 연산 > 정수와 유리수,alias_on_concept,preserve_alias_and_check_textbook_wording,high,3,Aliases are stored on the concept node; add an equivalent_to edge only when sources treat two separate concepts as interchangeable.
concept_alias,m1_num_prime_factorization_division_method,나눗셈을 이용한 소인수분해,나눗셈식으로 소인수분해하기; 연속 나눗셈 소인수분해,m1_num_prime_factorization_division_method,나눗셈을 이용한 소인수분해,중1(교육과정 학년군: 중1-3) > 수와 연산 > 소인수분해,alias_on_concept,preserve_alias_and_check_textbook_wording,high,2,Aliases are stored on the concept node; add an equivalent_to edge only when sources treat two separate concepts as interchangeable.
concept_alias,m1_geo_interior_angle,내각,interior angle,m1_geo_interior_angle,내각,중1(교육과정 학년군: 중1-3) > 도형과 측정 > 평면도형의 성질,alias_on_concept,preserve_alias_and_check_textbook_wording,high,3,Aliases are stored on the concept node; add an equivalent_to edge only when sources treat two separate concepts as interchangeable.
concept_alias,m1_mis_polygon_interior_exterior_angle,내각과 외각을 같은 각으로 보는 오류,내각-외각 혼동,m1_mis_polygon_interior_exterior_angle,내각과 외각을 같은 각으로 보는 오류,중1(교육과정 학년군: 중1-3) > 도형과 측정 > 평면도형의 성질,alias_on_concept,preserve_alias_and_check_textbook_wording,high,3,Aliases are stored on the concept node; add an equivalent_to edge only when sources treat two separate concepts as interchangeable.
concept_alias,m1_geo_incenter,내심,incenter,m1_geo_incenter,내심,중2(교육과정 학년군: 중1-3) > 도형과 측정 > 삼각형과 사각형의 성질,alias_on_concept,preserve_alias_and_check_textbook_wording,high,3,Aliases are stored on the concept node; add an equivalent_to edge only when sources treat two separate concepts as interchangeable.
concept_alias,m1_geo_construct_incenter,내심 찾기,내심 구하기,m1_geo_construct_incenter,내심 찾기,중2(교육과정 학년군: 중1-3) > 도형과 측정 > 삼각형과 사각형의 성질,alias_on_concept,preserve_alias_and_check_textbook_wording,high,3,Aliases are stored on the concept node; add an equivalent_to edge only when sources treat two separate concepts as interchangeable.
concept_alias,m1_geo_incenter_angle_bisectors,내심과 세 내각의 이등분선,내심은 각의 이등분선의 교점,m1_geo_incenter_angle_bisectors,내심과 세 내각의 이등분선,중2(교육과정 학년군: 중1-3) > 도형과 측정 > 삼각형과 사각형의 성질,alias_on_concept,preserve_alias_and_check_textbook_wording,high,3,Aliases are stored on the concept node; add an equivalent_to edge only when sources treat two separate concepts as interchangeable.
concept_alias,m1_geo_incenter_equal_side_distance,내심에서 세 변까지의 거리,내심에서 변까지의 거리,m1_geo_incenter_equal_side_distance,내심에서 세 변까지의 거리,중2(교육과정 학년군: 중1-3) > 도형과 측정 > 삼각형과 사각형의 성질,alias_on_concept,preserve_alias_and_check_textbook_wording,high,2,Aliases are stored on the concept node; add an equivalent_to edge only when sources treat two separate concepts as interchangeable.
concept_alias,m1_geo_incircle,내접원,내접; incircle,m1_geo_incircle,내접원,중2(교육과정 학년군: 중1-3) > 도형과 측정 > 삼각형과 사각형의 성질,alias_on_concept,preserve_alias_and_check_textbook_wording,high,3,Aliases are stored on the concept node; add an equivalent_to edge only when sources treat two separate concepts as interchangeable.
concept_alias,m1_geo_inradius,내접원의 반지름,내접원 반지름,m1_geo_inradius,내접원의 반지름,중2(교육과정 학년군: 중1-3) > 도형과 측정 > 삼각형과 사각형의 성질,alias_on_concept,preserve_alias_and_check_textbook_wording,high,3,Aliases are stored on the concept node; add an equivalent_to edge only when sources treat two separate concepts as interchangeable.
concept_alias,m1_geo_area,넓이,area,m1_geo_area,넓이,중학교(교육과정 학년군: 중1-3) > 도형과 측정 > 도형과 측정,alias_on_concept,preserve_alias_and_check_textbook_wording,high,7,Aliases are stored on the concept node; add an equivalent_to edge only when sources treat two separate concepts as interchangeable.
concept_alias,m1_geo_pythagorean_area_dissection_justification,넓이 분해로 피타고라스 정리 정당화하기,넓이 분해 정당화; area dissection justification,m1_geo_pythagorean_area_dissection_justification,넓이 분해로 피타고라스 정리 정당화하기,중2(교육과정 학년군: 중1-3) > 도형과 측정 > 피타고라스 정리,alias_on_concept,preserve_alias_and_check_textbook_wording,high,3,Aliases are stored on the concept node; add an equivalent_to edge only when sources treat two separate concepts as interchangeable.
concept_alias,m1_geo_straightedge_compass_tools,눈금 없는 자와 컴퍼스,작도 도구; straightedge and compass,m1_geo_straightedge_compass_tools,눈금 없는 자와 컴퍼스,중1(교육과정 학년군: 중1-3) > 도형과 측정 > 작도와 합동,alias_on_concept,preserve_alias_and_check_textbook_wording,high,2,Aliases are stored on the concept node; add an equivalent_to edge only when sources treat two separate concepts as interchangeable.
concept_alias,m1_mis_graph_scale_distortion,눈금 왜곡 그래프를 그대로 해석하는 오류,그래프 눈금 오류,m1_mis_graph_scale_distortion,눈금 왜곡 그래프를 그대로 해석하는 오류,중1(교육과정 학년군: 중1-3) > 자료와 가능성 > 도수분포표와 상대도수,alias_on_concept,preserve_alias_and_check_textbook_wording,high,1,Aliases are stored on the concept node; add an equivalent_to edge only when sources treat two separate concepts as interchangeable.
concept_alias,m1_mis_construction_measurement_tools,눈금자나 각도기로 재서 작도하는 오류,작도 도구 오해,m1_mis_construction_measurement_tools,눈금자나 각도기로 재서 작도하는 오류,중1(교육과정 학년군: 중1-3) > 도형과 측정 > 작도와 합동,alias_on_concept,preserve_alias_and_check_textbook_wording,high,2,Aliases are stored on the concept node; add an equivalent_to edge only when sources treat two separate concepts as interchangeable.
concept_alias,m1_geo_polygon,다각형,polygon,m1_geo_polygon,다각형,중1(교육과정 학년군: 중1-3) > 도형과 측정 > 평면도형의 성질,alias_on_concept,preserve_alias_and_check_textbook_wording,high,2,Aliases are stored on the concept node; add an equivalent_to edge only when sources treat two separate concepts as interchangeable.
concept_alias,m1_geo_polygon_angle_sum_generalization,다각형의 각의 성질 일반화하기,다각형 각 성질 일반화,m1_geo_polygon_angle_sum_generalization,다각형의 각의 성질 일반화하기,중1(교육과정 학년군: 중1-3) > 도형과 측정 > 평면도형의 성질,alias_on_concept,preserve_alias_and_check_textbook_wording,high,3,Aliases are stored on the concept node; add an equivalent_to edge only when sources treat two separate concepts as interchangeable.
concept_alias,m1_geo_polygon_vertex_count,다각형의 꼭짓점 수,꼭짓점의 개수; n각형의 꼭짓점 수,m1_geo_polygon_vertex_count,다각형의 꼭짓점 수,중1(교육과정 학년군: 중1-3) > 도형과 측정 > 평면도형의 성질,alias_on_concept,preserve_alias_and_check_textbook_wording,high,2,Aliases are stored on the concept node; add an equivalent_to edge only when sources treat two separate concepts as interchangeable.
concept_alias,m1_geo_polygon_angle_sum,다각형의 내각과 외각의 크기,다각형의 각의 성질,m1_geo_polygon_angle_sum,다각형의 내각과 외각의 크기,중1(교육과정 학년군: 중1-3) > 도형과 측정 > 평면도형의 성질,alias_on_concept,preserve_alias_and_check_textbook_wording,high,3,Aliases are stored on the concept node; add an equivalent_to edge only when sources treat two separate concepts as interchangeable.
concept_alias,m1_geo_polygon_interior_angle_sum,다각형의 내각의 합,내각의 합,m1_geo_polygon_interior_angle_sum,다각형의 내각의 합,중1(교육과정 학년군: 중1-3) > 도형과 측정 > 평면도형의 성질,alias_on_concept,preserve_alias_and_check_textbook_wording,high,2,Aliases are stored on the concept node; add an equivalent_to edge only when sources treat two separate concepts as interchangeable.
concept_alias,m1_geo_polygon_interior_angle_sum_calculation,다각형의 내각의 합 구하기,내각의 합 구하기,m1_geo_polygon_interior_angle_sum_calculation,다각형의 내각의 합 구하기,중1(교육과정 학년군: 중1-3) > 도형과 측정 > 평면도형의 성질,alias_on_concept,preserve_alias_and_check_textbook_wording,high,2,Aliases are stored on the concept node; add an equivalent_to edge only when sources treat two separate concepts as interchangeable.
concept_alias,m1_geo_diagonal_count,다각형의 대각선 개수,대각선 수,m1_geo_diagonal_count,다각형의 대각선 개수,중1(교육과정 학년군: 중1-3) > 도형과 측정 > 평면도형의 성질,alias_on_concept,preserve_alias_and_check_textbook_wording,high,3,Aliases are stored on the concept node; add an equivalent_to edge only when sources treat two separate concepts as interchangeable.
concept_alias,m1_geo_diagonal_count_calculation,다각형의 대각선 개수 구하기,대각선 수 구하기,m1_geo_diagonal_count_calculation,다각형의 대각선 개수 구하기,중1(교육과정 학년군: 중1-3) > 도형과 측정 > 평면도형의 성질,alias_on_concept,preserve_alias_and_check_textbook_wording,high,2,Aliases are stored on the concept node; add an equivalent_to edge only when sources treat two separate concepts as interchangeable.
concept_alias,m1_geo_polygon_exterior_angle_calculation,다각형의 외각의 크기 구하기,외각의 크기 구하기,m1_geo_polygon_exterior_angle_calculation,다각형의 외각의 크기 구하기,중1(교육과정 학년군: 중1-3) > 도형과 측정 > 평면도형의 성질,alias_on_concept,preserve_alias_and_check_textbook_wording,high,2,Aliases are stored on the concept node; add an equivalent_to edge only when sources treat two separate concepts as interchangeable.
concept_alias,m1_geo_polygon_exterior_angle_sum,다각형의 외각의 합,외각의 합,m1_geo_polygon_exterior_angle_sum,다각형의 외각의 합,중1(교육과정 학년군: 중1-3) > 도형과 측정 > 평면도형의 성질,alias_on_concept,preserve_alias_and_check_textbook_wording,high,2,Aliases are stored on the concept node; add an equivalent_to edge only when sources treat two separate concepts as interchangeable.
concept_alias,m1_system_substitution_into_other_equation,다른 방정식에 식 전체 대입하기,식 전체 대입; 다른 식에 대입하기,m1_system_substitution_into_other_equation,다른 방정식에 식 전체 대입하기,중1(교육과정 학년군: 중1-3) > 변화와 관계 > 연립일차방정식,alias_on_concept,preserve_alias_and_check_textbook_wording,high,2,Aliases are stored on the concept node; add an equivalent_to edge only when sources treat two separate concepts as interchangeable.
concept_alias,m1_geo_polyhedron,다면체,polyhedron,m1_geo_polyhedron,다면체,중1(교육과정 학년군: 중1-3) > 도형과 측정 > 입체도형의 성질,alias_on_concept,preserve_alias_and_check_textbook_wording,high,3,Aliases are stored on the concept node; add an equivalent_to edge only when sources treat two separate concepts as interchangeable.
concept_alias,m1_expr_polynomial,다항식,polynomial,m1_expr_polynomial,다항식,중1(교육과정 학년군: 중1-3) > 변화와 관계 > 문자의 사용과 식,alias_on_concept,preserve_alias_and_check_textbook_wording,high,2,Aliases are stored on the concept node; add an equivalent_to edge only when sources treat two separate concepts as interchangeable.
concept_alias,m1_mis_polynomial_subtraction_sign,다항식 뺄셈에서 괄호 앞 음수를 분배하지 않는 오류,괄호 앞 음수 분배 오류; 다항식 뺄셈 부호 오류,m1_mis_polynomial_subtraction_sign,다항식 뺄셈에서 괄호 앞 음수를 분배하지 않는 오류,중1(교육과정 학년군: 중1-3) > 변화와 관계 > 식의 계산,alias_on_concept,preserve_alias_and_check_textbook_wording,high,4,Aliases are stored on the concept node; add an equivalent_to edge only when sources treat two separate concepts as interchangeable.
concept_alias,m1_calc_collect_like_terms_polynomial,다항식에서 동류항 모으기,다항식에서 동류항끼리 모아 정리하기,m1_calc_collect_like_terms_polynomial,다항식에서 동류항 모으기,중1(교육과정 학년군: 중1-3) > 변화와 관계 > 식의 계산,alias_on_concept,preserve_alias_and_check_textbook_wording,high,3,Aliases are stored on the concept node; add an equivalent_to edge only when sources treat two separate concepts as interchangeable.
concept_alias,m1_mis_polynomial_like_terms,다항식에서 동류항 처리를 누락하는 오류,다항식 동류항 오류; 항 정리 오류,m1_mis_polynomial_like_terms,다항식에서 동류항 처리를 누락하는 오류,중1(교육과정 학년군: 중1-3) > 변화와 관계 > 식의 계산,alias_on_concept,preserve_alias_and_check_textbook_wording,high,2,Aliases are stored on the concept node; add an equivalent_to edge only when sources treat two separate concepts as interchangeable.
concept_alias,m1_mis_polynomial_division_scope,다항식을 단항식으로 나누는 범위 혼동,다항식 나눗셈 범위 오류; 몫이 다항식인지 확인 누락,m1_mis_polynomial_division_scope,다항식을 단항식으로 나누는 범위 혼동,중1(교육과정 학년군: 중1-3) > 변화와 관계 > 식의 계산,alias_on_concept,preserve_alias_and_check_textbook_wording,high,3,Aliases are stored on the concept node; add an equivalent_to edge only when sources treat two separate concepts as interchangeable.
concept_alias,m1_calc_polynomial_divided_by_monomial_termwise,다항식의 각 항을 단항식으로 나누기,다항식÷단항식의 항별 나눗셈; 각 항을 단항식으로 나누기,m1_calc_polynomial_divided_by_monomial_termwise,다항식의 각 항을 단항식으로 나누기,중1(교육과정 학년군: 중1-3) > 변화와 관계 > 식의 계산,alias_on_concept,preserve_alias_and_check_textbook_wording,high,3,Aliases are stored on the concept node; add an equivalent_to edge only when sources treat two separate concepts as interchangeable.
concept_alias,m1_factor_polynomial_product_expansion,다항식의 곱 전개하기,두 다항식의 곱 전개하기; 다항식 곱 전개,m1_factor_polynomial_product_expansion,다항식의 곱 전개하기,중3(교육과정 학년군: 중1-3) > 변화와 관계 > 다항식의 곱셈과 인수분해,alias_on_concept,preserve_alias_and_check_textbook_wording,high,3,Aliases are stored on the concept node; add an equivalent_to edge only when sources treat two separate concepts as interchangeable.
concept_alias,m1_factor_polynomial_multiplication,다항식의 곱셈,다항식끼리의 곱셈; 두 다항식의 곱,m1_factor_polynomial_multiplication,다항식의 곱셈,중3(교육과정 학년군: 중1-3) > 변화와 관계 > 다항식의 곱셈과 인수분해,alias_on_concept,preserve_alias_and_check_textbook_wording,high,4,Aliases are stored on the concept node; add an equivalent_to edge only when sources treat two separate concepts as interchangeable.
concept_alias,m1_factor_unit,다항식의 곱셈과 인수분해,다항식 곱셈과 인수분해,m1_factor_unit,다항식의 곱셈과 인수분해,중3(교육과정 학년군: 중1-3) > 변화와 관계 > 다항식의 곱셈과 인수분해,alias_on_concept,preserve_alias_and_check_textbook_wording,high,4,Aliases are stored on the concept node; add an equivalent_to edge only when sources treat two separate concepts as interchangeable.
concept_alias,m1_factor_formula_scope,다항식의 곱셈과 인수분해 공식 범위,인수분해 공식 범위; 곱셈 공식 범위,m1_factor_formula_scope,다항식의 곱셈과 인수분해 공식 범위,중3(교육과정 학년군: 중1-3) > 변화와 관계 > 다항식의 곱셈과 인수분해,alias_on_concept,preserve_alias_and_check_textbook_wording,high,1,Aliases are stored on the concept node; add an equivalent_to edge only when sources treat two separate concepts as interchangeable.
concept_alias,m1_calc_polynomial_parentheses_removal,다항식의 괄호 풀기,다항식 괄호 풀기; 괄호를 풀어 다항식 정리하기,m1_calc_polynomial_parentheses_removal,다항식의 괄호 풀기,중1(교육과정 학년군: 중1-3) > 변화와 관계 > 식의 계산,alias_on_concept,preserve_alias_and_check_textbook_wording,high,2,Aliases are stored on the concept node; add an equivalent_to edge only when sources treat two separate concepts as interchangeable.
concept_alias,m1_calc_polynomial_add_sub,다항식의 덧셈과 뺄셈,다항식 더하기와 빼기; 다항식 정리,m1_calc_polynomial_add_sub,다항식의 덧셈과 뺄셈,중1(교육과정 학년군: 중1-3) > 변화와 관계 > 식의 계산,alias_on_concept,preserve_alias_and_check_textbook_wording,high,2,Aliases are stored on the concept node; add an equivalent_to edge only when sources treat two separate concepts as interchangeable.
concept_alias,m1_calc_polynomial_add_sub_principle,다항식의 덧셈과 뺄셈 원리,다항식 계산 원리,m1_calc_polynomial_add_sub_principle,다항식의 덧셈과 뺄셈 원리,중1(교육과정 학년군: 중1-3) > 변화와 관계 > 식의 계산,alias_on_concept,preserve_alias_and_check_textbook_wording,high,2,Aliases are stored on the concept node; add an equivalent_to edge only when sources treat two separate concepts as interchangeable.
concept_alias,m1_calc_polynomial_subtraction_sign_distribution,다항식의 뺄셈에서 부호 바꾸기,다항식 뺄셈에서 괄호 풀고 부호 바꾸기; 괄호 앞 음수 분배,m1_calc_polynomial_subtraction_sign_distribution,다항식의 뺄셈에서 부호 바꾸기,중1(교육과정 학년군: 중1-3) > 변화와 관계 > 식의 계산,alias_on_concept,preserve_alias_and_check_textbook_wording,high,4,Aliases are stored on the concept node; add an equivalent_to edge only when sources treat two separate concepts as interchangeable.
concept_alias,m1_calc_polynomial_term_structure_check,다항식의 항·계수·차수 확인하기,항·계수·차수 확인,m1_calc_polynomial_term_structure_check,다항식의 항·계수·차수 확인하기,중1(교육과정 학년군: 중1-3) > 변화와 관계 > 식의 계산,alias_on_concept,preserve_alias_and_check_textbook_wording,high,3,Aliases are stored on the concept node; add an equivalent_to edge only when sources treat two separate concepts as interchangeable.
concept_alias,m1_geo_solid_cross_section_prediction,단면 모양 예상하기,입체도형의 단면 예상; 단면 추론,m1_geo_solid_cross_section_prediction,단면 모양 예상하기,중1(교육과정 학년군: 중1-3) > 도형과 측정 > 입체도형의 성질,alias_on_concept,preserve_alias_and_check_textbook_wording,high,3,Aliases are stored on the concept node; add an equivalent_to edge only when sources treat two separate concepts as interchangeable.
concept_alias,m1_expr_monomial,단항식,monomial,m1_expr_monomial,단항식,중1(교육과정 학년군: 중1-3) > 변화와 관계 > 문자의 사용과 식,alias_on_concept,preserve_alias_and_check_textbook_wording,high,1,Aliases are stored on the concept node; add an equivalent_to edge only when sources treat two separate concepts as interchangeable.
concept_alias,m1_calc_monomial_coefficient_calculation,단항식 계산에서 계수끼리 계산하기,단항식의 계수 부분 계산,m1_calc_monomial_coefficient_calculation,단항식 계산에서 계수끼리 계산하기,중1(교육과정 학년군: 중1-3) > 변화와 관계 > 식의 계산,alias_on_concept,preserve_alias_and_check_textbook_wording,high,4,Aliases are stored on the concept node; add an equivalent_to edge only when sources treat two separate concepts as interchangeable.
concept_alias,m1_calc_monomial_literal_part_calculation,단항식 계산에서 문자 부분 계산하기,단항식의 문자 부분 계산,m1_calc_monomial_literal_part_calculation,단항식 계산에서 문자 부분 계산하기,중1(교육과정 학년군: 중1-3) > 변화와 관계 > 식의 계산,alias_on_concept,preserve_alias_and_check_textbook_wording,high,4,Aliases are stored on the concept node; add an equivalent_to edge only when sources treat two separate concepts as interchangeable.
concept_alias,m1_calc_monomial_polynomial_mul_div,단항식과 다항식의 곱셈과 나눗셈,(단항식)×(다항식); (다항식)÷(단항식),m1_calc_monomial_polynomial_mul_div,단항식과 다항식의 곱셈과 나눗셈,중1(교육과정 학년군: 중1-3) > 변화와 관계 > 식의 계산,alias_on_concept,preserve_alias_and_check_textbook_wording,high,3,Aliases are stored on the concept node; add an equivalent_to edge only when sources treat two separate concepts as interchangeable.
concept_alias,m1_calc_monomial_times_polynomial_distribution,단항식을 다항식에 분배하기,단항식을 다항식에 분배하여 곱하기; (단항식)×(다항식) 분배,m1_calc_monomial_times_polynomial_distribution,단항식을 다항식에 분배하기,중1(교육과정 학년군: 중1-3) > 변화와 관계 > 식의 계산,alias_on_concept,preserve_alias_and_check_textbook_wording,high,4,Aliases are stored on the concept node; add an equivalent_to edge only when sources treat two separate concepts as interchangeable.
concept_alias,m1_calc_monomial_mul_div,단항식의 곱셈과 나눗셈,거듭제곱으로 나타낸 단항식의 곱셈과 나눗셈,m1_calc_monomial_mul_div,단항식의 곱셈과 나눗셈,중1(교육과정 학년군: 중1-3) > 변화와 관계 > 식의 계산,alias_on_concept,preserve_alias_and_check_textbook_wording,high,3,Aliases are stored on the concept node; add an equivalent_to edge only when sources treat two separate concepts as interchangeable.
concept_alias,m1_geo_similar_figures,닮은 도형,similar figures,m1_geo_similar_figures,닮은 도형,중2(교육과정 학년군: 중1-3) > 도형과 측정 > 도형의 닮음,alias_on_concept,preserve_alias_and_check_textbook_wording,high,2,Aliases are stored on the concept node; add an equivalent_to edge only when sources treat two separate concepts as interchangeable.
concept_alias,m1_geo_similar_corresponding_angles_equal,닮은 도형의 대응각의 크기가 같음,corresponding angles are equal in similar figures,m1_geo_similar_corresponding_angles_equal,닮은 도형의 대응각의 크기가 같음,중2(교육과정 학년군: 중1-3) > 도형과 측정 > 도형의 닮음,alias_on_concept,preserve_alias_and_check_textbook_wording,high,2,Aliases are stored on the concept node; add an equivalent_to edge only when sources treat two separate concepts as interchangeable.
concept_alias,m1_geo_similar_corresponding_sides_proportional,닮은 도형의 대응변의 길이의 비가 일정함,corresponding sides are proportional in similar figures,m1_geo_similar_corresponding_sides_proportional,닮은 도형의 대응변의 길이의 비가 일정함,중2(교육과정 학년군: 중1-3) > 도형과 측정 > 도형의 닮음,alias_on_concept,preserve_alias_and_check_textbook_wording,high,3,Aliases are stored on the concept node; add an equivalent_to edge only when sources treat two separate concepts as interchangeable.
concept_alias,m1_geo_similar_figure_properties,닮은 도형의 성질,properties of similar figures,m1_geo_similar_figure_properties,닮은 도형의 성질,중2(교육과정 학년군: 중1-3) > 도형과 측정 > 도형의 닮음,alias_on_concept,preserve_alias_and_check_textbook_wording,high,2,Aliases are stored on the concept node; add an equivalent_to edge only when sources treat two separate concepts as interchangeable.
concept_alias,m1_geo_similarity,닮음,similarity,m1_geo_similarity,닮음,중2(교육과정 학년군: 중1-3) > 도형과 측정 > 도형의 닮음,alias_on_concept,preserve_alias_and_check_textbook_wording,high,3,Aliases are stored on the concept node; add an equivalent_to edge only when sources treat two separate concepts as interchangeable.
concept_alias,m1_geo_similarity_ratio,닮음비,similarity ratio,m1_geo_similarity_ratio,닮음비,중2(교육과정 학년군: 중1-3) > 도형과 측정 > 도형의 닮음,alias_on_concept,preserve_alias_and_check_textbook_wording,high,3,Aliases are stored on the concept node; add an equivalent_to edge only when sources treat two separate concepts as interchangeable.
concept_alias,m1_geo_similarity_ratio_calculation,닮음비 구하기,calculate similarity ratio,m1_geo_similarity_ratio_calculation,닮음비 구하기,중2(교육과정 학년군: 중1-3) > 도형과 측정 > 도형의 닮음,alias_on_concept,preserve_alias_and_check_textbook_wording,high,2,Aliases are stored on the concept node; add an equivalent_to edge only when sources treat two separate concepts as interchangeable.
concept_alias,m1_geo_unknown_corresponding_side_from_similarity_ratio,닮음비로 대응변 길이 구하기,find corresponding side length from similarity ratio,m1_geo_unknown_corresponding_side_from_similarity_ratio,닮음비로 대응변 길이 구하기,중2(교육과정 학년군: 중1-3) > 도형과 측정 > 도형의 닮음,alias_on_concept,preserve_alias_and_check_textbook_wording,high,2,Aliases are stored on the concept node; add an equivalent_to edge only when sources treat two separate concepts as interchangeable.
concept_alias,m1_geo_similarity_ratio_order,닮음비의 순서,similarity ratio order,m1_geo_similarity_ratio_order,닮음비의 순서,중2(교육과정 학년군: 중1-3) > 도형과 측정 > 도형의 닮음,alias_on_concept,preserve_alias_and_check_textbook_wording,high,2,Aliases are stored on the concept node; add an equivalent_to edge only when sources treat two separate concepts as interchangeable.
concept_alias,m1_mis_similarity_ratio_reversal,닮음비의 순서를 거꾸로 놓는 오류,닮음비 순서 오류,m1_mis_similarity_ratio_reversal,닮음비의 순서를 거꾸로 놓는 오류,중2(교육과정 학년군: 중1-3) > 도형과 측정 > 도형의 닮음,alias_on_concept,preserve_alias_and_check_textbook_wording,high,2,Aliases are stored on the concept node; add an equivalent_to edge only when sources treat two separate concepts as interchangeable.
concept_alias,m1_geo_opposite_angle,대각,opposite angle,m1_geo_opposite_angle,대각,중1(교육과정 학년군: 중1-3) > 도형과 측정 > 작도와 합동,alias_on_concept,preserve_alias_and_check_textbook_wording,high,3,Aliases are stored on the concept node; add an equivalent_to edge only when sources treat two separate concepts as interchangeable.
concept_alias,m1_geo_diagonal,대각선,diagonal,m1_geo_diagonal,대각선,중1(교육과정 학년군: 중1-3) > 도형과 측정 > 평면도형의 성질,alias_on_concept,preserve_alias_and_check_textbook_wording,high,3,Aliases are stored on the concept node; add an equivalent_to edge only when sources treat two separate concepts as interchangeable.
concept_alias,m1_geo_opposite_side,대변,opposite side,m1_geo_opposite_side,대변,중1(교육과정 학년군: 중1-3) > 도형과 측정 > 작도와 합동,alias_on_concept,preserve_alias_and_check_textbook_wording,high,3,Aliases are stored on the concept node; add an equivalent_to edge only when sources treat two separate concepts as interchangeable.
concept_alias,m1_func_correspondence,대응 관계,대응; correspondence,m1_func_correspondence,대응 관계,중1(교육과정 학년군: 중1-3) > 변화와 관계 > 일차함수와 그 그래프,alias_on_concept,preserve_alias_and_check_textbook_wording,high,2,Aliases are stored on the concept node; add an equivalent_to edge only when sources treat two separate concepts as interchangeable.
concept_alias,m1_geo_corresponding_angles_in_similarity,대응하는 각,corresponding angles in similar figures,m1_geo_corresponding_angles_in_similarity,대응하는 각,중2(교육과정 학년군: 중1-3) > 도형과 측정 > 도형의 닮음,alias_on_concept,preserve_alias_and_check_textbook_wording,high,3,Aliases are stored on the concept node; add an equivalent_to edge only when sources treat two separate concepts as interchangeable.
concept_alias,m1_geo_corresponding_vertices,대응하는 꼭짓점,corresponding vertices,m1_geo_corresponding_vertices,대응하는 꼭짓점,중2(교육과정 학년군: 중1-3) > 도형과 측정 > 도형의 닮음,alias_on_concept,preserve_alias_and_check_textbook_wording,high,3,Aliases are stored on the concept node; add an equivalent_to edge only when sources treat two separate concepts as interchangeable.
concept_alias,m1_geo_corresponding_sides_in_similarity,대응하는 변,corresponding sides,m1_geo_corresponding_sides_in_similarity,대응하는 변,중2(교육과정 학년군: 중1-3) > 도형과 측정 > 도형의 닮음,alias_on_concept,preserve_alias_and_check_textbook_wording,high,4,Aliases are stored on the concept node; add an equivalent_to edge only when sources treat two separate concepts as interchangeable.
concept_alias,m1_mis_similarity_ratio_noncorresponding_sides,대응하지 않는 변끼리 닮음비를 세우는 오류,대응변 선택 오류,m1_mis_similarity_ratio_noncorresponding_sides,대응하지 않는 변끼리 닮음비를 세우는 오류,중2(교육과정 학년군: 중1-3) > 도형과 측정 > 도형의 닮음,alias_on_concept,preserve_alias_and_check_textbook_wording,high,2,Aliases are stored on the concept node; add an equivalent_to edge only when sources treat two separate concepts as interchangeable.
concept_alias,m1_expr_substitution,대입,값 대입; substitution,m1_expr_substitution,대입,중1(교육과정 학년군: 중1-3) > 변화와 관계 > 문자의 사용과 식,alias_on_concept,preserve_alias_and_check_textbook_wording,high,3,Aliases are stored on the concept node; add an equivalent_to edge only when sources treat two separate concepts as interchangeable.
concept_alias,m1_eq_truth_value_by_substitution,대입값에 따른 등식의 참거짓,방정식의 참거짓; 대입 후 참거짓,m1_eq_truth_value_by_substitution,대입값에 따른 등식의 참거짓,중1(교육과정 학년군: 중1-3) > 변화와 관계 > 일차방정식,alias_on_concept,preserve_alias_and_check_textbook_wording,high,3,Aliases are stored on the concept node; add an equivalent_to edge only when sources treat two separate concepts as interchangeable.
concept_alias,m1_system_substitution_method,대입법,substitution method,m1_system_substitution_method,대입법,중1(교육과정 학년군: 중1-3) > 변화와 관계 > 연립일차방정식,alias_on_concept,preserve_alias_and_check_textbook_wording,high,2,Aliases are stored on the concept node; add an equivalent_to edge only when sources treat two separate concepts as interchangeable.
concept_alias,m1_mis_system_substitution,대입법에서 식 전체를 대입하지 않는 오류,대입법 오류; 부분 대입 오류,m1_mis_system_substitution,대입법에서 식 전체를 대입하지 않는 오류,중1(교육과정 학년군: 중1-3) > 변화와 관계 > 연립일차방정식,alias_on_concept,preserve_alias_and_check_textbook_wording,high,2,Aliases are stored on the concept node; add an equivalent_to edge only when sources treat two separate concepts as interchangeable.
concept_alias,m1_data_representative_unit,대푯값,대표값,m1_data_representative_unit,대푯값,중1(교육과정 학년군: 중1-3) > 자료와 가능성 > 대푯값,alias_on_concept,preserve_alias_and_check_textbook_wording,high,3,Aliases are stored on the concept node; add an equivalent_to edge only when sources treat two separate concepts as interchangeable.
concept_alias,m1_data_representative_value,대푯값,representative value,m1_data_representative_value,대푯값,중1(교육과정 학년군: 중1-3) > 자료와 가능성 > 대푯값,alias_on_concept,preserve_alias_and_check_textbook_wording,high,4,Aliases are stored on the concept node; add an equivalent_to edge only when sources treat two separate concepts as interchangeable.
concept_alias,m1_mis_mean_only_representative,대푯값을 평균으로만 보는 오류,평균만 대푯값으로 보는 오류,m1_mis_mean_only_representative,대푯값을 평균으로만 보는 오류,중1(교육과정 학년군: 중1-3) > 자료와 가능성 > 대푯값,alias_on_concept,preserve_alias_and_check_textbook_wording,high,2,Aliases are stored on the concept node; add an equivalent_to edge only when sources treat two separate concepts as interchangeable.
concept_alias,m1_data_representative_value_usefulness_discussion,대푯값의 유용성 토론하기,대푯값 유용성 토론,m1_data_representative_value_usefulness_discussion,대푯값의 유용성 토론하기,중1(교육과정 학년군: 중1-3) > 자료와 가능성 > 대푯값,alias_on_concept,preserve_alias_and_check_textbook_wording,high,3,Aliases are stored on the concept node; add an equivalent_to edge only when sources treat two separate concepts as interchangeable.
concept_alias,m1_num_addition,덧셈,addition; 더하기,m1_num_addition,덧셈,중1(교육과정 학년군: 중1-3) > 수와 연산 > 정수와 유리수,alias_on_concept,preserve_alias_and_check_textbook_wording,high,3,Aliases are stored on the concept node; add an equivalent_to edge only when sources treat two separate concepts as interchangeable.
concept_alias,m1_data_frequency,도수,frequency,m1_data_frequency,도수,중1(교육과정 학년군: 중1-3) > 자료와 가능성 > 도수분포표와 상대도수,alias_on_concept,preserve_alias_and_check_textbook_wording,high,4,Aliases are stored on the concept node; add an equivalent_to edge only when sources treat two separate concepts as interchangeable.
concept_alias,m1_data_frequency_polygon,도수분포다각형,frequency polygon,m1_data_frequency_polygon,도수분포다각형,중1(교육과정 학년군: 중1-3) > 자료와 가능성 > 도수분포표와 상대도수,alias_on_concept,preserve_alias_and_check_textbook_wording,high,4,Aliases are stored on the concept node; add an equivalent_to edge only when sources treat two separate concepts as interchangeable.
concept_alias,m1_data_frequency_polygon_drawing,도수분포다각형으로 나타내기,도수분포다각형 그리기,m1_data_frequency_polygon_drawing,도수분포다각형으로 나타내기,중1(교육과정 학년군: 중1-3) > 자료와 가능성 > 도수분포표와 상대도수,alias_on_concept,preserve_alias_and_check_textbook_wording,high,3,Aliases are stored on the concept node; add an equivalent_to edge only when sources treat two separate concepts as interchangeable.
concept_alias,m1_data_frequency_table,도수분포표,frequency table,m1_data_frequency_table,도수분포표,중1(교육과정 학년군: 중1-3) > 자료와 가능성 > 도수분포표와 상대도수,alias_on_concept,preserve_alias_and_check_textbook_wording,high,4,Aliases are stored on the concept node; add an equivalent_to edge only when sources treat two separate concepts as interchangeable.
concept_alias,m1_data_frequency_table_construction,도수분포표로 나타내기,도수분포표 만들기; 도수분포표 작성,m1_data_frequency_table_construction,도수분포표로 나타내기,중1(교육과정 학년군: 중1-3) > 자료와 가능성 > 도수분포표와 상대도수,alias_on_concept,preserve_alias_and_check_textbook_wording,high,3,Aliases are stored on the concept node; add an equivalent_to edge only when sources treat two separate concepts as interchangeable.
concept_alias,m1_data_frequency_unit,도수분포표와 상대도수,도수분포와 상대도수,m1_data_frequency_unit,도수분포표와 상대도수,중1(교육과정 학년군: 중1-3) > 자료와 가능성 > 도수분포표와 상대도수,alias_on_concept,preserve_alias_and_check_textbook_wording,high,5,Aliases are stored on the concept node; add an equivalent_to edge only when sources treat two separate concepts as interchangeable.
concept_alias,m1_mis_relative_frequency_frequency,도수와 상대도수를 혼동하는 오류,도수-상대도수 혼동,m1_mis_relative_frequency_frequency,도수와 상대도수를 혼동하는 오류,중1(교육과정 학년군: 중1-3) > 자료와 가능성 > 도수분포표와 상대도수,alias_on_concept,preserve_alias_and_check_textbook_wording,high,3,Aliases are stored on the concept node; add an equivalent_to edge only when sources treat two separate concepts as interchangeable.
concept_alias,m1_geo_figure,도형,figure; shape,m1_geo_figure,도형,중학교(교육과정 학년군: 중1-3) > 도형과 측정 > 도형과 측정,alias_on_concept,preserve_alias_and_check_textbook_wording,high,4,Aliases are stored on the concept node; add an equivalent_to edge only when sources treat two separate concepts as interchangeable.
concept_alias,m1_geo_domain,도형과 측정,중학교 도형과 측정,m1_geo_domain,도형과 측정,중학교(교육과정 학년군: 중1-3) > 도형과 측정 > 도형과 측정,alias_on_concept,preserve_alias_and_check_textbook_wording,high,19,Aliases are stored on the concept node; add an equivalent_to edge only when sources treat two separate concepts as interchangeable.
concept_alias,m1_geo_similarity_unit,도형의 닮음,닮음,m1_geo_similarity_unit,도형의 닮음,중2(교육과정 학년군: 중1-3) > 도형과 측정 > 도형의 닮음,alias_on_concept,preserve_alias_and_check_textbook_wording,high,4,Aliases are stored on the concept node; add an equivalent_to edge only when sources treat two separate concepts as interchangeable.
concept_alias,m1_geo_correspondence,도형의 대응,대응; correspondence,m1_geo_correspondence,도형의 대응,중2(교육과정 학년군: 중1-3) > 도형과 측정 > 도형의 닮음,alias_on_concept,preserve_alias_and_check_textbook_wording,high,3,Aliases are stored on the concept node; add an equivalent_to edge only when sources treat two separate concepts as interchangeable.
concept_alias,m1_mis_probability_no_equal_likely,동등 가능성 가정 없이 경우의 수 비율을 적용하는 오류,확률 동등 가능성 조건 누락; 경우의 수 비율의 동등 가능성 누락,m1_mis_probability_no_equal_likely,동등 가능성 가정 없이 경우의 수 비율을 적용하는 오류,중2(교육과정 학년군: 중1-3) > 자료와 가능성 > 경우의 수와 확률,alias_on_concept,preserve_alias_and_check_textbook_wording,high,1,Aliases are stored on the concept node; add an equivalent_to edge only when sources treat two separate concepts as interchangeable.
concept_alias,m1_expr_like_terms,동류항,like terms,m1_expr_like_terms,동류항,중1(교육과정 학년군: 중1-3) > 변화와 관계 > 문자의 사용과 식,alias_on_concept,preserve_alias_and_check_textbook_wording,high,2,Aliases are stored on the concept node; add an equivalent_to edge only when sources treat two separate concepts as interchangeable.
concept_alias,m1_mis_like_terms,동류항이 아닌 항을 합치는 오류,동류항 계산 오류; 문자 부분 무시,m1_mis_like_terms,동류항이 아닌 항을 합치는 오류,중1(교육과정 학년군: 중1-3) > 변화와 관계 > 문자의 사용과 식,alias_on_concept,preserve_alias_and_check_textbook_wording,high,2,Aliases are stored on the concept node; add an equivalent_to edge only when sources treat two separate concepts as interchangeable.
concept_alias,m1_geo_corresponding_angles,동위각,corresponding angles,m1_geo_corresponding_angles,동위각,중1(교육과정 학년군: 중1-3) > 도형과 측정 > 기본 도형,alias_on_concept,preserve_alias_and_check_textbook_wording,high,3,Aliases are stored on the concept node; add an equivalent_to edge only when sources treat two separate concepts as interchangeable.
concept_alias,m1_geo_identify_corresponding_alternate_angles,동위각과 엇각 찾기,동위각 찾기; 엇각 찾기,m1_geo_identify_corresponding_alternate_angles,동위각과 엇각 찾기,중1(교육과정 학년군: 중1-3) > 도형과 측정 > 기본 도형,alias_on_concept,preserve_alias_and_check_textbook_wording,high,2,Aliases are stored on the concept node; add an equivalent_to edge only when sources treat two separate concepts as interchangeable.
concept_alias,m1_mis_corresponding_alternate_angles,동위각과 엇각의 위치를 혼동하는 오류,평행선 각 위치 혼동,m1_mis_corresponding_alternate_angles,동위각과 엇각의 위치를 혼동하는 오류,중1(교육과정 학년군: 중1-3) > 도형과 측정 > 기본 도형,alias_on_concept,preserve_alias_and_check_textbook_wording,high,2,Aliases are stored on the concept node; add an equivalent_to edge only when sources treat two separate concepts as interchangeable.
concept_alias,m1_data_multiplication_counting,두 경우의 수를 곱하는 상황,경우의 수 곱셈,m1_data_multiplication_counting,두 경우의 수를 곱하는 상황,중2(교육과정 학년군: 중1-3) > 자료와 가능성 > 경우의 수와 확률,alias_on_concept,preserve_alias_and_check_textbook_wording,high,3,Aliases are stored on the concept node; add an equivalent_to edge only when sources treat two separate concepts as interchangeable.
concept_alias,m1_data_addition_counting,두 경우의 수를 합하는 상황,경우의 수 덧셈,m1_data_addition_counting,두 경우의 수를 합하는 상황,중2(교육과정 학년군: 중1-3) > 자료와 가능성 > 경우의 수와 확률,alias_on_concept,preserve_alias_and_check_textbook_wording,high,3,Aliases are stored on the concept node; add an equivalent_to edge only when sources treat two separate concepts as interchangeable.
concept_alias,m1_system_modeling_variable_assignment,두 미지수 정하기,미지수 정하기; 문제 상황의 두 양 정하기,m1_system_modeling_variable_assignment,두 미지수 정하기,중1(교육과정 학년군: 중1-3) > 변화와 관계 > 연립일차방정식,alias_on_concept,preserve_alias_and_check_textbook_wording,high,2,Aliases are stored on the concept node; add an equivalent_to edge only when sources treat two separate concepts as interchangeable.
concept_alias,m1_system_add_or_subtract_equations,두 방정식 더하거나 빼기,두 식을 더하거나 빼기; 방정식끼리 더하기와 빼기,m1_system_add_or_subtract_equations,두 방정식 더하거나 빼기,중1(교육과정 학년군: 중1-3) > 변화와 관계 > 연립일차방정식,alias_on_concept,preserve_alias_and_check_textbook_wording,high,2,Aliases are stored on the concept node; add an equivalent_to edge only when sources treat two separate concepts as interchangeable.
concept_alias,m1_geo_triangle_construction_sas,두 변과 그 끼인각이 주어진 삼각형 작도,SAS 삼각형 작도,m1_geo_triangle_construction_sas,두 변과 그 끼인각이 주어진 삼각형 작도,중1(교육과정 학년군: 중1-3) > 도형과 측정 > 작도와 합동,alias_on_concept,preserve_alias_and_check_textbook_wording,high,2,Aliases are stored on the concept node; add an equivalent_to edge only when sources treat two separate concepts as interchangeable.
concept_alias,m1_data_bivariate_pair,두 변량의 대응값,변량쌍; paired data,m1_data_bivariate_pair,두 변량의 대응값,중3(교육과정 학년군: 중1-3) > 자료와 가능성 > 상자그림과 산점도,alias_on_concept,preserve_alias_and_check_textbook_wording,high,2,Aliases are stored on the concept node; add an equivalent_to edge only when sources treat two separate concepts as interchangeable.
concept_alias,m1_geo_triangle_similarity_aa_condition,두 쌍의 대응각이 같은 삼각형 닮음 조건,AA 닮음 조건; AA similarity condition,m1_geo_triangle_similarity_aa_condition,두 쌍의 대응각이 같은 삼각형 닮음 조건,중2(교육과정 학년군: 중1-3) > 도형과 측정 > 도형의 닮음,alias_on_concept,preserve_alias_and_check_textbook_wording,high,3,Aliases are stored on the concept node; add an equivalent_to edge only when sources treat two separate concepts as interchangeable.
concept_alias,m1_geo_triangle_congruence_sas_condition,두 쌍의 대응변의 길이와 그 끼인각의 크기가 각각 같은 삼각형 합동 조건,SAS 합동 조건,m1_geo_triangle_congruence_sas_condition,두 쌍의 대응변의 길이와 그 끼인각의 크기가 각각 같은 삼각형 합동 조건,중1(교육과정 학년군: 중1-3) > 도형과 측정 > 작도와 합동,alias_on_concept,preserve_alias_and_check_textbook_wording,high,2,Aliases are stored on the concept node; add an equivalent_to edge only when sources treat two separate concepts as interchangeable.
concept_alias,m1_geo_triangle_similarity_sas_condition,두 쌍의 대응변의 길이의 비와 그 끼인각이 같은 삼각형 닮음 조건,SAS 닮음 조건; SAS similarity condition,m1_geo_triangle_similarity_sas_condition,두 쌍의 대응변의 길이의 비와 그 끼인각이 같은 삼각형 닮음 조건,중2(교육과정 학년군: 중1-3) > 도형과 측정 > 도형의 닮음,alias_on_concept,preserve_alias_and_check_textbook_wording,high,3,Aliases are stored on the concept node; add an equivalent_to edge only when sources treat two separate concepts as interchangeable.
concept_alias,m1_func_two_quantity_relation,두 양 사이의 관계,두 양의 관계; 양 사이의 관계,m1_func_two_quantity_relation,두 양 사이의 관계,중1(교육과정 학년군: 중1-3) > 변화와 관계 > 일차함수와 그 그래프,alias_on_concept,preserve_alias_and_check_textbook_wording,high,2,Aliases are stored on the concept node; add an equivalent_to edge only when sources treat two separate concepts as interchangeable.
concept_alias,m1_func_two_linear_graphs,두 일차함수의 그래프,두 직선 그래프,m1_func_two_linear_graphs,두 일차함수의 그래프,중1(교육과정 학년군: 중1-3) > 변화와 관계 > 일차함수와 일차방정식의 관계,alias_on_concept,preserve_alias_and_check_textbook_wording,high,2,Aliases are stored on the concept node; add an equivalent_to edge only when sources treat two separate concepts as interchangeable.
concept_alias,m1_func_system_graph_relation,두 일차함수의 그래프와 연립일차방정식의 관계,그래프와 연립방정식의 관계,m1_func_system_graph_relation,두 일차함수의 그래프와 연립일차방정식의 관계,중1(교육과정 학년군: 중1-3) > 변화와 관계 > 일차함수와 일차방정식의 관계,alias_on_concept,preserve_alias_and_check_textbook_wording,high,2,Aliases are stored on the concept node; add an equivalent_to edge only when sources treat two separate concepts as interchangeable.
concept_alias,m1_geo_distance_between_two_points,두 점 사이의 거리,distance between two points,m1_geo_distance_between_two_points,두 점 사이의 거리,중1(교육과정 학년군: 중1-3) > 도형과 측정 > 기본 도형,alias_on_concept,preserve_alias_and_check_textbook_wording,high,3,Aliases are stored on the concept node; add an equivalent_to edge only when sources treat two separate concepts as interchangeable.
concept_alias,m1_system_modeling_two_conditions,두 조건을 두 방정식으로 나타내기,조건을 방정식으로 나타내기; 두 식 세우기,m1_system_modeling_two_conditions,두 조건을 두 방정식으로 나타내기,중1(교육과정 학년군: 중1-3) > 변화와 관계 > 연립일차방정식,alias_on_concept,preserve_alias_and_check_textbook_wording,high,2,Aliases are stored on the concept node; add an equivalent_to edge only when sources treat two separate concepts as interchangeable.
concept_alias,m1_geo_transversal_line_context,두 직선을 만나는 한 직선,transversal context,m1_geo_transversal_line_context,두 직선을 만나는 한 직선,중1(교육과정 학년군: 중1-3) > 도형과 측정 > 기본 도형,alias_on_concept,preserve_alias_and_check_textbook_wording,high,2,Aliases are stored on the concept node; add an equivalent_to edge only when sources treat two separate concepts as interchangeable.
concept_alias,m1_eq_equality,등식,equality,m1_eq_equality,등식,중1(교육과정 학년군: 중1-3) > 변화와 관계 > 일차방정식,alias_on_concept,preserve_alias_and_check_textbook_wording,high,4,Aliases are stored on the concept node; add an equivalent_to edge only when sources treat two separate concepts as interchangeable.
concept_alias,m1_eq_equality_properties,등식의 성질,양변에 같은 수를 더하기; 양변에 같은 수를 곱하기,m1_eq_equality_properties,등식의 성질,중1(교육과정 학년군: 중1-3) > 변화와 관계 > 일차방정식,alias_on_concept,preserve_alias_and_check_textbook_wording,high,3,Aliases are stored on the concept node; add an equivalent_to edge only when sources treat two separate concepts as interchangeable.
concept_alias,m1_ineq_compare_equality_properties,등식의 성질과 부등식의 성질 비교,등식과 부등식 성질 비교,m1_ineq_compare_equality_properties,등식의 성질과 부등식의 성질 비교,중1(교육과정 학년군: 중1-3) > 변화와 관계 > 일차부등식,alias_on_concept,preserve_alias_and_check_textbook_wording,high,2,Aliases are stored on the concept node; add an equivalent_to edge only when sources treat two separate concepts as interchangeable.
concept_alias,m1_eq_apply_equality_properties,등식의 성질을 이용해 방정식 변형하기,등식의 성질 적용; 방정식 변형,m1_eq_apply_equality_properties,등식의 성질을 이용해 방정식 변형하기,중1(교육과정 학년군: 중1-3) > 변화와 관계 > 일차방정식,alias_on_concept,preserve_alias_and_check_textbook_wording,high,6,Aliases are stored on the concept node; add an equivalent_to edge only when sources treat two separate concepts as interchangeable.
concept_alias,m1_mis_or_and_counting_confusion,또는과 동시에의 경우의 수를 혼동하는 오류,합하는 경우와 곱하는 경우 혼동,m1_mis_or_and_counting_confusion,또는과 동시에의 경우의 수를 혼동하는 오류,중2(교육과정 학년군: 중1-3) > 자료와 가능성 > 경우의 수와 확률,alias_on_concept,preserve_alias_and_check_textbook_wording,high,3,Aliases are stored on the concept node; add an equivalent_to edge only when sources treat two separate concepts as interchangeable.
concept_alias,m1_geo_rhombus,마름모,rhombus,m1_geo_rhombus,마름모,중2(교육과정 학년군: 중1-3) > 도형과 측정 > 삼각형과 사각형의 성질,alias_on_concept,preserve_alias_and_check_textbook_wording,high,2,Aliases are stored on the concept node; add an equivalent_to edge only when sources treat two separate concepts as interchangeable.
concept_alias,m1_geo_rhombus_diagonals_perpendicular,마름모의 대각선이 서로 수직,마름모의 두 대각선,m1_geo_rhombus_diagonals_perpendicular,마름모의 대각선이 서로 수직,중2(교육과정 학년군: 중1-3) > 도형과 측정 > 삼각형과 사각형의 성질,alias_on_concept,preserve_alias_and_check_textbook_wording,high,2,Aliases are stored on the concept node; add an equivalent_to edge only when sources treat two separate concepts as interchangeable.
concept_alias,m1_geo_vertical_angles,맞꼭지각,vertical angles,m1_geo_vertical_angles,맞꼭지각,중1(교육과정 학년군: 중1-3) > 도형과 측정 > 기본 도형,alias_on_concept,preserve_alias_and_check_textbook_wording,high,3,Aliases are stored on the concept node; add an equivalent_to edge only when sources treat two separate concepts as interchangeable.
concept_alias,m1_geo_solid_component_identification,면·모서리·꼭짓점 찾기,입체도형의 구성 요소 찾기,m1_geo_solid_component_identification,면·모서리·꼭짓점 찾기,중1(교육과정 학년군: 중1-3) > 도형과 측정 > 입체도형의 성질,alias_on_concept,preserve_alias_and_check_textbook_wording,high,4,Aliases are stored on the concept node; add an equivalent_to edge only when sources treat two separate concepts as interchangeable.
concept_alias,m1_mis_all_relations_are_functions,모든 두 양의 관계를 함수로 보는 오류,함수 조건 누락; 함수 판별 오류,m1_mis_all_relations_are_functions,모든 두 양의 관계를 함수로 보는 오류,중1(교육과정 학년군: 중1-3) > 변화와 관계 > 일차함수와 그 그래프,alias_on_concept,preserve_alias_and_check_textbook_wording,high,3,Aliases are stored on the concept node; add an equivalent_to edge only when sources treat two separate concepts as interchangeable.
concept_alias,m1_geo_model_tool_solid,모형과 공학 도구로 입체도형 탐구,구체물 탐구; 공학 도구,m1_geo_model_tool_solid,모형과 공학 도구로 입체도형 탐구,중1(교육과정 학년군: 중1-3) > 도형과 측정 > 입체도형의 성질,alias_on_concept,preserve_alias_and_check_textbook_wording,high,3,Aliases are stored on the concept node; add an equivalent_to edge only when sources treat two separate concepts as interchangeable.
concept_alias,m1_calc_polynomial_division_quotient_scope_check,몫이 다항식인지 확인하기,다항식 나눗셈 범위 확인; 몫의 다항식 여부 확인,m1_calc_polynomial_division_quotient_scope_check,몫이 다항식인지 확인하기,중1(교육과정 학년군: 중1-3) > 변화와 관계 > 식의 계산,alias_on_concept,preserve_alias_and_check_textbook_wording,high,3,Aliases are stored on the concept node; add an equivalent_to edge only when sources treat two separate concepts as interchangeable.
concept_alias,m1_geo_centroid,무게중심,centroid,m1_geo_centroid,무게중심,중2(교육과정 학년군: 중1-3) > 도형과 측정 > 삼각형과 사각형의 성질,alias_on_concept,preserve_alias_and_check_textbook_wording,high,3,Aliases are stored on the concept node; add an equivalent_to edge only when sources treat two separate concepts as interchangeable.
concept_alias,m1_geo_centroid_two_to_one_ratio,무게중심은 중선을 2:1로 나눔,무게중심의 2:1 성질,m1_geo_centroid_two_to_one_ratio,무게중심은 중선을 2:1로 나눔,중2(교육과정 학년군: 중1-3) > 도형과 측정 > 도형의 닮음,alias_on_concept,preserve_alias_and_check_textbook_wording,high,2,Aliases are stored on the concept node; add an equivalent_to edge only when sources treat two separate concepts as interchangeable.
concept_alias,m1_num_irrational_number,무리수,irrational number,m1_num_irrational_number,무리수,중3(교육과정 학년군: 중1-3) > 수와 연산 > 제곱근과 실수,alias_on_concept,preserve_alias_and_check_textbook_wording,high,5,Aliases are stored on the concept node; add an equivalent_to edge only when sources treat two separate concepts as interchangeable.
concept_alias,m1_num_infinite_decimal,무한소수,non-terminating decimal; infinite decimal,m1_num_infinite_decimal,무한소수,중2(교육과정 학년군: 중1-3) > 수와 연산 > 유리수와 순환소수,alias_on_concept,preserve_alias_and_check_textbook_wording,high,3,Aliases are stored on the concept node; add an equivalent_to edge only when sources treat two separate concepts as interchangeable.
concept_alias,m1_mis_irrational_decimal,무한소수와 무리수를 같은 말로 보는 오류,무한소수-무리수 혼동,m1_mis_irrational_decimal,무한소수와 무리수를 같은 말로 보는 오류,중3(교육과정 학년군: 중1-3) > 수와 연산 > 제곱근과 실수,alias_on_concept,preserve_alias_and_check_textbook_wording,high,4,Aliases are stored on the concept node; add an equivalent_to edge only when sources treat two separate concepts as interchangeable.
concept_alias,m1_expr_letter,문자,문자 기호; letter,m1_expr_letter,문자,중1(교육과정 학년군: 중1-3) > 변화와 관계 > 문자의 사용과 식,alias_on_concept,preserve_alias_and_check_textbook_wording,high,4,Aliases are stored on the concept node; add an equivalent_to edge only when sources treat two separate concepts as interchangeable.
concept_alias,m1_expr_letter_quantity,문자가 나타내는 수량 정하기,문자가 나타내는 양 정하기; 문자 정하기,m1_expr_letter_quantity,문자가 나타내는 수량 정하기,중1(교육과정 학년군: 중1-3) > 변화와 관계 > 문자의 사용과 식,alias_on_concept,preserve_alias_and_check_textbook_wording,high,4,Aliases are stored on the concept node; add an equivalent_to edge only when sources treat two separate concepts as interchangeable.
concept_alias,m1_expr_literal_expression,문자를 사용한 식,문자식; 문자와 식,m1_expr_literal_expression,문자를 사용한 식,중1(교육과정 학년군: 중1-3) > 변화와 관계 > 문자의 사용과 식,alias_on_concept,preserve_alias_and_check_textbook_wording,high,3,Aliases are stored on the concept node; add an equivalent_to edge only when sources treat two separate concepts as interchangeable.
concept_alias,m1_expr_usefulness,문자를 사용한 식의 유용성,문자식의 유용성; 문자의 유용성,m1_expr_usefulness,문자를 사용한 식의 유용성,중1(교육과정 학년군: 중1-3) > 변화와 관계 > 문자의 사용과 식,alias_on_concept,preserve_alias_and_check_textbook_wording,high,4,Aliases are stored on the concept node; add an equivalent_to edge only when sources treat two separate concepts as interchangeable.
concept_alias,m1_mis_letter_as_label_only,문자를 이름표로만 해석하는 오류,문자 의미 혼동; 문자-일상 언어 혼동,m1_mis_letter_as_label_only,문자를 이름표로만 해석하는 오류,중1(교육과정 학년군: 중1-3) > 변화와 관계 > 문자의 사용과 식,alias_on_concept,preserve_alias_and_check_textbook_wording,high,2,Aliases are stored on the concept node; add an equivalent_to edge only when sources treat two separate concepts as interchangeable.
concept_alias,m1_expr_unit,문자의 사용과 식,문자와 식; 문자식,m1_expr_unit,문자의 사용과 식,중1(교육과정 학년군: 중1-3) > 변화와 관계 > 문자의 사용과 식,alias_on_concept,preserve_alias_and_check_textbook_wording,high,3,Aliases are stored on the concept node; add an equivalent_to edge only when sources treat two separate concepts as interchangeable.
concept_alias,m1_eq_choose_unknown_from_context,문제 상황에서 미지수 정하기,구하려는 값을 미지수로 놓기; 미지수 설정,m1_eq_choose_unknown_from_context,문제 상황에서 미지수 정하기,중1(교육과정 학년군: 중1-3) > 변화와 관계 > 일차방정식,alias_on_concept,preserve_alias_and_check_textbook_wording,high,4,Aliases are stored on the concept node; add an equivalent_to edge only when sources treat two separate concepts as interchangeable.
concept_alias,m1_ineq_choose_unknown_from_context,문제 상황에서 미지수 정하기,부등식 활용에서 미지수 정하기; choose an unknown in an inequality context,m1_ineq_choose_unknown_from_context,문제 상황에서 미지수 정하기,중1(교육과정 학년군: 중1-3) > 변화와 관계 > 일차부등식,alias_on_concept,preserve_alias_and_check_textbook_wording,high,3,Aliases are stored on the concept node; add an equivalent_to edge only when sources treat two separate concepts as interchangeable.
concept_alias,m1_quad_eq_set_up_from_context,문제 상황을 이차방정식으로 나타내기,이차방정식 세우기; 상황을 이차방정식으로 나타내기,m1_quad_eq_set_up_from_context,문제 상황을 이차방정식으로 나타내기,중3(교육과정 학년군: 중1-3) > 변화와 관계 > 이차방정식,alias_on_concept,preserve_alias_and_check_textbook_wording,high,4,Aliases are stored on the concept node; add an equivalent_to edge only when sources treat two separate concepts as interchangeable.
concept_alias,m1_ineq_translate_condition,문제 조건을 부등식으로 옮기기,크기 관계를 부등식으로 나타내기,m1_ineq_translate_condition,문제 조건을 부등식으로 옮기기,중1(교육과정 학년군: 중1-3) > 변화와 관계 > 일차부등식,alias_on_concept,preserve_alias_and_check_textbook_wording,high,3,Aliases are stored on the concept node; add an equivalent_to edge only when sources treat two separate concepts as interchangeable.
concept_alias,m1_eq_unknown,미지수,unknown,m1_eq_unknown,미지수,중1(교육과정 학년군: 중1-3) > 변화와 관계 > 일차방정식,alias_on_concept,preserve_alias_and_check_textbook_wording,high,2,Aliases are stored on the concept node; add an equivalent_to edge only when sources treat two separate concepts as interchangeable.
concept_alias,m1_system_two_variable_linear_equation,미지수가 2개인 일차방정식,two-variable linear equation,m1_system_two_variable_linear_equation,미지수가 2개인 일차방정식,중1(교육과정 학년군: 중1-3) > 변화와 관계 > 연립일차방정식,alias_on_concept,preserve_alias_and_check_textbook_wording,high,2,Aliases are stored on the concept node; add an equivalent_to edge only when sources treat two separate concepts as interchangeable.
concept_alias,m1_func_two_variable_equation_solution_set_graph,미지수가 2개인 일차방정식 해 전체의 그래프,해의 집합으로서의 그래프; solution-set graph,m1_func_two_variable_equation_solution_set_graph,미지수가 2개인 일차방정식 해 전체의 그래프,중1(교육과정 학년군: 중1-3) > 변화와 관계 > 일차함수와 일차방정식의 관계,alias_on_concept,preserve_alias_and_check_textbook_wording,high,2,Aliases are stored on the concept node; add an equivalent_to edge only when sources treat two separate concepts as interchangeable.
concept_alias,m1_func_two_variable_equation_solution_pair,미지수가 2개인 일차방정식 해의 순서쌍,두 변수 일차방정식 해의 순서쌍,m1_func_two_variable_equation_solution_pair,미지수가 2개인 일차방정식 해의 순서쌍,중1(교육과정 학년군: 중1-3) > 변화와 관계 > 일차함수와 일차방정식의 관계,alias_on_concept,preserve_alias_and_check_textbook_wording,high,4,Aliases are stored on the concept node; add an equivalent_to edge only when sources treat two separate concepts as interchangeable.
concept_alias,m1_func_two_variable_linear_equation_graph,미지수가 2개인 일차방정식의 그래프,두 변수 일차방정식의 그래프; linear equation graph,m1_func_two_variable_linear_equation_graph,미지수가 2개인 일차방정식의 그래프,중1(교육과정 학년군: 중1-3) > 변화와 관계 > 일차함수와 일차방정식의 관계,alias_on_concept,preserve_alias_and_check_textbook_wording,high,2,Aliases are stored on the concept node; add an equivalent_to edge only when sources treat two separate concepts as interchangeable.
concept_alias,m1_func_two_variable_equation_as_graph,미지수가 2개인 일차방정식의 해를 그래프로 나타내기,일차방정식의 해의 그래프,m1_func_two_variable_equation_as_graph,미지수가 2개인 일차방정식의 해를 그래프로 나타내기,중1(교육과정 학년군: 중1-3) > 변화와 관계 > 일차함수와 일차방정식의 관계,alias_on_concept,preserve_alias_and_check_textbook_wording,high,2,Aliases are stored on the concept node; add an equivalent_to edge only when sources treat two separate concepts as interchangeable.
concept_alias,m1_ineq_isolate_unknown,미지수를 한쪽으로 모으기,미지수 항 정리; 부등식에서 미지수 정리,m1_ineq_isolate_unknown,미지수를 한쪽으로 모으기,중1(교육과정 학년군: 중1-3) > 변화와 관계 > 일차부등식,alias_on_concept,preserve_alias_and_check_textbook_wording,high,2,Aliases are stored on the concept node; add an equivalent_to edge only when sources treat two separate concepts as interchangeable.
concept_alias,m1_eq_collect_unknown_terms,미지수항 모으기,문자가 있는 항 모으기,m1_eq_collect_unknown_terms,미지수항 모으기,중1(교육과정 학년군: 중1-3) > 변화와 관계 > 일차방정식,alias_on_concept,preserve_alias_and_check_textbook_wording,high,4,Aliases are stored on the concept node; add an equivalent_to edge only when sources treat two separate concepts as interchangeable.
concept_alias,m1_calc_base,밑,base,m1_calc_base,밑,중1(교육과정 학년군: 중1-3) > 변화와 관계 > 식의 계산,alias_on_concept,preserve_alias_and_check_textbook_wording,high,2,Aliases are stored on the concept node; add an equivalent_to edge only when sources treat two separate concepts as interchangeable.
concept_alias,m1_mis_exponent_base,밑이 다른 거듭제곱에 지수법칙을 잘못 적용하는 오류,지수법칙 적용 조건 오류; 밑 혼동,m1_mis_exponent_base,밑이 다른 거듭제곱에 지수법칙을 잘못 적용하는 오류,중1(교육과정 학년군: 중1-3) > 변화와 관계 > 식의 계산,alias_on_concept,preserve_alias_and_check_textbook_wording,high,3,Aliases are stored on the concept node; add an equivalent_to edge only when sources treat two separate concepts as interchangeable.
concept_alias,m1_prop_inverse_proportion,반비례,inverse proportion; 반비례 관계,m1_prop_inverse_proportion,반비례,중1(교육과정 학년군: 중1-3) > 변화와 관계 > 좌표평면과 그래프,alias_on_concept,preserve_alias_and_check_textbook_wording,high,4,Aliases are stored on the concept node; add an equivalent_to edge only when sources treat two separate concepts as interchangeable.
concept_alias,m1_geo_semicircle_arc,반원,semicircle,m1_geo_semicircle_arc,반원,중3(교육과정 학년군: 중1-3) > 도형과 측정 > 원의 성질,alias_on_concept,preserve_alias_and_check_textbook_wording,high,2,Aliases are stored on the concept node; add an equivalent_to edge only when sources treat two separate concepts as interchangeable.
concept_alias,m1_geo_semicircle_inscribed_angle_right,반원에 대한 원주각은 직각,반원의 원주각,m1_geo_semicircle_inscribed_angle_right,반원에 대한 원주각은 직각,중3(교육과정 학년군: 중1-3) > 도형과 측정 > 원의 성질,alias_on_concept,preserve_alias_and_check_textbook_wording,high,2,Aliases are stored on the concept node; add an equivalent_to edge only when sources treat two separate concepts as interchangeable.
concept_alias,m1_geo_ray,반직선,ray,m1_geo_ray,반직선,중1(교육과정 학년군: 중1-3) > 도형과 측정 > 기본 도형,alias_on_concept,preserve_alias_and_check_textbook_wording,high,2,Aliases are stored on the concept node; add an equivalent_to edge only when sources treat two separate concepts as interchangeable.
concept_alias,m1_eq_equation,방정식,equation,m1_eq_equation,방정식,중1(교육과정 학년군: 중1-3) > 변화와 관계 > 일차방정식,alias_on_concept,preserve_alias_and_check_textbook_wording,high,4,Aliases are stored on the concept node; add an equivalent_to edge only when sources treat two separate concepts as interchangeable.
concept_alias,m1_eq_equation_identity_distinction,방정식과 항등식 구별하기,방정식·항등식 구별; 항등식과 방정식 구별,m1_eq_equation_identity_distinction,방정식과 항등식 구별하기,중1(교육과정 학년군: 중1-3) > 변화와 관계 > 일차방정식,alias_on_concept,preserve_alias_and_check_textbook_wording,high,3,Aliases are stored on the concept node; add an equivalent_to edge only when sources treat two separate concepts as interchangeable.
concept_alias,m1_eq_multiple_solving_methods,방정식의 여러 풀이 방법,다양한 방정식 풀이 방법,m1_eq_multiple_solving_methods,방정식의 여러 풀이 방법,중1(교육과정 학년군: 중1-3) > 변화와 관계 > 일차방정식,alias_on_concept,preserve_alias_and_check_textbook_wording,high,3,Aliases are stored on the concept node; add an equivalent_to edge only when sources treat two separate concepts as interchangeable.
concept_alias,m1_num_multiple,배수,multiple,m1_num_multiple,배수,중1(교육과정 학년군: 중1-3) > 수와 연산 > 소인수분해,alias_on_concept,preserve_alias_and_check_textbook_wording,high,3,Aliases are stored on the concept node; add an equivalent_to edge only when sources treat two separate concepts as interchangeable.
concept_alias,m1_geo_pythagorean_square_on_side,변 위의 정사각형,각 변 위의 정사각형; square on a side,m1_geo_pythagorean_square_on_side,변 위의 정사각형,중2(교육과정 학년군: 중1-3) > 도형과 측정 > 피타고라스 정리,alias_on_concept,preserve_alias_and_check_textbook_wording,high,3,Aliases are stored on the concept node; add an equivalent_to edge only when sources treat two separate concepts as interchangeable.
concept_alias,m1_data_variable,변량,variable in statistics,m1_data_variable,변량,중1(교육과정 학년군: 중1-3) > 자료와 가능성 > 자료와 가능성,alias_on_concept,preserve_alias_and_check_textbook_wording,high,2,Aliases are stored on the concept node; add an equivalent_to edge only when sources treat two separate concepts as interchangeable.
concept_alias,m1_term_variable,변수,variable,m1_term_variable,변수,중1(교육과정 학년군: 중1-3) > 변화와 관계 > 좌표평면과 그래프,alias_on_concept,preserve_alias_and_check_textbook_wording,high,5,Aliases are stored on the concept node; add an equivalent_to edge only when sources treat two separate concepts as interchangeable.
concept_alias,m1_graph_change_state,변화 상태,변화의 상태; 두 양의 변화,m1_graph_change_state,변화 상태,중1(교육과정 학년군: 중1-3) > 변화와 관계 > 좌표평면과 그래프,alias_on_concept,preserve_alias_and_check_textbook_wording,high,2,Aliases are stored on the concept node; add an equivalent_to edge only when sources treat two separate concepts as interchangeable.
concept_alias,m1_mis_permutation_combination_scope,복잡한 순열·조합 문항을 중학교 경우의 수 범위에 포함하는 범위 오판,순열조합 범위 혼동,m1_mis_permutation_combination_scope,복잡한 순열·조합 문항을 중학교 경우의 수 범위에 포함하는 범위 오판,중2(교육과정 학년군: 중1-3) > 자료와 가능성 > 경우의 수와 확률,alias_on_concept,preserve_alias_and_check_textbook_wording,high,1,Aliases are stored on the concept node; add an equivalent_to edge only when sources treat two separate concepts as interchangeable.
concept_alias,m1_geo_convex_polygon_scope,볼록다각형 범위,볼록한 다각형,m1_geo_convex_polygon_scope,볼록다각형 범위,중1(교육과정 학년군: 중1-3) > 도형과 측정 > 평면도형의 성질,alias_on_concept,preserve_alias_and_check_textbook_wording,high,1,Aliases are stored on the concept node; add an equivalent_to edge only when sources treat two separate concepts as interchangeable.
concept_alias,m1_geo_convex_polyhedron_scope,볼록한 다면체 범위,볼록 다면체; 다면체의 볼록 범위,m1_geo_convex_polyhedron_scope,볼록한 다면체 범위,중1(교육과정 학년군: 중1-3) > 도형과 측정 > 입체도형의 성질,alias_on_concept,preserve_alias_and_check_textbook_wording,high,1,Aliases are stored on the concept node; add an equivalent_to edge only when sources treat two separate concepts as interchangeable.
concept_alias,m1_ineq_inequality,부등식,inequality,m1_ineq_inequality,부등식,중1(교육과정 학년군: 중1-3) > 변화와 관계 > 일차부등식,alias_on_concept,preserve_alias_and_check_textbook_wording,high,3,Aliases are stored on the concept node; add an equivalent_to edge only when sources treat two separate concepts as interchangeable.
concept_alias,m1_ineq_add_sub_same_number_property,부등식 양변에 같은 수 더하기·빼기,같은 수를 더하거나 빼는 부등식의 성질,m1_ineq_add_sub_same_number_property,부등식 양변에 같은 수 더하기·빼기,중1(교육과정 학년군: 중1-3) > 변화와 관계 > 일차부등식,alias_on_concept,preserve_alias_and_check_textbook_wording,high,2,Aliases are stored on the concept node; add an equivalent_to edge only when sources treat two separate concepts as interchangeable.
concept_alias,m1_ineq_multiply_divide_positive_property,부등식 양변에 양수를 곱하거나 나누기,양수 곱나눔의 부등식 성질,m1_ineq_multiply_divide_positive_property,부등식 양변에 양수를 곱하거나 나누기,중1(교육과정 학년군: 중1-3) > 변화와 관계 > 일차부등식,alias_on_concept,preserve_alias_and_check_textbook_wording,high,2,Aliases are stored on the concept node; add an equivalent_to edge only when sources treat two separate concepts as interchangeable.
concept_alias,m1_ineq_multiply_divide_negative_reverses_sign,부등식 양변에 음수를 곱하거나 나눌 때 부등호 방향 바꾸기,음수 곱나눔의 부등호 방향 전환,m1_ineq_multiply_divide_negative_reverses_sign,부등식 양변에 음수를 곱하거나 나눌 때 부등호 방향 바꾸기,중1(교육과정 학년군: 중1-3) > 변화와 관계 > 일차부등식,alias_on_concept,preserve_alias_and_check_textbook_wording,high,2,Aliases are stored on the concept node; add an equivalent_to edge only when sources treat two separate concepts as interchangeable.
concept_alias,m1_ineq_boundary_value,부등식 해의 경계값,경계값; boundary value,m1_ineq_boundary_value,부등식 해의 경계값,중1(교육과정 학년군: 중1-3) > 변화와 관계 > 일차부등식,alias_on_concept,preserve_alias_and_check_textbook_wording,high,2,Aliases are stored on the concept node; add an equivalent_to edge only when sources treat two separate concepts as interchangeable.
concept_alias,m1_mis_ineq_endpoint_inclusion,부등식 해의 끝점 포함 여부를 잘못 표시하는 오류,끝점 포함 오류; 속이 빈 점과 채워진 점 혼동,m1_mis_ineq_endpoint_inclusion,부등식 해의 끝점 포함 여부를 잘못 표시하는 오류,중1(교육과정 학년군: 중1-3) > 변화와 관계 > 일차부등식,alias_on_concept,preserve_alias_and_check_textbook_wording,high,2,Aliases are stored on the concept node; add an equivalent_to edge only when sources treat two separate concepts as interchangeable.
concept_alias,m1_ineq_endpoint_inclusion_representation,부등식 해의 끝점 포함 표시,끝점 포함 여부; 속이 빈 점과 채워진 점,m1_ineq_endpoint_inclusion_representation,부등식 해의 끝점 포함 표시,중1(교육과정 학년군: 중1-3) > 변화와 관계 > 일차부등식,alias_on_concept,preserve_alias_and_check_textbook_wording,high,2,Aliases are stored on the concept node; add an equivalent_to edge only when sources treat two separate concepts as interchangeable.
concept_alias,m1_ineq_solution_range,부등식 해의 범위,해의 범위; 해집합; solution range,m1_ineq_solution_range,부등식 해의 범위,중1(교육과정 학년군: 중1-3) > 변화와 관계 > 일차부등식,alias_on_concept,preserve_alias_and_check_textbook_wording,high,2,Aliases are stored on the concept node; add an equivalent_to edge only when sources treat two separate concepts as interchangeable.
concept_alias,m1_ineq_number_line_solution_representation,부등식 해의 수직선 표현,수직선에 해 나타내기; number-line representation of an inequality solution,m1_ineq_number_line_solution_representation,부등식 해의 수직선 표현,중1(교육과정 학년군: 중1-3) > 변화와 관계 > 일차부등식,alias_on_concept,preserve_alias_and_check_textbook_wording,high,3,Aliases are stored on the concept node; add an equivalent_to edge only when sources treat two separate concepts as interchangeable.
concept_alias,m1_ineq_solution_check,부등식 해의 확인,부등식 해 확인; 부등식 해의 상황 적합성 확인,m1_ineq_solution_check,부등식 해의 확인,중1(교육과정 학년군: 중1-3) > 변화와 관계 > 일차부등식,alias_on_concept,preserve_alias_and_check_textbook_wording,high,3,Aliases are stored on the concept node; add an equivalent_to edge only when sources treat two separate concepts as interchangeable.
concept_alias,m1_ineq_equivalent_transformation,부등식의 동치 변형,해가 같은 부등식으로 변형하기,m1_ineq_equivalent_transformation,부등식의 동치 변형,중1(교육과정 학년군: 중1-3) > 변화와 관계 > 일차부등식,alias_on_concept,preserve_alias_and_check_textbook_wording,high,3,Aliases are stored on the concept node; add an equivalent_to edge only when sources treat two separate concepts as interchangeable.
concept_alias,m1_ineq_properties,부등식의 성질,inequality properties,m1_ineq_properties,부등식의 성질,중1(교육과정 학년군: 중1-3) > 변화와 관계 > 일차부등식,alias_on_concept,preserve_alias_and_check_textbook_wording,high,3,Aliases are stored on the concept node; add an equivalent_to edge only when sources treat two separate concepts as interchangeable.
concept_alias,m1_ineq_solution,부등식의 해,inequality solution,m1_ineq_solution,부등식의 해,중1(교육과정 학년군: 중1-3) > 변화와 관계 > 일차부등식,alias_on_concept,preserve_alias_and_check_textbook_wording,high,2,Aliases are stored on the concept node; add an equivalent_to edge only when sources treat two separate concepts as interchangeable.
concept_alias,m1_ineq_interpret_solution_context,부등식의 해를 문제 상황에 맞게 해석하기,부등식 해의 상황 해석,m1_ineq_interpret_solution_context,부등식의 해를 문제 상황에 맞게 해석하기,중1(교육과정 학년군: 중1-3) > 변화와 관계 > 일차부등식,alias_on_concept,preserve_alias_and_check_textbook_wording,high,3,Aliases are stored on the concept node; add an equivalent_to edge only when sources treat two separate concepts as interchangeable.
concept_alias,m1_mis_ineq_solution_single_value,부등식의 해를 한 값으로만 이해하는 오류,부등식 해 범위 혼동; 부등식 해와 방정식 해 혼동,m1_mis_ineq_solution_single_value,부등식의 해를 한 값으로만 이해하는 오류,중1(교육과정 학년군: 중1-3) > 변화와 관계 > 일차부등식,alias_on_concept,preserve_alias_and_check_textbook_wording,high,2,Aliases are stored on the concept node; add an equivalent_to edge only when sources treat two separate concepts as interchangeable.
concept_alias,m1_ineq_judge_solution,부등식의 해인지 판단하기,부등식 해 판별; judge whether a value satisfies an inequality,m1_ineq_judge_solution,부등식의 해인지 판단하기,중1(교육과정 학년군: 중1-3) > 변화와 관계 > 일차부등식,alias_on_concept,preserve_alias_and_check_textbook_wording,high,2,Aliases are stored on the concept node; add an equivalent_to edge only when sources treat two separate concepts as interchangeable.
concept_alias,m1_ineq_inequality_sign,부등호,inequality sign; <; >; ≤; ≥,m1_ineq_inequality_sign,부등호,중1(교육과정 학년군: 중1-3) > 변화와 관계 > 일차부등식,alias_on_concept,preserve_alias_and_check_textbook_wording,high,2,Aliases are stored on the concept node; add an equivalent_to edge only when sources treat two separate concepts as interchangeable.
concept_alias,m1_mis_ineq_sign_reversal_overgeneralization,부등호 방향을 항상 바꾸는 오류,부등호 방향 전환 과잉 일반화,m1_mis_ineq_sign_reversal_overgeneralization,부등호 방향을 항상 바꾸는 오류,중1(교육과정 학년군: 중1-3) > 변화와 관계 > 일차부등식,alias_on_concept,preserve_alias_and_check_textbook_wording,high,2,Aliases are stored on the concept node; add an equivalent_to edge only when sources treat two separate concepts as interchangeable.
concept_alias,m1_ineq_inequality_sign_direction,부등호의 방향,부등호 방향; inequality direction,m1_ineq_inequality_sign_direction,부등호의 방향,중1(교육과정 학년군: 중1-3) > 변화와 관계 > 일차부등식,alias_on_concept,preserve_alias_and_check_textbook_wording,high,2,Aliases are stored on the concept node; add an equivalent_to edge only when sources treat two separate concepts as interchangeable.
concept_alias,m1_geo_sector,부채꼴,sector,m1_geo_sector,부채꼴,중1(교육과정 학년군: 중1-3) > 도형과 측정 > 평면도형의 성질,alias_on_concept,preserve_alias_and_check_textbook_wording,high,3,Aliases are stored on the concept node; add an equivalent_to edge only when sources treat two separate concepts as interchangeable.
concept_alias,m1_geo_sector_area_calculation,부채꼴의 넓이 구하기,부채꼴 넓이 구하기,m1_geo_sector_area_calculation,부채꼴의 넓이 구하기,중1(교육과정 학년군: 중1-3) > 도형과 측정 > 평면도형의 성질,alias_on_concept,preserve_alias_and_check_textbook_wording,high,2,Aliases are stored on the concept node; add an equivalent_to edge only when sources treat two separate concepts as interchangeable.
concept_alias,m1_geo_sector_central_angle_arc_relation,부채꼴의 중심각과 호의 관계,중심각과 호의 관계,m1_geo_sector_central_angle_arc_relation,부채꼴의 중심각과 호의 관계,중1(교육과정 학년군: 중1-3) > 도형과 측정 > 평면도형의 성질,alias_on_concept,preserve_alias_and_check_textbook_wording,high,2,Aliases are stored on the concept node; add an equivalent_to edge only when sources treat two separate concepts as interchangeable.
concept_alias,m1_geo_sector_arc_length_calculation,부채꼴의 호의 길이 구하기,호의 길이 구하기; 부채꼴 호의 길이,m1_geo_sector_arc_length_calculation,부채꼴의 호의 길이 구하기,중1(교육과정 학년군: 중1-3) > 도형과 측정 > 평면도형의 성질,alias_on_concept,preserve_alias_and_check_textbook_wording,high,2,Aliases are stored on the concept node; add an equivalent_to edge only when sources treat two separate concepts as interchangeable.
concept_alias,m1_geo_sector_arc_length_area,부채꼴의 호의 길이와 넓이 구하기,부채꼴 길이와 넓이,m1_geo_sector_arc_length_area,부채꼴의 호의 길이와 넓이 구하기,중1(교육과정 학년군: 중1-3) > 도형과 측정 > 평면도형의 성질,alias_on_concept,preserve_alias_and_check_textbook_wording,high,2,Aliases are stored on the concept node; add an equivalent_to edge only when sources treat two separate concepts as interchangeable.
concept_alias,m1_geo_volume,부피,volume,m1_geo_volume,부피,중1(교육과정 학년군: 중1-3) > 도형과 측정 > 입체도형의 성질,alias_on_concept,preserve_alias_and_check_textbook_wording,high,2,Aliases are stored on the concept node; add an equivalent_to edge only when sources treat two separate concepts as interchangeable.
concept_alias,m1_num_same_sign_addition,부호가 같은 수의 덧셈,같은 부호의 두 수 더하기,m1_num_same_sign_addition,부호가 같은 수의 덧셈,중1(교육과정 학년군: 중1-3) > 수와 연산 > 정수와 유리수,alias_on_concept,preserve_alias_and_check_textbook_wording,high,3,Aliases are stored on the concept node; add an equivalent_to edge only when sources treat two separate concepts as interchangeable.
concept_alias,m1_num_different_sign_addition,부호가 다른 수의 덧셈,다른 부호의 두 수 더하기,m1_num_different_sign_addition,부호가 다른 수의 덧셈,중1(교육과정 학년군: 중1-3) > 수와 연산 > 정수와 유리수,alias_on_concept,preserve_alias_and_check_textbook_wording,high,3,Aliases are stored on the concept node; add an equivalent_to edge only when sources treat two separate concepts as interchangeable.
concept_alias,m1_mis_sign_operation,부호와 연산 기호를 혼동하는 오류,양·음의 부호와 덧셈·뺄셈 기호 혼동,m1_mis_sign_operation,부호와 연산 기호를 혼동하는 오류,중1(교육과정 학년군: 중1-3) > 수와 연산 > 정수와 유리수,alias_on_concept,preserve_alias_and_check_textbook_wording,high,2,Aliases are stored on the concept node; add an equivalent_to edge only when sources treat two separate concepts as interchangeable.
concept_alias,m1_num_denominator_power_of_ten_conversion,분모를 10의 거듭제곱으로 만들기,make denominator a power of ten,m1_num_denominator_power_of_ten_conversion,분모를 10의 거듭제곱으로 만들기,중2(교육과정 학년군: 중1-3) > 수와 연산 > 유리수와 순환소수,alias_on_concept,preserve_alias_and_check_textbook_wording,high,4,Aliases are stored on the concept node; add an equivalent_to edge only when sources treat two separate concepts as interchangeable.
concept_alias,m1_mis_denominator_condition_2_5,분모의 소인수 2와 5 조건을 반대로 적용하는 오류,2와 5 조건 혼동,m1_mis_denominator_condition_2_5,분모의 소인수 2와 5 조건을 반대로 적용하는 오류,중2(교육과정 학년군: 중1-3) > 수와 연산 > 유리수와 순환소수,alias_on_concept,preserve_alias_and_check_textbook_wording,high,1,Aliases are stored on the concept node; add an equivalent_to edge only when sources treat two separate concepts as interchangeable.
concept_alias,m1_num_rationalize_denominator,분모의 유리화,rationalizing the denominator,m1_num_rationalize_denominator,분모의 유리화,중3(교육과정 학년군: 중1-3) > 수와 연산 > 제곱근과 실수,alias_on_concept,preserve_alias_and_check_textbook_wording,high,3,Aliases are stored on the concept node; add an equivalent_to edge only when sources treat two separate concepts as interchangeable.
concept_alias,m1_num_distributive_law,분배법칙,distributive law,m1_num_distributive_law,분배법칙,중1(교육과정 학년군: 중1-3) > 수와 연산 > 정수와 유리수,alias_on_concept,preserve_alias_and_check_textbook_wording,high,2,Aliases are stored on the concept node; add an equivalent_to edge only when sources treat two separate concepts as interchangeable.
concept_alias,m1_data_variance,분산,variance,m1_data_variance,분산,중3(교육과정 학년군: 중1-3) > 자료와 가능성 > 산포도,alias_on_concept,preserve_alias_and_check_textbook_wording,high,3,Aliases are stored on the concept node; add an equivalent_to edge only when sources treat two separate concepts as interchangeable.
concept_alias,m1_data_variance_formula,분산 계산식,분산 공식,m1_data_variance_formula,분산 계산식,중3(교육과정 학년군: 중1-3) > 자료와 가능성 > 산포도,alias_on_concept,preserve_alias_and_check_textbook_wording,high,2,Aliases are stored on the concept node; add an equivalent_to edge only when sources treat two separate concepts as interchangeable.
concept_alias,m1_data_variance_calculation,분산 구하기,분산 계산,m1_data_variance_calculation,분산 구하기,중3(교육과정 학년군: 중1-3) > 자료와 가능성 > 산포도,alias_on_concept,preserve_alias_and_check_textbook_wording,high,2,Aliases are stored on the concept node; add an equivalent_to edge only when sources treat two separate concepts as interchangeable.
concept_alias,m1_data_calculate_variance_sd,분산과 표준편차 구하기,산포도 계산,m1_data_calculate_variance_sd,분산과 표준편차 구하기,중3(교육과정 학년군: 중1-3) > 자료와 가능성 > 산포도,alias_on_concept,preserve_alias_and_check_textbook_wording,high,3,Aliases are stored on the concept node; add an equivalent_to edge only when sources treat two separate concepts as interchangeable.
concept_alias,m1_mis_variance_standard_deviation,분산과 표준편차를 같은 값으로 보는 오류,분산-표준편차 혼동,m1_mis_variance_standard_deviation,분산과 표준편차를 같은 값으로 보는 오류,중3(교육과정 학년군: 중1-3) > 자료와 가능성 > 산포도,alias_on_concept,preserve_alias_and_check_textbook_wording,high,2,Aliases are stored on the concept node; add an equivalent_to edge only when sources treat two separate concepts as interchangeable.
concept_alias,m1_data_result_interpretation,분석 결과 해석,결과 해석,m1_data_result_interpretation,분석 결과 해석,중1(교육과정 학년군: 중1-3) > 자료와 가능성 > 도수분포표와 상대도수,alias_on_concept,preserve_alias_and_check_textbook_wording,high,4,Aliases are stored on the concept node; add an equivalent_to edge only when sources treat two separate concepts as interchangeable.
concept_alias,m1_num_decimal_remainder_repetition,분수 나눗셈에서 나머지 반복,repeating remainders in decimal division,m1_num_decimal_remainder_repetition,분수 나눗셈에서 나머지 반복,중2(교육과정 학년군: 중1-3) > 수와 연산 > 유리수와 순환소수,alias_on_concept,preserve_alias_and_check_textbook_wording,high,2,Aliases are stored on the concept node; add an equivalent_to edge only when sources treat two separate concepts as interchangeable.
concept_alias,m1_num_fraction_decimal_classification,분수가 유한소수 또는 순환소수로 나타나는지 구분하기,분수의 소수 표현 구분,m1_num_fraction_decimal_classification,분수가 유한소수 또는 순환소수로 나타나는지 구분하기,중2(교육과정 학년군: 중1-3) > 수와 연산 > 유리수와 순환소수,alias_on_concept,preserve_alias_and_check_textbook_wording,high,1,Aliases are stored on the concept node; add an equivalent_to edge only when sources treat two separate concepts as interchangeable.
concept_alias,m1_num_reduce_fraction_lowest_terms,분수를 기약분수로 고치기,약분하여 기약분수 만들기,m1_num_reduce_fraction_lowest_terms,분수를 기약분수로 고치기,중2(교육과정 학년군: 중1-3) > 수와 연산 > 유리수와 순환소수,alias_on_concept,preserve_alias_and_check_textbook_wording,high,3,Aliases are stored on the concept node; add an equivalent_to edge only when sources treat two separate concepts as interchangeable.
concept_alias,m1_num_fraction_to_decimal_division,분수를 소수로 나타내기,fraction to decimal by division,m1_num_fraction_to_decimal_division,분수를 소수로 나타내기,중2(교육과정 학년군: 중1-3) > 수와 연산 > 유리수와 순환소수,alias_on_concept,preserve_alias_and_check_textbook_wording,high,2,Aliases are stored on the concept node; add an equivalent_to edge only when sources treat two separate concepts as interchangeable.
concept_alias,m1_num_ratio,비,ratio; 비율; 두 양의 비,m1_num_ratio,비,중1(교육과정 학년군: 중1-3) > 수와 연산 > 공통 선수개념,alias_on_concept,preserve_alias_and_check_textbook_wording,high,15,Aliases are stored on the concept node; add an equivalent_to edge only when sources treat two separate concepts as interchangeable.
concept_alias,m1_mis_pythagorean_hypotenuse_misidentification,빗변을 가장 길지 않은 변으로 잘못 정하는 오류,빗변 식별 오류,m1_mis_pythagorean_hypotenuse_misidentification,빗변을 가장 길지 않은 변으로 잘못 정하는 오류,중2(교육과정 학년군: 중1-3) > 도형과 측정 > 피타고라스 정리,alias_on_concept,preserve_alias_and_check_textbook_wording,high,2,Aliases are stored on the concept node; add an equivalent_to edge only when sources treat two separate concepts as interchangeable.
concept_alias,m1_num_subtraction,뺄셈,subtraction; 빼기,m1_num_subtraction,뺄셈,중1(교육과정 학년군: 중1-3) > 수와 연산 > 정수와 유리수,alias_on_concept,preserve_alias_and_check_textbook_wording,high,3,Aliases are stored on the concept node; add an equivalent_to edge only when sources treat two separate concepts as interchangeable.
concept_alias,m1_num_subtraction_as_add_opposite,뺄셈을 반대 부호의 덧셈으로 바꾸기,빼기를 더하기로 바꾸기; 반대 부호 더하기,m1_num_subtraction_as_add_opposite,뺄셈을 반대 부호의 덧셈으로 바꾸기,중1(교육과정 학년군: 중1-3) > 수와 연산 > 정수와 유리수,alias_on_concept,preserve_alias_and_check_textbook_wording,high,2,Aliases are stored on the concept node; add an equivalent_to edge only when sources treat two separate concepts as interchangeable.
concept_alias,m1_geo_pyramid,뿔 모양 입체도형,각뿔; 원뿔; pyramid,m1_geo_pyramid,뿔 모양 입체도형,중1(교육과정 학년군: 중1-3) > 도형과 측정 > 입체도형의 성질,alias_on_concept,preserve_alias_and_check_textbook_wording,high,4,Aliases are stored on the concept node; add an equivalent_to edge only when sources treat two separate concepts as interchangeable.
concept_alias,m1_geo_quadrilateral,사각형,quadrilateral,m1_geo_quadrilateral,사각형,중2(교육과정 학년군: 중1-3) > 도형과 측정 > 삼각형과 사각형의 성질,alias_on_concept,preserve_alias_and_check_textbook_wording,high,2,Aliases are stored on the concept node; add an equivalent_to edge only when sources treat two separate concepts as interchangeable.
concept_alias,m1_geo_quadrilateral_classification,사각형 분류하기,사각형 판별하기,m1_geo_quadrilateral_classification,사각형 분류하기,중2(교육과정 학년군: 중1-3) > 도형과 측정 > 삼각형과 사각형의 성질,alias_on_concept,preserve_alias_and_check_textbook_wording,high,3,Aliases are stored on the concept node; add an equivalent_to edge only when sources treat two separate concepts as interchangeable.
concept_alias,m1_mis_quadrilateral_inclusion_relation,사각형 포함 관계를 반대로 이해하는 오류,사각형 포함 관계 혼동,m1_mis_quadrilateral_inclusion_relation,사각형 포함 관계를 반대로 이해하는 오류,중2(교육과정 학년군: 중1-3) > 도형과 측정 > 삼각형과 사각형의 성질,alias_on_concept,preserve_alias_and_check_textbook_wording,high,2,Aliases are stored on the concept node; add an equivalent_to edge only when sources treat two separate concepts as interchangeable.
concept_alias,m1_geo_quadrilateral_diagonal_properties,사각형의 대각선에 관한 성질,사각형 대각선 성질,m1_geo_quadrilateral_diagonal_properties,사각형의 대각선에 관한 성질,중2(교육과정 학년군: 중1-3) > 도형과 측정 > 삼각형과 사각형의 성질,alias_on_concept,preserve_alias_and_check_textbook_wording,high,2,Aliases are stored on the concept node; add an equivalent_to edge only when sources treat two separate concepts as interchangeable.
concept_alias,m1_data_event,사건,event,m1_data_event,사건,중2(교육과정 학년군: 중1-3) > 자료와 가능성 > 경우의 수와 확률,alias_on_concept,preserve_alias_and_check_textbook_wording,high,3,Aliases are stored on the concept node; add an equivalent_to edge only when sources treat two separate concepts as interchangeable.
concept_alias,m1_data_or_cases,사건 A 또는 사건 B가 일어나는 경우의 수,A 또는 B의 경우의 수,m1_data_or_cases,사건 A 또는 사건 B가 일어나는 경우의 수,중2(교육과정 학년군: 중1-3) > 자료와 가능성 > 경우의 수와 확률,alias_on_concept,preserve_alias_and_check_textbook_wording,high,5,Aliases are stored on the concept node; add an equivalent_to edge only when sources treat two separate concepts as interchangeable.
concept_alias,m1_data_or_probability,사건 A 또는 사건 B가 일어날 확률,A 또는 B의 확률,m1_data_or_probability,사건 A 또는 사건 B가 일어날 확률,중2(교육과정 학년군: 중1-3) > 자료와 가능성 > 경우의 수와 확률,alias_on_concept,preserve_alias_and_check_textbook_wording,high,3,Aliases are stored on the concept node; add an equivalent_to edge only when sources treat two separate concepts as interchangeable.
concept_alias,m1_data_and_cases,사건 A와 사건 B가 동시에 일어나는 경우의 수,A와 B가 동시에 일어나는 경우의 수,m1_data_and_cases,사건 A와 사건 B가 동시에 일어나는 경우의 수,중2(교육과정 학년군: 중1-3) > 자료와 가능성 > 경우의 수와 확률,alias_on_concept,preserve_alias_and_check_textbook_wording,high,5,Aliases are stored on the concept node; add an equivalent_to edge only when sources treat two separate concepts as interchangeable.
concept_alias,m1_data_and_probability,사건 A와 사건 B가 동시에 일어날 확률,A와 B가 동시에 일어날 확률,m1_data_and_probability,사건 A와 사건 B가 동시에 일어날 확률,중2(교육과정 학년군: 중1-3) > 자료와 가능성 > 경우의 수와 확률,alias_on_concept,preserve_alias_and_check_textbook_wording,high,3,Aliases are stored on the concept node; add an equivalent_to edge only when sources treat two separate concepts as interchangeable.
concept_alias,m1_data_event_cases_count,사건이 일어나는 경우의 수,주어진 사건이 일어나는 경우의 수; 유리한 경우의 수,m1_data_event_cases_count,사건이 일어나는 경우의 수,중2(교육과정 학년군: 중1-3) > 자료와 가능성 > 경우의 수와 확률,alias_on_concept,preserve_alias_and_check_textbook_wording,high,3,Aliases are stored on the concept node; add an equivalent_to edge only when sources treat two separate concepts as interchangeable.
concept_alias,m1_geo_trapezoid,사다리꼴,trapezoid,m1_geo_trapezoid,사다리꼴,중2(교육과정 학년군: 중1-3) > 도형과 측정 > 삼각형과 사각형의 성질,alias_on_concept,preserve_alias_and_check_textbook_wording,high,2,Aliases are stored on the concept node; add an equivalent_to edge only when sources treat two separate concepts as interchangeable.
concept_alias,m1_coord_quadrant,사분면,quadrant,m1_coord_quadrant,사분면,중1(교육과정 학년군: 중1-3) > 변화와 관계 > 좌표평면과 그래프,alias_on_concept,preserve_alias_and_check_textbook_wording,high,1,Aliases are stored on the concept node; add an equivalent_to edge only when sources treat two separate concepts as interchangeable.
concept_alias,m1_coord_quadrant_signs,사분면별 좌표 부호,사분면의 부호; 좌표의 부호; x좌표와 y좌표의 부호,m1_coord_quadrant_signs,사분면별 좌표 부호,중1(교육과정 학년군: 중1-3) > 변화와 관계 > 좌표평면과 그래프,alias_on_concept,preserve_alias_and_check_textbook_wording,high,2,Aliases are stored on the concept node; add an equivalent_to edge only when sources treat two separate concepts as interchangeable.
concept_alias,m1_data_interquartile_range,사분위범위,IQR; 제3사분위수와 제1사분위수의 차,m1_data_interquartile_range,사분위범위,중3(교육과정 학년군: 중1-3) > 자료와 가능성 > 상자그림과 산점도,alias_on_concept,preserve_alias_and_check_textbook_wording,high,2,Aliases are stored on the concept node; add an equivalent_to edge only when sources treat two separate concepts as interchangeable.
concept_alias,m1_data_quartile,사분위수,quartile,m1_data_quartile,사분위수,중3(교육과정 학년군: 중1-3) > 자료와 가능성 > 상자그림과 산점도,alias_on_concept,preserve_alias_and_check_textbook_wording,high,3,Aliases are stored on the concept node; add an equivalent_to edge only when sources treat two separate concepts as interchangeable.
concept_alias,m1_data_quartile_calculation,사분위수 구하기,사분위수 계산,m1_data_quartile_calculation,사분위수 구하기,중3(교육과정 학년군: 중1-3) > 자료와 가능성 > 상자그림과 산점도,alias_on_concept,preserve_alias_and_check_textbook_wording,high,3,Aliases are stored on the concept node; add an equivalent_to edge only when sources treat two separate concepts as interchangeable.
concept_alias,m1_data_ordered_data_for_quartiles,사분위수를 구하기 위한 자료 정렬,자료를 크기순으로 배열하기,m1_data_ordered_data_for_quartiles,사분위수를 구하기 위한 자료 정렬,중3(교육과정 학년군: 중1-3) > 자료와 가능성 > 상자그림과 산점도,alias_on_concept,preserve_alias_and_check_textbook_wording,high,2,Aliases are stored on the concept node; add an equivalent_to edge only when sources treat two separate concepts as interchangeable.
concept_alias,m1_geo_sine,사인,sin; sine,m1_geo_sine,사인,중3(교육과정 학년군: 중1-3) > 도형과 측정 > 삼각비,alias_on_concept,preserve_alias_and_check_textbook_wording,high,3,Aliases are stored on the concept node; add an equivalent_to edge only when sources treat two separate concepts as interchangeable.
concept_alias,m1_geo_sine_ratio_formula,사인의 비 표현,sin A = 대변/빗변; 사인 공식,m1_geo_sine_ratio_formula,사인의 비 표현,중3(교육과정 학년군: 중1-3) > 도형과 측정 > 삼각비,alias_on_concept,preserve_alias_and_check_textbook_wording,high,3,Aliases are stored on the concept node; add an equivalent_to edge only when sources treat two separate concepts as interchangeable.
concept_alias,m1_data_scatter_plot,산점도,scatter plot,m1_data_scatter_plot,산점도,중3(교육과정 학년군: 중1-3) > 자료와 가능성 > 상자그림과 산점도,alias_on_concept,preserve_alias_and_check_textbook_wording,high,3,Aliases are stored on the concept node; add an equivalent_to edge only when sources treat two separate concepts as interchangeable.
concept_alias,m1_data_scatter_plot_drawing,산점도로 나타내기,산점도 그리기,m1_data_scatter_plot_drawing,산점도로 나타내기,중3(교육과정 학년군: 중1-3) > 자료와 가능성 > 상자그림과 산점도,alias_on_concept,preserve_alias_and_check_textbook_wording,high,2,Aliases are stored on the concept node; add an equivalent_to edge only when sources treat two separate concepts as interchangeable.
concept_alias,m1_data_scatter_plot_interpretation,산점도로 상관관계 말하기,산점도 해석,m1_data_scatter_plot_interpretation,산점도로 상관관계 말하기,중3(교육과정 학년군: 중1-3) > 자료와 가능성 > 상자그림과 산점도,alias_on_concept,preserve_alias_and_check_textbook_wording,high,3,Aliases are stored on the concept node; add an equivalent_to edge only when sources treat two separate concepts as interchangeable.
concept_alias,m1_data_scatter_plot_trend,산점도의 경향,점들의 경향; 점들의 분포 경향,m1_data_scatter_plot_trend,산점도의 경향,중3(교육과정 학년군: 중1-3) > 자료와 가능성 > 상자그림과 산점도,alias_on_concept,preserve_alias_and_check_textbook_wording,high,2,Aliases are stored on the concept node; add an equivalent_to edge only when sources treat two separate concepts as interchangeable.
concept_alias,m1_mis_scatter_axis_swap,산점도의 두 변량을 축에 바꾸어 나타내는 오류,산점도 축 바꿈 오류,m1_mis_scatter_axis_swap,산점도의 두 변량을 축에 바꾸어 나타내는 오류,중3(교육과정 학년군: 중1-3) > 자료와 가능성 > 상자그림과 산점도,alias_on_concept,preserve_alias_and_check_textbook_wording,high,2,Aliases are stored on the concept node; add an equivalent_to edge only when sources treat two separate concepts as interchangeable.
concept_alias,m1_data_scatter_plot_axes_variables,산점도의 두 축과 변량,산점도 가로축과 세로축,m1_data_scatter_plot_axes_variables,산점도의 두 축과 변량,중3(교육과정 학년군: 중1-3) > 자료와 가능성 > 상자그림과 산점도,alias_on_concept,preserve_alias_and_check_textbook_wording,high,2,Aliases are stored on the concept node; add an equivalent_to edge only when sources treat two separate concepts as interchangeable.
concept_alias,m1_data_scatter_plot_point,산점도의 점,scatter plot point,m1_data_scatter_plot_point,산점도의 점,중3(교육과정 학년군: 중1-3) > 자료와 가능성 > 상자그림과 산점도,alias_on_concept,preserve_alias_and_check_textbook_wording,high,2,Aliases are stored on the concept node; add an equivalent_to edge only when sources treat two separate concepts as interchangeable.
concept_alias,m1_data_variability,산포도,degree of dispersion,m1_data_variability,산포도,중3(교육과정 학년군: 중1-3) > 자료와 가능성 > 산포도,alias_on_concept,preserve_alias_and_check_textbook_wording,high,3,Aliases are stored on the concept node; add an equivalent_to edge only when sources treat two separate concepts as interchangeable.
concept_alias,m1_data_variability_unit,산포도,자료의 흩어짐,m1_data_variability_unit,산포도,중3(교육과정 학년군: 중1-3) > 자료와 가능성 > 산포도,alias_on_concept,preserve_alias_and_check_textbook_wording,high,2,Aliases are stored on the concept node; add an equivalent_to edge only when sources treat two separate concepts as interchangeable.
concept_alias,m1_data_variability_magnitude_interpretation,산포도 값의 크기 해석,흩어진 정도 해석,m1_data_variability_magnitude_interpretation,산포도 값의 크기 해석,중3(교육과정 학년군: 중1-3) > 자료와 가능성 > 산포도,alias_on_concept,preserve_alias_and_check_textbook_wording,high,2,Aliases are stored on the concept node; add an equivalent_to edge only when sources treat two separate concepts as interchangeable.
concept_alias,m1_data_variability_calculation_table,산포도 계산 표,편차 계산 표; 분산 계산 표,m1_data_variability_calculation_table,산포도 계산 표,중3(교육과정 학년군: 중1-3) > 자료와 가능성 > 산포도,alias_on_concept,preserve_alias_and_check_textbook_wording,high,2,Aliases are stored on the concept node; add an equivalent_to edge only when sources treat two separate concepts as interchangeable.
concept_alias,m1_data_compare_distributions_variability,산포도로 두 집단의 분포 비교,흩어짐 비교,m1_data_compare_distributions_variability,산포도로 두 집단의 분포 비교,중3(교육과정 학년군: 중1-3) > 자료와 가능성 > 산포도,alias_on_concept,preserve_alias_and_check_textbook_wording,high,2,Aliases are stored on the concept node; add an equivalent_to edge only when sources treat two separate concepts as interchangeable.
concept_alias,m1_data_explain_distribution_with_variability,산포도로 자료의 분포 설명하기,분산과 표준편차로 분포 설명하기,m1_data_explain_distribution_with_variability,산포도로 자료의 분포 설명하기,중3(교육과정 학년군: 중1-3) > 자료와 가능성 > 산포도,alias_on_concept,preserve_alias_and_check_textbook_wording,high,2,Aliases are stored on the concept node; add an equivalent_to edge only when sources treat two separate concepts as interchangeable.
concept_alias,m1_geo_trig_unit,삼각비,"사인, 코사인, 탄젠트",m1_geo_trig_unit,삼각비,중3(교육과정 학년군: 중1-3) > 도형과 측정 > 삼각비,alias_on_concept,preserve_alias_and_check_textbook_wording,high,4,Aliases are stored on the concept node; add an equivalent_to edge only when sources treat two separate concepts as interchangeable.
concept_alias,m1_geo_trigonometric_ratio,삼각비,trigonometric ratio,m1_geo_trigonometric_ratio,삼각비,중3(교육과정 학년군: 중1-3) > 도형과 측정 > 삼각비,alias_on_concept,preserve_alias_and_check_textbook_wording,high,3,Aliases are stored on the concept node; add an equivalent_to edge only when sources treat two separate concepts as interchangeable.
concept_alias,m1_mis_trig_angle_scope,삼각비 각의 범위를 0도~90도 밖으로 확장하는 오류,삼각비 각 범위 혼동,m1_mis_trig_angle_scope,삼각비 각의 범위를 0도~90도 밖으로 확장하는 오류,중3(교육과정 학년군: 중1-3) > 도형과 측정 > 삼각비,alias_on_concept,preserve_alias_and_check_textbook_wording,high,1,Aliases are stored on the concept node; add an equivalent_to edge only when sources treat two separate concepts as interchangeable.
concept_alias,m1_geo_trig_angle_range_0_90,삼각비 값의 각도 범위,0도부터 90도까지의 삼각비; 삼각비 각도 범위,m1_geo_trig_angle_range_0_90,삼각비 값의 각도 범위,중3(교육과정 학년군: 중1-3) > 도형과 측정 > 삼각비,alias_on_concept,preserve_alias_and_check_textbook_wording,high,2,Aliases are stored on the concept node; add an equivalent_to edge only when sources treat two separate concepts as interchangeable.
concept_alias,m1_mis_trig_relation_scope,삼각비 사이의 관계를 교육과정 범위로 오해하는 오류,삼각비 관계 범위 혼동,m1_mis_trig_relation_scope,삼각비 사이의 관계를 교육과정 범위로 오해하는 오류,중3(교육과정 학년군: 중1-3) > 도형과 측정 > 삼각비,alias_on_concept,preserve_alias_and_check_textbook_wording,high,1,Aliases are stored on the concept node; add an equivalent_to edge only when sources treat two separate concepts as interchangeable.
concept_alias,m1_geo_trig_distance_height,삼각비로 거리와 높이 구하기,측정하기 어려운 거리와 높이,m1_geo_trig_distance_height,삼각비로 거리와 높이 구하기,중3(교육과정 학년군: 중1-3) > 도형과 측정 > 삼각비,alias_on_concept,preserve_alias_and_check_textbook_wording,high,2,Aliases are stored on the concept node; add an equivalent_to edge only when sources treat two separate concepts as interchangeable.
concept_alias,m1_geo_trig_triangle_area,삼각비를 이용한 삼각형의 넓이,삼각비와 삼각형 넓이,m1_geo_trig_triangle_area,삼각비를 이용한 삼각형의 넓이,중3(교육과정 학년군: 중1-3) > 도형과 측정 > 삼각비,alias_on_concept,preserve_alias_and_check_textbook_wording,high,1,Aliases are stored on the concept node; add an equivalent_to edge only when sources treat two separate concepts as interchangeable.
concept_alias,m1_geo_trig_hypotenuse,삼각비에서의 빗변,빗변; hypotenuse,m1_geo_trig_hypotenuse,삼각비에서의 빗변,중3(교육과정 학년군: 중1-3) > 도형과 측정 > 삼각비,alias_on_concept,preserve_alias_and_check_textbook_wording,high,2,Aliases are stored on the concept node; add an equivalent_to edge only when sources treat two separate concepts as interchangeable.
concept_alias,m1_geo_trig_value_table,삼각비의 값 표,특수각 삼각비 표; 삼각비 표,m1_geo_trig_value_table,삼각비의 값 표,중3(교육과정 학년군: 중1-3) > 도형과 측정 > 삼각비,alias_on_concept,preserve_alias_and_check_textbook_wording,high,2,Aliases are stored on the concept node; add an equivalent_to edge only when sources treat two separate concepts as interchangeable.
concept_alias,m1_geo_trig_reference_angle,삼각비의 기준각,기준각; reference angle,m1_geo_trig_reference_angle,삼각비의 기준각,중3(교육과정 학년군: 중1-3) > 도형과 측정 > 삼각비,alias_on_concept,preserve_alias_and_check_textbook_wording,high,2,Aliases are stored on the concept node; add an equivalent_to edge only when sources treat two separate concepts as interchangeable.
concept_alias,m1_geo_triangle,삼각형,triangle,m1_geo_triangle,삼각형,중학교(교육과정 학년군: 중1-3) > 도형과 측정 > 도형과 측정,alias_on_concept,preserve_alias_and_check_textbook_wording,high,9,Aliases are stored on the concept node; add an equivalent_to edge only when sources treat two separate concepts as interchangeable.
concept_alias,m1_geo_similarity_condition_selection,삼각형 닮음 조건 선택하기,닮음 조건 선택,m1_geo_similarity_condition_selection,삼각형 닮음 조건 선택하기,중2(교육과정 학년군: 중1-3) > 도형과 측정 > 도형의 닮음,alias_on_concept,preserve_alias_and_check_textbook_wording,high,2,Aliases are stored on the concept node; add an equivalent_to edge only when sources treat two separate concepts as interchangeable.
concept_alias,m1_geo_congruence_condition_selection,삼각형 합동 조건 선택하기,합동 조건 고르기,m1_geo_congruence_condition_selection,삼각형 합동 조건 선택하기,중1(교육과정 학년군: 중1-3) > 도형과 측정 > 작도와 합동,alias_on_concept,preserve_alias_and_check_textbook_wording,high,2,Aliases are stored on the concept node; add an equivalent_to edge only when sources treat two separate concepts as interchangeable.
concept_alias,m1_geo_triangle_quadrilateral_unit,삼각형과 사각형의 성질,"이등변삼각형, 외심, 내심, 사각형",m1_geo_triangle_quadrilateral_unit,삼각형과 사각형의 성질,중2(교육과정 학년군: 중1-3) > 도형과 측정 > 삼각형과 사각형의 성질,alias_on_concept,preserve_alias_and_check_textbook_wording,high,5,Aliases are stored on the concept node; add an equivalent_to edge only when sources treat two separate concepts as interchangeable.
concept_alias,m1_geo_triangle_parallel_segment_ratio,삼각형에서 한 변에 평행한 직선이 만드는 선분의 비,삼각형의 평행선 선분비,m1_geo_triangle_parallel_segment_ratio,삼각형에서 한 변에 평행한 직선이 만드는 선분의 비,중2(교육과정 학년군: 중1-3) > 도형과 측정 > 도형의 닮음,alias_on_concept,preserve_alias_and_check_textbook_wording,high,2,Aliases are stored on the concept node; add an equivalent_to edge only when sources treat two separate concepts as interchangeable.
concept_alias,m1_geo_triangle_similarity_conditions,삼각형의 닮음 조건,"AA, SAS similarity, SSS similarity",m1_geo_triangle_similarity_conditions,삼각형의 닮음 조건,중2(교육과정 학년군: 중1-3) > 도형과 측정 > 도형의 닮음,alias_on_concept,preserve_alias_and_check_textbook_wording,high,3,Aliases are stored on the concept node; add an equivalent_to edge only when sources treat two separate concepts as interchangeable.
concept_alias,m1_geo_similarity_judgement,삼각형의 닮음 판별,닮음 판단,m1_geo_similarity_judgement,삼각형의 닮음 판별,중2(교육과정 학년군: 중1-3) > 도형과 측정 > 도형의 닮음,alias_on_concept,preserve_alias_and_check_textbook_wording,high,2,Aliases are stored on the concept node; add an equivalent_to edge only when sources treat two separate concepts as interchangeable.
concept_alias,m1_geo_triangle_construction,삼각형의 작도,삼각형 작도,m1_geo_triangle_construction,삼각형의 작도,중1(교육과정 학년군: 중1-3) > 도형과 측정 > 작도와 합동,alias_on_concept,preserve_alias_and_check_textbook_wording,high,2,Aliases are stored on the concept node; add an equivalent_to edge only when sources treat two separate concepts as interchangeable.
concept_alias,m1_geo_triangle_midpoint_theorem,삼각형의 중점연결정리,중점연결정리,m1_geo_triangle_midpoint_theorem,삼각형의 중점연결정리,중2(교육과정 학년군: 중1-3) > 도형과 측정 > 도형의 닮음,alias_on_concept,preserve_alias_and_check_textbook_wording,high,2,Aliases are stored on the concept node; add an equivalent_to edge only when sources treat two separate concepts as interchangeable.
concept_alias,m1_geo_triangle_congruence_conditions,삼각형의 합동 조건,"SSS, SAS, ASA",m1_geo_triangle_congruence_conditions,삼각형의 합동 조건,중1(교육과정 학년군: 중1-3) > 도형과 측정 > 작도와 합동,alias_on_concept,preserve_alias_and_check_textbook_wording,high,3,Aliases are stored on the concept node; add an equivalent_to edge only when sources treat two separate concepts as interchangeable.
concept_alias,m1_geo_triangle_congruence_judgement,삼각형의 합동 판별,합동 판단,m1_geo_triangle_congruence_judgement,삼각형의 합동 판별,중1(교육과정 학년군: 중1-3) > 도형과 측정 > 작도와 합동,alias_on_concept,preserve_alias_and_check_textbook_wording,high,2,Aliases are stored on the concept node; add an equivalent_to edge only when sources treat two separate concepts as interchangeable.
concept_alias,m1_data_correlation,상관관계,correlation,m1_data_correlation,상관관계,중3(교육과정 학년군: 중1-3) > 자료와 가능성 > 상자그림과 산점도,alias_on_concept,preserve_alias_and_check_textbook_wording,high,3,Aliases are stored on the concept node; add an equivalent_to edge only when sources treat two separate concepts as interchangeable.
concept_alias,m1_data_no_correlation,상관관계가 없는 경우,no correlation,m1_data_no_correlation,상관관계가 없는 경우,중3(교육과정 학년군: 중1-3) > 자료와 가능성 > 상자그림과 산점도,alias_on_concept,preserve_alias_and_check_textbook_wording,high,2,Aliases are stored on the concept node; add an equivalent_to edge only when sources treat two separate concepts as interchangeable.
concept_alias,m1_mis_correlation_causation,상관관계를 원인과 결과로 단정하는 오류,상관-인과 혼동,m1_mis_correlation_causation,상관관계를 원인과 결과로 단정하는 오류,중3(교육과정 학년군: 중1-3) > 자료와 가능성 > 상자그림과 산점도,alias_on_concept,preserve_alias_and_check_textbook_wording,high,3,Aliases are stored on the concept node; add an equivalent_to edge only when sources treat two separate concepts as interchangeable.
concept_alias,m1_data_relative_frequency,상대도수,relative frequency,m1_data_relative_frequency,상대도수,중1(교육과정 학년군: 중1-3) > 자료와 가능성 > 도수분포표와 상대도수,alias_on_concept,preserve_alias_and_check_textbook_wording,high,5,Aliases are stored on the concept node; add an equivalent_to edge only when sources treat two separate concepts as interchangeable.
concept_alias,m1_data_relative_frequency_calculation,상대도수 구하기,상대도수 계산,m1_data_relative_frequency_calculation,상대도수 구하기,중1(교육과정 학년군: 중1-3) > 자료와 가능성 > 도수분포표와 상대도수,alias_on_concept,preserve_alias_and_check_textbook_wording,high,4,Aliases are stored on the concept node; add an equivalent_to edge only when sources treat two separate concepts as interchangeable.
concept_alias,m1_data_compare_groups_by_relative_frequency,상대도수로 두 집단의 분포 비교하기,상대도수로 두 집단 비교; 도수의 총합이 다른 두 집단 비교,m1_data_compare_groups_by_relative_frequency,상대도수로 두 집단의 분포 비교하기,중1(교육과정 학년군: 중1-3) > 자료와 가능성 > 도수분포표와 상대도수,alias_on_concept,preserve_alias_and_check_textbook_wording,high,4,Aliases are stored on the concept node; add an equivalent_to edge only when sources treat two separate concepts as interchangeable.
concept_alias,m1_data_experimental_probability,상대도수로서의 확률,실험적 확률,m1_data_experimental_probability,상대도수로서의 확률,중2(교육과정 학년군: 중1-3) > 자료와 가능성 > 경우의 수와 확률,alias_on_concept,preserve_alias_and_check_textbook_wording,high,1,Aliases are stored on the concept node; add an equivalent_to edge only when sources treat two separate concepts as interchangeable.
concept_alias,m1_data_relative_frequency_case_ratio_link,상대도수와 경우의 수의 비율 연결,실험적 확률과 이론적 확률 연결,m1_data_relative_frequency_case_ratio_link,상대도수와 경우의 수의 비율 연결,중2(교육과정 학년군: 중1-3) > 자료와 가능성 > 경우의 수와 확률,alias_on_concept,preserve_alias_and_check_textbook_wording,high,1,Aliases are stored on the concept node; add an equivalent_to edge only when sources treat two separate concepts as interchangeable.
concept_alias,m1_data_relative_frequency_distribution,상대도수의 분포,relative frequency distribution,m1_data_relative_frequency_distribution,상대도수의 분포,중1(교육과정 학년군: 중1-3) > 자료와 가능성 > 도수분포표와 상대도수,alias_on_concept,preserve_alias_and_check_textbook_wording,high,4,Aliases are stored on the concept node; add an equivalent_to edge only when sources treat two separate concepts as interchangeable.
concept_alias,m1_data_relative_frequency_table_graph,상대도수의 분포를 표나 그래프로 나타내기,상대도수 표와 그래프,m1_data_relative_frequency_table_graph,상대도수의 분포를 표나 그래프로 나타내기,중1(교육과정 학년군: 중1-3) > 자료와 가능성 > 도수분포표와 상대도수,alias_on_concept,preserve_alias_and_check_textbook_wording,high,4,Aliases are stored on the concept node; add an equivalent_to edge only when sources treat two separate concepts as interchangeable.
concept_alias,m1_data_relative_frequency_sum,상대도수의 합,상대도수의 합은 1,m1_data_relative_frequency_sum,상대도수의 합,중1(교육과정 학년군: 중1-3) > 자료와 가능성 > 도수분포표와 상대도수,alias_on_concept,preserve_alias_and_check_textbook_wording,high,2,Aliases are stored on the concept node; add an equivalent_to edge only when sources treat two separate concepts as interchangeable.
concept_alias,m1_expr_constant_term,상수항,constant term,m1_expr_constant_term,상수항,중1(교육과정 학년군: 중1-3) > 변화와 관계 > 문자의 사용과 식,alias_on_concept,preserve_alias_and_check_textbook_wording,high,1,Aliases are stored on the concept node; add an equivalent_to edge only when sources treat two separate concepts as interchangeable.
concept_alias,m1_eq_collect_constant_terms,상수항 모으기,수만 있는 항 모으기,m1_eq_collect_constant_terms,상수항 모으기,중1(교육과정 학년군: 중1-3) > 변화와 관계 > 일차방정식,alias_on_concept,preserve_alias_and_check_textbook_wording,high,4,Aliases are stored on the concept node; add an equivalent_to edge only when sources treat two separate concepts as interchangeable.
concept_alias,m1_data_box_plot,상자그림,box plot; box-and-whisker plot,m1_data_box_plot,상자그림,중3(교육과정 학년군: 중1-3) > 자료와 가능성 > 상자그림과 산점도,alias_on_concept,preserve_alias_and_check_textbook_wording,high,4,Aliases are stored on the concept node; add an equivalent_to edge only when sources treat two separate concepts as interchangeable.
concept_alias,m1_mis_box_plot_length_frequency,상자그림 구간의 길이를 자료 수로 해석하는 오류,상자그림 길이-도수 혼동,m1_mis_box_plot_length_frequency,상자그림 구간의 길이를 자료 수로 해석하는 오류,중3(교육과정 학년군: 중1-3) > 자료와 가능성 > 상자그림과 산점도,alias_on_concept,preserve_alias_and_check_textbook_wording,high,3,Aliases are stored on the concept node; add an equivalent_to edge only when sources treat two separate concepts as interchangeable.
concept_alias,m1_data_box_scatter_unit,상자그림과 산점도,"상자그림, 산점도",m1_data_box_scatter_unit,상자그림과 산점도,중3(교육과정 학년군: 중1-3) > 자료와 가능성 > 상자그림과 산점도,alias_on_concept,preserve_alias_and_check_textbook_wording,high,4,Aliases are stored on the concept node; add an equivalent_to edge only when sources treat two separate concepts as interchangeable.
concept_alias,m1_data_box_plot_center_spread_reading,상자그림에서 중심과 퍼짐 읽기,상자그림 중심과 산포 해석,m1_data_box_plot_center_spread_reading,상자그림에서 중심과 퍼짐 읽기,중3(교육과정 학년군: 중1-3) > 자료와 가능성 > 상자그림과 산점도,alias_on_concept,preserve_alias_and_check_textbook_wording,high,3,Aliases are stored on the concept node; add an equivalent_to edge only when sources treat two separate concepts as interchangeable.
concept_alias,m1_data_box_plot_compare,상자그림으로 두 집단의 분포 비교,상자그림 분포 비교,m1_data_box_plot_compare,상자그림으로 두 집단의 분포 비교,중3(교육과정 학년군: 중1-3) > 자료와 가능성 > 상자그림과 산점도,alias_on_concept,preserve_alias_and_check_textbook_wording,high,3,Aliases are stored on the concept node; add an equivalent_to edge only when sources treat two separate concepts as interchangeable.
concept_alias,m1_data_box_plot_five_value_summary,상자그림의 다섯 값,최솟값-제1사분위수-중앙값-제3사분위수-최댓값,m1_data_box_plot_five_value_summary,상자그림의 다섯 값,중3(교육과정 학년군: 중1-3) > 자료와 가능성 > 상자그림과 산점도,alias_on_concept,preserve_alias_and_check_textbook_wording,high,2,Aliases are stored on the concept node; add an equivalent_to edge only when sources treat two separate concepts as interchangeable.
concept_alias,m1_data_box_plot_box,상자그림의 상자,box in box plot,m1_data_box_plot_box,상자그림의 상자,중3(교육과정 학년군: 중1-3) > 자료와 가능성 > 상자그림과 산점도,alias_on_concept,preserve_alias_and_check_textbook_wording,high,2,Aliases are stored on the concept node; add an equivalent_to edge only when sources treat two separate concepts as interchangeable.
concept_alias,m1_data_box_plot_whisker,상자그림의 수염,whisker in box plot,m1_data_box_plot_whisker,상자그림의 수염,중3(교육과정 학년군: 중1-3) > 자료와 가능성 > 상자그림과 산점도,alias_on_concept,preserve_alias_and_check_textbook_wording,high,2,Aliases are stored on the concept node; add an equivalent_to edge only when sources treat two separate concepts as interchangeable.
concept_alias,m1_expr_quantity_relationship,상황 속 수량 관계,수량 관계; 상황의 수량 관계,m1_expr_quantity_relationship,상황 속 수량 관계,중1(교육과정 학년군: 중1-3) > 변화와 관계 > 문자의 사용과 식,alias_on_concept,preserve_alias_and_check_textbook_wording,high,3,Aliases are stored on the concept node; add an equivalent_to edge only when sources treat two separate concepts as interchangeable.
concept_alias,m1_graph_situation_graphing,상황을 그래프로 나타내기,그래프로 나타내기; 그래프 그리기,m1_graph_situation_graphing,상황을 그래프로 나타내기,중1(교육과정 학년군: 중1-3) > 변화와 관계 > 좌표평면과 그래프,alias_on_concept,preserve_alias_and_check_textbook_wording,high,2,Aliases are stored on the concept node; add an equivalent_to edge only when sources treat two separate concepts as interchangeable.
concept_alias,m1_expr_situation_to_literal_expression,상황을 문자를 사용한 식으로 나타내기,상황을 문자식으로 나타내기; 문자식 세우기,m1_expr_situation_to_literal_expression,상황을 문자를 사용한 식으로 나타내기,중1(교육과정 학년군: 중1-3) > 변화와 관계 > 문자의 사용과 식,alias_on_concept,preserve_alias_and_check_textbook_wording,high,3,Aliases are stored on the concept node; add an equivalent_to edge only when sources treat two separate concepts as interchangeable.
concept_alias,m1_quad_func_situation_to_formula,상황을 이차함수 식으로 나타내기,상황을 식으로 나타내기; 이차함수 식 세우기,m1_quad_func_situation_to_formula,상황을 이차함수 식으로 나타내기,중3(교육과정 학년군: 중1-3) > 변화와 관계 > 이차함수와 그 그래프,alias_on_concept,preserve_alias_and_check_textbook_wording,high,3,Aliases are stored on the concept node; add an equivalent_to edge only when sources treat two separate concepts as interchangeable.
concept_alias,m1_num_coprime,서로소,coprime; relatively prime,m1_num_coprime,서로소,중1(교육과정 학년군: 중1-3) > 수와 연산 > 소인수분해,alias_on_concept,preserve_alias_and_check_textbook_wording,high,2,Aliases are stored on the concept node; add an equivalent_to edge only when sources treat two separate concepts as interchangeable.
concept_alias,m1_geo_line_segment,선분,line segment,m1_geo_line_segment,선분,중1(교육과정 학년군: 중1-3) > 도형과 측정 > 기본 도형,alias_on_concept,preserve_alias_and_check_textbook_wording,high,2,Aliases are stored on the concept node; add an equivalent_to edge only when sources treat two separate concepts as interchangeable.
concept_alias,m1_geo_pythagorean_square_area_relation,세 변 위 정사각형 넓이 관계,정사각형 넓이 관계; area relation of squares on sides,m1_geo_pythagorean_square_area_relation,세 변 위 정사각형 넓이 관계,중2(교육과정 학년군: 중1-3) > 도형과 측정 > 피타고라스 정리,alias_on_concept,preserve_alias_and_check_textbook_wording,high,3,Aliases are stored on the concept node; add an equivalent_to edge only when sources treat two separate concepts as interchangeable.
concept_alias,m1_geo_right_triangle_judgement,세 변의 길이로 직각삼각형 판별,직각삼각형 판별,m1_geo_right_triangle_judgement,세 변의 길이로 직각삼각형 판별,중2(교육과정 학년군: 중1-3) > 도형과 측정 > 피타고라스 정리,alias_on_concept,preserve_alias_and_check_textbook_wording,high,2,Aliases are stored on the concept node; add an equivalent_to edge only when sources treat two separate concepts as interchangeable.
concept_alias,m1_geo_triangle_construction_sss,세 변이 주어진 삼각형 작도,SSS 삼각형 작도,m1_geo_triangle_construction_sss,세 변이 주어진 삼각형 작도,중1(교육과정 학년군: 중1-3) > 도형과 측정 > 작도와 합동,alias_on_concept,preserve_alias_and_check_textbook_wording,high,2,Aliases are stored on the concept node; add an equivalent_to edge only when sources treat two separate concepts as interchangeable.
concept_alias,m1_geo_pythagorean_triple_check,세 수가 피타고라스 관계를 만족하는지 확인하기,피타고라스 관계 확인; Pythagorean relation check,m1_geo_pythagorean_triple_check,세 수가 피타고라스 관계를 만족하는지 확인하기,중2(교육과정 학년군: 중1-3) > 도형과 측정 > 피타고라스 정리,alias_on_concept,preserve_alias_and_check_textbook_wording,high,2,Aliases are stored on the concept node; add an equivalent_to edge only when sources treat two separate concepts as interchangeable.
concept_alias,m1_geo_triangle_congruence_sss_condition,세 쌍의 대응변의 길이가 각각 같은 삼각형 합동 조건,SSS 합동 조건,m1_geo_triangle_congruence_sss_condition,세 쌍의 대응변의 길이가 각각 같은 삼각형 합동 조건,중1(교육과정 학년군: 중1-3) > 도형과 측정 > 작도와 합동,alias_on_concept,preserve_alias_and_check_textbook_wording,high,2,Aliases are stored on the concept node; add an equivalent_to edge only when sources treat two separate concepts as interchangeable.
concept_alias,m1_geo_triangle_similarity_sss_condition,세 쌍의 대응변의 길이의 비가 같은 삼각형 닮음 조건,SSS 닮음 조건; SSS similarity condition,m1_geo_triangle_similarity_sss_condition,세 쌍의 대응변의 길이의 비가 같은 삼각형 닮음 조건,중2(교육과정 학년군: 중1-3) > 도형과 측정 > 도형의 닮음,alias_on_concept,preserve_alias_and_check_textbook_wording,high,3,Aliases are stored on the concept node; add an equivalent_to edge only when sources treat two separate concepts as interchangeable.
concept_alias,m1_geo_centroid_median_concurrency,세 중선은 한 점에서 만남,중선의 한 점 교차,m1_geo_centroid_median_concurrency,세 중선은 한 점에서 만남,중2(교육과정 학년군: 중1-3) > 도형과 측정 > 도형의 닮음,alias_on_concept,preserve_alias_and_check_textbook_wording,high,3,Aliases are stored on the concept node; add an equivalent_to edge only when sources treat two separate concepts as interchangeable.
concept_alias,m1_system_elimination,소거,elimination,m1_system_elimination,소거,중1(교육과정 학년군: 중1-3) > 변화와 관계 > 연립일차방정식,alias_on_concept,preserve_alias_and_check_textbook_wording,high,2,Aliases are stored on the concept node; add an equivalent_to edge only when sources treat two separate concepts as interchangeable.
concept_alias,m1_system_elimination_coefficient_matching,소거할 미지수의 계수 맞추기,소거 계수 맞추기; 계수 통일,m1_system_elimination_coefficient_matching,소거할 미지수의 계수 맞추기,중1(교육과정 학년군: 중1-3) > 변화와 관계 > 연립일차방정식,alias_on_concept,preserve_alias_and_check_textbook_wording,high,2,Aliases are stored on the concept node; add an equivalent_to edge only when sources treat two separate concepts as interchangeable.
concept_alias,m1_num_prime_number,소수,prime number; 소수(素數),m1_num_prime_number,소수,중1(교육과정 학년군: 중1-3) > 수와 연산 > 소인수분해,alias_on_concept,preserve_alias_and_check_textbook_wording,high,3,Aliases are stored on the concept node; add an equivalent_to edge only when sources treat two separate concepts as interchangeable.
concept_alias,m1_num_prime_composite_classification,소수와 합성수 판별하기,소수 판별; 합성수 판별,m1_num_prime_composite_classification,소수와 합성수 판별하기,중1(교육과정 학년군: 중1-3) > 수와 연산 > 소인수분해,alias_on_concept,preserve_alias_and_check_textbook_wording,high,3,Aliases are stored on the concept node; add an equivalent_to edge only when sources treat two separate concepts as interchangeable.
concept_alias,m1_num_prime_factor,소인수,prime factor,m1_num_prime_factor,소인수,중1(교육과정 학년군: 중1-3) > 수와 연산 > 소인수분해,alias_on_concept,preserve_alias_and_check_textbook_wording,high,3,Aliases are stored on the concept node; add an equivalent_to edge only when sources treat two separate concepts as interchangeable.
concept_alias,m1_num_prime_factor_unit,소인수분해,prime factorization unit,m1_num_prime_factor_unit,소인수분해,중1(교육과정 학년군: 중1-3) > 수와 연산 > 소인수분해,alias_on_concept,preserve_alias_and_check_textbook_wording,high,5,Aliases are stored on the concept node; add an equivalent_to edge only when sources treat two separate concepts as interchangeable.
concept_alias,m1_num_prime_factorization,소인수분해,prime factorization,m1_num_prime_factorization,소인수분해,중1(교육과정 학년군: 중1-3) > 수와 연산 > 소인수분해,alias_on_concept,preserve_alias_and_check_textbook_wording,high,3,Aliases are stored on the concept node; add an equivalent_to edge only when sources treat two separate concepts as interchangeable.
concept_alias,m1_num_prime_factorization_exponent_notation,소인수분해 결과를 거듭제곱으로 정리하기,소인수분해 결과의 지수 표현,m1_num_prime_factorization_exponent_notation,소인수분해 결과를 거듭제곱으로 정리하기,중1(교육과정 학년군: 중1-3) > 수와 연산 > 소인수분해,alias_on_concept,preserve_alias_and_check_textbook_wording,high,3,Aliases are stored on the concept node; add an equivalent_to edge only when sources treat two separate concepts as interchangeable.
concept_alias,m1_num_coprime_judgement_prime_factorization,소인수분해로 서로소 판별하기,소인수분해를 이용한 서로소 판별,m1_num_coprime_judgement_prime_factorization,소인수분해로 서로소 판별하기,중1(교육과정 학년군: 중1-3) > 수와 연산 > 소인수분해,alias_on_concept,preserve_alias_and_check_textbook_wording,high,4,Aliases are stored on the concept node; add an equivalent_to edge only when sources treat two separate concepts as interchangeable.
concept_alias,m1_num_find_gcd_lcm_prime_factorization,소인수분해로 최대공약수와 최소공배수 구하기,소인수분해를 이용한 최대공약수·최소공배수,m1_num_find_gcd_lcm_prime_factorization,소인수분해로 최대공약수와 최소공배수 구하기,중1(교육과정 학년군: 중1-3) > 수와 연산 > 소인수분해,alias_on_concept,preserve_alias_and_check_textbook_wording,high,3,Aliases are stored on the concept node; add an equivalent_to edge only when sources treat two separate concepts as interchangeable.
concept_alias,m1_num_prime_factorization_meaning_explanation,소인수분해의 뜻 설명하기,소인수분해 의미 설명,m1_num_prime_factorization_meaning_explanation,소인수분해의 뜻 설명하기,중1(교육과정 학년군: 중1-3) > 수와 연산 > 소인수분해,alias_on_concept,preserve_alias_and_check_textbook_wording,high,3,Aliases are stored on the concept node; add an equivalent_to edge only when sources treat two separate concepts as interchangeable.
concept_alias,m1_num_prime_factorization_uniqueness,소인수분해의 유일성,소인수분해 결과의 유일성,m1_num_prime_factorization_uniqueness,소인수분해의 유일성,중1(교육과정 학년군: 중1-3) > 수와 연산 > 소인수분해,alias_on_concept,preserve_alias_and_check_textbook_wording,high,2,Aliases are stored on the concept node; add an equivalent_to edge only when sources treat two separate concepts as interchangeable.
concept_alias,m1_num_prime_factor_product,소인수의 곱으로 표현하기,자연수를 소인수의 곱으로 나타내기,m1_num_prime_factor_product,소인수의 곱으로 표현하기,중1(교육과정 학년군: 중1-3) > 수와 연산 > 소인수분해,alias_on_concept,preserve_alias_and_check_textbook_wording,high,2,Aliases are stored on the concept node; add an equivalent_to edge only when sources treat two separate concepts as interchangeable.
concept_alias,m1_context_speed_distance,속력과 거리 맥락,속력-거리,m1_context_speed_distance,속력과 거리 맥락,중1(교육과정 학년군: 중1-3) > 변화와 관계 > 좌표평면과 그래프,alias_on_concept,preserve_alias_and_check_textbook_wording,high,2,Aliases are stored on the concept node; add an equivalent_to edge only when sources treat two separate concepts as interchangeable.
concept_alias,m1_context_speed_time,속력과 시간 맥락,속력-시간,m1_context_speed_time,속력과 시간 맥락,중1(교육과정 학년군: 중1-3) > 변화와 관계 > 좌표평면과 그래프,alias_on_concept,preserve_alias_and_check_textbook_wording,high,2,Aliases are stored on the concept node; add an equivalent_to edge only when sources treat two separate concepts as interchangeable.
concept_alias,m1_geo_foot_of_perpendicular,수선의 발,foot of perpendicular,m1_geo_foot_of_perpendicular,수선의 발,중1(교육과정 학년군: 중1-3) > 도형과 측정 > 기본 도형,alias_on_concept,preserve_alias_and_check_textbook_wording,high,3,Aliases are stored on the concept node; add an equivalent_to edge only when sources treat two separate concepts as interchangeable.
concept_alias,m1_num_domain,수와 연산,중학교 수와 연산,m1_num_domain,수와 연산,중학교(교육과정 학년군: 중1-3) > 수와 연산 > 수와 연산,alias_on_concept,preserve_alias_and_check_textbook_wording,high,10,Aliases are stored on the concept node; add an equivalent_to edge only when sources treat two separate concepts as interchangeable.
concept_alias,m1_calc_arithmetic_to_polynomial_extension,수의 사칙연산에서 다항식 계산으로의 확장,수 계산의 다항식 확장; 연산의 확장,m1_calc_arithmetic_to_polynomial_extension,수의 사칙연산에서 다항식 계산으로의 확장,중1(교육과정 학년군: 중1-3) > 변화와 관계 > 식의 계산,alias_on_concept,preserve_alias_and_check_textbook_wording,high,1,Aliases are stored on the concept node; add an equivalent_to edge only when sources treat two separate concepts as interchangeable.
concept_alias,m1_coord_number_line,수직선,number line,m1_coord_number_line,수직선,중1(교육과정 학년군: 중1-3) > 변화와 관계 > 좌표평면과 그래프,alias_on_concept,preserve_alias_and_check_textbook_wording,high,2,Aliases are stored on the concept node; add an equivalent_to edge only when sources treat two separate concepts as interchangeable.
concept_alias,m1_num_number_line,수직선,number line,m1_num_number_line,수직선,중1(교육과정 학년군: 중1-3) > 수와 연산 > 정수와 유리수,alias_on_concept,preserve_alias_and_check_textbook_wording,high,4,Aliases are stored on the concept node; add an equivalent_to edge only when sources treat two separate concepts as interchangeable.
concept_alias,m1_num_number_line_position_order,수직선에서 오른쪽에 있는 수가 더 큼,수직선 위 대소 판단; 오른쪽에 있는 수가 큼,m1_num_number_line_position_order,수직선에서 오른쪽에 있는 수가 더 큼,중1(교육과정 학년군: 중1-3) > 수와 연산 > 정수와 유리수,alias_on_concept,preserve_alias_and_check_textbook_wording,high,3,Aliases are stored on the concept node; add an equivalent_to edge only when sources treat two separate concepts as interchangeable.
concept_alias,m1_geo_perpendicular_bisector,수직이등분선,perpendicular bisector,m1_geo_perpendicular_bisector,수직이등분선,중1(교육과정 학년군: 중1-3) > 도형과 측정 > 기본 도형,alias_on_concept,preserve_alias_and_check_textbook_wording,high,3,Aliases are stored on the concept node; add an equivalent_to edge only when sources treat two separate concepts as interchangeable.
concept_alias,m1_coord_ordered_pair,순서쌍,"ordered pair; (x, y)",m1_coord_ordered_pair,순서쌍,중1(교육과정 학년군: 중1-3) > 변화와 관계 > 좌표평면과 그래프,alias_on_concept,preserve_alias_and_check_textbook_wording,high,3,Aliases are stored on the concept node; add an equivalent_to edge only when sources treat two separate concepts as interchangeable.
concept_alias,m1_mis_order_swap,순서쌍의 순서 혼동,"x좌표와 y좌표 바꾸기; (x, y) 순서 오류",m1_mis_order_swap,순서쌍의 순서 혼동,중1(교육과정 학년군: 중1-3) > 변화와 관계 > 좌표평면과 그래프,alias_on_concept,preserve_alias_and_check_textbook_wording,high,2,Aliases are stored on the concept node; add an equivalent_to edge only when sources treat two separate concepts as interchangeable.
concept_alias,m1_num_repetend,순환마디,repetend; repeating block,m1_num_repetend,순환마디,중2(교육과정 학년군: 중1-3) > 수와 연산 > 유리수와 순환소수,alias_on_concept,preserve_alias_and_check_textbook_wording,high,3,Aliases are stored on the concept node; add an equivalent_to edge only when sources treat two separate concepts as interchangeable.
concept_alias,m1_num_repeating_decimal_dot_notation,순환마디 위 점 표기,dot notation over repetend,m1_num_repeating_decimal_dot_notation,순환마디 위 점 표기,중2(교육과정 학년군: 중1-3) > 수와 연산 > 유리수와 순환소수,alias_on_concept,preserve_alias_and_check_textbook_wording,high,3,Aliases are stored on the concept node; add an equivalent_to edge only when sources treat two separate concepts as interchangeable.
concept_alias,m1_mis_repeating_decimal_shift_digits,순환마디 자리수를 맞추지 않고 식을 빼는 오류,순환소수 분수 변환 자리수 오류,m1_mis_repeating_decimal_shift_digits,순환마디 자리수를 맞추지 않고 식을 빼는 오류,중2(교육과정 학년군: 중1-3) > 수와 연산 > 유리수와 순환소수,alias_on_concept,preserve_alias_and_check_textbook_wording,high,2,Aliases are stored on the concept node; add an equivalent_to edge only when sources treat two separate concepts as interchangeable.
concept_alias,m1_mis_repetend_dot_notation_scope,순환마디 점 표시 범위를 잘못 잡는 오류,순환마디 점 표시 오류,m1_mis_repetend_dot_notation_scope,순환마디 점 표시 범위를 잘못 잡는 오류,중2(교육과정 학년군: 중1-3) > 수와 연산 > 유리수와 순환소수,alias_on_concept,preserve_alias_and_check_textbook_wording,high,2,Aliases are stored on the concept node; add an equivalent_to edge only when sources treat two separate concepts as interchangeable.
concept_alias,m1_num_repetend_identification,순환마디 찾기,identify repetend,m1_num_repetend_identification,순환마디 찾기,중2(교육과정 학년군: 중1-3) > 수와 연산 > 유리수와 순환소수,alias_on_concept,preserve_alias_and_check_textbook_wording,high,3,Aliases are stored on the concept node; add an equivalent_to edge only when sources treat two separate concepts as interchangeable.
concept_alias,m1_num_repeating_decimal,순환소수,repeating decimal,m1_num_repeating_decimal,순환소수,중2(교육과정 학년군: 중1-3) > 수와 연산 > 유리수와 순환소수,alias_on_concept,preserve_alias_and_check_textbook_wording,high,3,Aliases are stored on the concept node; add an equivalent_to edge only when sources treat two separate concepts as interchangeable.
concept_alias,m1_num_repeating_decimal_notation,순환소수 표현,순환마디 위 점 표기; dot notation for repeating decimal,m1_num_repeating_decimal_notation,순환소수 표현,중2(교육과정 학년군: 중1-3) > 수와 연산 > 유리수와 순환소수,alias_on_concept,preserve_alias_and_check_textbook_wording,high,3,Aliases are stored on the concept node; add an equivalent_to edge only when sources treat two separate concepts as interchangeable.
concept_alias,m1_num_repeating_decimal_denominator_condition,순환소수가 되는 분모 조건,repeating decimal denominator condition,m1_num_repeating_decimal_denominator_condition,순환소수가 되는 분모 조건,중2(교육과정 학년군: 중1-3) > 수와 연산 > 유리수와 순환소수,alias_on_concept,preserve_alias_and_check_textbook_wording,high,4,Aliases are stored on the concept node; add an equivalent_to edge only when sources treat two separate concepts as interchangeable.
concept_alias,m1_num_repeating_decimal_to_fraction,순환소수를 분수로 나타내기,순환소수의 분수 변환,m1_num_repeating_decimal_to_fraction,순환소수를 분수로 나타내기,중2(교육과정 학년군: 중1-3) > 수와 연산 > 유리수와 순환소수,alias_on_concept,preserve_alias_and_check_textbook_wording,high,2,Aliases are stored on the concept node; add an equivalent_to edge only when sources treat two separate concepts as interchangeable.
concept_alias,m1_repr_expression,식,수식; 관계식; 문자식,m1_repr_expression,식,중1(교육과정 학년군: 중1-3) > 변화와 관계 > 좌표평면과 그래프,alias_on_concept,preserve_alias_and_check_textbook_wording,high,5,Aliases are stored on the concept node; add an equivalent_to edge only when sources treat two separate concepts as interchangeable.
concept_alias,m1_mis_expression_equation,식과 방정식 혼동,등식과 식 혼동; 방정식 의미 혼동,m1_mis_expression_equation,식과 방정식 혼동,중1(교육과정 학년군: 중1-3) > 변화와 관계 > 일차방정식,alias_on_concept,preserve_alias_and_check_textbook_wording,high,2,Aliases are stored on the concept node; add an equivalent_to edge only when sources treat two separate concepts as interchangeable.
concept_alias,m1_calc_simplify_expression,식을 간단히 하기,식 간단히 하기; 문자식 정리,m1_calc_simplify_expression,식을 간단히 하기,중1(교육과정 학년군: 중1-3) > 변화와 관계 > 식의 계산,alias_on_concept,preserve_alias_and_check_textbook_wording,high,2,Aliases are stored on the concept node; add an equivalent_to edge only when sources treat two separate concepts as interchangeable.
concept_alias,m1_num_repeating_decimal_equation_conversion,식을 세워 순환소수를 분수로 나타내기,순환소수 분수 변환식,m1_num_repeating_decimal_equation_conversion,식을 세워 순환소수를 분수로 나타내기,중2(교육과정 학년군: 중1-3) > 수와 연산 > 유리수와 순환소수,alias_on_concept,preserve_alias_and_check_textbook_wording,high,2,Aliases are stored on the concept node; add an equivalent_to edge only when sources treat two separate concepts as interchangeable.
concept_alias,m1_expr_value,식의 값,값; expression value,m1_expr_value,식의 값,중1(교육과정 학년군: 중1-3) > 변화와 관계 > 문자의 사용과 식,alias_on_concept,preserve_alias_and_check_textbook_wording,high,4,Aliases are stored on the concept node; add an equivalent_to edge only when sources treat two separate concepts as interchangeable.
concept_alias,m1_expr_evaluate_expression_value,식의 값 구하기,식의 값 계산하기,m1_expr_evaluate_expression_value,식의 값 구하기,중1(교육과정 학년군: 중1-3) > 변화와 관계 > 문자의 사용과 식,alias_on_concept,preserve_alias_and_check_textbook_wording,high,4,Aliases are stored on the concept node; add an equivalent_to edge only when sources treat two separate concepts as interchangeable.
concept_alias,m1_calc_unit,식의 계산,다항식의 계산; 문자식의 계산,m1_calc_unit,식의 계산,중1(교육과정 학년군: 중1-3) > 변화와 관계 > 식의 계산,alias_on_concept,preserve_alias_and_check_textbook_wording,high,3,Aliases are stored on the concept node; add an equivalent_to edge only when sources treat two separate concepts as interchangeable.
concept_alias,m1_num_real_number,실수,real number,m1_num_real_number,실수,중3(교육과정 학년군: 중1-3) > 수와 연산 > 제곱근과 실수,alias_on_concept,preserve_alias_and_check_textbook_wording,high,6,Aliases are stored on the concept node; add an equivalent_to edge only when sources treat two separate concepts as interchangeable.
concept_alias,m1_num_real_order,실수의 대소 관계,real number comparison,m1_num_real_order,실수의 대소 관계,중3(교육과정 학년군: 중1-3) > 수와 연산 > 제곱근과 실수,alias_on_concept,preserve_alias_and_check_textbook_wording,high,3,Aliases are stored on the concept node; add an equivalent_to edge only when sources treat two separate concepts as interchangeable.
concept_alias,m1_num_real_number_system,실수의 수 체계,real number system; 실수 체계,m1_num_real_number_system,실수의 수 체계,중3(교육과정 학년군: 중1-3) > 수와 연산 > 제곱근과 실수,alias_on_concept,preserve_alias_and_check_textbook_wording,high,3,Aliases are stored on the concept node; add an equivalent_to edge only when sources treat two separate concepts as interchangeable.
concept_alias,m1_num_prime_factorization_guided_procedure,안내된 절차에 따라 소인수분해하기,절차에 따른 소인수분해,m1_num_prime_factorization_guided_procedure,안내된 절차에 따라 소인수분해하기,중1(교육과정 학년군: 중1-3) > 수와 연산 > 소인수분해,alias_on_concept,preserve_alias_and_check_textbook_wording,high,2,Aliases are stored on the concept node; add an equivalent_to edge only when sources treat two separate concepts as interchangeable.
concept_alias,m1_num_divisor,약수,divisor; 나누어떨어지게 하는 수,m1_num_divisor,약수,중1(교육과정 학년군: 중1-3) > 수와 연산 > 소인수분해,alias_on_concept,preserve_alias_and_check_textbook_wording,high,3,Aliases are stored on the concept node; add an equivalent_to edge only when sources treat two separate concepts as interchangeable.
concept_alias,m1_eq_both_sides,양변,both sides,m1_eq_both_sides,양변,중1(교육과정 학년군: 중1-3) > 변화와 관계 > 일차방정식,alias_on_concept,preserve_alias_and_check_textbook_wording,high,1,Aliases are stored on the concept node; add an equivalent_to edge only when sources treat two separate concepts as interchangeable.
concept_alias,m1_eq_equal_multiply_divide_property,양변에 같은 수를 곱하거나 나누기,등식의 곱셈 성질; 등식의 나눗셈 성질,m1_eq_equal_multiply_divide_property,양변에 같은 수를 곱하거나 나누기,중1(교육과정 학년군: 중1-3) > 변화와 관계 > 일차방정식,alias_on_concept,preserve_alias_and_check_textbook_wording,high,2,Aliases are stored on the concept node; add an equivalent_to edge only when sources treat two separate concepts as interchangeable.
concept_alias,m1_eq_equal_add_subtract_property,양변에 같은 수를 더하거나 빼기,등식의 덧셈 성질; 등식의 뺄셈 성질,m1_eq_equal_add_subtract_property,양변에 같은 수를 더하거나 빼기,중1(교육과정 학년군: 중1-3) > 변화와 관계 > 일차방정식,alias_on_concept,preserve_alias_and_check_textbook_wording,high,2,Aliases are stored on the concept node; add an equivalent_to edge only when sources treat two separate concepts as interchangeable.
concept_alias,m1_num_positive_number,양수,positive number,m1_num_positive_number,양수,중1(교육과정 학년군: 중1-3) > 수와 연산 > 정수와 유리수,alias_on_concept,preserve_alias_and_check_textbook_wording,high,4,Aliases are stored on the concept node; add an equivalent_to edge only when sources treat two separate concepts as interchangeable.
concept_alias,m1_num_plus_sign,양의 부호,+; positive sign,m1_num_plus_sign,양의 부호,중1(교육과정 학년군: 중1-3) > 수와 연산 > 정수와 유리수,alias_on_concept,preserve_alias_and_check_textbook_wording,high,1,Aliases are stored on the concept node; add an equivalent_to edge only when sources treat two separate concepts as interchangeable.
concept_alias,m1_data_positive_correlation,양의 상관관계,positive correlation,m1_data_positive_correlation,양의 상관관계,중3(교육과정 학년군: 중1-3) > 자료와 가능성 > 상자그림과 산점도,alias_on_concept,preserve_alias_and_check_textbook_wording,high,2,Aliases are stored on the concept node; add an equivalent_to edge only when sources treat two separate concepts as interchangeable.
concept_alias,m1_num_positive_rational,양의 유리수,positive rational number,m1_num_positive_rational,양의 유리수,중1(교육과정 학년군: 중1-3) > 수와 연산 > 정수와 유리수,alias_on_concept,preserve_alias_and_check_textbook_wording,high,3,Aliases are stored on the concept node; add an equivalent_to edge only when sources treat two separate concepts as interchangeable.
concept_alias,m1_num_positive_integer,양의 정수,positive integer,m1_num_positive_integer,양의 정수,중1(교육과정 학년군: 중1-3) > 수와 연산 > 정수와 유리수,alias_on_concept,preserve_alias_and_check_textbook_wording,high,3,Aliases are stored on the concept node; add an equivalent_to edge only when sources treat two separate concepts as interchangeable.
concept_alias,m1_geo_alternate_interior_angles,엇각,alternate interior angles,m1_geo_alternate_interior_angles,엇각,중1(교육과정 학년군: 중1-3) > 도형과 측정 > 기본 도형,alias_on_concept,preserve_alias_and_check_textbook_wording,high,3,Aliases are stored on the concept node; add an equivalent_to edge only when sources treat two separate concepts as interchangeable.
concept_alias,m1_geo_quadrilateral_relationship,여러 가지 사각형 사이의 관계,사각형 포함 관계,m1_geo_quadrilateral_relationship,여러 가지 사각형 사이의 관계,중2(교육과정 학년군: 중1-3) > 도형과 측정 > 삼각형과 사각형의 성질,alias_on_concept,preserve_alias_and_check_textbook_wording,high,2,Aliases are stored on the concept node; add an equivalent_to edge only when sources treat two separate concepts as interchangeable.
concept_alias,m1_geo_three_parallel_lines_segment_ratio,여러 평행선이 두 직선에서 만드는 선분의 비,세 평행선의 선분비,m1_geo_three_parallel_lines_segment_ratio,여러 평행선이 두 직선에서 만드는 선분의 비,중2(교육과정 학년군: 중1-3) > 도형과 측정 > 도형의 닮음,alias_on_concept,preserve_alias_and_check_textbook_wording,high,2,Aliases are stored on the concept node; add an equivalent_to edge only when sources treat two separate concepts as interchangeable.
concept_alias,m1_num_reciprocal,역수,reciprocal,m1_num_reciprocal,역수,중1(교육과정 학년군: 중1-3) > 수와 연산 > 정수와 유리수,alias_on_concept,preserve_alias_and_check_textbook_wording,high,3,Aliases are stored on the concept node; add an equivalent_to edge only when sources treat two separate concepts as interchangeable.
concept_alias,m1_system_simultaneous_equations,연립방정식,simultaneous equations,m1_system_simultaneous_equations,연립방정식,중1(교육과정 학년군: 중1-3) > 변화와 관계 > 연립일차방정식,alias_on_concept,preserve_alias_and_check_textbook_wording,high,2,Aliases are stored on the concept node; add an equivalent_to edge only when sources treat two separate concepts as interchangeable.
concept_alias,m1_mis_system_one_equation_only,연립방정식의 해를 한 방정식만 만족해도 된다고 보는 오류,공통 해 조건 누락; 연립 조건 혼동,m1_mis_system_one_equation_only,연립방정식의 해를 한 방정식만 만족해도 된다고 보는 오류,중1(교육과정 학년군: 중1-3) > 변화와 관계 > 연립일차방정식,alias_on_concept,preserve_alias_and_check_textbook_wording,high,2,Aliases are stored on the concept node; add an equivalent_to edge only when sources treat two separate concepts as interchangeable.
concept_alias,m1_system_simultaneous_linear_equations,연립일차방정식,미지수가 2개인 연립일차방정식,m1_system_simultaneous_linear_equations,연립일차방정식,중1(교육과정 학년군: 중1-3) > 변화와 관계 > 연립일차방정식,alias_on_concept,preserve_alias_and_check_textbook_wording,high,3,Aliases are stored on the concept node; add an equivalent_to edge only when sources treat two separate concepts as interchangeable.
concept_alias,m1_system_unit,연립일차방정식,연립방정식,m1_system_unit,연립일차방정식,중1(교육과정 학년군: 중1-3) > 변화와 관계 > 연립일차방정식,alias_on_concept,preserve_alias_and_check_textbook_wording,high,2,Aliases are stored on the concept node; add an equivalent_to edge only when sources treat two separate concepts as interchangeable.
concept_alias,m1_system_modeling,연립일차방정식 세우기,문제의 뜻에 맞는 연립일차방정식 세우기; 연립방정식 활용,m1_system_modeling,연립일차방정식 세우기,중1(교육과정 학년군: 중1-3) > 변화와 관계 > 연립일차방정식,alias_on_concept,preserve_alias_and_check_textbook_wording,high,2,Aliases are stored on the concept node; add an equivalent_to edge only when sources treat two separate concepts as interchangeable.
concept_alias,m1_system_solving,연립일차방정식 풀기,연립방정식 풀기,m1_system_solving,연립일차방정식 풀기,중1(교육과정 학년군: 중1-3) > 변화와 관계 > 연립일차방정식,alias_on_concept,preserve_alias_and_check_textbook_wording,high,2,Aliases are stored on the concept node; add an equivalent_to edge only when sources treat two separate concepts as interchangeable.
concept_alias,m1_system_process_explanation,연립일차방정식 풀이 과정 설명하기,연립방정식 풀이 과정 설명; 풀이 과정 설명,m1_system_process_explanation,연립일차방정식 풀이 과정 설명하기,중1(교육과정 학년군: 중1-3) > 변화와 관계 > 연립일차방정식,alias_on_concept,preserve_alias_and_check_textbook_wording,high,2,Aliases are stored on the concept node; add an equivalent_to edge only when sources treat two separate concepts as interchangeable.
concept_alias,m1_system_solution_check,연립일차방정식 해의 확인,연립방정식 해 확인; 연립일차방정식 검산,m1_system_solution_check,연립일차방정식 해의 확인,중1(교육과정 학년군: 중1-3) > 변화와 관계 > 연립일차방정식,alias_on_concept,preserve_alias_and_check_textbook_wording,high,2,Aliases are stored on the concept node; add an equivalent_to edge only when sources treat two separate concepts as interchangeable.
concept_alias,m1_system_problem_solving,연립일차방정식 활용 문제 해결,연립일차방정식 활용; 연립방정식 활용 문제,m1_system_problem_solving,연립일차방정식 활용 문제 해결,중1(교육과정 학년군: 중1-3) > 변화와 관계 > 연립일차방정식,alias_on_concept,preserve_alias_and_check_textbook_wording,high,2,Aliases are stored on the concept node; add an equivalent_to edge only when sources treat two separate concepts as interchangeable.
concept_alias,m1_system_solution,연립일차방정식의 해,연립방정식의 해,m1_system_solution,연립일차방정식의 해,중1(교육과정 학년군: 중1-3) > 변화와 관계 > 연립일차방정식,alias_on_concept,preserve_alias_and_check_textbook_wording,high,2,Aliases are stored on the concept node; add an equivalent_to edge only when sources treat two separate concepts as interchangeable.
concept_alias,m1_num_operation_laws,연산 법칙,계산 법칙,m1_num_operation_laws,연산 법칙,중1(교육과정 학년군: 중1-3) > 수와 연산 > 정수와 유리수,alias_on_concept,preserve_alias_and_check_textbook_wording,high,3,Aliases are stored on the concept node; add an equivalent_to edge only when sources treat two separate concepts as interchangeable.
concept_alias,m1_factor_perfect_square_expression,완전제곱식,perfect square expression,m1_factor_perfect_square_expression,완전제곱식,중3(교육과정 학년군: 중1-3) > 변화와 관계 > 다항식의 곱셈과 인수분해,alias_on_concept,preserve_alias_and_check_textbook_wording,high,3,Aliases are stored on the concept node; add an equivalent_to edge only when sources treat two separate concepts as interchangeable.
concept_alias,m1_mis_perfect_square_sign,완전제곱식의 가운데 항 부호를 혼동하는 오류,완전제곱식 부호 오류,m1_mis_perfect_square_sign,완전제곱식의 가운데 항 부호를 혼동하는 오류,중3(교육과정 학년군: 중1-3) > 변화와 관계 > 다항식의 곱셈과 인수분해,alias_on_concept,preserve_alias_and_check_textbook_wording,high,2,Aliases are stored on the concept node; add an equivalent_to edge only when sources treat two separate concepts as interchangeable.
concept_alias,m1_factor_perfect_square_middle_term_check,완전제곱식의 가운데 항 확인하기,완전제곱식 중항 확인; 가운데 항 부호와 계수 확인,m1_factor_perfect_square_middle_term_check,완전제곱식의 가운데 항 확인하기,중3(교육과정 학년군: 중1-3) > 변화와 관계 > 다항식의 곱셈과 인수분해,alias_on_concept,preserve_alias_and_check_textbook_wording,high,2,Aliases are stored on the concept node; add an equivalent_to edge only when sources treat two separate concepts as interchangeable.
concept_alias,m1_geo_exterior_angle,외각,exterior angle,m1_geo_exterior_angle,외각,중1(교육과정 학년군: 중1-3) > 도형과 측정 > 평면도형의 성질,alias_on_concept,preserve_alias_and_check_textbook_wording,high,3,Aliases are stored on the concept node; add an equivalent_to edge only when sources treat two separate concepts as interchangeable.
concept_alias,m1_geo_circumcenter,외심,circumcenter,m1_geo_circumcenter,외심,중2(교육과정 학년군: 중1-3) > 도형과 측정 > 삼각형과 사각형의 성질,alias_on_concept,preserve_alias_and_check_textbook_wording,high,3,Aliases are stored on the concept node; add an equivalent_to edge only when sources treat two separate concepts as interchangeable.
concept_alias,m1_geo_construct_circumcenter,외심 찾기,외심 구하기,m1_geo_construct_circumcenter,외심 찾기,중2(교육과정 학년군: 중1-3) > 도형과 측정 > 삼각형과 사각형의 성질,alias_on_concept,preserve_alias_and_check_textbook_wording,high,3,Aliases are stored on the concept node; add an equivalent_to edge only when sources treat two separate concepts as interchangeable.
concept_alias,m1_mis_circumcenter_incenter,외심과 내심을 혼동하는 오류,외심-내심 혼동,m1_mis_circumcenter_incenter,외심과 내심을 혼동하는 오류,중2(교육과정 학년군: 중1-3) > 도형과 측정 > 삼각형과 사각형의 성질,alias_on_concept,preserve_alias_and_check_textbook_wording,high,2,Aliases are stored on the concept node; add an equivalent_to edge only when sources treat two separate concepts as interchangeable.
concept_alias,m1_geo_circumcenter_perpendicular_bisectors,외심과 세 변의 수직이등분선,외심은 수직이등분선의 교점,m1_geo_circumcenter_perpendicular_bisectors,외심과 세 변의 수직이등분선,중2(교육과정 학년군: 중1-3) > 도형과 측정 > 삼각형과 사각형의 성질,alias_on_concept,preserve_alias_and_check_textbook_wording,high,3,Aliases are stored on the concept node; add an equivalent_to edge only when sources treat two separate concepts as interchangeable.
concept_alias,m1_geo_circumcenter_equal_vertex_distance,외심에서 세 꼭짓점까지의 거리,외심에서 꼭짓점까지의 거리,m1_geo_circumcenter_equal_vertex_distance,외심에서 세 꼭짓점까지의 거리,중2(교육과정 학년군: 중1-3) > 도형과 측정 > 삼각형과 사각형의 성질,alias_on_concept,preserve_alias_and_check_textbook_wording,high,2,Aliases are stored on the concept node; add an equivalent_to edge only when sources treat two separate concepts as interchangeable.
concept_alias,m1_geo_circumcircle,외접원,외접; circumcircle,m1_geo_circumcircle,외접원,중2(교육과정 학년군: 중1-3) > 도형과 측정 > 삼각형과 사각형의 성질,alias_on_concept,preserve_alias_and_check_textbook_wording,high,3,Aliases are stored on the concept node; add an equivalent_to edge only when sources treat two separate concepts as interchangeable.
concept_alias,m1_geo_circumradius,외접원의 반지름,외접원 반지름,m1_geo_circumradius,외접원의 반지름,중2(교육과정 학년군: 중1-3) > 도형과 측정 > 삼각형과 사각형의 성질,alias_on_concept,preserve_alias_and_check_textbook_wording,high,3,Aliases are stored on the concept node; add an equivalent_to edge only when sources treat two separate concepts as interchangeable.
concept_alias,m1_eq_right_side,우변,right-hand side,m1_eq_right_side,우변,중1(교육과정 학년군: 중1-3) > 변화와 관계 > 일차방정식,alias_on_concept,preserve_alias_and_check_textbook_wording,high,1,Aliases are stored on the concept node; add an equivalent_to edge only when sources treat two separate concepts as interchangeable.
concept_alias,m1_geo_circle,원,circle,m1_geo_circle,원,중3(교육과정 학년군: 중1-3) > 도형과 측정 > 원의 성질,alias_on_concept,preserve_alias_and_check_textbook_wording,high,5,Aliases are stored on the concept node; add an equivalent_to edge only when sources treat two separate concepts as interchangeable.
concept_alias,m1_geo_chord_midpoint_center_perpendicular,원 중심과 현의 중점을 이은 직선은 현에 수직,현의 중점과 중심을 이은 직선,m1_geo_chord_midpoint_center_perpendicular,원 중심과 현의 중점을 이은 직선은 현에 수직,중3(교육과정 학년군: 중1-3) > 도형과 측정 > 원의 성질,alias_on_concept,preserve_alias_and_check_textbook_wording,high,3,Aliases are stored on the concept node; add an equivalent_to edge only when sources treat two separate concepts as interchangeable.
concept_alias,m1_geo_chord_center_distance,원 중심에서 현까지의 거리,현까지의 거리; 중심에서 현까지의 거리,m1_geo_chord_center_distance,원 중심에서 현까지의 거리,중3(교육과정 학년군: 중1-3) > 도형과 측정 > 원의 성질,alias_on_concept,preserve_alias_and_check_textbook_wording,high,3,Aliases are stored on the concept node; add an equivalent_to edge only when sources treat two separate concepts as interchangeable.
concept_alias,m1_mis_circle_proportion_scope,원과 비례에 관한 성질을 범위에 포함하는 오류,원과 비례 범위 혼동,m1_mis_circle_proportion_scope,원과 비례에 관한 성질을 범위에 포함하는 오류,중3(교육과정 학년군: 중1-3) > 도형과 측정 > 원의 성질,alias_on_concept,preserve_alias_and_check_textbook_wording,high,1,Aliases are stored on the concept node; add an equivalent_to edge only when sources treat two separate concepts as interchangeable.
concept_alias,m1_geo_frustum_cone,원뿔대,frustum of cone,m1_geo_frustum_cone,원뿔대,중1(교육과정 학년군: 중1-3) > 도형과 측정 > 입체도형의 성질,alias_on_concept,preserve_alias_and_check_textbook_wording,high,3,Aliases are stored on the concept node; add an equivalent_to edge only when sources treat two separate concepts as interchangeable.
concept_alias,m1_geo_circle_radius,원의 반지름,반지름; radius,m1_geo_circle_radius,원의 반지름,중3(교육과정 학년군: 중1-3) > 도형과 측정 > 원의 성질,alias_on_concept,preserve_alias_and_check_textbook_wording,high,4,Aliases are stored on the concept node; add an equivalent_to edge only when sources treat two separate concepts as interchangeable.
concept_alias,m1_geo_circle_unit,원의 성질,"현, 접선, 원주각",m1_geo_circle_unit,원의 성질,중3(교육과정 학년군: 중1-3) > 도형과 측정 > 원의 성질,alias_on_concept,preserve_alias_and_check_textbook_wording,high,4,Aliases are stored on the concept node; add an equivalent_to edge only when sources treat two separate concepts as interchangeable.
concept_alias,m1_geo_circle_justification,원의 성질 정당화,원 성질 증명,m1_geo_circle_justification,원의 성질 정당화,중3(교육과정 학년군: 중1-3) > 도형과 측정 > 원의 성질,alias_on_concept,preserve_alias_and_check_textbook_wording,high,4,Aliases are stored on the concept node; add an equivalent_to edge only when sources treat two separate concepts as interchangeable.
concept_alias,m1_geo_circle_property_evidence_selection,원의 성질 정당화에서 근거 선택하기,원 성질 근거 선택,m1_geo_circle_property_evidence_selection,원의 성질 정당화에서 근거 선택하기,중3(교육과정 학년군: 중1-3) > 도형과 측정 > 원의 성질,alias_on_concept,preserve_alias_and_check_textbook_wording,high,4,Aliases are stored on the concept node; add an equivalent_to edge only when sources treat two separate concepts as interchangeable.
concept_alias,m1_geo_tangent_property,원의 접선에 관한 성질,접선의 성질,m1_geo_tangent_property,원의 접선에 관한 성질,중3(교육과정 학년군: 중1-3) > 도형과 측정 > 원의 성질,alias_on_concept,preserve_alias_and_check_textbook_wording,high,2,Aliases are stored on the concept node; add an equivalent_to edge only when sources treat two separate concepts as interchangeable.
concept_alias,m1_geo_circle_auxiliary_radius_center,원의 중심과 반지름 보조선 활용,원 보조선; 반지름 보조선,m1_geo_circle_auxiliary_radius_center,원의 중심과 반지름 보조선 활용,중3(교육과정 학년군: 중1-3) > 도형과 측정 > 원의 성질,alias_on_concept,preserve_alias_and_check_textbook_wording,high,4,Aliases are stored on the concept node; add an equivalent_to edge only when sources treat two separate concepts as interchangeable.
concept_alias,m1_geo_chord_center_perpendicular_bisects,원의 중심에서 현에 내린 수선은 현을 이등분,중심에서 현에 내린 수선; 현을 이등분하는 수선,m1_geo_chord_center_perpendicular_bisects,원의 중심에서 현에 내린 수선은 현을 이등분,중3(교육과정 학년군: 중1-3) > 도형과 측정 > 원의 성질,alias_on_concept,preserve_alias_and_check_textbook_wording,high,3,Aliases are stored on the concept node; add an equivalent_to edge only when sources treat two separate concepts as interchangeable.
concept_alias,m1_geo_circle_chord_property,원의 현에 관한 성질,현의 성질,m1_geo_circle_chord_property,원의 현에 관한 성질,중3(교육과정 학년군: 중1-3) > 도형과 측정 > 원의 성질,alias_on_concept,preserve_alias_and_check_textbook_wording,high,2,Aliases are stored on the concept node; add an equivalent_to edge only when sources treat two separate concepts as interchangeable.
concept_alias,m1_coord_origin,원점,"origin; (0, 0)",m1_coord_origin,원점,중1(교육과정 학년군: 중1-3) > 변화와 관계 > 좌표평면과 그래프,alias_on_concept,preserve_alias_and_check_textbook_wording,high,1,Aliases are stored on the concept node; add an equivalent_to edge only when sources treat two separate concepts as interchangeable.
concept_alias,m1_geo_inscribed_angle,원주각,inscribed angle,m1_geo_inscribed_angle,원주각,중3(교육과정 학년군: 중1-3) > 도형과 측정 > 원의 성질,alias_on_concept,preserve_alias_and_check_textbook_wording,high,3,Aliases are stored on the concept node; add an equivalent_to edge only when sources treat two separate concepts as interchangeable.
concept_alias,m1_mis_inscribed_central_angle_equal,원주각과 중심각을 같은 크기로 보는 오류,원주각-중심각 혼동,m1_mis_inscribed_central_angle_equal,원주각과 중심각을 같은 크기로 보는 오류,중3(교육과정 학년군: 중1-3) > 도형과 측정 > 원의 성질,alias_on_concept,preserve_alias_and_check_textbook_wording,high,2,Aliases are stored on the concept node; add an equivalent_to edge only when sources treat two separate concepts as interchangeable.
concept_alias,m1_geo_inscribed_angle_property,원주각의 성질,원주각 성질,m1_geo_inscribed_angle_property,원주각의 성질,중3(교육과정 학년군: 중1-3) > 도형과 측정 > 원의 성질,alias_on_concept,preserve_alias_and_check_textbook_wording,high,2,Aliases are stored on the concept node; add an equivalent_to edge only when sources treat two separate concepts as interchangeable.
concept_alias,m1_geo_inscribed_angle_subtended_arc,원주각이 보는 호,원주각에 대한 호; 원주각의 호,m1_geo_inscribed_angle_subtended_arc,원주각이 보는 호,중3(교육과정 학년군: 중1-3) > 도형과 측정 > 원의 성질,alias_on_concept,preserve_alias_and_check_textbook_wording,high,3,Aliases are stored on the concept node; add an equivalent_to edge only when sources treat two separate concepts as interchangeable.
concept_alias,m1_quad_func_opening_direction,위로 열린 그래프와 아래로 열린 그래프,포물선이 열린 방향; 위로 열린 포물선; 아래로 열린 포물선,m1_quad_func_opening_direction,위로 열린 그래프와 아래로 열린 그래프,중3(교육과정 학년군: 중1-3) > 변화와 관계 > 이차함수와 그 그래프,alias_on_concept,preserve_alias_and_check_textbook_wording,high,2,Aliases are stored on the concept node; add an equivalent_to edge only when sources treat two separate concepts as interchangeable.
concept_alias,m1_num_rational_number,유리수,rational number,m1_num_rational_number,유리수,중1(교육과정 학년군: 중1-3) > 수와 연산 > 정수와 유리수,alias_on_concept,preserve_alias_and_check_textbook_wording,high,6,Aliases are stored on the concept node; add an equivalent_to edge only when sources treat two separate concepts as interchangeable.
concept_alias,m1_num_rational_irrational_classification,유리수와 무리수의 구분,수 체계 분류,m1_num_rational_irrational_classification,유리수와 무리수의 구분,중3(교육과정 학년군: 중1-3) > 수와 연산 > 제곱근과 실수,alias_on_concept,preserve_alias_and_check_textbook_wording,high,2,Aliases are stored on the concept node; add an equivalent_to edge only when sources treat two separate concepts as interchangeable.
concept_alias,m1_num_repeating_decimal_unit,유리수와 순환소수,rational numbers and repeating decimals,m1_num_repeating_decimal_unit,유리수와 순환소수,중2(교육과정 학년군: 중1-3) > 수와 연산 > 유리수와 순환소수,alias_on_concept,preserve_alias_and_check_textbook_wording,high,3,Aliases are stored on the concept node; add an equivalent_to edge only when sources treat two separate concepts as interchangeable.
concept_alias,m1_num_rational_repeating_relation,유리수와 순환소수의 관계,유리수-순환소수 관계,m1_num_rational_repeating_relation,유리수와 순환소수의 관계,중2(교육과정 학년군: 중1-3) > 수와 연산 > 유리수와 순환소수,alias_on_concept,preserve_alias_and_check_textbook_wording,high,3,Aliases are stored on the concept node; add an equivalent_to edge only when sources treat two separate concepts as interchangeable.
concept_alias,m1_num_rational_fraction_form,유리수의 분수 꼴 표현,분수 꼴로 나타낼 수 있는 수; 유리수의 분수 표현,m1_num_rational_fraction_form,유리수의 분수 꼴 표현,중1(교육과정 학년군: 중1-3) > 수와 연산 > 정수와 유리수,alias_on_concept,preserve_alias_and_check_textbook_wording,high,4,Aliases are stored on the concept node; add an equivalent_to edge only when sources treat two separate concepts as interchangeable.
concept_alias,m1_num_finite_decimal,유한소수,terminating decimal,m1_num_finite_decimal,유한소수,중2(교육과정 학년군: 중1-3) > 수와 연산 > 유리수와 순환소수,alias_on_concept,preserve_alias_and_check_textbook_wording,high,3,Aliases are stored on the concept node; add an equivalent_to edge only when sources treat two separate concepts as interchangeable.
concept_alias,m1_num_terminating_decimal_denominator_condition,유한소수가 되는 분모 조건,terminating decimal denominator condition,m1_num_terminating_decimal_denominator_condition,유한소수가 되는 분모 조건,중2(교육과정 학년군: 중1-3) > 수와 연산 > 유리수와 순환소수,alias_on_concept,preserve_alias_and_check_textbook_wording,high,4,Aliases are stored on the concept node; add an equivalent_to edge only when sources treat two separate concepts as interchangeable.
concept_alias,m1_num_finite_decimal_to_fraction,유한소수를 분수로 나타내기,finite decimal to fraction,m1_num_finite_decimal_to_fraction,유한소수를 분수로 나타내기,중2(교육과정 학년군: 중1-3) > 수와 연산 > 유리수와 순환소수,alias_on_concept,preserve_alias_and_check_textbook_wording,high,3,Aliases are stored on the concept node; add an equivalent_to edge only when sources treat two separate concepts as interchangeable.
concept_alias,m1_mis_finite_to_repeating_scope,유한소수를 순환소수로 나타내는 활동을 범위로 오인하는 오류,유한소수의 순환소수 표현 범위 오류,m1_mis_finite_to_repeating_scope,유한소수를 순환소수로 나타내는 활동을 범위로 오인하는 오류,중2(교육과정 학년군: 중1-3) > 수와 연산 > 유리수와 순환소수,alias_on_concept,preserve_alias_and_check_textbook_wording,high,1,Aliases are stored on the concept node; add an equivalent_to edge only when sources treat two separate concepts as interchangeable.
concept_alias,m1_num_negative_number,음수,negative number,m1_num_negative_number,음수,중1(교육과정 학년군: 중1-3) > 수와 연산 > 정수와 유리수,alias_on_concept,preserve_alias_and_check_textbook_wording,high,4,Aliases are stored on the concept node; add an equivalent_to edge only when sources treat two separate concepts as interchangeable.
concept_alias,m1_mis_ineq_negative,음수를 곱하거나 나눌 때 부등호 방향을 바꾸지 않는 오류,부등호 방향 오류; 부등식 성질 적용 오류,m1_mis_ineq_negative,음수를 곱하거나 나눌 때 부등호 방향을 바꾸지 않는 오류,중1(교육과정 학년군: 중1-3) > 변화와 관계 > 일차부등식,alias_on_concept,preserve_alias_and_check_textbook_wording,high,2,Aliases are stored on the concept node; add an equivalent_to edge only when sources treat two separate concepts as interchangeable.
concept_alias,m1_mis_negative_order,음수의 대소를 절댓값 크기로 판단하는 오류,음수 대소 비교 오류,m1_mis_negative_order,음수의 대소를 절댓값 크기로 판단하는 오류,중1(교육과정 학년군: 중1-3) > 수와 연산 > 정수와 유리수,alias_on_concept,preserve_alias_and_check_textbook_wording,high,2,Aliases are stored on the concept node; add an equivalent_to edge only when sources treat two separate concepts as interchangeable.
concept_alias,m1_num_negative_need,음수의 필요성,negative number need,m1_num_negative_need,음수의 필요성,중1(교육과정 학년군: 중1-3) > 수와 연산 > 정수와 유리수,alias_on_concept,preserve_alias_and_check_textbook_wording,high,3,Aliases are stored on the concept node; add an equivalent_to edge only when sources treat two separate concepts as interchangeable.
concept_alias,m1_num_minus_sign,음의 부호,-; negative sign,m1_num_minus_sign,음의 부호,중1(교육과정 학년군: 중1-3) > 수와 연산 > 정수와 유리수,alias_on_concept,preserve_alias_and_check_textbook_wording,high,1,Aliases are stored on the concept node; add an equivalent_to edge only when sources treat two separate concepts as interchangeable.
concept_alias,m1_data_negative_correlation,음의 상관관계,negative correlation,m1_data_negative_correlation,음의 상관관계,중3(교육과정 학년군: 중1-3) > 자료와 가능성 > 상자그림과 산점도,alias_on_concept,preserve_alias_and_check_textbook_wording,high,2,Aliases are stored on the concept node; add an equivalent_to edge only when sources treat two separate concepts as interchangeable.
concept_alias,m1_num_negative_rational,음의 유리수,negative rational number,m1_num_negative_rational,음의 유리수,중1(교육과정 학년군: 중1-3) > 수와 연산 > 정수와 유리수,alias_on_concept,preserve_alias_and_check_textbook_wording,high,3,Aliases are stored on the concept node; add an equivalent_to edge only when sources treat two separate concepts as interchangeable.
concept_alias,m1_num_negative_integer,음의 정수,negative integer,m1_num_negative_integer,음의 정수,중1(교육과정 학년군: 중1-3) > 수와 연산 > 정수와 유리수,alias_on_concept,preserve_alias_and_check_textbook_wording,high,3,Aliases are stored on the concept node; add an equivalent_to edge only when sources treat two separate concepts as interchangeable.
concept_alias,m1_data_route_counting_context,이동 경로의 경우의 수 맥락,경로 경우의 수,m1_data_route_counting_context,이동 경로의 경우의 수 맥락,중2(교육과정 학년군: 중1-3) > 자료와 가능성 > 경우의 수와 확률,alias_on_concept,preserve_alias_and_check_textbook_wording,high,2,Aliases are stored on the concept node; add an equivalent_to edge only when sources treat two separate concepts as interchangeable.
concept_alias,m1_geo_isosceles_triangle,이등변삼각형,isosceles triangle,m1_geo_isosceles_triangle,이등변삼각형,중2(교육과정 학년군: 중1-3) > 도형과 측정 > 삼각형과 사각형의 성질,alias_on_concept,preserve_alias_and_check_textbook_wording,high,2,Aliases are stored on the concept node; add an equivalent_to edge only when sources treat two separate concepts as interchangeable.
concept_alias,m1_geo_isosceles_property_proof,이등변삼각형 성질 정당화하기,이등변삼각형 성질 증명하기,m1_geo_isosceles_property_proof,이등변삼각형 성질 정당화하기,중2(교육과정 학년군: 중1-3) > 도형과 측정 > 삼각형과 사각형의 성질,alias_on_concept,preserve_alias_and_check_textbook_wording,high,3,Aliases are stored on the concept node; add an equivalent_to edge only when sources treat two separate concepts as interchangeable.
concept_alias,m1_geo_isosceles_vertex_angle,이등변삼각형의 꼭지각,꼭지각,m1_geo_isosceles_vertex_angle,이등변삼각형의 꼭지각,중2(교육과정 학년군: 중1-3) > 도형과 측정 > 삼각형과 사각형의 성질,alias_on_concept,preserve_alias_and_check_textbook_wording,high,2,Aliases are stored on the concept node; add an equivalent_to edge only when sources treat two separate concepts as interchangeable.
concept_alias,m1_geo_isosceles_vertex_angle_bisector_property,이등변삼각형의 꼭지각 이등분선 성질,꼭지각의 이등분선 성질,m1_geo_isosceles_vertex_angle_bisector_property,이등변삼각형의 꼭지각 이등분선 성질,중2(교육과정 학년군: 중1-3) > 도형과 측정 > 삼각형과 사각형의 성질,alias_on_concept,preserve_alias_and_check_textbook_wording,high,3,Aliases are stored on the concept node; add an equivalent_to edge only when sources treat two separate concepts as interchangeable.
concept_alias,m1_geo_isosceles_equal_sides,이등변삼각형의 두 같은 변,이등변삼각형의 같은 두 변,m1_geo_isosceles_equal_sides,이등변삼각형의 두 같은 변,중2(교육과정 학년군: 중1-3) > 도형과 측정 > 삼각형과 사각형의 성질,alias_on_concept,preserve_alias_and_check_textbook_wording,high,2,Aliases are stored on the concept node; add an equivalent_to edge only when sources treat two separate concepts as interchangeable.
concept_alias,m1_geo_isosceles_base_angles,이등변삼각형의 두 밑각,밑각; 두 밑각,m1_geo_isosceles_base_angles,이등변삼각형의 두 밑각,중2(교육과정 학년군: 중1-3) > 도형과 측정 > 삼각형과 사각형의 성질,alias_on_concept,preserve_alias_and_check_textbook_wording,high,2,Aliases are stored on the concept node; add an equivalent_to edge only when sources treat two separate concepts as interchangeable.
concept_alias,m1_geo_isosceles_base_angles_equal,이등변삼각형의 두 밑각의 크기가 같음,이등변삼각형의 밑각이 같다,m1_geo_isosceles_base_angles_equal,이등변삼각형의 두 밑각의 크기가 같음,중2(교육과정 학년군: 중1-3) > 도형과 측정 > 삼각형과 사각형의 성질,alias_on_concept,preserve_alias_and_check_textbook_wording,high,3,Aliases are stored on the concept node; add an equivalent_to edge only when sources treat two separate concepts as interchangeable.
concept_alias,m1_mis_isosceles_base_vertex_angle_confusion,이등변삼각형의 밑각과 꼭지각을 혼동하는 오류,밑각-꼭지각 혼동,m1_mis_isosceles_base_vertex_angle_confusion,이등변삼각형의 밑각과 꼭지각을 혼동하는 오류,중2(교육과정 학년군: 중1-3) > 도형과 측정 > 삼각형과 사각형의 성질,alias_on_concept,preserve_alias_and_check_textbook_wording,high,2,Aliases are stored on the concept node; add an equivalent_to edge only when sources treat two separate concepts as interchangeable.
concept_alias,m1_geo_isosceles_base,이등변삼각형의 밑변,밑변,m1_geo_isosceles_base,이등변삼각형의 밑변,중2(교육과정 학년군: 중1-3) > 도형과 측정 > 삼각형과 사각형의 성질,alias_on_concept,preserve_alias_and_check_textbook_wording,high,2,Aliases are stored on the concept node; add an equivalent_to edge only when sources treat two separate concepts as interchangeable.
concept_alias,m1_geo_isosceles_properties,이등변삼각형의 성질,이등변삼각형 성질,m1_geo_isosceles_properties,이등변삼각형의 성질,중2(교육과정 학년군: 중1-3) > 도형과 측정 > 삼각형과 사각형의 성질,alias_on_concept,preserve_alias_and_check_textbook_wording,high,3,Aliases are stored on the concept node; add an equivalent_to edge only when sources treat two separate concepts as interchangeable.
concept_alias,m1_quad_eq_quadratic_equation,이차방정식,quadratic equation,m1_quad_eq_quadratic_equation,이차방정식,중3(교육과정 학년군: 중1-3) > 변화와 관계 > 이차방정식,alias_on_concept,preserve_alias_and_check_textbook_wording,high,4,Aliases are stored on the concept node; add an equivalent_to edge only when sources treat two separate concepts as interchangeable.
concept_alias,m1_quad_eq_unit,이차방정식,quadratic equation,m1_quad_eq_unit,이차방정식,중3(교육과정 학년군: 중1-3) > 변화와 관계 > 이차방정식,alias_on_concept,preserve_alias_and_check_textbook_wording,high,4,Aliases are stored on the concept node; add an equivalent_to edge only when sources treat two separate concepts as interchangeable.
concept_alias,m1_quad_eq_solving,이차방정식 풀기,이차방정식의 풀이,m1_quad_eq_solving,이차방정식 풀기,중3(교육과정 학년군: 중1-3) > 변화와 관계 > 이차방정식,alias_on_concept,preserve_alias_and_check_textbook_wording,high,3,Aliases are stored on the concept node; add an equivalent_to edge only when sources treat two separate concepts as interchangeable.
concept_alias,m1_quad_eq_process_explanation,이차방정식 풀이 과정 설명하기,풀이 과정 설명; 이차방정식 풀이 설명,m1_quad_eq_process_explanation,이차방정식 풀이 과정 설명하기,중3(교육과정 학년군: 중1-3) > 변화와 관계 > 이차방정식,alias_on_concept,preserve_alias_and_check_textbook_wording,high,3,Aliases are stored on the concept node; add an equivalent_to edge only when sources treat two separate concepts as interchangeable.
concept_alias,m1_quad_eq_modeling,이차방정식 활용 문제 해결,이차방정식 세우기; 이차방정식 모델링,m1_quad_eq_modeling,이차방정식 활용 문제 해결,중3(교육과정 학년군: 중1-3) > 변화와 관계 > 이차방정식,alias_on_concept,preserve_alias_and_check_textbook_wording,high,4,Aliases are stored on the concept node; add an equivalent_to edge only when sources treat two separate concepts as interchangeable.
concept_alias,m1_quad_eq_coefficients_in_standard_form,이차방정식의 계수,"이차방정식 계수; a, b, c",m1_quad_eq_coefficients_in_standard_form,이차방정식의 계수,중3(교육과정 학년군: 중1-3) > 변화와 관계 > 이차방정식,alias_on_concept,preserve_alias_and_check_textbook_wording,high,3,Aliases are stored on the concept node; add an equivalent_to edge only when sources treat two separate concepts as interchangeable.
concept_alias,m1_quad_eq_standard_form,이차방정식의 식 표현,ax^2+bx+c=0; 이차방정식 표준형,m1_quad_eq_standard_form,이차방정식의 식 표현,중3(교육과정 학년군: 중1-3) > 변화와 관계 > 이차방정식,alias_on_concept,preserve_alias_and_check_textbook_wording,high,2,Aliases are stored on the concept node; add an equivalent_to edge only when sources treat two separate concepts as interchangeable.
concept_alias,m1_quad_eq_real_solution_scope,이차방정식의 실수 해 범위,실수인 해만 다룸; 해가 실수인 경우,m1_quad_eq_real_solution_scope,이차방정식의 실수 해 범위,중3(교육과정 학년군: 중1-3) > 변화와 관계 > 이차방정식,alias_on_concept,preserve_alias_and_check_textbook_wording,high,1,Aliases are stored on the concept node; add an equivalent_to edge only when sources treat two separate concepts as interchangeable.
concept_alias,m1_quad_eq_factorized_form,이차방정식의 인수분해된 식 표현,인수분해된 이차방정식; factorized quadratic equation form,m1_quad_eq_factorized_form,이차방정식의 인수분해된 식 표현,중3(교육과정 학년군: 중1-3) > 변화와 관계 > 이차방정식,alias_on_concept,preserve_alias_and_check_textbook_wording,high,3,Aliases are stored on the concept node; add an equivalent_to edge only when sources treat two separate concepts as interchangeable.
concept_alias,m1_quad_eq_solution,이차방정식의 해,이차방정식의 근; root of a quadratic equation,m1_quad_eq_solution,이차방정식의 해,중3(교육과정 학년군: 중1-3) > 변화와 관계 > 이차방정식,alias_on_concept,preserve_alias_and_check_textbook_wording,high,3,Aliases are stored on the concept node; add an equivalent_to edge only when sources treat two separate concepts as interchangeable.
concept_alias,m1_factor_quadratic_expression,이차식,quadratic expression,m1_factor_quadratic_expression,이차식,중3(교육과정 학년군: 중1-3) > 변화와 관계 > 다항식의 곱셈과 인수분해,alias_on_concept,preserve_alias_and_check_textbook_wording,high,3,Aliases are stored on the concept node; add an equivalent_to edge only when sources treat two separate concepts as interchangeable.
concept_alias,m1_factor_quadratic_factorization,이차식 인수분해,이차식을 인수분해하기,m1_factor_quadratic_factorization,이차식 인수분해,중3(교육과정 학년군: 중1-3) > 변화와 관계 > 다항식의 곱셈과 인수분해,alias_on_concept,preserve_alias_and_check_textbook_wording,high,4,Aliases are stored on the concept node; add an equivalent_to edge only when sources treat two separate concepts as interchangeable.
concept_alias,m1_mis_quadratic_expression_equation,이차식과 이차방정식을 혼동하는 오류,이차식-이차방정식 혼동,m1_mis_quadratic_expression_equation,이차식과 이차방정식을 혼동하는 오류,중3(교육과정 학년군: 중1-3) > 변화와 관계 > 이차방정식,alias_on_concept,preserve_alias_and_check_textbook_wording,high,3,Aliases are stored on the concept node; add an equivalent_to edge only when sources treat two separate concepts as interchangeable.
concept_alias,m1_quad_func_quadratic_function,이차함수,quadratic function,m1_quad_func_quadratic_function,이차함수,중3(교육과정 학년군: 중1-3) > 변화와 관계 > 이차함수와 그 그래프,alias_on_concept,preserve_alias_and_check_textbook_wording,high,4,Aliases are stored on the concept node; add an equivalent_to edge only when sources treat two separate concepts as interchangeable.
concept_alias,m1_quad_func_graph_drawing,이차함수 그래프 그리기,포물선 그리기,m1_quad_func_graph_drawing,이차함수 그래프 그리기,중3(교육과정 학년군: 중1-3) > 변화와 관계 > 이차함수와 그 그래프,alias_on_concept,preserve_alias_and_check_textbook_wording,high,3,Aliases are stored on the concept node; add an equivalent_to edge only when sources treat two separate concepts as interchangeable.
concept_alias,m1_quad_func_graph_properties,이차함수 그래프의 성질,포물선의 성질,m1_quad_func_graph_properties,이차함수 그래프의 성질,중3(교육과정 학년군: 중1-3) > 변화와 관계 > 이차함수와 그 그래프,alias_on_concept,preserve_alias_and_check_textbook_wording,high,4,Aliases are stored on the concept node; add an equivalent_to edge only when sources treat two separate concepts as interchangeable.
concept_alias,m1_quad_func_max_min_real_scope,이차함수 최댓값·최솟값의 실수 전체 범위,x의 범위가 실수 전체인 경우,m1_quad_func_max_min_real_scope,이차함수 최댓값·최솟값의 실수 전체 범위,중3(교육과정 학년군: 중1-3) > 변화와 관계 > 이차함수와 그 그래프,alias_on_concept,preserve_alias_and_check_textbook_wording,high,1,Aliases are stored on the concept node; add an equivalent_to edge only when sources treat two separate concepts as interchangeable.
concept_alias,m1_quad_func_identifying_quadratic_function,이차함수 판별하기,이차함수인지 판단하기; 이차함수 찾기,m1_quad_func_identifying_quadratic_function,이차함수 판별하기,중3(교육과정 학년군: 중1-3) > 변화와 관계 > 이차함수와 그 그래프,alias_on_concept,preserve_alias_and_check_textbook_wording,high,3,Aliases are stored on the concept node; add an equivalent_to edge only when sources treat two separate concepts as interchangeable.
concept_alias,m1_quad_func_unit,이차함수와 그 그래프,이차함수 그래프,m1_quad_func_unit,이차함수와 그 그래프,중3(교육과정 학년군: 중1-3) > 변화와 관계 > 이차함수와 그 그래프,alias_on_concept,preserve_alias_and_check_textbook_wording,high,6,Aliases are stored on the concept node; add an equivalent_to edge only when sources treat two separate concepts as interchangeable.
concept_alias,m1_mis_quadratic_function_equation,이차함수와 이차방정식을 혼동하는 오류,이차함수-이차방정식 혼동,m1_mis_quadratic_function_equation,이차함수와 이차방정식을 혼동하는 오류,중3(교육과정 학년군: 중1-3) > 변화와 관계 > 이차함수와 그 그래프,alias_on_concept,preserve_alias_and_check_textbook_wording,high,4,Aliases are stored on the concept node; add an equivalent_to edge only when sources treat two separate concepts as interchangeable.
concept_alias,m1_quad_func_value_table,이차함수의 값의 표,이차함수 표; 함숫값의 표,m1_quad_func_value_table,이차함수의 값의 표,중3(교육과정 학년군: 중1-3) > 변화와 관계 > 이차함수와 그 그래프,alias_on_concept,preserve_alias_and_check_textbook_wording,high,2,Aliases are stored on the concept node; add an equivalent_to edge only when sources treat two separate concepts as interchangeable.
concept_alias,m1_quad_func_graph,이차함수의 그래프,quadratic function graph,m1_quad_func_graph,이차함수의 그래프,중3(교육과정 학년군: 중1-3) > 변화와 관계 > 이차함수와 그 그래프,alias_on_concept,preserve_alias_and_check_textbook_wording,high,4,Aliases are stored on the concept node; add an equivalent_to edge only when sources treat two separate concepts as interchangeable.
concept_alias,m1_quad_func_formula,이차함수의 식,이차함수 식; quadratic function formula,m1_quad_func_formula,이차함수의 식,중3(교육과정 학년군: 중1-3) > 변화와 관계 > 이차함수와 그 그래프,alias_on_concept,preserve_alias_and_check_textbook_wording,high,4,Aliases are stored on the concept node; add an equivalent_to edge only when sources treat two separate concepts as interchangeable.
concept_alias,m1_quad_eq_quadratic_term,이차항,quadratic term,m1_quad_eq_quadratic_term,이차항,중3(교육과정 학년군: 중1-3) > 변화와 관계 > 이차방정식,alias_on_concept,preserve_alias_and_check_textbook_wording,high,2,Aliases are stored on the concept node; add an equivalent_to edge only when sources treat two separate concepts as interchangeable.
concept_alias,m1_quad_eq_leading_coefficient_one_case,이차항의 계수가 1인 이차방정식,monic quadratic equation; 이차항 계수가 1인 이차방정식,m1_quad_eq_leading_coefficient_one_case,이차항의 계수가 1인 이차방정식,중3(교육과정 학년군: 중1-3) > 변화와 관계 > 이차방정식,alias_on_concept,preserve_alias_and_check_textbook_wording,high,3,Aliases are stored on the concept node; add an equivalent_to edge only when sources treat two separate concepts as interchangeable.
concept_alias,m1_eq_transposition,이항,항을 옮기기; transposition,m1_eq_transposition,이항,중1(교육과정 학년군: 중1-3) > 변화와 관계 > 일차방정식,alias_on_concept,preserve_alias_and_check_textbook_wording,high,2,Aliases are stored on the concept node; add an equivalent_to edge only when sources treat two separate concepts as interchangeable.
concept_alias,m1_mis_transposition_sign,이항할 때 부호를 잘못 바꾸는 오류,이항 부호 오류; 부호 처리 오류,m1_mis_transposition_sign,이항할 때 부호를 잘못 바꾸는 오류,중1(교육과정 학년군: 중1-3) > 변화와 관계 > 일차방정식,alias_on_concept,preserve_alias_and_check_textbook_wording,high,3,Aliases are stored on the concept node; add an equivalent_to edge only when sources treat two separate concepts as interchangeable.
concept_alias,m1_factor_factor,인수,factor,m1_factor_factor,인수,중3(교육과정 학년군: 중1-3) > 변화와 관계 > 다항식의 곱셈과 인수분해,alias_on_concept,preserve_alias_and_check_textbook_wording,high,3,Aliases are stored on the concept node; add an equivalent_to edge only when sources treat two separate concepts as interchangeable.
concept_alias,m1_factor_factorization,인수분해,factorization; 다항식의 인수분해,m1_factor_factorization,인수분해,중3(교육과정 학년군: 중1-3) > 변화와 관계 > 다항식의 곱셈과 인수분해,alias_on_concept,preserve_alias_and_check_textbook_wording,high,5,Aliases are stored on the concept node; add an equivalent_to edge only when sources treat two separate concepts as interchangeable.
concept_alias,m1_factor_factorization_result_check,인수분해 결과 전개로 확인하기,전개로 확인하기; 인수분해 검산,m1_factor_factorization_result_check,인수분해 결과 전개로 확인하기,중3(교육과정 학년군: 중1-3) > 변화와 관계 > 다항식의 곱셈과 인수분해,alias_on_concept,preserve_alias_and_check_textbook_wording,high,2,Aliases are stored on the concept node; add an equivalent_to edge only when sources treat two separate concepts as interchangeable.
concept_alias,m1_mis_factorization_unchecked_result,인수분해 결과를 확인하지 않는 오류,인수분해 검산 누락,m1_mis_factorization_unchecked_result,인수분해 결과를 확인하지 않는 오류,중3(교육과정 학년군: 중1-3) > 변화와 관계 > 다항식의 곱셈과 인수분해,alias_on_concept,preserve_alias_and_check_textbook_wording,high,2,Aliases are stored on the concept node; add an equivalent_to edge only when sources treat two separate concepts as interchangeable.
concept_alias,m1_quad_eq_factorization_solving,인수분해를 이용한 이차방정식 풀이,인수분해로 이차방정식 풀기,m1_quad_eq_factorization_solving,인수분해를 이용한 이차방정식 풀이,중3(교육과정 학년군: 중1-3) > 변화와 관계 > 이차방정식,alias_on_concept,preserve_alias_and_check_textbook_wording,high,3,Aliases are stored on the concept node; add an equivalent_to edge only when sources treat two separate concepts as interchangeable.
concept_alias,m1_mis_quadratic_factorization_solution,인수분해한 식에서 해 조건을 빠뜨리는 오류,각 인수 0 조건 누락,m1_mis_quadratic_factorization_solution,인수분해한 식에서 해 조건을 빠뜨리는 오류,중3(교육과정 학년군: 중1-3) > 변화와 관계 > 이차방정식,alias_on_concept,preserve_alias_and_check_textbook_wording,high,2,Aliases are stored on the concept node; add an equivalent_to edge only when sources treat two separate concepts as interchangeable.
concept_alias,m1_repr_everyday_language,일상 언어,말; 문장 표현,m1_repr_everyday_language,일상 언어,중1(교육과정 학년군: 중1-3) > 변화와 관계 > 좌표평면과 그래프,alias_on_concept,preserve_alias_and_check_textbook_wording,high,2,Aliases are stored on the concept node; add an equivalent_to edge only when sources treat two separate concepts as interchangeable.
concept_alias,m1_eq_linear_equation,일차방정식,linear equation,m1_eq_linear_equation,일차방정식,중1(교육과정 학년군: 중1-3) > 변화와 관계 > 일차방정식,alias_on_concept,preserve_alias_and_check_textbook_wording,high,4,Aliases are stored on the concept node; add an equivalent_to edge only when sources treat two separate concepts as interchangeable.
concept_alias,m1_eq_unit,일차방정식,방정식과 일차방정식,m1_eq_unit,일차방정식,중1(교육과정 학년군: 중1-3) > 변화와 관계 > 일차방정식,alias_on_concept,preserve_alias_and_check_textbook_wording,high,4,Aliases are stored on the concept node; add an equivalent_to edge only when sources treat two separate concepts as interchangeable.
concept_alias,m1_eq_modeling_linear_equation,일차방정식 세우기,문제의 뜻에 맞는 방정식 세우기; 방정식 활용,m1_eq_modeling_linear_equation,일차방정식 세우기,중1(교육과정 학년군: 중1-3) > 변화와 관계 > 일차방정식,alias_on_concept,preserve_alias_and_check_textbook_wording,high,3,Aliases are stored on the concept node; add an equivalent_to edge only when sources treat two separate concepts as interchangeable.
concept_alias,m1_eq_solving_linear_equation,일차방정식 풀기,방정식 풀기; 해 구하기,m1_eq_solving_linear_equation,일차방정식 풀기,중1(교육과정 학년군: 중1-3) > 변화와 관계 > 일차방정식,alias_on_concept,preserve_alias_and_check_textbook_wording,high,4,Aliases are stored on the concept node; add an equivalent_to edge only when sources treat two separate concepts as interchangeable.
concept_alias,m1_eq_linear_equation_problem_solving,일차방정식 활용 문제 해결,일차방정식의 활용; 일차방정식으로 문제 해결하기,m1_eq_linear_equation_problem_solving,일차방정식 활용 문제 해결,중1(교육과정 학년군: 중1-3) > 변화와 관계 > 일차방정식,alias_on_concept,preserve_alias_and_check_textbook_wording,high,4,Aliases are stored on the concept node; add an equivalent_to edge only when sources treat two separate concepts as interchangeable.
concept_alias,m1_ineq_linear_inequality,일차부등식,linear inequality,m1_ineq_linear_inequality,일차부등식,중1(교육과정 학년군: 중1-3) > 변화와 관계 > 일차부등식,alias_on_concept,preserve_alias_and_check_textbook_wording,high,3,Aliases are stored on the concept node; add an equivalent_to edge only when sources treat two separate concepts as interchangeable.
concept_alias,m1_ineq_unit,일차부등식,부등식과 일차부등식,m1_ineq_unit,일차부등식,중1(교육과정 학년군: 중1-3) > 변화와 관계 > 일차부등식,alias_on_concept,preserve_alias_and_check_textbook_wording,high,2,Aliases are stored on the concept node; add an equivalent_to edge only when sources treat two separate concepts as interchangeable.
concept_alias,m1_ineq_modeling_linear_inequality,일차부등식 세우기,문제의 뜻에 맞는 일차부등식 세우기; 일차부등식 활용,m1_ineq_modeling_linear_inequality,일차부등식 세우기,중1(교육과정 학년군: 중1-3) > 변화와 관계 > 일차부등식,alias_on_concept,preserve_alias_and_check_textbook_wording,high,2,Aliases are stored on the concept node; add an equivalent_to edge only when sources treat two separate concepts as interchangeable.
concept_alias,m1_ineq_solving_linear_inequality,일차부등식 풀기,부등식 풀기; 일차부등식의 해 구하기,m1_ineq_solving_linear_inequality,일차부등식 풀기,중1(교육과정 학년군: 중1-3) > 변화와 관계 > 일차부등식,alias_on_concept,preserve_alias_and_check_textbook_wording,high,3,Aliases are stored on the concept node; add an equivalent_to edge only when sources treat two separate concepts as interchangeable.
concept_alias,m1_ineq_linear_inequality_problem_solving,일차부등식 활용 문제 해결,일차부등식을 활용한 문제 해결; linear inequality problem solving,m1_ineq_linear_inequality_problem_solving,일차부등식 활용 문제 해결,중1(교육과정 학년군: 중1-3) > 변화와 관계 > 일차부등식,alias_on_concept,preserve_alias_and_check_textbook_wording,high,3,Aliases are stored on the concept node; add an equivalent_to edge only when sources treat two separate concepts as interchangeable.
concept_alias,m1_ineq_write_solution_range,일차부등식의 해를 범위로 나타내기,부등식 해 표현하기; 해의 범위 쓰기,m1_ineq_write_solution_range,일차부등식의 해를 범위로 나타내기,중1(교육과정 학년군: 중1-3) > 변화와 관계 > 일차부등식,alias_on_concept,preserve_alias_and_check_textbook_wording,high,2,Aliases are stored on the concept node; add an equivalent_to edge only when sources treat two separate concepts as interchangeable.
concept_alias,m1_expr_linear_expression,일차식,linear expression,m1_expr_linear_expression,일차식,중1(교육과정 학년군: 중1-3) > 변화와 관계 > 문자의 사용과 식,alias_on_concept,preserve_alias_and_check_textbook_wording,high,4,Aliases are stored on the concept node; add an equivalent_to edge only when sources treat two separate concepts as interchangeable.
concept_alias,m1_expr_explain_linear_expression_calculation,일차식 계산 과정 설명하기,일차식 계산 과정 말하기,m1_expr_explain_linear_expression_calculation,일차식 계산 과정 설명하기,중1(교육과정 학년군: 중1-3) > 변화와 관계 > 문자의 사용과 식,alias_on_concept,preserve_alias_and_check_textbook_wording,high,3,Aliases are stored on the concept node; add an equivalent_to edge only when sources treat two separate concepts as interchangeable.
concept_alias,m1_expr_add_sub_linear_expression,일차식의 덧셈과 뺄셈,일차식 계산; 일차식 더하기와 빼기,m1_expr_add_sub_linear_expression,일차식의 덧셈과 뺄셈,중1(교육과정 학년군: 중1-3) > 변화와 관계 > 문자의 사용과 식,alias_on_concept,preserve_alias_and_check_textbook_wording,high,3,Aliases are stored on the concept node; add an equivalent_to edge only when sources treat two separate concepts as interchangeable.
concept_alias,m1_expr_linear_expression_add_sub_principle,일차식의 덧셈과 뺄셈 원리,일차식 계산 원리,m1_expr_linear_expression_add_sub_principle,일차식의 덧셈과 뺄셈 원리,중1(교육과정 학년군: 중1-3) > 변화와 관계 > 문자의 사용과 식,alias_on_concept,preserve_alias_and_check_textbook_wording,high,3,Aliases are stored on the concept node; add an equivalent_to edge only when sources treat two separate concepts as interchangeable.
concept_alias,m1_func_linear_function,일차함수,linear function,m1_func_linear_function,일차함수,중1(교육과정 학년군: 중1-3) > 변화와 관계 > 일차함수와 그 그래프,alias_on_concept,preserve_alias_and_check_textbook_wording,high,3,Aliases are stored on the concept node; add an equivalent_to edge only when sources treat two separate concepts as interchangeable.
concept_alias,m1_func_y_ax_b_graph,일차함수 y=ax+b의 그래프,y=ax+b 그래프,m1_func_y_ax_b_graph,일차함수 y=ax+b의 그래프,중1(교육과정 학년군: 중1-3) > 변화와 관계 > 일차함수와 그 그래프,alias_on_concept,preserve_alias_and_check_textbook_wording,high,1,Aliases are stored on the concept node; add an equivalent_to edge only when sources treat two separate concepts as interchangeable.
concept_alias,m1_func_y_ax_graph,일차함수 y=ax의 그래프,y=ax 그래프,m1_func_y_ax_graph,일차함수 y=ax의 그래프,중1(교육과정 학년군: 중1-3) > 변화와 관계 > 일차함수와 그 그래프,alias_on_concept,preserve_alias_and_check_textbook_wording,high,1,Aliases are stored on the concept node; add an equivalent_to edge only when sources treat two separate concepts as interchangeable.
concept_alias,m1_func_graph_drawing,일차함수 그래프 그리기,일차함수 그래프 작성,m1_func_graph_drawing,일차함수 그래프 그리기,중1(교육과정 학년군: 중1-3) > 변화와 관계 > 일차함수와 그 그래프,alias_on_concept,preserve_alias_and_check_textbook_wording,high,2,Aliases are stored on the concept node; add an equivalent_to edge only when sources treat two separate concepts as interchangeable.
concept_alias,m1_func_find_graph_equation,일차함수 그래프의 식 구하기,그래프의 식 구하기; 일차함수 식 구하기,m1_func_find_graph_equation,일차함수 그래프의 식 구하기,중1(교육과정 학년군: 중1-3) > 변화와 관계 > 일차함수와 그 그래프,alias_on_concept,preserve_alias_and_check_textbook_wording,high,2,Aliases are stored on the concept node; add an equivalent_to edge only when sources treat two separate concepts as interchangeable.
concept_alias,m1_func_problem_solving,일차함수 활용 문제 해결,일차함수 활용,m1_func_problem_solving,일차함수 활용 문제 해결,중1(교육과정 학년군: 중1-3) > 변화와 관계 > 일차함수와 그 그래프,alias_on_concept,preserve_alias_and_check_textbook_wording,high,2,Aliases are stored on the concept node; add an equivalent_to edge only when sources treat two separate concepts as interchangeable.
concept_alias,m1_func_unit,일차함수와 그 그래프,함수와 일차함수; 일차함수 그래프,m1_func_unit,일차함수와 그 그래프,중1(교육과정 학년군: 중1-3) > 변화와 관계 > 일차함수와 그 그래프,alias_on_concept,preserve_alias_and_check_textbook_wording,high,3,Aliases are stored on the concept node; add an equivalent_to edge only when sources treat two separate concepts as interchangeable.
concept_alias,m1_func_equation_relation,일차함수와 미지수가 2개인 일차방정식의 관계,일차함수-일차방정식 관계,m1_func_equation_relation,일차함수와 미지수가 2개인 일차방정식의 관계,중1(교육과정 학년군: 중1-3) > 변화와 관계 > 일차함수와 일차방정식의 관계,alias_on_concept,preserve_alias_and_check_textbook_wording,high,2,Aliases are stored on the concept node; add an equivalent_to edge only when sources treat two separate concepts as interchangeable.
concept_alias,m1_func_eq_relation_unit,일차함수와 일차방정식의 관계,함수와 방정식의 관계,m1_func_eq_relation_unit,일차함수와 일차방정식의 관계,중1(교육과정 학년군: 중1-3) > 변화와 관계 > 일차함수와 일차방정식의 관계,alias_on_concept,preserve_alias_and_check_textbook_wording,high,2,Aliases are stored on the concept node; add an equivalent_to edge only when sources treat two separate concepts as interchangeable.
concept_alias,m1_func_linear_graph,일차함수의 그래프,함수의 그래프; linear function graph,m1_func_linear_graph,일차함수의 그래프,중1(교육과정 학년군: 중1-3) > 변화와 관계 > 일차함수와 그 그래프,alias_on_concept,preserve_alias_and_check_textbook_wording,high,3,Aliases are stored on the concept node; add an equivalent_to edge only when sources treat two separate concepts as interchangeable.
concept_alias,m1_func_graph_properties,일차함수의 그래프의 성질,그래프의 성질,m1_func_graph_properties,일차함수의 그래프의 성질,중1(교육과정 학년군: 중1-3) > 변화와 관계 > 일차함수와 그 그래프,alias_on_concept,preserve_alias_and_check_textbook_wording,high,2,Aliases are stored on the concept node; add an equivalent_to edge only when sources treat two separate concepts as interchangeable.
concept_alias,m1_func_linear_formula,일차함수의 식,함수식; 일차함수 식,m1_func_linear_formula,일차함수의 식,중1(교육과정 학년군: 중1-3) > 변화와 관계 > 일차함수와 그 그래프,alias_on_concept,preserve_alias_and_check_textbook_wording,high,2,Aliases are stored on the concept node; add an equivalent_to edge only when sources treat two separate concepts as interchangeable.
concept_alias,m1_func_input_value,입력값,입력; 넣는 값; 주어진 값,m1_func_input_value,입력값,중1(교육과정 학년군: 중1-3) > 변화와 관계 > 일차함수와 그 그래프,alias_on_concept,preserve_alias_and_check_textbook_wording,high,2,Aliases are stored on the concept node; add an equivalent_to edge only when sources treat two separate concepts as interchangeable.
concept_alias,m1_geo_solid_vertex,입체도형의 꼭짓점,입체의 꼭짓점; solid vertex,m1_geo_solid_vertex,입체도형의 꼭짓점,중1(교육과정 학년군: 중1-3) > 도형과 측정 > 입체도형의 성질,alias_on_concept,preserve_alias_and_check_textbook_wording,high,4,Aliases are stored on the concept node; add an equivalent_to edge only when sources treat two separate concepts as interchangeable.
concept_alias,m1_geo_solid_cross_section,입체도형의 단면,단면; solid cross section,m1_geo_solid_cross_section,입체도형의 단면,중1(교육과정 학년군: 중1-3) > 도형과 측정 > 입체도형의 성질,alias_on_concept,preserve_alias_and_check_textbook_wording,high,3,Aliases are stored on the concept node; add an equivalent_to edge only when sources treat two separate concepts as interchangeable.
concept_alias,m1_geo_solid_face,입체도형의 면,입체의 면; solid face,m1_geo_solid_face,입체도형의 면,중1(교육과정 학년군: 중1-3) > 도형과 측정 > 입체도형의 성질,alias_on_concept,preserve_alias_and_check_textbook_wording,high,4,Aliases are stored on the concept node; add an equivalent_to edge only when sources treat two separate concepts as interchangeable.
concept_alias,m1_geo_solid_edge,입체도형의 모서리,입체의 모서리; solid edge,m1_geo_solid_edge,입체도형의 모서리,중1(교육과정 학년군: 중1-3) > 도형과 측정 > 입체도형의 성질,alias_on_concept,preserve_alias_and_check_textbook_wording,high,4,Aliases are stored on the concept node; add an equivalent_to edge only when sources treat two separate concepts as interchangeable.
concept_alias,m1_geo_solid_unit,입체도형의 성질,다면체와 회전체,m1_geo_solid_unit,입체도형의 성질,중1(교육과정 학년군: 중1-3) > 도형과 측정 > 입체도형의 성질,alias_on_concept,preserve_alias_and_check_textbook_wording,high,4,Aliases are stored on the concept node; add an equivalent_to edge only when sources treat two separate concepts as interchangeable.
concept_alias,m1_data_dataset,자료,data,m1_data_dataset,자료,중1(교육과정 학년군: 중1-3) > 자료와 가능성 > 자료와 가능성,alias_on_concept,preserve_alias_and_check_textbook_wording,high,4,Aliases are stored on the concept node; add an equivalent_to edge only when sources treat two separate concepts as interchangeable.
concept_alias,m1_data_data_analysis,자료 분석,data analysis,m1_data_data_analysis,자료 분석,중1(교육과정 학년군: 중1-3) > 자료와 가능성 > 도수분포표와 상대도수,alias_on_concept,preserve_alias_and_check_textbook_wording,high,4,Aliases are stored on the concept node; add an equivalent_to edge only when sources treat two separate concepts as interchangeable.
concept_alias,m1_data_data_collection,자료 수집,data collection,m1_data_data_collection,자료 수집,중1(교육과정 학년군: 중1-3) > 자료와 가능성 > 도수분포표와 상대도수,alias_on_concept,preserve_alias_and_check_textbook_wording,high,4,Aliases are stored on the concept node; add an equivalent_to edge only when sources treat two separate concepts as interchangeable.
concept_alias,m1_data_inquiry_plan,자료 수집 계획,통계 조사 계획,m1_data_inquiry_plan,자료 수집 계획,중1(교육과정 학년군: 중1-3) > 자료와 가능성 > 도수분포표와 상대도수,alias_on_concept,preserve_alias_and_check_textbook_wording,high,4,Aliases are stored on the concept node; add an equivalent_to edge only when sources treat two separate concepts as interchangeable.
concept_alias,m1_data_value_frequency_count,자료값의 도수 세기,값의 출현 횟수 세기; 자료값 빈도 세기,m1_data_value_frequency_count,자료값의 도수 세기,중1(교육과정 학년군: 중1-3) > 자료와 가능성 > 대푯값,alias_on_concept,preserve_alias_and_check_textbook_wording,high,3,Aliases are stored on the concept node; add an equivalent_to edge only when sources treat two separate concepts as interchangeable.
concept_alias,m1_data_sum_of_values,자료값의 합,자료의 합; sum of data values,m1_data_sum_of_values,자료값의 합,중1(교육과정 학년군: 중1-3) > 자료와 가능성 > 대푯값,alias_on_concept,preserve_alias_and_check_textbook_wording,high,3,Aliases are stored on the concept node; add an equivalent_to edge only when sources treat two separate concepts as interchangeable.
concept_alias,m1_mis_quartile_without_ordering,자료를 정렬하지 않고 사분위수를 구하는 오류,사분위수 정렬 누락,m1_mis_quartile_without_ordering,자료를 정렬하지 않고 사분위수를 구하는 오류,중3(교육과정 학년군: 중1-3) > 자료와 가능성 > 상자그림과 산점도,alias_on_concept,preserve_alias_and_check_textbook_wording,high,2,Aliases are stored on the concept node; add an equivalent_to edge only when sources treat two separate concepts as interchangeable.
concept_alias,m1_mis_median_without_ordering,자료를 정렬하지 않고 중앙값을 찾는 오류,중앙값 정렬 누락 오류,m1_mis_median_without_ordering,자료를 정렬하지 않고 중앙값을 찾는 오류,중1(교육과정 학년군: 중1-3) > 자료와 가능성 > 대푯값,alias_on_concept,preserve_alias_and_check_textbook_wording,high,3,Aliases are stored on the concept node; add an equivalent_to edge only when sources treat two separate concepts as interchangeable.
concept_alias,m1_data_domain,자료와 가능성,중학교 자료와 가능성,m1_data_domain,자료와 가능성,중학교(교육과정 학년군: 중1-3) > 자료와 가능성 > 자료와 가능성,alias_on_concept,preserve_alias_and_check_textbook_wording,high,9,Aliases are stored on the concept node; add an equivalent_to edge only when sources treat two separate concepts as interchangeable.
concept_alias,m1_data_number_of_values,자료의 개수,자료 수; number of data values,m1_data_number_of_values,자료의 개수,중1(교육과정 학년군: 중1-3) > 자료와 가능성 > 대푯값,alias_on_concept,preserve_alias_and_check_textbook_wording,high,3,Aliases are stored on the concept node; add an equivalent_to edge only when sources treat two separate concepts as interchangeable.
concept_alias,m1_data_median_even_count,자료의 개수가 짝수일 때 중앙값,짝수 개 자료의 중앙값; 두 가운데 값의 평균,m1_data_median_even_count,자료의 개수가 짝수일 때 중앙값,중1(교육과정 학년군: 중1-3) > 자료와 가능성 > 대푯값,alias_on_concept,preserve_alias_and_check_textbook_wording,high,3,Aliases are stored on the concept node; add an equivalent_to edge only when sources treat two separate concepts as interchangeable.
concept_alias,m1_data_median_odd_count,자료의 개수가 홀수일 때 중앙값,홀수 개 자료의 중앙값,m1_data_median_odd_count,자료의 개수가 홀수일 때 중앙값,중1(교육과정 학년군: 중1-3) > 자료와 가능성 > 대푯값,alias_on_concept,preserve_alias_and_check_textbook_wording,high,3,Aliases are stored on the concept node; add an equivalent_to edge only when sources treat two separate concepts as interchangeable.
concept_alias,m1_data_distribution,자료의 분포,distribution,m1_data_distribution,자료의 분포,중1(교육과정 학년군: 중1-3) > 자료와 가능성 > 도수분포표와 상대도수,alias_on_concept,preserve_alias_and_check_textbook_wording,high,6,Aliases are stored on the concept node; add an equivalent_to edge only when sources treat two separate concepts as interchangeable.
concept_alias,m1_data_distribution_interpretation,자료의 분포 특징 해석,분포 해석,m1_data_distribution_interpretation,자료의 분포 특징 해석,중1(교육과정 학년군: 중1-3) > 자료와 가능성 > 도수분포표와 상대도수,alias_on_concept,preserve_alias_and_check_textbook_wording,high,3,Aliases are stored on the concept node; add an equivalent_to edge only when sources treat two separate concepts as interchangeable.
concept_alias,m1_data_representative_value_context,자료의 특성 살펴보기,자료 특성 고려; 자료 상황 고려,m1_data_representative_value_context,자료의 특성 살펴보기,중1(교육과정 학년군: 중1-3) > 자료와 가능성 > 대푯값,alias_on_concept,preserve_alias_and_check_textbook_wording,high,3,Aliases are stored on the concept node; add an equivalent_to edge only when sources treat two separate concepts as interchangeable.
concept_alias,m1_data_choose_representative_value,자료의 특성에 맞는 대푯값 선택,적절한 대푯값 선택,m1_data_choose_representative_value,자료의 특성에 맞는 대푯값 선택,중1(교육과정 학년군: 중1-3) > 자료와 가능성 > 대푯값,alias_on_concept,preserve_alias_and_check_textbook_wording,high,3,Aliases are stored on the concept node; add an equivalent_to edge only when sources treat two separate concepts as interchangeable.
concept_alias,m1_num_natural_number,자연수,natural number,m1_num_natural_number,자연수,중1(교육과정 학년군: 중1-3) > 수와 연산 > 소인수분해,alias_on_concept,preserve_alias_and_check_textbook_wording,high,3,Aliases are stored on the concept node; add an equivalent_to edge only when sources treat two separate concepts as interchangeable.
concept_alias,m1_geo_construction,작도,construction,m1_geo_construction,작도,중1(교육과정 학년군: 중1-3) > 도형과 측정 > 작도와 합동,alias_on_concept,preserve_alias_and_check_textbook_wording,high,3,Aliases are stored on the concept node; add an equivalent_to edge only when sources treat two separate concepts as interchangeable.
concept_alias,m1_geo_construction_process_explanation,작도 과정 설명하기,작도 순서 설명,m1_geo_construction_process_explanation,작도 과정 설명하기,중1(교육과정 학년군: 중1-3) > 도형과 측정 > 작도와 합동,alias_on_concept,preserve_alias_and_check_textbook_wording,high,2,Aliases are stored on the concept node; add an equivalent_to edge only when sources treat two separate concepts as interchangeable.
concept_alias,m1_geo_construction_congruence_unit,작도와 합동,삼각형 작도와 합동,m1_geo_construction_congruence_unit,작도와 합동,중1(교육과정 학년군: 중1-3) > 도형과 측정 > 작도와 합동,alias_on_concept,preserve_alias_and_check_textbook_wording,high,4,Aliases are stored on the concept node; add an equivalent_to edge only when sources treat two separate concepts as interchangeable.
concept_alias,m1_calc_expansion,전개,전개식; 식을 전개하기,m1_calc_expansion,전개,중1(교육과정 학년군: 중1-3) > 변화와 관계 > 식의 계산,alias_on_concept,preserve_alias_and_check_textbook_wording,high,3,Aliases are stored on the concept node; add an equivalent_to edge only when sources treat two separate concepts as interchangeable.
concept_alias,m1_geo_solid_net,전개도,net of solid,m1_geo_solid_net,전개도,중1(교육과정 학년군: 중1-3) > 도형과 측정 > 입체도형의 성질,alias_on_concept,preserve_alias_and_check_textbook_wording,high,5,Aliases are stored on the concept node; add an equivalent_to edge only when sources treat two separate concepts as interchangeable.
concept_alias,m1_geo_solid_net_drawing,전개도 그리기,입체도형의 전개도 그리기,m1_geo_solid_net_drawing,전개도 그리기,중1(교육과정 학년군: 중1-3) > 도형과 측정 > 입체도형의 성질,alias_on_concept,preserve_alias_and_check_textbook_wording,high,4,Aliases are stored on the concept node; add an equivalent_to edge only when sources treat two separate concepts as interchangeable.
concept_alias,m1_geo_solid_net_validity_judgement,전개도가 될 수 있는지 판단하기,전개도 가능 여부 판단; 전개도 판별,m1_geo_solid_net_validity_judgement,전개도가 될 수 있는지 판단하기,중1(교육과정 학년군: 중1-3) > 도형과 측정 > 입체도형의 성질,alias_on_concept,preserve_alias_and_check_textbook_wording,high,4,Aliases are stored on the concept node; add an equivalent_to edge only when sources treat two separate concepts as interchangeable.
concept_alias,m1_geo_net_surface_area_strategy,전개도로 겉넓이 구하기,전개도와 겉넓이,m1_geo_net_surface_area_strategy,전개도로 겉넓이 구하기,중1(교육과정 학년군: 중1-3) > 도형과 측정 > 입체도형의 성질,alias_on_concept,preserve_alias_and_check_textbook_wording,high,3,Aliases are stored on the concept node; add an equivalent_to edge only when sources treat two separate concepts as interchangeable.
concept_alias,m1_mis_solid_net_adjacency,전개도에서 붙는 면의 이웃 관계를 잘못 판단하는 오류,전개도 이웃 면 판단 오류; 전개도 접힘 오류,m1_mis_solid_net_adjacency,전개도에서 붙는 면의 이웃 관계를 잘못 판단하는 오류,중1(교육과정 학년군: 중1-3) > 도형과 측정 > 입체도형의 성질,alias_on_concept,preserve_alias_and_check_textbook_wording,high,2,Aliases are stored on the concept node; add an equivalent_to edge only when sources treat two separate concepts as interchangeable.
concept_alias,m1_factor_expanded_form,전개식,전개된 식; expanded form,m1_factor_expanded_form,전개식,중3(교육과정 학년군: 중1-3) > 변화와 관계 > 다항식의 곱셈과 인수분해,alias_on_concept,preserve_alias_and_check_textbook_wording,high,3,Aliases are stored on the concept node; add an equivalent_to edge only when sources treat two separate concepts as interchangeable.
concept_alias,m1_mis_expansion_factorization_direction,전개와 인수분해 방향을 혼동하는 오류,전개-인수분해 방향 오류,m1_mis_expansion_factorization_direction,전개와 인수분해 방향을 혼동하는 오류,중3(교육과정 학년군: 중1-3) > 변화와 관계 > 다항식의 곱셈과 인수분해,alias_on_concept,preserve_alias_and_check_textbook_wording,high,2,Aliases are stored on the concept node; add an equivalent_to edge only when sources treat two separate concepts as interchangeable.
concept_alias,m1_factor_expansion_factorization_inverse,전개와 인수분해의 역관계,전개-인수분해 역관계,m1_factor_expansion_factorization_inverse,전개와 인수분해의 역관계,중3(교육과정 학년군: 중1-3) > 변화와 관계 > 다항식의 곱셈과 인수분해,alias_on_concept,preserve_alias_and_check_textbook_wording,high,3,Aliases are stored on the concept node; add an equivalent_to edge only when sources treat two separate concepts as interchangeable.
concept_alias,m1_data_total_cases,전체 경우의 수,모든 경우의 수; 일어날 수 있는 모든 경우의 수,m1_data_total_cases,전체 경우의 수,중2(교육과정 학년군: 중1-3) > 자료와 가능성 > 경우의 수와 확률,alias_on_concept,preserve_alias_and_check_textbook_wording,high,3,Aliases are stored on the concept node; add an equivalent_to edge only when sources treat two separate concepts as interchangeable.
concept_alias,m1_num_absolute_value,절댓값,absolute value; | |,m1_num_absolute_value,절댓값,중1(교육과정 학년군: 중1-3) > 수와 연산 > 정수와 유리수,alias_on_concept,preserve_alias_and_check_textbook_wording,high,3,Aliases are stored on the concept node; add an equivalent_to edge only when sources treat two separate concepts as interchangeable.
concept_alias,m1_mis_absolute_value_positive,절댓값을 항상 양수로만 말하는 오류,절댓값 의미 오류,m1_mis_absolute_value_positive,절댓값을 항상 양수로만 말하는 오류,중1(교육과정 학년군: 중1-3) > 수와 연산 > 정수와 유리수,alias_on_concept,preserve_alias_and_check_textbook_wording,high,2,Aliases are stored on the concept node; add an equivalent_to edge only when sources treat two separate concepts as interchangeable.
concept_alias,m1_num_opposite_numbers,절댓값이 같고 부호가 다른 두 수,서로 부호가 반대인 두 수; opposite numbers,m1_num_opposite_numbers,절댓값이 같고 부호가 다른 두 수,중1(교육과정 학년군: 중1-3) > 수와 연산 > 정수와 유리수,alias_on_concept,preserve_alias_and_check_textbook_wording,high,3,Aliases are stored on the concept node; add an equivalent_to edge only when sources treat two separate concepts as interchangeable.
concept_alias,m1_geo_point,점,point,m1_geo_point,점,중1(교육과정 학년군: 중1-3) > 도형과 측정 > 기본 도형,alias_on_concept,preserve_alias_and_check_textbook_wording,high,2,Aliases are stored on the concept node; add an equivalent_to edge only when sources treat two separate concepts as interchangeable.
concept_alias,m1_geo_position_relation,"점, 직선, 평면의 위치 관계",위치 관계,m1_geo_position_relation,"점, 직선, 평면의 위치 관계",중1(교육과정 학년군: 중1-3) > 도형과 측정 > 기본 도형,alias_on_concept,preserve_alias_and_check_textbook_wording,high,2,Aliases are stored on the concept node; add an equivalent_to edge only when sources treat two separate concepts as interchangeable.
concept_alias,m1_geo_basic_figure_notation,점·선·면·각의 용어와 기호,기본 도형 기호; 점선면각 기호,m1_geo_basic_figure_notation,점·선·면·각의 용어와 기호,중1(교육과정 학년군: 중1-3) > 도형과 측정 > 기본 도형,alias_on_concept,preserve_alias_and_check_textbook_wording,high,3,Aliases are stored on the concept node; add an equivalent_to edge only when sources treat two separate concepts as interchangeable.
concept_alias,m1_geo_position_relation_explanation,점·직선·평면의 위치 관계 설명하기,위치 관계 설명,m1_geo_position_relation_explanation,점·직선·평면의 위치 관계 설명하기,중1(교육과정 학년군: 중1-3) > 도형과 측정 > 기본 도형,alias_on_concept,preserve_alias_and_check_textbook_wording,high,2,Aliases are stored on the concept node; add an equivalent_to edge only when sources treat two separate concepts as interchangeable.
concept_alias,m1_coord_point_location,점의 위치,좌표평면 위의 점; 수직선 위의 점,m1_coord_point_location,점의 위치,중1(교육과정 학년군: 중1-3) > 변화와 관계 > 좌표평면과 그래프,alias_on_concept,preserve_alias_and_check_textbook_wording,high,2,Aliases are stored on the concept node; add an equivalent_to edge only when sources treat two separate concepts as interchangeable.
concept_alias,m1_geo_tangent_line,접선,tangent line,m1_geo_tangent_line,접선,중3(교육과정 학년군: 중1-3) > 도형과 측정 > 원의 성질,alias_on_concept,preserve_alias_and_check_textbook_wording,high,3,Aliases are stored on the concept node; add an equivalent_to edge only when sources treat two separate concepts as interchangeable.
concept_alias,m1_mis_tangent_radius,접선과 반지름의 수직 관계를 놓치는 오류,접선-반지름 혼동,m1_mis_tangent_radius,접선과 반지름의 수직 관계를 놓치는 오류,중3(교육과정 학년군: 중1-3) > 도형과 측정 > 원의 성질,alias_on_concept,preserve_alias_and_check_textbook_wording,high,2,Aliases are stored on the concept node; add an equivalent_to edge only when sources treat two separate concepts as interchangeable.
concept_alias,m1_geo_tangent_length,접선의 길이,length of tangent,m1_geo_tangent_length,접선의 길이,중3(교육과정 학년군: 중1-3) > 도형과 측정 > 원의 성질,alias_on_concept,preserve_alias_and_check_textbook_wording,high,2,Aliases are stored on the concept node; add an equivalent_to edge only when sources treat two separate concepts as interchangeable.
concept_alias,m1_geo_tangent_point,접점,point of tangency,m1_geo_tangent_point,접점,중3(교육과정 학년군: 중1-3) > 도형과 측정 > 원의 성질,alias_on_concept,preserve_alias_and_check_textbook_wording,high,3,Aliases are stored on the concept node; add an equivalent_to edge only when sources treat two separate concepts as interchangeable.
concept_alias,m1_geo_tangent_radius_perpendicular,접점에서의 접선과 반지름의 수직 관계,접선과 반지름; 접점의 반지름과 접선,m1_geo_tangent_radius_perpendicular,접점에서의 접선과 반지름의 수직 관계,중3(교육과정 학년군: 중1-3) > 도형과 측정 > 원의 성질,alias_on_concept,preserve_alias_and_check_textbook_wording,high,3,Aliases are stored on the concept node; add an equivalent_to edge only when sources treat two separate concepts as interchangeable.
concept_alias,m1_geo_tangent_relation,접한다,tangent relation,m1_geo_tangent_relation,접한다,중3(교육과정 학년군: 중1-3) > 도형과 측정 > 원의 성질,alias_on_concept,preserve_alias_and_check_textbook_wording,high,3,Aliases are stored on the concept node; add an equivalent_to edge only when sources treat two separate concepts as interchangeable.
concept_alias,m1_geo_regular_polyhedron,정다면체,regular polyhedron,m1_geo_regular_polyhedron,정다면체,중1(교육과정 학년군: 중1-3) > 도형과 측정 > 입체도형의 성질,alias_on_concept,preserve_alias_and_check_textbook_wording,high,3,Aliases are stored on the concept node; add an equivalent_to edge only when sources treat two separate concepts as interchangeable.
concept_alias,m1_geo_justification,정당화,수학적 정당화,m1_geo_justification,정당화,중2(교육과정 학년군: 중1-3) > 도형과 측정 > 삼각형과 사각형의 성질,alias_on_concept,preserve_alias_and_check_textbook_wording,high,2,Aliases are stored on the concept node; add an equivalent_to edge only when sources treat two separate concepts as interchangeable.
concept_alias,m1_prop_direct_proportion,정비례,direct proportion; 정비례 관계,m1_prop_direct_proportion,정비례,중1(교육과정 학년군: 중1-3) > 변화와 관계 > 좌표평면과 그래프,alias_on_concept,preserve_alias_and_check_textbook_wording,high,3,Aliases are stored on the concept node; add an equivalent_to edge only when sources treat two separate concepts as interchangeable.
concept_alias,m1_prop_proportion_relation,정비례·반비례 관계 판단,비례 관계 판단; 관계 판별,m1_prop_proportion_relation,정비례·반비례 관계 판단,중1(교육과정 학년군: 중1-3) > 변화와 관계 > 좌표평면과 그래프,alias_on_concept,preserve_alias_and_check_textbook_wording,high,2,Aliases are stored on the concept node; add an equivalent_to edge only when sources treat two separate concepts as interchangeable.
concept_alias,m1_geo_square,정사각형,square,m1_geo_square,정사각형,중2(교육과정 학년군: 중1-3) > 도형과 측정 > 삼각형과 사각형의 성질,alias_on_concept,preserve_alias_and_check_textbook_wording,high,2,Aliases are stored on the concept node; add an equivalent_to edge only when sources treat two separate concepts as interchangeable.
concept_alias,m1_geo_square_rectangle_rhombus_relation,정사각형과 직사각형·마름모의 관계,정사각형 포함 관계,m1_geo_square_rectangle_rhombus_relation,정사각형과 직사각형·마름모의 관계,중2(교육과정 학년군: 중1-3) > 도형과 측정 > 삼각형과 사각형의 성질,alias_on_concept,preserve_alias_and_check_textbook_wording,high,2,Aliases are stored on the concept node; add an equivalent_to edge only when sources treat two separate concepts as interchangeable.
concept_alias,m1_num_integer,정수,integer,m1_num_integer,정수,중1(교육과정 학년군: 중1-3) > 수와 연산 > 정수와 유리수,alias_on_concept,preserve_alias_and_check_textbook_wording,high,4,Aliases are stored on the concept node; add an equivalent_to edge only when sources treat two separate concepts as interchangeable.
concept_alias,m1_num_integer_rational_unit,정수와 유리수,integers and rational numbers,m1_num_integer_rational_unit,정수와 유리수,중1(교육과정 학년군: 중1-3) > 수와 연산 > 정수와 유리수,alias_on_concept,preserve_alias_and_check_textbook_wording,high,9,Aliases are stored on the concept node; add an equivalent_to edge only when sources treat two separate concepts as interchangeable.
concept_alias,m1_num_integer_rational_mul_div,정수와 유리수의 곱셈과 나눗셈,유리수의 곱셈과 나눗셈,m1_num_integer_rational_mul_div,정수와 유리수의 곱셈과 나눗셈,중1(교육과정 학년군: 중1-3) > 수와 연산 > 정수와 유리수,alias_on_concept,preserve_alias_and_check_textbook_wording,high,3,Aliases are stored on the concept node; add an equivalent_to edge only when sources treat two separate concepts as interchangeable.
concept_alias,m1_num_order_relation,정수와 유리수의 대소 관계,"수의 크기 비교; <, >, ≤, ≥",m1_num_order_relation,정수와 유리수의 대소 관계,중1(교육과정 학년군: 중1-3) > 수와 연산 > 정수와 유리수,alias_on_concept,preserve_alias_and_check_textbook_wording,high,4,Aliases are stored on the concept node; add an equivalent_to edge only when sources treat two separate concepts as interchangeable.
concept_alias,m1_num_integer_rational_add_sub,정수와 유리수의 덧셈과 뺄셈,유리수의 덧셈과 뺄셈,m1_num_integer_rational_add_sub,정수와 유리수의 덧셈과 뺄셈,중1(교육과정 학년군: 중1-3) > 수와 연산 > 정수와 유리수,alias_on_concept,preserve_alias_and_check_textbook_wording,high,3,Aliases are stored on the concept node; add an equivalent_to edge only when sources treat two separate concepts as interchangeable.
concept_alias,m1_num_four_operations,정수와 유리수의 사칙계산,정수와 유리수의 덧셈·뺄셈·곱셈·나눗셈,m1_num_four_operations,정수와 유리수의 사칙계산,중1(교육과정 학년군: 중1-3) > 수와 연산 > 정수와 유리수,alias_on_concept,preserve_alias_and_check_textbook_wording,high,4,Aliases are stored on the concept node; add an equivalent_to edge only when sources treat two separate concepts as interchangeable.
concept_alias,m1_num_mixed_calculation,정수와 유리수의 혼합계산,유리수 혼합계산,m1_num_mixed_calculation,정수와 유리수의 혼합계산,중1(교육과정 학년군: 중1-3) > 수와 연산 > 정수와 유리수,alias_on_concept,preserve_alias_and_check_textbook_wording,high,4,Aliases are stored on the concept node; add an equivalent_to edge only when sources treat two separate concepts as interchangeable.
concept_alias,m1_coord_quadrant_1,제1사분면,1사분면,m1_coord_quadrant_1,제1사분면,중1(교육과정 학년군: 중1-3) > 변화와 관계 > 좌표평면과 그래프,alias_on_concept,preserve_alias_and_check_textbook_wording,high,1,Aliases are stored on the concept node; add an equivalent_to edge only when sources treat two separate concepts as interchangeable.
concept_alias,m1_data_first_quartile,제1사분위수,Q1; 하위 사분위수,m1_data_first_quartile,제1사분위수,중3(교육과정 학년군: 중1-3) > 자료와 가능성 > 상자그림과 산점도,alias_on_concept,preserve_alias_and_check_textbook_wording,high,3,Aliases are stored on the concept node; add an equivalent_to edge only when sources treat two separate concepts as interchangeable.
concept_alias,m1_coord_quadrant_2,제2사분면,2사분면,m1_coord_quadrant_2,제2사분면,중1(교육과정 학년군: 중1-3) > 변화와 관계 > 좌표평면과 그래프,alias_on_concept,preserve_alias_and_check_textbook_wording,high,1,Aliases are stored on the concept node; add an equivalent_to edge only when sources treat two separate concepts as interchangeable.
concept_alias,m1_data_second_quartile,제2사분위수,Q2; 사분위수에서의 중앙값,m1_data_second_quartile,제2사분위수,중3(교육과정 학년군: 중1-3) > 자료와 가능성 > 상자그림과 산점도,alias_on_concept,preserve_alias_and_check_textbook_wording,high,3,Aliases are stored on the concept node; add an equivalent_to edge only when sources treat two separate concepts as interchangeable.
concept_alias,m1_coord_quadrant_3,제3사분면,3사분면,m1_coord_quadrant_3,제3사분면,중1(교육과정 학년군: 중1-3) > 변화와 관계 > 좌표평면과 그래프,alias_on_concept,preserve_alias_and_check_textbook_wording,high,1,Aliases are stored on the concept node; add an equivalent_to edge only when sources treat two separate concepts as interchangeable.
concept_alias,m1_data_third_quartile,제3사분위수,Q3; 상위 사분위수,m1_data_third_quartile,제3사분위수,중3(교육과정 학년군: 중1-3) > 자료와 가능성 > 상자그림과 산점도,alias_on_concept,preserve_alias_and_check_textbook_wording,high,3,Aliases are stored on the concept node; add an equivalent_to edge only when sources treat two separate concepts as interchangeable.
concept_alias,m1_coord_quadrant_4,제4사분면,4사분면,m1_coord_quadrant_4,제4사분면,중1(교육과정 학년군: 중1-3) > 변화와 관계 > 좌표평면과 그래프,alias_on_concept,preserve_alias_and_check_textbook_wording,high,1,Aliases are stored on the concept node; add an equivalent_to edge only when sources treat two separate concepts as interchangeable.
concept_alias,m1_num_square_root,제곱근,square root,m1_num_square_root,제곱근,중3(교육과정 학년군: 중1-3) > 수와 연산 > 제곱근과 실수,alias_on_concept,preserve_alias_and_check_textbook_wording,high,4,Aliases are stored on the concept node; add an equivalent_to edge only when sources treat two separate concepts as interchangeable.
concept_alias,m1_num_find_square_root,제곱근 구하기,finding square roots,m1_num_find_square_root,제곱근 구하기,중3(교육과정 학년군: 중1-3) > 수와 연산 > 제곱근과 실수,alias_on_concept,preserve_alias_and_check_textbook_wording,high,3,Aliases are stored on the concept node; add an equivalent_to edge only when sources treat two separate concepts as interchangeable.
concept_alias,m1_num_square_root_real_unit,제곱근과 실수,square roots and real numbers,m1_num_square_root_real_unit,제곱근과 실수,중3(교육과정 학년군: 중1-3) > 수와 연산 > 제곱근과 실수,alias_on_concept,preserve_alias_and_check_textbook_wording,high,10,Aliases are stored on the concept node; add an equivalent_to edge only when sources treat two separate concepts as interchangeable.
concept_alias,m1_num_represent_square_root_radical,제곱근을 근호로 나타내기,근호를 사용한 제곱근 표현; radical representation,m1_num_represent_square_root_radical,제곱근을 근호로 나타내기,중3(교육과정 학년군: 중1-3) > 수와 연산 > 제곱근과 실수,alias_on_concept,preserve_alias_and_check_textbook_wording,high,3,Aliases are stored on the concept node; add an equivalent_to edge only when sources treat two separate concepts as interchangeable.
concept_alias,m1_num_radical_mul_div,제곱근의 곱셈과 나눗셈,근호를 포함한 식의 곱셈과 나눗셈; radical multiplication and division,m1_num_radical_mul_div,제곱근의 곱셈과 나눗셈,중3(교육과정 학년군: 중1-3) > 수와 연산 > 제곱근과 실수,alias_on_concept,preserve_alias_and_check_textbook_wording,high,3,Aliases are stored on the concept node; add an equivalent_to edge only when sources treat two separate concepts as interchangeable.
concept_alias,m1_num_compare_square_roots,제곱근의 대소 관계,square root comparison,m1_num_compare_square_roots,제곱근의 대소 관계,중3(교육과정 학년군: 중1-3) > 수와 연산 > 제곱근과 실수,alias_on_concept,preserve_alias_and_check_textbook_wording,high,3,Aliases are stored on the concept node; add an equivalent_to edge only when sources treat two separate concepts as interchangeable.
concept_alias,m1_num_square_root_property,제곱근의 성질,properties of square roots,m1_num_square_root_property,제곱근의 성질,중3(교육과정 학년군: 중1-3) > 수와 연산 > 제곱근과 실수,alias_on_concept,preserve_alias_and_check_textbook_wording,high,3,Aliases are stored on the concept node; add an equivalent_to edge only when sources treat two separate concepts as interchangeable.
concept_alias,m1_num_square_number,제곱수,square number,m1_num_square_number,제곱수,중3(교육과정 학년군: 중1-3) > 수와 연산 > 제곱근과 실수,alias_on_concept,preserve_alias_and_check_textbook_wording,high,1,Aliases are stored on the concept node; add an equivalent_to edge only when sources treat two separate concepts as interchangeable.
concept_alias,m1_eq_left_side,좌변,left-hand side,m1_eq_left_side,좌변,중1(교육과정 학년군: 중1-3) > 변화와 관계 > 일차방정식,alias_on_concept,preserve_alias_and_check_textbook_wording,high,1,Aliases are stored on the concept node; add an equivalent_to edge only when sources treat two separate concepts as interchangeable.
concept_alias,m1_coord_coordinate,좌표,점의 좌표; coordinate,m1_coord_coordinate,좌표,중1(교육과정 학년군: 중1-3) > 변화와 관계 > 좌표평면과 그래프,alias_on_concept,preserve_alias_and_check_textbook_wording,high,3,Aliases are stored on the concept node; add an equivalent_to edge only when sources treat two separate concepts as interchangeable.
concept_alias,m1_coord_usefulness,좌표 표현의 편리함,좌표의 유용성; 좌표의 편리함,m1_coord_usefulness,좌표 표현의 편리함,중1(교육과정 학년군: 중1-3) > 변화와 관계 > 좌표평면과 그래프,alias_on_concept,preserve_alias_and_check_textbook_wording,high,3,Aliases are stored on the concept node; add an equivalent_to edge only when sources treat two separate concepts as interchangeable.
concept_alias,m1_coord_axis,좌표축,coordinate axes; 축,m1_coord_axis,좌표축,중1(교육과정 학년군: 중1-3) > 변화와 관계 > 좌표평면과 그래프,alias_on_concept,preserve_alias_and_check_textbook_wording,high,1,Aliases are stored on the concept node; add an equivalent_to edge only when sources treat two separate concepts as interchangeable.
concept_alias,m1_coord_coordinate_plane,좌표평면,coordinate plane; xy평면,m1_coord_coordinate_plane,좌표평면,중1(교육과정 학년군: 중1-3) > 변화와 관계 > 좌표평면과 그래프,alias_on_concept,preserve_alias_and_check_textbook_wording,high,3,Aliases are stored on the concept node; add an equivalent_to edge only when sources treat two separate concepts as interchangeable.
concept_alias,m1_coord_graph_unit,좌표평면과 그래프,좌표와 그래프; 좌표평면,m1_coord_graph_unit,좌표평면과 그래프,중1(교육과정 학년군: 중1-3) > 변화와 관계 > 좌표평면과 그래프,alias_on_concept,preserve_alias_and_check_textbook_wording,high,3,Aliases are stored on the concept node; add an equivalent_to edge only when sources treat two separate concepts as interchangeable.
concept_alias,m1_graph_periodic_change,주기적 변화,주기 변화,m1_graph_periodic_change,주기적 변화,중1(교육과정 학년군: 중1-3) > 변화와 관계 > 좌표평면과 그래프,alias_on_concept,preserve_alias_and_check_textbook_wording,high,1,Aliases are stored on the concept node; add an equivalent_to edge only when sources treat two separate concepts as interchangeable.
concept_alias,m1_geo_copy_angle_construction,주어진 각과 크기가 같은 각 작도,각 옮기기,m1_geo_copy_angle_construction,주어진 각과 크기가 같은 각 작도,중1(교육과정 학년군: 중1-3) > 도형과 측정 > 작도와 합동,alias_on_concept,preserve_alias_and_check_textbook_wording,high,2,Aliases are stored on the concept node; add an equivalent_to edge only when sources treat two separate concepts as interchangeable.
concept_alias,m1_geo_congruent_triangle_construction,주어진 삼각형과 합동인 삼각형 작도,합동인 삼각형 작도,m1_geo_congruent_triangle_construction,주어진 삼각형과 합동인 삼각형 작도,중1(교육과정 학년군: 중1-3) > 도형과 측정 > 작도와 합동,alias_on_concept,preserve_alias_and_check_textbook_wording,high,2,Aliases are stored on the concept node; add an equivalent_to edge only when sources treat two separate concepts as interchangeable.
concept_alias,m1_geo_copy_segment_construction,주어진 선분과 길이가 같은 선분 작도,선분 옮기기,m1_geo_copy_segment_construction,주어진 선분과 길이가 같은 선분 작도,중1(교육과정 학년군: 중1-3) > 도형과 측정 > 작도와 합동,alias_on_concept,preserve_alias_and_check_textbook_wording,high,2,Aliases are stored on the concept node; add an equivalent_to edge only when sources treat two separate concepts as interchangeable.
concept_alias,m1_data_stem_leaf_plot,줄기와 잎 그림,stem-and-leaf plot,m1_data_stem_leaf_plot,줄기와 잎 그림,중1(교육과정 학년군: 중1-3) > 자료와 가능성 > 도수분포표와 상대도수,alias_on_concept,preserve_alias_and_check_textbook_wording,high,4,Aliases are stored on the concept node; add an equivalent_to edge only when sources treat two separate concepts as interchangeable.
concept_alias,m1_quad_eq_double_root,중근,double root,m1_quad_eq_double_root,중근,중3(교육과정 학년군: 중1-3) > 변화와 관계 > 이차방정식,alias_on_concept,preserve_alias_and_check_textbook_wording,high,3,Aliases are stored on the concept node; add an equivalent_to edge only when sources treat two separate concepts as interchangeable.
concept_alias,m1_geo_median,중선,median,m1_geo_median,중선,중2(교육과정 학년군: 중1-3) > 도형과 측정 > 삼각형과 사각형의 성질,alias_on_concept,preserve_alias_and_check_textbook_wording,high,3,Aliases are stored on the concept node; add an equivalent_to edge only when sources treat two separate concepts as interchangeable.
concept_alias,m1_geo_centroid_location_by_median_ratio,중선 위 2:1 비로 무게중심 위치 찾기,무게중심 위치 찾기,m1_geo_centroid_location_by_median_ratio,중선 위 2:1 비로 무게중심 위치 찾기,중2(교육과정 학년군: 중1-3) > 도형과 측정 > 도형의 닮음,alias_on_concept,preserve_alias_and_check_textbook_wording,high,2,Aliases are stored on the concept node; add an equivalent_to edge only when sources treat two separate concepts as interchangeable.
concept_alias,m1_geo_central_angle,중심각,central angle,m1_geo_central_angle,중심각,중1(교육과정 학년군: 중1-3) > 도형과 측정 > 평면도형의 성질,alias_on_concept,preserve_alias_and_check_textbook_wording,high,3,Aliases are stored on the concept node; add an equivalent_to edge only when sources treat two separate concepts as interchangeable.
concept_alias,m1_mis_sector_angle_proportion,중심각 비례 관계를 호의 길이와 넓이에 적용하지 않는 오류,부채꼴 중심각 비례 혼동,m1_mis_sector_angle_proportion,중심각 비례 관계를 호의 길이와 넓이에 적용하지 않는 오류,중1(교육과정 학년군: 중1-3) > 도형과 측정 > 평면도형의 성질,alias_on_concept,preserve_alias_and_check_textbook_wording,high,2,Aliases are stored on the concept node; add an equivalent_to edge only when sources treat two separate concepts as interchangeable.
concept_alias,m1_geo_central_inscribed_angle_relation,중심각과 원주각의 관계,중심각과 원주각,m1_geo_central_inscribed_angle_relation,중심각과 원주각의 관계,중3(교육과정 학년군: 중1-3) > 도형과 측정 > 원의 성질,alias_on_concept,preserve_alias_and_check_textbook_wording,high,4,Aliases are stored on the concept node; add an equivalent_to edge only when sources treat two separate concepts as interchangeable.
concept_alias,m1_geo_sector_proportional_reasoning,중심각에 따른 부채꼴 비례 추론,부채꼴 비례 추론; 중심각 비례,m1_geo_sector_proportional_reasoning,중심각에 따른 부채꼴 비례 추론,중1(교육과정 학년군: 중1-3) > 도형과 측정 > 평면도형의 성질,alias_on_concept,preserve_alias_and_check_textbook_wording,high,2,Aliases are stored on the concept node; add an equivalent_to edge only when sources treat two separate concepts as interchangeable.
concept_alias,m1_data_median,중앙값,median,m1_data_median,중앙값,중1(교육과정 학년군: 중1-3) > 자료와 가능성 > 대푯값,alias_on_concept,preserve_alias_and_check_textbook_wording,high,3,Aliases are stored on the concept node; add an equivalent_to edge only when sources treat two separate concepts as interchangeable.
concept_alias,m1_data_ordered_data_for_median,중앙값을 구하기 위한 자료 정렬,중앙값 자료 정렬; 자료를 크기순으로 배열하기,m1_data_ordered_data_for_median,중앙값을 구하기 위한 자료 정렬,중1(교육과정 학년군: 중1-3) > 자료와 가능성 > 대푯값,alias_on_concept,preserve_alias_and_check_textbook_wording,high,3,Aliases are stored on the concept node; add an equivalent_to edge only when sources treat two separate concepts as interchangeable.
concept_alias,m1_geo_midpoint,중점,midpoint,m1_geo_midpoint,중점,중1(교육과정 학년군: 중1-3) > 도형과 측정 > 기본 도형,alias_on_concept,preserve_alias_and_check_textbook_wording,high,3,Aliases are stored on the concept node; add an equivalent_to edge only when sources treat two separate concepts as interchangeable.
concept_alias,m1_mis_direct_inverse_generalization,증가·감소만으로 정비례·반비례 판단,비례 관계 과잉 일반화; 증감만으로 판단,m1_mis_direct_inverse_generalization,증가·감소만으로 정비례·반비례 판단,중1(교육과정 학년군: 중1-3) > 변화와 관계 > 좌표평면과 그래프,alias_on_concept,preserve_alias_and_check_textbook_wording,high,3,Aliases are stored on the concept node; add an equivalent_to edge only when sources treat two separate concepts as interchangeable.
concept_alias,m1_graph_increase_decrease,증가와 감소,증가; 감소,m1_graph_increase_decrease,증가와 감소,중1(교육과정 학년군: 중1-3) > 변화와 관계 > 좌표평면과 그래프,alias_on_concept,preserve_alias_and_check_textbook_wording,high,1,Aliases are stored on the concept node; add an equivalent_to edge only when sources treat two separate concepts as interchangeable.
concept_alias,m1_geo_proof,증명,proof,m1_geo_proof,증명,중2(교육과정 학년군: 중1-3) > 도형과 측정 > 삼각형과 사각형의 성질,alias_on_concept,preserve_alias_and_check_textbook_wording,high,3,Aliases are stored on the concept node; add an equivalent_to edge only when sources treat two separate concepts as interchangeable.
concept_alias,m1_mis_complex_area_volume_scope,지나치게 복잡한 넓이·부피 변형 문제 범위 혼동,복잡한 겉넓이·부피 문제 범위,m1_mis_complex_area_volume_scope,지나치게 복잡한 넓이·부피 변형 문제 범위 혼동,중1(교육과정 학년군: 중1-3) > 도형과 측정 > 입체도형의 성질,alias_on_concept,preserve_alias_and_check_textbook_wording,high,1,Aliases are stored on the concept node; add an equivalent_to edge only when sources treat two separate concepts as interchangeable.
concept_alias,m1_calc_exponent,지수,exponent,m1_calc_exponent,지수,중1(교육과정 학년군: 중1-3) > 변화와 관계 > 식의 계산,alias_on_concept,preserve_alias_and_check_textbook_wording,high,3,Aliases are stored on the concept node; add an equivalent_to edge only when sources treat two separate concepts as interchangeable.
concept_alias,m1_calc_exponent_laws,지수법칙,exponent laws,m1_calc_exponent_laws,지수법칙,중1(교육과정 학년군: 중1-3) > 변화와 관계 > 식의 계산,alias_on_concept,preserve_alias_and_check_textbook_wording,high,3,Aliases are stored on the concept node; add an equivalent_to edge only when sources treat two separate concepts as interchangeable.
concept_alias,m1_calc_exponent_law_same_base_condition,지수법칙 적용 조건: 밑이 같음,밑이 같은 조건; 같은 밑 조건,m1_calc_exponent_law_same_base_condition,지수법칙 적용 조건: 밑이 같음,중1(교육과정 학년군: 중1-3) > 변화와 관계 > 식의 계산,alias_on_concept,preserve_alias_and_check_textbook_wording,high,3,Aliases are stored on the concept node; add an equivalent_to edge only when sources treat two separate concepts as interchangeable.
concept_alias,m1_calc_apply_exponent_laws_to_monomials,지수법칙을 단항식 계산에 적용하기,단항식 계산에 지수법칙 적용,m1_calc_apply_exponent_laws_to_monomials,지수법칙을 단항식 계산에 적용하기,중1(교육과정 학년군: 중1-3) > 변화와 관계 > 식의 계산,alias_on_concept,preserve_alias_and_check_textbook_wording,high,3,Aliases are stored on the concept node; add an equivalent_to edge only when sources treat two separate concepts as interchangeable.
concept_alias,m1_geo_right_triangle,직각삼각형,right triangle,m1_geo_right_triangle,직각삼각형,중2(교육과정 학년군: 중1-3) > 도형과 측정 > 피타고라스 정리,alias_on_concept,preserve_alias_and_check_textbook_wording,high,3,Aliases are stored on the concept node; add an equivalent_to edge only when sources treat two separate concepts as interchangeable.
concept_alias,m1_geo_right_triangle_congruence_judgement,직각삼각형 합동 판별하기,직각삼각형 합동 판단,m1_geo_right_triangle_congruence_judgement,직각삼각형 합동 판별하기,중2(교육과정 학년군: 중1-3) > 도형과 측정 > 삼각형과 사각형의 성질,alias_on_concept,preserve_alias_and_check_textbook_wording,high,3,Aliases are stored on the concept node; add an equivalent_to edge only when sources treat two separate concepts as interchangeable.
concept_alias,m1_geo_right_triangle_trig_value,직각삼각형에서 삼각비 값 구하기,삼각비 값 구하기,m1_geo_right_triangle_trig_value,직각삼각형에서 삼각비 값 구하기,중3(교육과정 학년군: 중1-3) > 도형과 측정 > 삼각비,alias_on_concept,preserve_alias_and_check_textbook_wording,high,2,Aliases are stored on the concept node; add an equivalent_to edge only when sources treat two separate concepts as interchangeable.
concept_alias,m1_geo_pythagorean_legs,직각삼각형의 두 직각변,직각변; legs of a right triangle,m1_geo_pythagorean_legs,직각삼각형의 두 직각변,중2(교육과정 학년군: 중1-3) > 도형과 측정 > 피타고라스 정리,alias_on_concept,preserve_alias_and_check_textbook_wording,high,2,Aliases are stored on the concept node; add an equivalent_to edge only when sources treat two separate concepts as interchangeable.
concept_alias,m1_geo_pythagorean_right_angle,직각삼각형의 직각,right angle in a right triangle; 직각,m1_geo_pythagorean_right_angle,직각삼각형의 직각,중2(교육과정 학년군: 중1-3) > 도형과 측정 > 피타고라스 정리,alias_on_concept,preserve_alias_and_check_textbook_wording,high,2,Aliases are stored on the concept node; add an equivalent_to edge only when sources treat two separate concepts as interchangeable.
concept_alias,m1_geo_right_triangle_congruence_conditions,직각삼각형의 합동 조건,직각삼각형 합동 조건,m1_geo_right_triangle_congruence_conditions,직각삼각형의 합동 조건,중2(교육과정 학년군: 중1-3) > 도형과 측정 > 삼각형과 사각형의 성질,alias_on_concept,preserve_alias_and_check_textbook_wording,high,3,Aliases are stored on the concept node; add an equivalent_to edge only when sources treat two separate concepts as interchangeable.
concept_alias,m1_mis_pythagorean_non_right_triangle,직각삼각형이 아닌 삼각형에 피타고라스 정리를 적용하는 오류,비직각삼각형 적용 오류,m1_mis_pythagorean_non_right_triangle,직각삼각형이 아닌 삼각형에 피타고라스 정리를 적용하는 오류,중2(교육과정 학년군: 중1-3) > 도형과 측정 > 피타고라스 정리,alias_on_concept,preserve_alias_and_check_textbook_wording,high,2,Aliases are stored on the concept node; add an equivalent_to edge only when sources treat two separate concepts as interchangeable.
concept_alias,m1_geo_perpendicular,직교,수직; perpendicular,m1_geo_perpendicular,직교,중1(교육과정 학년군: 중1-3) > 도형과 측정 > 기본 도형,alias_on_concept,preserve_alias_and_check_textbook_wording,high,3,Aliases are stored on the concept node; add an equivalent_to edge only when sources treat two separate concepts as interchangeable.
concept_alias,m1_geo_rectangle,직사각형,rectangle,m1_geo_rectangle,직사각형,중2(교육과정 학년군: 중1-3) > 도형과 측정 > 삼각형과 사각형의 성질,alias_on_concept,preserve_alias_and_check_textbook_wording,high,2,Aliases are stored on the concept node; add an equivalent_to edge only when sources treat two separate concepts as interchangeable.
concept_alias,m1_geo_rectangle_diagonals_equal,직사각형의 대각선의 길이가 같음,직사각형의 두 대각선,m1_geo_rectangle_diagonals_equal,직사각형의 대각선의 길이가 같음,중2(교육과정 학년군: 중1-3) > 도형과 측정 > 삼각형과 사각형의 성질,alias_on_concept,preserve_alias_and_check_textbook_wording,high,2,Aliases are stored on the concept node; add an equivalent_to edge only when sources treat two separate concepts as interchangeable.
concept_alias,m1_geo_line,직선,선; line,m1_geo_line,직선,중1(교육과정 학년군: 중1-3) > 도형과 측정 > 기본 도형,alias_on_concept,preserve_alias_and_check_textbook_wording,high,2,Aliases are stored on the concept node; add an equivalent_to edge only when sources treat two separate concepts as interchangeable.
concept_alias,m1_mis_even_median_no_average,짝수 개 자료에서 두 가운데 값 중 하나만 중앙값으로 보는 오류,짝수 중앙값 평균 누락 오류,m1_mis_even_median_no_average,짝수 개 자료에서 두 가운데 값 중 하나만 중앙값으로 보는 오류,중1(교육과정 학년군: 중1-3) > 자료와 가능성 > 대푯값,alias_on_concept,preserve_alias_and_check_textbook_wording,high,3,Aliases are stored on the concept node; add an equivalent_to edge only when sources treat two separate concepts as interchangeable.
concept_alias,m1_expr_degree,차수,degree,m1_expr_degree,차수,중1(교육과정 학년군: 중1-3) > 변화와 관계 > 문자의 사용과 식,alias_on_concept,preserve_alias_and_check_textbook_wording,high,1,Aliases are stored on the concept node; add an equivalent_to edge only when sources treat two separate concepts as interchangeable.
concept_alias,m1_data_total_frequency,총도수,도수의 총합; 전체 도수,m1_data_total_frequency,총도수,중1(교육과정 학년군: 중1-3) > 자료와 가능성 > 도수분포표와 상대도수,alias_on_concept,preserve_alias_and_check_textbook_wording,high,4,Aliases are stored on the concept node; add an equivalent_to edge only when sources treat two separate concepts as interchangeable.
concept_alias,m1_num_gcd,최대공약수,GCD; greatest common divisor,m1_num_gcd,최대공약수,중1(교육과정 학년군: 중1-3) > 수와 연산 > 소인수분해,alias_on_concept,preserve_alias_and_check_textbook_wording,high,3,Aliases are stored on the concept node; add an equivalent_to edge only when sources treat two separate concepts as interchangeable.
concept_alias,m1_mis_gcd_lcm_scope,최대공약수·최소공배수 활용 문제를 범위로 오인하는 오류,최대공약수·최소공배수 활용 범위 오류,m1_mis_gcd_lcm_scope,최대공약수·최소공배수 활용 문제를 범위로 오인하는 오류,중1(교육과정 학년군: 중1-3) > 수와 연산 > 소인수분해,alias_on_concept,preserve_alias_and_check_textbook_wording,high,1,Aliases are stored on the concept node; add an equivalent_to edge only when sources treat two separate concepts as interchangeable.
concept_alias,m1_num_gcd_prime_factor_product,최대공약수를 공통 소인수의 곱으로 나타내기,공통 소인수의 곱으로 최대공약수 구하기,m1_num_gcd_prime_factor_product,최대공약수를 공통 소인수의 곱으로 나타내기,중1(교육과정 학년군: 중1-3) > 수와 연산 > 소인수분해,alias_on_concept,preserve_alias_and_check_textbook_wording,high,3,Aliases are stored on the concept node; add an equivalent_to edge only when sources treat two separate concepts as interchangeable.
concept_alias,m1_mis_gcd_lcm_common_all_prime_factor,최대공약수와 최소공배수에서 공통 소인수와 모든 소인수를 뒤바꾸는 오류,공통 소인수-모든 소인수 선택 혼동,m1_mis_gcd_lcm_common_all_prime_factor,최대공약수와 최소공배수에서 공통 소인수와 모든 소인수를 뒤바꾸는 오류,중1(교육과정 학년군: 중1-3) > 수와 연산 > 소인수분해,alias_on_concept,preserve_alias_and_check_textbook_wording,high,3,Aliases are stored on the concept node; add an equivalent_to edge only when sources treat two separate concepts as interchangeable.
concept_alias,m1_num_gcd_lcm_principle_explanation,최대공약수와 최소공배수의 원리 설명하기,최대공약수와 최소공배수 구하는 원리 설명,m1_num_gcd_lcm_principle_explanation,최대공약수와 최소공배수의 원리 설명하기,중1(교육과정 학년군: 중1-3) > 수와 연산 > 소인수분해,alias_on_concept,preserve_alias_and_check_textbook_wording,high,3,Aliases are stored on the concept node; add an equivalent_to edge only when sources treat two separate concepts as interchangeable.
concept_alias,m1_data_maximum_value,최댓값,maximum,m1_data_maximum_value,최댓값,중3(교육과정 학년군: 중1-3) > 자료와 가능성 > 상자그림과 산점도,alias_on_concept,preserve_alias_and_check_textbook_wording,high,2,Aliases are stored on the concept node; add an equivalent_to edge only when sources treat two separate concepts as interchangeable.
concept_alias,m1_quad_func_maximum,최댓값,maximum value,m1_quad_func_maximum,최댓값,중3(교육과정 학년군: 중1-3) > 변화와 관계 > 이차함수와 그 그래프,alias_on_concept,preserve_alias_and_check_textbook_wording,high,3,Aliases are stored on the concept node; add an equivalent_to edge only when sources treat two separate concepts as interchangeable.
concept_alias,m1_mis_max_min_scope,최댓값·최솟값의 범위를 임의로 확장하는 오류,최대최소 범위 오류,m1_mis_max_min_scope,최댓값·최솟값의 범위를 임의로 확장하는 오류,중3(교육과정 학년군: 중1-3) > 변화와 관계 > 이차함수와 그 그래프,alias_on_concept,preserve_alias_and_check_textbook_wording,high,1,Aliases are stored on the concept node; add an equivalent_to edge only when sources treat two separate concepts as interchangeable.
concept_alias,m1_data_mode,최빈값,mode,m1_data_mode,최빈값,중1(교육과정 학년군: 중1-3) > 자료와 가능성 > 대푯값,alias_on_concept,preserve_alias_and_check_textbook_wording,high,3,Aliases are stored on the concept node; add an equivalent_to edge only when sources treat two separate concepts as interchangeable.
concept_alias,m1_data_mode_selection,최빈값 찾기,최빈값 구하기,m1_data_mode_selection,최빈값 찾기,중1(교육과정 학년군: 중1-3) > 자료와 가능성 > 대푯값,alias_on_concept,preserve_alias_and_check_textbook_wording,high,3,Aliases are stored on the concept node; add an equivalent_to edge only when sources treat two separate concepts as interchangeable.
concept_alias,m1_mis_mode_largest_value,최빈값을 가장 큰 값으로 보는 오류,최빈값-최댓값 혼동,m1_mis_mode_largest_value,최빈값을 가장 큰 값으로 보는 오류,중1(교육과정 학년군: 중1-3) > 자료와 가능성 > 대푯값,alias_on_concept,preserve_alias_and_check_textbook_wording,high,3,Aliases are stored on the concept node; add an equivalent_to edge only when sources treat two separate concepts as interchangeable.
concept_alias,m1_data_no_mode,최빈값이 없는 경우,최빈값 없음,m1_data_no_mode,최빈값이 없는 경우,중1(교육과정 학년군: 중1-3) > 자료와 가능성 > 대푯값,alias_on_concept,preserve_alias_and_check_textbook_wording,high,3,Aliases are stored on the concept node; add an equivalent_to edge only when sources treat two separate concepts as interchangeable.
concept_alias,m1_data_multiple_modes,최빈값이 여러 개인 경우,여러 개의 최빈값,m1_data_multiple_modes,최빈값이 여러 개인 경우,중1(교육과정 학년군: 중1-3) > 자료와 가능성 > 대푯값,alias_on_concept,preserve_alias_and_check_textbook_wording,high,3,Aliases are stored on the concept node; add an equivalent_to edge only when sources treat two separate concepts as interchangeable.
concept_alias,m1_num_lcm,최소공배수,LCM; least common multiple,m1_num_lcm,최소공배수,중1(교육과정 학년군: 중1-3) > 수와 연산 > 소인수분해,alias_on_concept,preserve_alias_and_check_textbook_wording,high,3,Aliases are stored on the concept node; add an equivalent_to edge only when sources treat two separate concepts as interchangeable.
concept_alias,m1_num_lcm_prime_factor_product,최소공배수를 필요한 모든 소인수의 곱으로 나타내기,필요한 소인수의 곱으로 최소공배수 구하기,m1_num_lcm_prime_factor_product,최소공배수를 필요한 모든 소인수의 곱으로 나타내기,중1(교육과정 학년군: 중1-3) > 수와 연산 > 소인수분해,alias_on_concept,preserve_alias_and_check_textbook_wording,high,3,Aliases are stored on the concept node; add an equivalent_to edge only when sources treat two separate concepts as interchangeable.
concept_alias,m1_data_minimum_value,최솟값,minimum,m1_data_minimum_value,최솟값,중3(교육과정 학년군: 중1-3) > 자료와 가능성 > 상자그림과 산점도,alias_on_concept,preserve_alias_and_check_textbook_wording,high,2,Aliases are stored on the concept node; add an equivalent_to edge only when sources treat two separate concepts as interchangeable.
concept_alias,m1_quad_func_minimum,최솟값,minimum value,m1_quad_func_minimum,최솟값,중3(교육과정 학년군: 중1-3) > 변화와 관계 > 이차함수와 그 그래프,alias_on_concept,preserve_alias_and_check_textbook_wording,high,3,Aliases are stored on the concept node; add an equivalent_to edge only when sources treat two separate concepts as interchangeable.
concept_alias,m1_quad_func_axis,축,포물선의 축; axis of symmetry,m1_quad_func_axis,축,중3(교육과정 학년군: 중1-3) > 변화와 관계 > 이차함수와 그 그래프,alias_on_concept,preserve_alias_and_check_textbook_wording,high,3,Aliases are stored on the concept node; add an equivalent_to edge only when sources treat two separate concepts as interchangeable.
concept_alias,m1_coord_axis_point,축 위의 점,좌표축 위의 점; x축 위의 점; y축 위의 점,m1_coord_axis_point,축 위의 점,중1(교육과정 학년군: 중1-3) > 변화와 관계 > 좌표평면과 그래프,alias_on_concept,preserve_alias_and_check_textbook_wording,high,2,Aliases are stored on the concept node; add an equivalent_to edge only when sources treat two separate concepts as interchangeable.
concept_alias,m1_mis_axis_quadrant,축 위의 점을 사분면에 포함하는 오류,좌표축과 사분면 혼동; 축 위 점의 사분면 판단 오류,m1_mis_axis_quadrant,축 위의 점을 사분면에 포함하는 오류,중1(교육과정 학년군: 중1-3) > 변화와 관계 > 좌표평면과 그래프,alias_on_concept,preserve_alias_and_check_textbook_wording,high,2,Aliases are stored on the concept node; add an equivalent_to edge only when sources treat two separate concepts as interchangeable.
concept_alias,m1_quad_func_axis_equation,축의 방정식,포물선의 축의 식,m1_quad_func_axis_equation,축의 방정식,중3(교육과정 학년군: 중1-3) > 변화와 관계 > 이차함수와 그 그래프,alias_on_concept,preserve_alias_and_check_textbook_wording,high,4,Aliases are stored on the concept node; add an equivalent_to edge only when sources treat two separate concepts as interchangeable.
concept_alias,m1_geo_cosine,코사인,cos; cosine,m1_geo_cosine,코사인,중3(교육과정 학년군: 중1-3) > 도형과 측정 > 삼각비,alias_on_concept,preserve_alias_and_check_textbook_wording,high,3,Aliases are stored on the concept node; add an equivalent_to edge only when sources treat two separate concepts as interchangeable.
concept_alias,m1_geo_cosine_ratio_formula,코사인의 비 표현,cos A = 이웃변/빗변; 코사인 공식,m1_geo_cosine_ratio_formula,코사인의 비 표현,중3(교육과정 학년군: 중1-3) > 도형과 측정 > 삼각비,alias_on_concept,preserve_alias_and_check_textbook_wording,high,3,Aliases are stored on the concept node; add an equivalent_to edge only when sources treat two separate concepts as interchangeable.
concept_alias,m1_geo_tangent_ratio,탄젠트,tan; tangent ratio,m1_geo_tangent_ratio,탄젠트,중3(교육과정 학년군: 중1-3) > 도형과 측정 > 삼각비,alias_on_concept,preserve_alias_and_check_textbook_wording,high,3,Aliases are stored on the concept node; add an equivalent_to edge only when sources treat two separate concepts as interchangeable.
concept_alias,m1_geo_tangent_ratio_formula,탄젠트의 비 표현,tan A = 대변/이웃변; 탄젠트 공식,m1_geo_tangent_ratio_formula,탄젠트의 비 표현,중3(교육과정 학년군: 중1-3) > 도형과 측정 > 삼각비,alias_on_concept,preserve_alias_and_check_textbook_wording,high,3,Aliases are stored on the concept node; add an equivalent_to edge only when sources treat two separate concepts as interchangeable.
concept_alias,m1_data_statistical_evidence_discussion,통계적 근거로 토론하기,통계적 근거 토론,m1_data_statistical_evidence_discussion,통계적 근거로 토론하기,중1(교육과정 학년군: 중1-3) > 자료와 가능성 > 도수분포표와 상대도수,alias_on_concept,preserve_alias_and_check_textbook_wording,high,2,Aliases are stored on the concept node; add an equivalent_to edge only when sources treat two separate concepts as interchangeable.
concept_alias,m1_data_statistical_inquiry_unit,통계적 탐구,통계 프로젝트; 통계적 문제해결,m1_data_statistical_inquiry_unit,통계적 탐구,중1(교육과정 학년군: 중1-3) > 자료와 가능성 > 도수분포표와 상대도수,alias_on_concept,preserve_alias_and_check_textbook_wording,high,4,Aliases are stored on the concept node; add an equivalent_to edge only when sources treat two separate concepts as interchangeable.
concept_alias,m1_data_statistical_inquiry_problem,통계적 탐구 문제,탐구 문제,m1_data_statistical_inquiry_problem,통계적 탐구 문제,중1(교육과정 학년군: 중1-3) > 자료와 가능성 > 도수분포표와 상대도수,alias_on_concept,preserve_alias_and_check_textbook_wording,high,4,Aliases are stored on the concept node; add an equivalent_to edge only when sources treat two separate concepts as interchangeable.
concept_alias,m1_geo_special_angle_value_lookup,특수각 삼각비 값 찾기,30도 45도 60도 삼각비 값 찾기; 삼각비 표에서 값 찾기,m1_geo_special_angle_value_lookup,특수각 삼각비 값 찾기,중3(교육과정 학년군: 중1-3) > 도형과 측정 > 삼각비,alias_on_concept,preserve_alias_and_check_textbook_wording,high,2,Aliases are stored on the concept node; add an equivalent_to edge only when sources treat two separate concepts as interchangeable.
concept_alias,m1_data_deviation,편차,deviation,m1_data_deviation,편차,중3(교육과정 학년군: 중1-3) > 자료와 가능성 > 산포도,alias_on_concept,preserve_alias_and_check_textbook_wording,high,3,Aliases are stored on the concept node; add an equivalent_to edge only when sources treat two separate concepts as interchangeable.
concept_alias,m1_data_deviation_formula,편차 계산식,편차 = 변량 - 평균,m1_data_deviation_formula,편차 계산식,중3(교육과정 학년군: 중1-3) > 자료와 가능성 > 산포도,alias_on_concept,preserve_alias_and_check_textbook_wording,high,2,Aliases are stored on the concept node; add an equivalent_to edge only when sources treat two separate concepts as interchangeable.
concept_alias,m1_data_deviation_calculation,편차 구하기,변량에서 평균 빼기,m1_data_deviation_calculation,편차 구하기,중3(교육과정 학년군: 중1-3) > 자료와 가능성 > 산포도,alias_on_concept,preserve_alias_and_check_textbook_wording,high,2,Aliases are stored on the concept node; add an equivalent_to edge only when sources treat two separate concepts as interchangeable.
concept_alias,m1_mis_deviation_as_absolute_distance,편차를 항상 양수 거리로 보는 오류,편차 부호 무시,m1_mis_deviation_as_absolute_distance,편차를 항상 양수 거리로 보는 오류,중3(교육과정 학년군: 중1-3) > 자료와 가능성 > 산포도,alias_on_concept,preserve_alias_and_check_textbook_wording,high,2,Aliases are stored on the concept node; add an equivalent_to edge only when sources treat two separate concepts as interchangeable.
concept_alias,m1_data_squared_deviation,편차의 제곱,squared deviation,m1_data_squared_deviation,편차의 제곱,중3(교육과정 학년군: 중1-3) > 자료와 가능성 > 산포도,alias_on_concept,preserve_alias_and_check_textbook_wording,high,2,Aliases are stored on the concept node; add an equivalent_to edge only when sources treat two separate concepts as interchangeable.
concept_alias,m1_data_sum_squared_deviation,편차의 제곱의 합,sum of squared deviations,m1_data_sum_squared_deviation,편차의 제곱의 합,중3(교육과정 학년군: 중1-3) > 자료와 가능성 > 산포도,alias_on_concept,preserve_alias_and_check_textbook_wording,high,2,Aliases are stored on the concept node; add an equivalent_to edge only when sources treat two separate concepts as interchangeable.
concept_alias,m1_data_deviation_sum_zero,편차의 합은 0,편차의 합,m1_data_deviation_sum_zero,편차의 합은 0,중3(교육과정 학년군: 중1-3) > 자료와 가능성 > 산포도,alias_on_concept,preserve_alias_and_check_textbook_wording,high,2,Aliases are stored on the concept node; add an equivalent_to edge only when sources treat two separate concepts as interchangeable.
concept_alias,m1_geo_straight_angle,평각,straight angle,m1_geo_straight_angle,평각,중1(교육과정 학년군: 중1-3) > 도형과 측정 > 기본 도형,alias_on_concept,preserve_alias_and_check_textbook_wording,high,3,Aliases are stored on the concept node; add an equivalent_to edge only when sources treat two separate concepts as interchangeable.
concept_alias,m1_data_mean,평균,average; 산술평균,m1_data_mean,평균,중1(교육과정 학년군: 중1-3) > 자료와 가능성 > 대푯값,alias_on_concept,preserve_alias_and_check_textbook_wording,high,3,Aliases are stored on the concept node; add an equivalent_to edge only when sources treat two separate concepts as interchangeable.
concept_alias,m1_data_mean_formula,평균 계산식,평균 공식; mean formula,m1_data_mean_formula,평균 계산식,중1(교육과정 학년군: 중1-3) > 자료와 가능성 > 대푯값,alias_on_concept,preserve_alias_and_check_textbook_wording,high,3,Aliases are stored on the concept node; add an equivalent_to edge only when sources treat two separate concepts as interchangeable.
concept_alias,m1_data_mean_calculation,평균 구하기,평균 계산하기,m1_data_mean_calculation,평균 구하기,중1(교육과정 학년군: 중1-3) > 자료와 가능성 > 대푯값,alias_on_concept,preserve_alias_and_check_textbook_wording,high,3,Aliases are stored on the concept node; add an equivalent_to edge only when sources treat two separate concepts as interchangeable.
concept_alias,m1_data_mean_sensitive_to_extreme_value,평균은 극단적인 값의 영향을 받음,극단값이 평균에 미치는 영향,m1_data_mean_sensitive_to_extreme_value,평균은 극단적인 값의 영향을 받음,중1(교육과정 학년군: 중1-3) > 자료와 가능성 > 대푯값,alias_on_concept,preserve_alias_and_check_textbook_wording,high,2,Aliases are stored on the concept node; add an equivalent_to edge only when sources treat two separate concepts as interchangeable.
concept_alias,m1_mis_same_mean_same_distribution,평균이 같으면 분포도 같다고 보는 오류,같은 평균 같은 분포 오해,m1_mis_same_mean_same_distribution,평균이 같으면 분포도 같다고 보는 오류,중3(교육과정 학년군: 중1-3) > 자료와 가능성 > 산포도,alias_on_concept,preserve_alias_and_check_textbook_wording,high,2,Aliases are stored on the concept node; add an equivalent_to edge only when sources treat two separate concepts as interchangeable.
concept_alias,m1_data_same_mean_different_spread,평균이 같은 두 분포의 흩어진 정도 비교,같은 평균 다른 산포도,m1_data_same_mean_different_spread,평균이 같은 두 분포의 흩어진 정도 비교,중3(교육과정 학년군: 중1-3) > 자료와 가능성 > 산포도,alias_on_concept,preserve_alias_and_check_textbook_wording,high,2,Aliases are stored on the concept node; add an equivalent_to edge only when sources treat two separate concepts as interchangeable.
concept_alias,m1_geo_plane,평면,면; plane,m1_geo_plane,평면,중1(교육과정 학년군: 중1-3) > 도형과 측정 > 기본 도형,alias_on_concept,preserve_alias_and_check_textbook_wording,high,2,Aliases are stored on the concept node; add an equivalent_to edge only when sources treat two separate concepts as interchangeable.
concept_alias,m1_geo_rotation_generation,평면도형을 회전시켜 회전체 만들기,회전체 만들기; 회전으로 생기는 입체도형,m1_geo_rotation_generation,평면도형을 회전시켜 회전체 만들기,중1(교육과정 학년군: 중1-3) > 도형과 측정 > 입체도형의 성질,alias_on_concept,preserve_alias_and_check_textbook_wording,high,3,Aliases are stored on the concept node; add an equivalent_to edge only when sources treat two separate concepts as interchangeable.
concept_alias,m1_geo_plane_properties_unit,평면도형의 성질,다각형과 부채꼴,m1_geo_plane_properties_unit,평면도형의 성질,중1(교육과정 학년군: 중1-3) > 도형과 측정 > 평면도형의 성질,alias_on_concept,preserve_alias_and_check_textbook_wording,high,4,Aliases are stored on the concept node; add an equivalent_to edge only when sources treat two separate concepts as interchangeable.
concept_alias,m1_geo_parallelogram,평행사변형,parallelogram,m1_geo_parallelogram,평행사변형,중2(교육과정 학년군: 중1-3) > 도형과 측정 > 삼각형과 사각형의 성질,alias_on_concept,preserve_alias_and_check_textbook_wording,high,2,Aliases are stored on the concept node; add an equivalent_to edge only when sources treat two separate concepts as interchangeable.
concept_alias,m1_geo_parallelogram_diagonals_bisect,평행사변형의 대각선이 서로를 이등분,평행사변형의 대각선 이등분,m1_geo_parallelogram_diagonals_bisect,평행사변형의 대각선이 서로를 이등분,중2(교육과정 학년군: 중1-3) > 도형과 측정 > 삼각형과 사각형의 성질,alias_on_concept,preserve_alias_and_check_textbook_wording,high,2,Aliases are stored on the concept node; add an equivalent_to edge only when sources treat two separate concepts as interchangeable.
concept_alias,m1_geo_parallelogram_opposite_sides_angles,평행사변형의 마주 보는 변과 각,평행사변형의 대변과 대각,m1_geo_parallelogram_opposite_sides_angles,평행사변형의 마주 보는 변과 각,중2(교육과정 학년군: 중1-3) > 도형과 측정 > 삼각형과 사각형의 성질,alias_on_concept,preserve_alias_and_check_textbook_wording,high,2,Aliases are stored on the concept node; add an equivalent_to edge only when sources treat two separate concepts as interchangeable.
concept_alias,m1_geo_parallel_lines,평행선,parallel lines,m1_geo_parallel_lines,평행선,중1(교육과정 학년군: 중1-3) > 도형과 측정 > 기본 도형,alias_on_concept,preserve_alias_and_check_textbook_wording,high,2,Aliases are stored on the concept node; add an equivalent_to edge only when sources treat two separate concepts as interchangeable.
concept_alias,m1_geo_parallel_segment_ratio,평행선 사이의 선분의 길이의 비,평행선과 선분의 비,m1_geo_parallel_segment_ratio,평행선 사이의 선분의 길이의 비,중2(교육과정 학년군: 중1-3) > 도형과 측정 > 도형의 닮음,alias_on_concept,preserve_alias_and_check_textbook_wording,high,2,Aliases are stored on the concept node; add an equivalent_to edge only when sources treat two separate concepts as interchangeable.
concept_alias,m1_geo_parallel_segment_ratio_equation_setup,평행선 선분비 식 세우기,선분비 비례식 세우기,m1_geo_parallel_segment_ratio_equation_setup,평행선 선분비 식 세우기,중2(교육과정 학년군: 중1-3) > 도형과 측정 > 도형의 닮음,alias_on_concept,preserve_alias_and_check_textbook_wording,high,2,Aliases are stored on the concept node; add an equivalent_to edge only when sources treat two separate concepts as interchangeable.
concept_alias,m1_geo_centroid_from_parallel_ratio,평행선과 선분의 비로 무게중심 찾기,무게중심 성질 활용,m1_geo_centroid_from_parallel_ratio,평행선과 선분의 비로 무게중심 찾기,중2(교육과정 학년군: 중1-3) > 도형과 측정 > 도형의 닮음,alias_on_concept,preserve_alias_and_check_textbook_wording,high,2,Aliases are stored on the concept node; add an equivalent_to edge only when sources treat two separate concepts as interchangeable.
concept_alias,m1_geo_parallel_angle_measure_calculation,평행선에서 각의 크기 구하기,평행선 각도 구하기,m1_geo_parallel_angle_measure_calculation,평행선에서 각의 크기 구하기,중1(교육과정 학년군: 중1-3) > 도형과 측정 > 기본 도형,alias_on_concept,preserve_alias_and_check_textbook_wording,high,2,Aliases are stored on the concept node; add an equivalent_to edge only when sources treat two separate concepts as interchangeable.
concept_alias,m1_geo_parallel_angle_properties,평행선에서 동위각과 엇각의 성질,평행선의 각의 성질,m1_geo_parallel_angle_properties,평행선에서 동위각과 엇각의 성질,중1(교육과정 학년군: 중1-3) > 도형과 측정 > 기본 도형,alias_on_concept,preserve_alias_and_check_textbook_wording,high,2,Aliases are stored on the concept node; add an equivalent_to edge only when sources treat two separate concepts as interchangeable.
concept_alias,m1_geo_parallel_angle_property_explanation,평행선에서 동위각과 엇각의 성질 설명하기,평행선 각 성질 설명,m1_geo_parallel_angle_property_explanation,평행선에서 동위각과 엇각의 성질 설명하기,중1(교육과정 학년군: 중1-3) > 도형과 측정 > 기본 도형,alias_on_concept,preserve_alias_and_check_textbook_wording,high,2,Aliases are stored on the concept node; add an equivalent_to edge only when sources treat two separate concepts as interchangeable.
concept_alias,m1_geo_corresponding_angles_equal,평행선에서 동위각의 크기가 같음,동위각의 크기 관계,m1_geo_corresponding_angles_equal,평행선에서 동위각의 크기가 같음,중1(교육과정 학년군: 중1-3) > 도형과 측정 > 기본 도형,alias_on_concept,preserve_alias_and_check_textbook_wording,high,2,Aliases are stored on the concept node; add an equivalent_to edge only when sources treat two separate concepts as interchangeable.
concept_alias,m1_geo_alternate_interior_angles_equal,평행선에서 엇각의 크기가 같음,엇각의 크기 관계,m1_geo_alternate_interior_angles_equal,평행선에서 엇각의 크기가 같음,중1(교육과정 학년군: 중1-3) > 도형과 측정 > 기본 도형,alias_on_concept,preserve_alias_and_check_textbook_wording,high,2,Aliases are stored on the concept node; add an equivalent_to edge only when sources treat two separate concepts as interchangeable.
concept_alias,m1_func_parallel_translation,평행이동,parallel translation,m1_func_parallel_translation,평행이동,중1(교육과정 학년군: 중1-3) > 변화와 관계 > 일차함수와 그 그래프,alias_on_concept,preserve_alias_and_check_textbook_wording,high,2,Aliases are stored on the concept node; add an equivalent_to edge only when sources treat two separate concepts as interchangeable.
concept_alias,m1_quad_func_parabola,포물선,parabola,m1_quad_func_parabola,포물선,중3(교육과정 학년군: 중1-3) > 변화와 관계 > 이차함수와 그 그래프,alias_on_concept,preserve_alias_and_check_textbook_wording,high,3,Aliases are stored on the concept node; add an equivalent_to edge only when sources treat two separate concepts as interchangeable.
concept_alias,m1_mis_axis_vertex,포물선의 축과 꼭짓점을 혼동하는 오류,축-꼭짓점 혼동,m1_mis_axis_vertex,포물선의 축과 꼭짓점을 혼동하는 오류,중3(교육과정 학년군: 중1-3) > 변화와 관계 > 이차함수와 그 그래프,alias_on_concept,preserve_alias_and_check_textbook_wording,high,3,Aliases are stored on the concept node; add an equivalent_to edge only when sources treat two separate concepts as interchangeable.
concept_alias,m1_repr_table,표,table,m1_repr_table,표,중1(교육과정 학년군: 중1-3) > 변화와 관계 > 좌표평면과 그래프,alias_on_concept,preserve_alias_and_check_textbook_wording,high,3,Aliases are stored on the concept node; add an equivalent_to edge only when sources treat two separate concepts as interchangeable.
concept_alias,m1_mis_representation_conversion,표·식·그래프 변환 오류,표현 변환 오류; 대응값 옮기기 오류,m1_mis_representation_conversion,표·식·그래프 변환 오류,중1(교육과정 학년군: 중1-3) > 변화와 관계 > 좌표평면과 그래프,alias_on_concept,preserve_alias_and_check_textbook_wording,high,2,Aliases are stored on the concept node; add an equivalent_to edge only when sources treat two separate concepts as interchangeable.
concept_alias,m1_repr_conversion,표·식·그래프 상호 변환,표-식-그래프 변환; 표현 변환,m1_repr_conversion,표·식·그래프 상호 변환,중1(교육과정 학년군: 중1-3) > 변화와 관계 > 좌표평면과 그래프,alias_on_concept,preserve_alias_and_check_textbook_wording,high,2,Aliases are stored on the concept node; add an equivalent_to edge only when sources treat two separate concepts as interchangeable.
concept_alias,m1_data_critical_graph_reading,표와 그래프의 오류 비판적으로 읽기,그래프 오류 찾기,m1_data_critical_graph_reading,표와 그래프의 오류 비판적으로 읽기,중1(교육과정 학년군: 중1-3) > 자료와 가능성 > 도수분포표와 상대도수,alias_on_concept,preserve_alias_and_check_textbook_wording,high,1,Aliases are stored on the concept node; add an equivalent_to edge only when sources treat two separate concepts as interchangeable.
concept_alias,m1_data_standard_deviation,표준편차,standard deviation,m1_data_standard_deviation,표준편차,중3(교육과정 학년군: 중1-3) > 자료와 가능성 > 산포도,alias_on_concept,preserve_alias_and_check_textbook_wording,high,3,Aliases are stored on the concept node; add an equivalent_to edge only when sources treat two separate concepts as interchangeable.
concept_alias,m1_data_standard_deviation_formula,표준편차 계산식,표준편차 공식,m1_data_standard_deviation_formula,표준편차 계산식,중3(교육과정 학년군: 중1-3) > 자료와 가능성 > 산포도,alias_on_concept,preserve_alias_and_check_textbook_wording,high,2,Aliases are stored on the concept node; add an equivalent_to edge only when sources treat two separate concepts as interchangeable.
concept_alias,m1_data_standard_deviation_calculation,표준편차 구하기,표준편차 계산,m1_data_standard_deviation_calculation,표준편차 구하기,중3(교육과정 학년군: 중1-3) > 자료와 가능성 > 산포도,alias_on_concept,preserve_alias_and_check_textbook_wording,high,2,Aliases are stored on the concept node; add an equivalent_to edge only when sources treat two separate concepts as interchangeable.
concept_alias,m1_mis_sd_without_square_root,표준편차에서 제곱근을 빠뜨리는 오류,표준편차를 분산으로 끝내는 오류,m1_mis_sd_without_square_root,표준편차에서 제곱근을 빠뜨리는 오류,중3(교육과정 학년군: 중1-3) > 자료와 가능성 > 산포도,alias_on_concept,preserve_alias_and_check_textbook_wording,high,2,Aliases are stored on the concept node; add an equivalent_to edge only when sources treat two separate concepts as interchangeable.
concept_alias,m1_data_standard_deviation_unit,표준편차의 단위,표준편차와 원자료 단위,m1_data_standard_deviation_unit,표준편차의 단위,중3(교육과정 학년군: 중1-3) > 자료와 가능성 > 산포도,alias_on_concept,preserve_alias_and_check_textbook_wording,high,2,Aliases are stored on the concept node; add an equivalent_to edge only when sources treat two separate concepts as interchangeable.
concept_alias,m1_geo_pythagorean_theorem,피타고라스 정리,Pythagorean theorem; 피타고라스,m1_geo_pythagorean_theorem,피타고라스 정리,중2(교육과정 학년군: 중1-3) > 도형과 측정 > 피타고라스 정리,alias_on_concept,preserve_alias_and_check_textbook_wording,high,3,Aliases are stored on the concept node; add an equivalent_to edge only when sources treat two separate concepts as interchangeable.
concept_alias,m1_geo_pythagorean_unit,피타고라스 정리,Pythagorean theorem; 피타고라스,m1_geo_pythagorean_unit,피타고라스 정리,중2(교육과정 학년군: 중1-3) > 도형과 측정 > 피타고라스 정리,alias_on_concept,preserve_alias_and_check_textbook_wording,high,2,Aliases are stored on the concept node; add an equivalent_to edge only when sources treat two separate concepts as interchangeable.
concept_alias,m1_geo_pythagorean_hypotenuse_length,피타고라스 정리로 빗변의 길이 구하기,빗변 길이 구하기; finding hypotenuse length,m1_geo_pythagorean_hypotenuse_length,피타고라스 정리로 빗변의 길이 구하기,중2(교육과정 학년군: 중1-3) > 도형과 측정 > 피타고라스 정리,alias_on_concept,preserve_alias_and_check_textbook_wording,high,3,Aliases are stored on the concept node; add an equivalent_to edge only when sources treat two separate concepts as interchangeable.
concept_alias,m1_geo_pythagorean_leg_length,피타고라스 정리로 한 직각변의 길이 구하기,직각변 길이 구하기; finding a leg length,m1_geo_pythagorean_leg_length,피타고라스 정리로 한 직각변의 길이 구하기,중2(교육과정 학년군: 중1-3) > 도형과 측정 > 피타고라스 정리,alias_on_concept,preserve_alias_and_check_textbook_wording,high,2,Aliases are stored on the concept node; add an equivalent_to edge only when sources treat two separate concepts as interchangeable.
concept_alias,m1_geo_pythagorean_hypotenuse,피타고라스 정리에서의 빗변,빗변; hypotenuse,m1_geo_pythagorean_hypotenuse,피타고라스 정리에서의 빗변,중2(교육과정 학년군: 중1-3) > 도형과 측정 > 피타고라스 정리,alias_on_concept,preserve_alias_and_check_textbook_wording,high,4,Aliases are stored on the concept node; add an equivalent_to edge only when sources treat two separate concepts as interchangeable.
concept_alias,m1_geo_pythagorean_formula,피타고라스 정리의 식 표현,a^2+b^2=c^2; 피타고라스 공식,m1_geo_pythagorean_formula,피타고라스 정리의 식 표현,중2(교육과정 학년군: 중1-3) > 도형과 측정 > 피타고라스 정리,alias_on_concept,preserve_alias_and_check_textbook_wording,high,3,Aliases are stored on the concept node; add an equivalent_to edge only when sources treat two separate concepts as interchangeable.
concept_alias,m1_geo_pythagorean_converse,피타고라스 정리의 역,converse of Pythagorean theorem,m1_geo_pythagorean_converse,피타고라스 정리의 역,중2(교육과정 학년군: 중1-3) > 도형과 측정 > 피타고라스 정리,alias_on_concept,preserve_alias_and_check_textbook_wording,high,2,Aliases are stored on the concept node; add an equivalent_to edge only when sources treat two separate concepts as interchangeable.
concept_alias,m1_geo_pythagorean_converse_judgement,피타고라스 정리의 역으로 직각삼각형 판별하기,피타고라스 역으로 판별; judging a right triangle by the converse,m1_geo_pythagorean_converse_judgement,피타고라스 정리의 역으로 직각삼각형 판별하기,중2(교육과정 학년군: 중1-3) > 도형과 측정 > 피타고라스 정리,alias_on_concept,preserve_alias_and_check_textbook_wording,high,2,Aliases are stored on the concept node; add an equivalent_to edge only when sources treat two separate concepts as interchangeable.
concept_alias,m1_geo_pythagorean_justification,피타고라스 정리의 정당화,피타고라스 정리 증명,m1_geo_pythagorean_justification,피타고라스 정리의 정당화,중2(교육과정 학년군: 중1-3) > 도형과 측정 > 피타고라스 정리,alias_on_concept,preserve_alias_and_check_textbook_wording,high,3,Aliases are stored on the concept node; add an equivalent_to edge only when sources treat two separate concepts as interchangeable.
concept_alias,m1_num_select_all_prime_factors,필요한 모든 소인수 선택하기,최소공배수에 필요한 소인수 고르기,m1_num_select_all_prime_factors,필요한 모든 소인수 선택하기,중1(교육과정 학년군: 중1-3) > 수와 연산 > 소인수분해,alias_on_concept,preserve_alias_and_check_textbook_wording,high,3,Aliases are stored on the concept node; add an equivalent_to edge only when sources treat two separate concepts as interchangeable.
concept_alias,m1_func_unique_correspondence,하나씩 정해지는 대응,하나씩 대응; 한 값에 하나씩 정해짐; 일대일로 정해지는 대응,m1_func_unique_correspondence,하나씩 정해지는 대응,중1(교육과정 학년군: 중1-3) > 변화와 관계 > 일차함수와 그 그래프,alias_on_concept,preserve_alias_and_check_textbook_wording,high,2,Aliases are stored on the concept node; add an equivalent_to edge only when sources treat two separate concepts as interchangeable.
concept_alias,m1_mis_multiple_outputs_same_input,하나의 입력에 여러 출력이 대응하는 경우를 함수로 보는 오류,하나의 x에 여러 y 대응 오류; 여러 출력 대응을 함수로 보는 오류,m1_mis_multiple_outputs_same_input,하나의 입력에 여러 출력이 대응하는 경우를 함수로 보는 오류,중1(교육과정 학년군: 중1-3) > 변화와 관계 > 일차함수와 그 그래프,alias_on_concept,preserve_alias_and_check_textbook_wording,high,2,Aliases are stored on the concept node; add an equivalent_to edge only when sources treat two separate concepts as interchangeable.
concept_alias,m1_system_back_substitution,한 미지수 값을 대입해 다른 미지수 구하기,되대입; 다른 미지수 구하기,m1_system_back_substitution,한 미지수 값을 대입해 다른 미지수 구하기,중1(교육과정 학년군: 중1-3) > 변화와 관계 > 연립일차방정식,alias_on_concept,preserve_alias_and_check_textbook_wording,high,2,Aliases are stored on the concept node; add an equivalent_to edge only when sources treat two separate concepts as interchangeable.
concept_alias,m1_system_substitution_isolate_variable,한 미지수를 다른 미지수의 식으로 나타내기,한 문자에 대해 정리하기; 미지수 나타내기,m1_system_substitution_isolate_variable,한 미지수를 다른 미지수의 식으로 나타내기,중1(교육과정 학년군: 중1-3) > 변화와 관계 > 연립일차방정식,alias_on_concept,preserve_alias_and_check_textbook_wording,high,2,Aliases are stored on the concept node; add an equivalent_to edge only when sources treat two separate concepts as interchangeable.
concept_alias,m1_geo_triangle_construction_asa,한 변과 그 양 끝각이 주어진 삼각형 작도,ASA 삼각형 작도,m1_geo_triangle_construction_asa,한 변과 그 양 끝각이 주어진 삼각형 작도,중1(교육과정 학년군: 중1-3) > 도형과 측정 > 작도와 합동,alias_on_concept,preserve_alias_and_check_textbook_wording,high,2,Aliases are stored on the concept node; add an equivalent_to edge only when sources treat two separate concepts as interchangeable.
concept_alias,m1_num_unit_square_diagonal,한 변의 길이가 1인 정사각형의 대각선,단위정사각형의 대각선,m1_num_unit_square_diagonal,한 변의 길이가 1인 정사각형의 대각선,중3(교육과정 학년군: 중1-3) > 수와 연산 > 제곱근과 실수,alias_on_concept,preserve_alias_and_check_textbook_wording,high,3,Aliases are stored on the concept node; add an equivalent_to edge only when sources treat two separate concepts as interchangeable.
concept_alias,m1_geo_triangle_congruence_asa_condition,한 쌍의 대응변의 길이와 그 양 끝각의 크기가 각각 같은 삼각형 합동 조건,ASA 합동 조건,m1_geo_triangle_congruence_asa_condition,한 쌍의 대응변의 길이와 그 양 끝각의 크기가 각각 같은 삼각형 합동 조건,중1(교육과정 학년군: 중1-3) > 도형과 측정 > 작도와 합동,alias_on_concept,preserve_alias_and_check_textbook_wording,high,2,Aliases are stored on the concept node; add an equivalent_to edge only when sources treat two separate concepts as interchangeable.
concept_alias,m1_mis_single_equation_graph_as_system_solution,한 일차방정식의 그래프를 연립일차방정식의 해로 보는 오류,한 그래프와 두 그래프 혼동,m1_mis_single_equation_graph_as_system_solution,한 일차방정식의 그래프를 연립일차방정식의 해로 보는 오류,중1(교육과정 학년군: 중1-3) > 변화와 관계 > 일차함수와 일차방정식의 관계,alias_on_concept,preserve_alias_and_check_textbook_wording,high,4,Aliases are stored on the concept node; add an equivalent_to edge only when sources treat two separate concepts as interchangeable.
concept_alias,m1_geo_equal_tangent_lengths_from_point,한 점에서 그은 두 접선의 길이가 같음,두 접선의 길이; 접선의 길이 같음,m1_geo_equal_tangent_lengths_from_point,한 점에서 그은 두 접선의 길이가 같음,중3(교육과정 학년군: 중1-3) > 도형과 측정 > 원의 성질,alias_on_concept,preserve_alias_and_check_textbook_wording,high,3,Aliases are stored on the concept node; add an equivalent_to edge only when sources treat two separate concepts as interchangeable.
concept_alias,m1_mis_pythagorean_leg_subtraction,한 직각변을 구할 때 제곱의 차를 쓰지 않는 오류,직각변 계산 오류; 제곱 차 누락,m1_mis_pythagorean_leg_subtraction,한 직각변을 구할 때 제곱의 차를 쓰지 않는 오류,중2(교육과정 학년군: 중1-3) > 도형과 측정 > 피타고라스 정리,alias_on_concept,preserve_alias_and_check_textbook_wording,high,2,Aliases are stored on the concept node; add an equivalent_to edge only when sources treat two separate concepts as interchangeable.
concept_alias,m1_geo_coplanar_condition,한 평면 위에 있음,coplanar condition; 공면 조건,m1_geo_coplanar_condition,한 평면 위에 있음,중1(교육과정 학년군: 중1-3) > 도형과 측정 > 기본 도형,alias_on_concept,preserve_alias_and_check_textbook_wording,high,2,Aliases are stored on the concept node; add an equivalent_to edge only when sources treat two separate concepts as interchangeable.
concept_alias,m1_geo_secant,할선,secant,m1_geo_secant,할선,중1(교육과정 학년군: 중1-3) > 도형과 측정 > 평면도형의 성질,alias_on_concept,preserve_alias_and_check_textbook_wording,high,2,Aliases are stored on the concept node; add an equivalent_to edge only when sources treat two separate concepts as interchangeable.
concept_alias,m1_func_function,함수,function,m1_func_function,함수,중1(교육과정 학년군: 중1-3) > 변화와 관계 > 일차함수와 그 그래프,alias_on_concept,preserve_alias_and_check_textbook_wording,high,4,Aliases are stored on the concept node; add an equivalent_to edge only when sources treat two separate concepts as interchangeable.
concept_alias,m1_mis_function_linear_function,함수와 일차함수 혼동,일차함수만 함수로 보는 오류; 함수 범위 혼동,m1_mis_function_linear_function,함수와 일차함수 혼동,중1(교육과정 학년군: 중1-3) > 변화와 관계 > 일차함수와 그 그래프,alias_on_concept,preserve_alias_and_check_textbook_wording,high,4,Aliases are stored on the concept node; add an equivalent_to edge only when sources treat two separate concepts as interchangeable.
concept_alias,m1_func_function_judgement,함수인지 판단하기,함수 판별; 함수 관계 판단,m1_func_function_judgement,함수인지 판단하기,중1(교육과정 학년군: 중1-3) > 변화와 관계 > 일차함수와 그 그래프,alias_on_concept,preserve_alias_and_check_textbook_wording,high,2,Aliases are stored on the concept node; add an equivalent_to edge only when sources treat two separate concepts as interchangeable.
concept_alias,m1_func_value,함숫값,function value,m1_func_value,함숫값,중1(교육과정 학년군: 중1-3) > 변화와 관계 > 일차함수와 그 그래프,alias_on_concept,preserve_alias_and_check_textbook_wording,high,3,Aliases are stored on the concept node; add an equivalent_to edge only when sources treat two separate concepts as interchangeable.
concept_alias,m1_mis_function_value_input_output,함숫값과 입력값 혼동,함숫값 혼동; 입력과 출력 혼동,m1_mis_function_value_input_output,함숫값과 입력값 혼동,중1(교육과정 학년군: 중1-3) > 변화와 관계 > 일차함수와 그 그래프,alias_on_concept,preserve_alias_and_check_textbook_wording,high,2,Aliases are stored on the concept node; add an equivalent_to edge only when sources treat two separate concepts as interchangeable.
concept_alias,m1_factor_sum_product_pair_search,합과 곱이 맞는 수 찾기,합과 곱 조건 찾기; (x+a)(x+b) 인수 찾기,m1_factor_sum_product_pair_search,합과 곱이 맞는 수 찾기,중3(교육과정 학년군: 중1-3) > 변화와 관계 > 다항식의 곱셈과 인수분해,alias_on_concept,preserve_alias_and_check_textbook_wording,high,2,Aliases are stored on the concept node; add an equivalent_to edge only when sources treat two separate concepts as interchangeable.
concept_alias,m1_geo_congruence,합동,congruence,m1_geo_congruence,합동,중1(교육과정 학년군: 중1-3) > 도형과 측정 > 작도와 합동,alias_on_concept,preserve_alias_and_check_textbook_wording,high,2,Aliases are stored on the concept node; add an equivalent_to edge only when sources treat two separate concepts as interchangeable.
concept_alias,m1_mis_congruence_correspondence_order,합동 판별에서 대응 순서를 무시하는 오류,대응 순서 혼동,m1_mis_congruence_correspondence_order,합동 판별에서 대응 순서를 무시하는 오류,중1(교육과정 학년군: 중1-3) > 도형과 측정 > 작도와 합동,alias_on_concept,preserve_alias_and_check_textbook_wording,high,2,Aliases are stored on the concept node; add an equivalent_to edge only when sources treat two separate concepts as interchangeable.
concept_alias,m1_mis_congruence_similarity,합동과 닮음을 같은 관계로 보는 오류,합동-닮음 혼동,m1_mis_congruence_similarity,합동과 닮음을 같은 관계로 보는 오류,중2(교육과정 학년군: 중1-3) > 도형과 측정 > 도형의 닮음,alias_on_concept,preserve_alias_and_check_textbook_wording,high,4,Aliases are stored on the concept node; add an equivalent_to edge only when sources treat two separate concepts as interchangeable.
concept_alias,m1_geo_correspondence_in_congruence,합동에서의 대응 관계,합동의 대응,m1_geo_correspondence_in_congruence,합동에서의 대응 관계,중1(교육과정 학년군: 중1-3) > 도형과 측정 > 작도와 합동,alias_on_concept,preserve_alias_and_check_textbook_wording,high,2,Aliases are stored on the concept node; add an equivalent_to edge only when sources treat two separate concepts as interchangeable.
concept_alias,m1_geo_corresponding_angles_in_congruence,합동에서의 대응하는 각,합동 대응각,m1_geo_corresponding_angles_in_congruence,합동에서의 대응하는 각,중1(교육과정 학년군: 중1-3) > 도형과 측정 > 작도와 합동,alias_on_concept,preserve_alias_and_check_textbook_wording,high,2,Aliases are stored on the concept node; add an equivalent_to edge only when sources treat two separate concepts as interchangeable.
concept_alias,m1_geo_corresponding_vertices_in_congruence,합동에서의 대응하는 꼭짓점,합동 대응 꼭짓점,m1_geo_corresponding_vertices_in_congruence,합동에서의 대응하는 꼭짓점,중1(교육과정 학년군: 중1-3) > 도형과 측정 > 작도와 합동,alias_on_concept,preserve_alias_and_check_textbook_wording,high,2,Aliases are stored on the concept node; add an equivalent_to edge only when sources treat two separate concepts as interchangeable.
concept_alias,m1_geo_corresponding_sides_in_congruence,합동에서의 대응하는 변,합동 대응변,m1_geo_corresponding_sides_in_congruence,합동에서의 대응하는 변,중1(교육과정 학년군: 중1-3) > 도형과 측정 > 작도와 합동,alias_on_concept,preserve_alias_and_check_textbook_wording,high,2,Aliases are stored on the concept node; add an equivalent_to edge only when sources treat two separate concepts as interchangeable.
concept_alias,m1_geo_congruent_corresponding_angles_equal,합동인 도형의 대응각의 크기가 같음,합동 대응각 크기 같음,m1_geo_congruent_corresponding_angles_equal,합동인 도형의 대응각의 크기가 같음,중1(교육과정 학년군: 중1-3) > 도형과 측정 > 작도와 합동,alias_on_concept,preserve_alias_and_check_textbook_wording,high,2,Aliases are stored on the concept node; add an equivalent_to edge only when sources treat two separate concepts as interchangeable.
concept_alias,m1_geo_congruent_corresponding_sides_equal,합동인 도형의 대응변의 길이가 같음,합동 대응변 길이 같음,m1_geo_congruent_corresponding_sides_equal,합동인 도형의 대응변의 길이가 같음,중1(교육과정 학년군: 중1-3) > 도형과 측정 > 작도와 합동,alias_on_concept,preserve_alias_and_check_textbook_wording,high,2,Aliases are stored on the concept node; add an equivalent_to edge only when sources treat two separate concepts as interchangeable.
concept_alias,m1_num_composite_number,합성수,composite number,m1_num_composite_number,합성수,중1(교육과정 학년군: 중1-3) > 수와 연산 > 소인수분해,alias_on_concept,preserve_alias_and_check_textbook_wording,high,3,Aliases are stored on the concept node; add an equivalent_to edge only when sources treat two separate concepts as interchangeable.
concept_alias,m1_expr_term,항,term,m1_expr_term,항,중1(교육과정 학년군: 중1-3) > 변화와 관계 > 문자의 사용과 식,alias_on_concept,preserve_alias_and_check_textbook_wording,high,1,Aliases are stored on the concept node; add an equivalent_to edge only when sources treat two separate concepts as interchangeable.
concept_alias,m1_eq_identity,항등식,identity,m1_eq_identity,항등식,중1(교육과정 학년군: 중1-3) > 변화와 관계 > 일차방정식,alias_on_concept,preserve_alias_and_check_textbook_wording,high,3,Aliases are stored on the concept node; add an equivalent_to edge only when sources treat two separate concepts as interchangeable.
concept_alias,m1_eq_solution,해,solution,m1_eq_solution,해,중1(교육과정 학년군: 중1-3) > 변화와 관계 > 일차방정식,alias_on_concept,preserve_alias_and_check_textbook_wording,high,4,Aliases are stored on the concept node; add an equivalent_to edge only when sources treat two separate concepts as interchangeable.
concept_alias,m1_quad_eq_context_solution_check,해가 문제 상황에 적합한지 확인하기,해의 적합성 확인; 상황에 맞는 해 확인,m1_quad_eq_context_solution_check,해가 문제 상황에 적합한지 확인하기,중3(교육과정 학년군: 중1-3) > 변화와 관계 > 이차방정식,alias_on_concept,preserve_alias_and_check_textbook_wording,high,3,Aliases are stored on the concept node; add an equivalent_to edge only when sources treat two separate concepts as interchangeable.
concept_alias,m1_eq_interpret_solution_context,해를 문제 상황에 맞게 해석하기,해의 상황 적합성 확인; 해의 의미 해석,m1_eq_interpret_solution_context,해를 문제 상황에 맞게 해석하기,중1(교육과정 학년군: 중1-3) > 변화와 관계 > 일차방정식,alias_on_concept,preserve_alias_and_check_textbook_wording,high,3,Aliases are stored on the concept node; add an equivalent_to edge only when sources treat two separate concepts as interchangeable.
concept_alias,m1_system_solution_context_interpretation,해를 문제 상황에 맞게 해석하기,해의 상황 해석; 답의 의미 해석,m1_system_solution_context_interpretation,해를 문제 상황에 맞게 해석하기,중1(교육과정 학년군: 중1-3) > 변화와 관계 > 연립일차방정식,alias_on_concept,preserve_alias_and_check_textbook_wording,high,2,Aliases are stored on the concept node; add an equivalent_to edge only when sources treat two separate concepts as interchangeable.
concept_alias,m1_system_solution_ordered_pair,해의 순서쌍 표현,"연립방정식 해의 순서쌍; (x, y)로 나타낸 해",m1_system_solution_ordered_pair,해의 순서쌍 표현,중1(교육과정 학년군: 중1-3) > 변화와 관계 > 연립일차방정식,alias_on_concept,preserve_alias_and_check_textbook_wording,high,2,Aliases are stored on the concept node; add an equivalent_to edge only when sources treat two separate concepts as interchangeable.
concept_alias,m1_mis_system_ordered_pair_swap,해의 순서쌍에서 두 미지수 값을 바꾸는 오류,x와 y의 값 바꿈; 순서쌍 순서 오류,m1_mis_system_ordered_pair_swap,해의 순서쌍에서 두 미지수 값을 바꾸는 오류,중1(교육과정 학년군: 중1-3) > 변화와 관계 > 연립일차방정식,alias_on_concept,preserve_alias_and_check_textbook_wording,high,2,Aliases are stored on the concept node; add an equivalent_to edge only when sources treat two separate concepts as interchangeable.
concept_alias,m1_eq_solution_check,해의 확인,해가 문제 상황에 적합한지 확인; 검산,m1_eq_solution_check,해의 확인,중1(교육과정 학년군: 중1-3) > 변화와 관계 > 일차방정식,alias_on_concept,preserve_alias_and_check_textbook_wording,high,5,Aliases are stored on the concept node; add an equivalent_to edge only when sources treat two separate concepts as interchangeable.
concept_alias,m1_eq_judge_solution,해인지 판단하기,해 판단; 해인지 확인,m1_eq_judge_solution,해인지 판단하기,중1(교육과정 학년군: 중1-3) > 변화와 관계 > 일차방정식,alias_on_concept,preserve_alias_and_check_textbook_wording,high,3,Aliases are stored on the concept node; add an equivalent_to edge only when sources treat two separate concepts as interchangeable.
concept_alias,m1_geo_chord,현,chord,m1_geo_chord,현,중1(교육과정 학년군: 중1-3) > 도형과 측정 > 평면도형의 성질,alias_on_concept,preserve_alias_and_check_textbook_wording,high,5,Aliases are stored on the concept node; add an equivalent_to edge only when sources treat two separate concepts as interchangeable.
concept_alias,m1_geo_arc,호,arc,m1_geo_arc,호,중1(교육과정 학년군: 중1-3) > 도형과 측정 > 평면도형의 성질,alias_on_concept,preserve_alias_and_check_textbook_wording,high,3,Aliases are stored on the concept node; add an equivalent_to edge only when sources treat two separate concepts as interchangeable.
concept_alias,m1_mis_arc_chord,호와 현을 같은 대상으로 보는 오류,호-현 혼동,m1_mis_arc_chord,호와 현을 같은 대상으로 보는 오류,중1(교육과정 학년군: 중1-3) > 도형과 측정 > 평면도형의 성질,alias_on_concept,preserve_alias_and_check_textbook_wording,high,3,Aliases are stored on the concept node; add an equivalent_to edge only when sources treat two separate concepts as interchangeable.
concept_alias,m1_num_operation_order_mixed,혼합계산의 계산 순서,계산 순서; 연산 순서,m1_num_operation_order_mixed,혼합계산의 계산 순서,중1(교육과정 학년군: 중1-3) > 수와 연산 > 정수와 유리수,alias_on_concept,preserve_alias_and_check_textbook_wording,high,4,Aliases are stored on the concept node; add an equivalent_to edge only when sources treat two separate concepts as interchangeable.
concept_alias,m1_data_probability,확률,probability,m1_data_probability,확률,중2(교육과정 학년군: 중1-3) > 자료와 가능성 > 경우의 수와 확률,alias_on_concept,preserve_alias_and_check_textbook_wording,high,4,Aliases are stored on the concept node; add an equivalent_to edge only when sources treat two separate concepts as interchangeable.
concept_alias,m1_data_probability_value,확률값,확률의 값; 가능성을 나타내는 수,m1_data_probability_value,확률값,중2(교육과정 학년군: 중1-3) > 자료와 가능성 > 경우의 수와 확률,alias_on_concept,preserve_alias_and_check_textbook_wording,high,2,Aliases are stored on the concept node; add an equivalent_to edge only when sources treat two separate concepts as interchangeable.
concept_alias,m1_data_probability_basic_properties,확률의 기본 성질,basic properties of probability,m1_data_probability_basic_properties,확률의 기본 성질,중2(교육과정 학년군: 중1-3) > 자료와 가능성 > 경우의 수와 확률,alias_on_concept,preserve_alias_and_check_textbook_wording,high,2,Aliases are stored on the concept node; add an equivalent_to edge only when sources treat two separate concepts as interchangeable.
concept_alias,m1_data_probability_range_0_1,확률의 범위,확률은 0 이상 1 이하; 0 이상 1 이하,m1_data_probability_range_0_1,확률의 범위,중2(교육과정 학년군: 중1-3) > 자료와 가능성 > 경우의 수와 확률,alias_on_concept,preserve_alias_and_check_textbook_wording,high,2,Aliases are stored on the concept node; add an equivalent_to edge only when sources treat two separate concepts as interchangeable.
concept_alias,m1_data_zero_probability_event,확률이 0인 사건,불가능한 사건; 일어나지 않는 사건,m1_data_zero_probability_event,확률이 0인 사건,중2(교육과정 학년군: 중1-3) > 자료와 가능성 > 경우의 수와 확률,alias_on_concept,preserve_alias_and_check_textbook_wording,high,2,Aliases are stored on the concept node; add an equivalent_to edge only when sources treat two separate concepts as interchangeable.
concept_alias,m1_data_one_probability_event,확률이 1인 사건,반드시 일어나는 사건; 확실한 사건,m1_data_one_probability_event,확률이 1인 사건,중2(교육과정 학년군: 중1-3) > 자료와 가능성 > 경우의 수와 확률,alias_on_concept,preserve_alias_and_check_textbook_wording,high,2,Aliases are stored on the concept node; add an equivalent_to edge only when sources treat two separate concepts as interchangeable.
concept_alias,m1_geo_circular_segment,활꼴,circular segment,m1_geo_circular_segment,활꼴,중1(교육과정 학년군: 중1-3) > 도형과 측정 > 평면도형의 성질,alias_on_concept,preserve_alias_and_check_textbook_wording,high,2,Aliases are stored on the concept node; add an equivalent_to edge only when sources treat two separate concepts as interchangeable.
concept_alias,m1_geo_solid_of_revolution,회전체,solid of revolution,m1_geo_solid_of_revolution,회전체,중1(교육과정 학년군: 중1-3) > 도형과 측정 > 입체도형의 성질,alias_on_concept,preserve_alias_and_check_textbook_wording,high,3,Aliases are stored on the concept node; add an equivalent_to edge only when sources treat two separate concepts as interchangeable.
concept_alias,m1_geo_axis_of_rotation,회전축,axis of rotation,m1_geo_axis_of_rotation,회전축,중1(교육과정 학년군: 중1-3) > 도형과 측정 > 입체도형의 성질,alias_on_concept,preserve_alias_and_check_textbook_wording,high,3,Aliases are stored on the concept node; add an equivalent_to edge only when sources treat two separate concepts as interchangeable.
concept_alias,m1_data_histogram,히스토그램,histogram,m1_data_histogram,히스토그램,중1(교육과정 학년군: 중1-3) > 자료와 가능성 > 도수분포표와 상대도수,alias_on_concept,preserve_alias_and_check_textbook_wording,high,4,Aliases are stored on the concept node; add an equivalent_to edge only when sources treat two separate concepts as interchangeable.
concept_alias,m1_mis_histogram_bar_graph,히스토그램과 막대그래프를 같은 표현으로 보는 오류,히스토그램-막대그래프 혼동,m1_mis_histogram_bar_graph,히스토그램과 막대그래프를 같은 표현으로 보는 오류,중1(교육과정 학년군: 중1-3) > 자료와 가능성 > 도수분포표와 상대도수,alias_on_concept,preserve_alias_and_check_textbook_wording,high,2,Aliases are stored on the concept node; add an equivalent_to edge only when sources treat two separate concepts as interchangeable.
concept_alias,m1_data_histogram_drawing,히스토그램으로 나타내기,히스토그램 그리기,m1_data_histogram_drawing,히스토그램으로 나타내기,중1(교육과정 학년군: 중1-3) > 자료와 가능성 > 도수분포표와 상대도수,alias_on_concept,preserve_alias_and_check_textbook_wording,high,3,Aliases are stored on the concept node; add an equivalent_to edge only when sources treat two separate concepts as interchangeable.
duplicate_label,label:교점,교점,,m1_func_intersection_point; m1_geo_intersection_point,교점; 교점,중1(교육과정 학년군: 중1-3) > 변화와 관계 > 일차함수와 일차방정식의 관계; 중1(교육과정 학년군: 중1-3) > 도형과 측정 > 기본 도형,same_label_multiple_nodes,review_unit_vs_micro_concept_split_before_equivalent_edge,medium,5,Same Korean label appears on multiple nodes; preserve only when unit-level and micro-concept roles are distinct.
duplicate_label,label:대푯값,대푯값,,m1_data_representative_unit; m1_data_representative_value,대푯값; 대푯값,중1(교육과정 학년군: 중1-3) > 자료와 가능성 > 대푯값; 중1(교육과정 학년군: 중1-3) > 자료와 가능성 > 대푯값,same_label_multiple_nodes,review_unit_vs_micro_concept_split_before_equivalent_edge,medium,7,Same Korean label appears on multiple nodes; preserve only when unit-level and micro-concept roles are distinct.
duplicate_label,label:문제 상황에서 미지수 정하기,문제 상황에서 미지수 정하기,,m1_eq_choose_unknown_from_context; m1_ineq_choose_unknown_from_context,문제 상황에서 미지수 정하기; 문제 상황에서 미지수 정하기,중1(교육과정 학년군: 중1-3) > 변화와 관계 > 일차방정식; 중1(교육과정 학년군: 중1-3) > 변화와 관계 > 일차부등식,same_label_multiple_nodes,review_unit_vs_micro_concept_split_before_equivalent_edge,medium,7,Same Korean label appears on multiple nodes; preserve only when unit-level and micro-concept roles are distinct.
duplicate_label,label:산포도,산포도,,m1_data_variability_unit; m1_data_variability,산포도; 산포도,중3(교육과정 학년군: 중1-3) > 자료와 가능성 > 산포도; 중3(교육과정 학년군: 중1-3) > 자료와 가능성 > 산포도,same_label_multiple_nodes,review_unit_vs_micro_concept_split_before_equivalent_edge,medium,5,Same Korean label appears on multiple nodes; preserve only when unit-level and micro-concept roles are distinct.
duplicate_label,label:삼각비,삼각비,,m1_geo_trig_unit; m1_geo_trigonometric_ratio,삼각비; 삼각비,중3(교육과정 학년군: 중1-3) > 도형과 측정 > 삼각비; 중3(교육과정 학년군: 중1-3) > 도형과 측정 > 삼각비,same_label_multiple_nodes,review_unit_vs_micro_concept_split_before_equivalent_edge,medium,7,Same Korean label appears on multiple nodes; preserve only when unit-level and micro-concept roles are distinct.
duplicate_label,label:소인수분해,소인수분해,,m1_num_prime_factor_unit; m1_num_prime_factorization,소인수분해; 소인수분해,중1(교육과정 학년군: 중1-3) > 수와 연산 > 소인수분해; 중1(교육과정 학년군: 중1-3) > 수와 연산 > 소인수분해,same_label_multiple_nodes,review_unit_vs_micro_concept_split_before_equivalent_edge,medium,8,Same Korean label appears on multiple nodes; preserve only when unit-level and micro-concept roles are distinct.
duplicate_label,label:수직선,수직선,,m1_num_number_line; m1_coord_number_line,수직선; 수직선,중1(교육과정 학년군: 중1-3) > 수와 연산 > 정수와 유리수; 중1(교육과정 학년군: 중1-3) > 변화와 관계 > 좌표평면과 그래프,same_label_multiple_nodes,review_unit_vs_micro_concept_split_before_equivalent_edge,medium,6,Same Korean label appears on multiple nodes; preserve only when unit-level and micro-concept roles are distinct.
duplicate_label,label:연립일차방정식,연립일차방정식,,m1_system_unit; m1_system_simultaneous_linear_equations,연립일차방정식; 연립일차방정식,중1(교육과정 학년군: 중1-3) > 변화와 관계 > 연립일차방정식; 중1(교육과정 학년군: 중1-3) > 변화와 관계 > 연립일차방정식,same_label_multiple_nodes,review_unit_vs_micro_concept_split_before_equivalent_edge,medium,5,Same Korean label appears on multiple nodes; preserve only when unit-level and micro-concept roles are distinct.
duplicate_label,label:이차방정식,이차방정식,,m1_quad_eq_unit; m1_quad_eq_quadratic_equation,이차방정식; 이차방정식,중3(교육과정 학년군: 중1-3) > 변화와 관계 > 이차방정식; 중3(교육과정 학년군: 중1-3) > 변화와 관계 > 이차방정식,same_label_multiple_nodes,review_unit_vs_micro_concept_split_before_equivalent_edge,medium,8,Same Korean label appears on multiple nodes; preserve only when unit-level and micro-concept roles are distinct.
duplicate_label,label:일차방정식,일차방정식,,m1_eq_unit; m1_eq_linear_equation,일차방정식; 일차방정식,중1(교육과정 학년군: 중1-3) > 변화와 관계 > 일차방정식; 중1(교육과정 학년군: 중1-3) > 변화와 관계 > 일차방정식,same_label_multiple_nodes,review_unit_vs_micro_concept_split_before_equivalent_edge,medium,8,Same Korean label appears on multiple nodes; preserve only when unit-level and micro-concept roles are distinct.
duplicate_label,label:일차부등식,일차부등식,,m1_ineq_unit; m1_ineq_linear_inequality,일차부등식; 일차부등식,중1(교육과정 학년군: 중1-3) > 변화와 관계 > 일차부등식; 중1(교육과정 학년군: 중1-3) > 변화와 관계 > 일차부등식,same_label_multiple_nodes,review_unit_vs_micro_concept_split_before_equivalent_edge,medium,5,Same Korean label appears on multiple nodes; preserve only when unit-level and micro-concept roles are distinct.
duplicate_label,label:최댓값,최댓값,,m1_quad_func_maximum; m1_data_maximum_value,최댓값; 최댓값,중3(교육과정 학년군: 중1-3) > 변화와 관계 > 이차함수와 그 그래프; 중3(교육과정 학년군: 중1-3) > 자료와 가능성 > 상자그림과 산점도,same_label_multiple_nodes,review_unit_vs_micro_concept_split_before_equivalent_edge,medium,5,Same Korean label appears on multiple nodes; preserve only when unit-level and micro-concept roles are distinct.
duplicate_label,label:최솟값,최솟값,,m1_quad_func_minimum; m1_data_minimum_value,최솟값; 최솟값,중3(교육과정 학년군: 중1-3) > 변화와 관계 > 이차함수와 그 그래프; 중3(교육과정 학년군: 중1-3) > 자료와 가능성 > 상자그림과 산점도,same_label_multiple_nodes,review_unit_vs_micro_concept_split_before_equivalent_edge,medium,5,Same Korean label appears on multiple nodes; preserve only when unit-level and micro-concept roles are distinct.
duplicate_label,label:피타고라스 정리,피타고라스 정리,,m1_geo_pythagorean_unit; m1_geo_pythagorean_theorem,피타고라스 정리; 피타고라스 정리,중2(교육과정 학년군: 중1-3) > 도형과 측정 > 피타고라스 정리; 중2(교육과정 학년군: 중1-3) > 도형과 측정 > 피타고라스 정리,same_label_multiple_nodes,review_unit_vs_micro_concept_split_before_equivalent_edge,medium,5,Same Korean label appears on multiple nodes; preserve only when unit-level and micro-concept roles are distinct.
duplicate_label,label:해를 문제 상황에 맞게 해석하기,해를 문제 상황에 맞게 해석하기,,m1_eq_interpret_solution_context; m1_system_solution_context_interpretation,해를 문제 상황에 맞게 해석하기; 해를 문제 상황에 맞게 해석하기,중1(교육과정 학년군: 중1-3) > 변화와 관계 > 일차방정식; 중1(교육과정 학년군: 중1-3) > 변화와 관계 > 연립일차방정식,same_label_multiple_nodes,review_unit_vs_micro_concept_split_before_equivalent_edge,medium,5,Same Korean label appears on multiple nodes; preserve only when unit-level and micro-concept roles are distinct.
equivalent_edge,m1_num_positive_integer__equivalent_to__m1_num_natural_number,양의 정수 = 자연수,,m1_num_positive_integer; m1_num_natural_number,양의 정수; 자연수,중1(교육과정 학년군: 중1-3) > 수와 연산 > 정수와 유리수; 중1(교육과정 학년군: 중1-3) > 수와 연산 > 소인수분해,explicit_equivalent_to_edge,keep_edge_and_confirm_textbook_usage,medium,5,"In this middle-school map, positive integers and natural numbers are treated as the same counting-number set, while preserving both official labels."
equivalent_edge,m1_quad_eq_solution__equivalent_to__m1_eq_root,이차방정식의 해 = 근,,m1_quad_eq_solution; m1_eq_root,이차방정식의 해; 근,중3(교육과정 학년군: 중1-3) > 변화와 관계 > 이차방정식; 중1(교육과정 학년군: 중1-3) > 변화와 관계 > 일차방정식,explicit_equivalent_to_edge,keep_edge_and_confirm_textbook_usage,medium,2,이차방정식 맥락에서 해와 근은 함께 쓰인다.
equivalent_edge,m1_data_second_quartile__equivalent_to__m1_data_median,제2사분위수 = 중앙값,,m1_data_second_quartile; m1_data_median,제2사분위수; 중앙값,중3(교육과정 학년군: 중1-3) > 자료와 가능성 > 상자그림과 산점도; 중1(교육과정 학년군: 중1-3) > 자료와 가능성 > 대푯값,explicit_equivalent_to_edge,keep_edge_and_confirm_textbook_usage,medium,3,상자그림 맥락에서 제2사분위수는 중앙값과 같은 위치의 값이다.
equivalent_edge,m1_eq_solution__equivalent_to__m1_eq_root,해 = 근,,m1_eq_solution; m1_eq_root,해; 근,중1(교육과정 학년군: 중1-3) > 변화와 관계 > 일차방정식; 중1(교육과정 학년군: 중1-3) > 변화와 관계 > 일차방정식,explicit_equivalent_to_edge,keep_edge_and_confirm_textbook_usage,medium,2,해와 근은 같은 방정식 맥락에서 함께 쓰이는 용어
official_term_multi_match,term:교점,교점,교점,m1_func_intersection_point; m1_geo_intersection_point,교점; 교점,,official_term_maps_to_multiple_concepts,review_term_scope_and_preserve_alias_or_split_reason,medium,0,
official_term_multi_match,term:대푯값,대푯값,대푯값,m1_data_representative_unit; m1_data_representative_value,대푯값; 대푯값,,official_term_maps_to_multiple_concepts,review_term_scope_and_preserve_alias_or_split_reason,medium,0,
official_term_multi_match,term:산포도,산포도,산포도,m1_data_variability; m1_data_variability_unit,산포도; 산포도,,official_term_maps_to_multiple_concepts,review_term_scope_and_preserve_alias_or_split_reason,medium,0,
official_term_multi_match,term:삼각비,삼각비,삼각비,m1_geo_trig_unit; m1_geo_trigonometric_ratio,삼각비; 삼각비,,official_term_maps_to_multiple_concepts,review_term_scope_and_preserve_alias_or_split_reason,medium,0,
official_term_multi_match,term:소인수분해,소인수분해,소인수분해,m1_num_prime_factor_unit; m1_num_prime_factorization,소인수분해; 소인수분해,,official_term_maps_to_multiple_concepts,review_term_scope_and_preserve_alias_or_split_reason,medium,0,
official_term_multi_match,term:수직선,수직선,수직선,m1_coord_number_line; m1_num_number_line,수직선; 수직선,,official_term_maps_to_multiple_concepts,review_term_scope_and_preserve_alias_or_split_reason,medium,0,
official_term_multi_match,term:이차방정식,이차방정식,이차방정식,m1_quad_eq_quadratic_equation; m1_quad_eq_unit,이차방정식; 이차방정식,,official_term_maps_to_multiple_concepts,review_term_scope_and_preserve_alias_or_split_reason,medium,0,
official_term_multi_match,term:일차방정식,일차방정식,일차방정식,m1_eq_linear_equation; m1_eq_unit,일차방정식; 일차방정식,,official_term_maps_to_multiple_concepts,review_term_scope_and_preserve_alias_or_split_reason,medium,0,
official_term_multi_match,term:최댓값,최댓값,최댓값,m1_data_maximum_value; m1_quad_func_maximum,최댓값; 최댓값,,official_term_maps_to_multiple_concepts,review_term_scope_and_preserve_alias_or_split_reason,medium,0,
official_term_multi_match,term:최솟값,최솟값,최솟값,m1_data_minimum_value; m1_quad_func_minimum,최솟값; 최솟값,,official_term_maps_to_multiple_concepts,review_term_scope_and_preserve_alias_or_split_reason,medium,0,
official_term_multi_match,term:피타고라스 정리,피타고라스 정리,피타고라스 정리,m1_geo_pythagorean_theorem; m1_geo_pythagorean_unit,피타고라스 정리; 피타고라스 정리,,official_term_maps_to_multiple_concepts,review_term_scope_and_preserve_alias_or_split_reason,medium,0,
