edge_id,source_id,source_label_ko,source_grade,source_domain,source_unit,target_id,target_label_ko,target_grade,target_domain,target_unit,transition_scope,confidence,source_ref_count,source_refs,notes
m1_geo_angle__prerequisite_for__m1_geo_corresponding_angles,m1_geo_angle,각,중1(교육과정 학년군: 중1-3),도형과 측정,기본 도형,m1_geo_corresponding_angles,동위각,중1(교육과정 학년군: 중1-3),도형과 측정,기본 도형,same_unit,high,3,"curriculum_math_2022:printed pp. 38-39; terms and symbols for 도형과 측정 - 교점, 교선, 두 점 사이의 거리, 중점, 수직이등분선, 꼬인 위치, 교각, 맞꼭지각, 엇각, 동위각, 평각, 직교, 수선의 발, 작도, 대변, 대각, 삼각형의 합동 조건, 내각, 외각, 부채꼴, 중심각, 호, 현, 활꼴, 할선, 다면체, 각뿔대, 정다면체, 회전체, 회전축, 원뿔대, 증명, 접선, 접점, 접한다, 외심, 외접, 외접원, 내심, 내접, 내접원, 중선, 무게중심, 닮음, 닮음비, 삼각형의 닮음 조건, 피타고라스 정리, 삼각비, 사인, 코사인, 탄젠트, 원주각 등을 다룸; curriculum_math_2022:printed p. 37; [9수03-02] - 평행선에서 동위각과 엇각의 성질을 이해하고 설명하는 성취기준; achievement_math_2022:기본 도형 section; [9수03-02] achievement levels - 평행선에서 동위각과 엇각을 찾고 각의 크기를 구하거나 성질을 설명하는 수준을 구분",
m1_geo_angle__prerequisite_for__m1_geo_vertical_angles,m1_geo_angle,각,중1(교육과정 학년군: 중1-3),도형과 측정,기본 도형,m1_geo_vertical_angles,맞꼭지각,중1(교육과정 학년군: 중1-3),도형과 측정,기본 도형,same_unit,high,3,"curriculum_math_2022:printed pp. 38-39; terms and symbols for 도형과 측정 - 교점, 교선, 두 점 사이의 거리, 중점, 수직이등분선, 꼬인 위치, 교각, 맞꼭지각, 엇각, 동위각, 평각, 직교, 수선의 발, 작도, 대변, 대각, 삼각형의 합동 조건, 내각, 외각, 부채꼴, 중심각, 호, 현, 활꼴, 할선, 다면체, 각뿔대, 정다면체, 회전체, 회전축, 원뿔대, 증명, 접선, 접점, 접한다, 외심, 외접, 외접원, 내심, 내접, 내접원, 중선, 무게중심, 닮음, 닮음비, 삼각형의 닮음 조건, 피타고라스 정리, 삼각비, 사인, 코사인, 탄젠트, 원주각 등을 다룸; curriculum_math_2022:printed p. 37; [9수03-01] - 점, 선, 면, 각을 이해하고 점, 직선, 평면의 위치 관계를 설명하는 성취기준; achievement_math_2022:기본 도형 section; [9수03-01] achievement levels - 점, 선, 면, 각 관련 용어와 기호를 이해하고 점, 직선, 평면의 위치 관계를 설명하는 수준을 구분",
m1_geo_angle__prerequisite_for__m1_geo_alternate_interior_angles,m1_geo_angle,각,중1(교육과정 학년군: 중1-3),도형과 측정,기본 도형,m1_geo_alternate_interior_angles,엇각,중1(교육과정 학년군: 중1-3),도형과 측정,기본 도형,same_unit,high,3,"curriculum_math_2022:printed pp. 38-39; terms and symbols for 도형과 측정 - 교점, 교선, 두 점 사이의 거리, 중점, 수직이등분선, 꼬인 위치, 교각, 맞꼭지각, 엇각, 동위각, 평각, 직교, 수선의 발, 작도, 대변, 대각, 삼각형의 합동 조건, 내각, 외각, 부채꼴, 중심각, 호, 현, 활꼴, 할선, 다면체, 각뿔대, 정다면체, 회전체, 회전축, 원뿔대, 증명, 접선, 접점, 접한다, 외심, 외접, 외접원, 내심, 내접, 내접원, 중선, 무게중심, 닮음, 닮음비, 삼각형의 닮음 조건, 피타고라스 정리, 삼각비, 사인, 코사인, 탄젠트, 원주각 등을 다룸; curriculum_math_2022:printed p. 37; [9수03-02] - 평행선에서 동위각과 엇각의 성질을 이해하고 설명하는 성취기준; achievement_math_2022:기본 도형 section; [9수03-02] achievement levels - 평행선에서 동위각과 엇각을 찾고 각의 크기를 구하거나 성질을 설명하는 수준을 구분",
m1_geo_angle__prerequisite_for__m1_geo_perpendicular,m1_geo_angle,각,중1(교육과정 학년군: 중1-3),도형과 측정,기본 도형,m1_geo_perpendicular,직교,중1(교육과정 학년군: 중1-3),도형과 측정,기본 도형,same_unit,high,3,"curriculum_math_2022:printed pp. 38-39; terms and symbols for 도형과 측정 - 교점, 교선, 두 점 사이의 거리, 중점, 수직이등분선, 꼬인 위치, 교각, 맞꼭지각, 엇각, 동위각, 평각, 직교, 수선의 발, 작도, 대변, 대각, 삼각형의 합동 조건, 내각, 외각, 부채꼴, 중심각, 호, 현, 활꼴, 할선, 다면체, 각뿔대, 정다면체, 회전체, 회전축, 원뿔대, 증명, 접선, 접점, 접한다, 외심, 외접, 외접원, 내심, 내접, 내접원, 중선, 무게중심, 닮음, 닮음비, 삼각형의 닮음 조건, 피타고라스 정리, 삼각비, 사인, 코사인, 탄젠트, 원주각 등을 다룸; curriculum_math_2022:printed p. 37; [9수03-01] - 점, 선, 면, 각을 이해하고 점, 직선, 평면의 위치 관계를 설명하는 성취기준; achievement_math_2022:기본 도형 section; [9수03-01] achievement levels - 점, 선, 면, 각 관련 용어와 기호를 이해하고 점, 직선, 평면의 위치 관계를 설명하는 수준을 구분",
m1_geo_angle__prerequisite_for__m1_geo_straight_angle,m1_geo_angle,각,중1(교육과정 학년군: 중1-3),도형과 측정,기본 도형,m1_geo_straight_angle,평각,중1(교육과정 학년군: 중1-3),도형과 측정,기본 도형,same_unit,high,3,"curriculum_math_2022:printed pp. 38-39; terms and symbols for 도형과 측정 - 교점, 교선, 두 점 사이의 거리, 중점, 수직이등분선, 꼬인 위치, 교각, 맞꼭지각, 엇각, 동위각, 평각, 직교, 수선의 발, 작도, 대변, 대각, 삼각형의 합동 조건, 내각, 외각, 부채꼴, 중심각, 호, 현, 활꼴, 할선, 다면체, 각뿔대, 정다면체, 회전체, 회전축, 원뿔대, 증명, 접선, 접점, 접한다, 외심, 외접, 외접원, 내심, 내접, 내접원, 중선, 무게중심, 닮음, 닮음비, 삼각형의 닮음 조건, 피타고라스 정리, 삼각비, 사인, 코사인, 탄젠트, 원주각 등을 다룸; curriculum_math_2022:printed p. 37; [9수03-01] - 점, 선, 면, 각을 이해하고 점, 직선, 평면의 위치 관계를 설명하는 성취기준; achievement_math_2022:기본 도형 section; [9수03-01] achievement levels - 점, 선, 면, 각 관련 용어와 기호를 이해하고 점, 직선, 평면의 위치 관계를 설명하는 수준을 구분",
m1_geo_intersection_point__prerequisite_for__m1_geo_vertical_angles,m1_geo_intersection_point,교점,중1(교육과정 학년군: 중1-3),도형과 측정,기본 도형,m1_geo_vertical_angles,맞꼭지각,중1(교육과정 학년군: 중1-3),도형과 측정,기본 도형,same_unit,high,3,"curriculum_math_2022:printed pp. 38-39; terms and symbols for 도형과 측정 - 교점, 교선, 두 점 사이의 거리, 중점, 수직이등분선, 꼬인 위치, 교각, 맞꼭지각, 엇각, 동위각, 평각, 직교, 수선의 발, 작도, 대변, 대각, 삼각형의 합동 조건, 내각, 외각, 부채꼴, 중심각, 호, 현, 활꼴, 할선, 다면체, 각뿔대, 정다면체, 회전체, 회전축, 원뿔대, 증명, 접선, 접점, 접한다, 외심, 외접, 외접원, 내심, 내접, 내접원, 중선, 무게중심, 닮음, 닮음비, 삼각형의 닮음 조건, 피타고라스 정리, 삼각비, 사인, 코사인, 탄젠트, 원주각 등을 다룸; curriculum_math_2022:printed p. 37; [9수03-01] - 점, 선, 면, 각을 이해하고 점, 직선, 평면의 위치 관계를 설명하는 성취기준; achievement_math_2022:기본 도형 section; [9수03-01] achievement levels - 점, 선, 면, 각 관련 용어와 기호를 이해하고 점, 직선, 평면의 위치 관계를 설명하는 수준을 구분",
m1_geo_skew_lines__prerequisite_for__m1_mis_skew_parallel_lines,m1_geo_skew_lines,꼬인 위치,중1(교육과정 학년군: 중1-3),도형과 측정,기본 도형,m1_mis_skew_parallel_lines,꼬인 위치와 평행을 같은 관계로 보는 오류,중1(교육과정 학년군: 중1-3),도형과 측정,기본 도형,same_unit,low,3,"curriculum_math_2022:printed p. 37; [9수03-01] - 점, 선, 면, 각을 이해하고 점, 직선, 평면의 위치 관계를 설명하는 성취기준; curriculum_math_2022:printed pp. 38-39; terms and symbols for 도형과 측정 - 교점, 교선, 두 점 사이의 거리, 중점, 수직이등분선, 꼬인 위치, 교각, 맞꼭지각, 엇각, 동위각, 평각, 직교, 수선의 발, 작도, 대변, 대각, 삼각형의 합동 조건, 내각, 외각, 부채꼴, 중심각, 호, 현, 활꼴, 할선, 다면체, 각뿔대, 정다면체, 회전체, 회전축, 원뿔대, 증명, 접선, 접점, 접한다, 외심, 외접, 외접원, 내심, 내접, 내접원, 중선, 무게중심, 닮음, 닮음비, 삼각형의 닮음 조건, 피타고라스 정리, 삼각비, 사인, 코사인, 탄젠트, 원주각 등을 다룸; achievement_math_2022:기본 도형 section; [9수03-01] achievement levels - 점, 선, 면, 각 관련 용어와 기호를 이해하고 점, 직선, 평면의 위치 관계를 설명하는 수준을 구분",
m1_geo_corresponding_angles__prerequisite_for__m1_mis_corresponding_alternate_angles,m1_geo_corresponding_angles,동위각,중1(교육과정 학년군: 중1-3),도형과 측정,기본 도형,m1_mis_corresponding_alternate_angles,동위각과 엇각의 위치를 혼동하는 오류,중1(교육과정 학년군: 중1-3),도형과 측정,기본 도형,same_unit,low,2,curriculum_math_2022:printed p. 37; [9수03-02] - 평행선에서 동위각과 엇각의 성질을 이해하고 설명하는 성취기준; achievement_math_2022:기본 도형 section; [9수03-02] achievement levels - 평행선에서 동위각과 엇각을 찾고 각의 크기를 구하거나 성질을 설명하는 수준을 구분,
m1_geo_corresponding_angles__prerequisite_for__m1_geo_parallel_angle_properties,m1_geo_corresponding_angles,동위각,중1(교육과정 학년군: 중1-3),도형과 측정,기본 도형,m1_geo_parallel_angle_properties,평행선에서 동위각과 엇각의 성질,중1(교육과정 학년군: 중1-3),도형과 측정,기본 도형,same_unit,high,2,curriculum_math_2022:printed p. 37; [9수03-02] - 평행선에서 동위각과 엇각의 성질을 이해하고 설명하는 성취기준; achievement_math_2022:기본 도형 section; [9수03-02] achievement levels - 평행선에서 동위각과 엇각을 찾고 각의 크기를 구하거나 성질을 설명하는 수준을 구분,
m1_geo_distance_between_two_points__prerequisite_for__m1_geo_midpoint,m1_geo_distance_between_two_points,두 점 사이의 거리,중1(교육과정 학년군: 중1-3),도형과 측정,기본 도형,m1_geo_midpoint,중점,중1(교육과정 학년군: 중1-3),도형과 측정,기본 도형,same_unit,high,3,"curriculum_math_2022:printed pp. 38-39; terms and symbols for 도형과 측정 - 교점, 교선, 두 점 사이의 거리, 중점, 수직이등분선, 꼬인 위치, 교각, 맞꼭지각, 엇각, 동위각, 평각, 직교, 수선의 발, 작도, 대변, 대각, 삼각형의 합동 조건, 내각, 외각, 부채꼴, 중심각, 호, 현, 활꼴, 할선, 다면체, 각뿔대, 정다면체, 회전체, 회전축, 원뿔대, 증명, 접선, 접점, 접한다, 외심, 외접, 외접원, 내심, 내접, 내접원, 중선, 무게중심, 닮음, 닮음비, 삼각형의 닮음 조건, 피타고라스 정리, 삼각비, 사인, 코사인, 탄젠트, 원주각 등을 다룸; curriculum_math_2022:printed p. 37; [9수03-01] - 점, 선, 면, 각을 이해하고 점, 직선, 평면의 위치 관계를 설명하는 성취기준; achievement_math_2022:기본 도형 section; [9수03-01] achievement levels - 점, 선, 면, 각 관련 용어와 기호를 이해하고 점, 직선, 평면의 위치 관계를 설명하는 수준을 구분",
m1_geo_alternate_interior_angles__prerequisite_for__m1_mis_corresponding_alternate_angles,m1_geo_alternate_interior_angles,엇각,중1(교육과정 학년군: 중1-3),도형과 측정,기본 도형,m1_mis_corresponding_alternate_angles,동위각과 엇각의 위치를 혼동하는 오류,중1(교육과정 학년군: 중1-3),도형과 측정,기본 도형,same_unit,low,2,curriculum_math_2022:printed p. 37; [9수03-02] - 평행선에서 동위각과 엇각의 성질을 이해하고 설명하는 성취기준; achievement_math_2022:기본 도형 section; [9수03-02] achievement levels - 평행선에서 동위각과 엇각을 찾고 각의 크기를 구하거나 성질을 설명하는 수준을 구분,
m1_geo_alternate_interior_angles__prerequisite_for__m1_geo_parallel_angle_properties,m1_geo_alternate_interior_angles,엇각,중1(교육과정 학년군: 중1-3),도형과 측정,기본 도형,m1_geo_parallel_angle_properties,평행선에서 동위각과 엇각의 성질,중1(교육과정 학년군: 중1-3),도형과 측정,기본 도형,same_unit,high,2,curriculum_math_2022:printed p. 37; [9수03-02] - 평행선에서 동위각과 엇각의 성질을 이해하고 설명하는 성취기준; achievement_math_2022:기본 도형 section; [9수03-02] achievement levels - 평행선에서 동위각과 엇각을 찾고 각의 크기를 구하거나 성질을 설명하는 수준을 구분,
m1_geo_point__prerequisite_for__m1_geo_intersection_point,m1_geo_point,점,중1(교육과정 학년군: 중1-3),도형과 측정,기본 도형,m1_geo_intersection_point,교점,중1(교육과정 학년군: 중1-3),도형과 측정,기본 도형,same_unit,high,3,"curriculum_math_2022:printed pp. 38-39; terms and symbols for 도형과 측정 - 교점, 교선, 두 점 사이의 거리, 중점, 수직이등분선, 꼬인 위치, 교각, 맞꼭지각, 엇각, 동위각, 평각, 직교, 수선의 발, 작도, 대변, 대각, 삼각형의 합동 조건, 내각, 외각, 부채꼴, 중심각, 호, 현, 활꼴, 할선, 다면체, 각뿔대, 정다면체, 회전체, 회전축, 원뿔대, 증명, 접선, 접점, 접한다, 외심, 외접, 외접원, 내심, 내접, 내접원, 중선, 무게중심, 닮음, 닮음비, 삼각형의 닮음 조건, 피타고라스 정리, 삼각비, 사인, 코사인, 탄젠트, 원주각 등을 다룸; curriculum_math_2022:printed p. 37; [9수03-01] - 점, 선, 면, 각을 이해하고 점, 직선, 평면의 위치 관계를 설명하는 성취기준; achievement_math_2022:기본 도형 section; [9수03-01] achievement levels - 점, 선, 면, 각 관련 용어와 기호를 이해하고 점, 직선, 평면의 위치 관계를 설명하는 수준을 구분",
m1_geo_point__prerequisite_for__m1_geo_distance_between_two_points,m1_geo_point,점,중1(교육과정 학년군: 중1-3),도형과 측정,기본 도형,m1_geo_distance_between_two_points,두 점 사이의 거리,중1(교육과정 학년군: 중1-3),도형과 측정,기본 도형,same_unit,high,3,"curriculum_math_2022:printed pp. 38-39; terms and symbols for 도형과 측정 - 교점, 교선, 두 점 사이의 거리, 중점, 수직이등분선, 꼬인 위치, 교각, 맞꼭지각, 엇각, 동위각, 평각, 직교, 수선의 발, 작도, 대변, 대각, 삼각형의 합동 조건, 내각, 외각, 부채꼴, 중심각, 호, 현, 활꼴, 할선, 다면체, 각뿔대, 정다면체, 회전체, 회전축, 원뿔대, 증명, 접선, 접점, 접한다, 외심, 외접, 외접원, 내심, 내접, 내접원, 중선, 무게중심, 닮음, 닮음비, 삼각형의 닮음 조건, 피타고라스 정리, 삼각비, 사인, 코사인, 탄젠트, 원주각 등을 다룸; curriculum_math_2022:printed p. 37; [9수03-01] - 점, 선, 면, 각을 이해하고 점, 직선, 평면의 위치 관계를 설명하는 성취기준; achievement_math_2022:기본 도형 section; [9수03-01] achievement levels - 점, 선, 면, 각 관련 용어와 기호를 이해하고 점, 직선, 평면의 위치 관계를 설명하는 수준을 구분",
m1_geo_point__prerequisite_for__m1_geo_foot_of_perpendicular,m1_geo_point,점,중1(교육과정 학년군: 중1-3),도형과 측정,기본 도형,m1_geo_foot_of_perpendicular,수선의 발,중1(교육과정 학년군: 중1-3),도형과 측정,기본 도형,same_unit,high,3,"curriculum_math_2022:printed pp. 38-39; terms and symbols for 도형과 측정 - 교점, 교선, 두 점 사이의 거리, 중점, 수직이등분선, 꼬인 위치, 교각, 맞꼭지각, 엇각, 동위각, 평각, 직교, 수선의 발, 작도, 대변, 대각, 삼각형의 합동 조건, 내각, 외각, 부채꼴, 중심각, 호, 현, 활꼴, 할선, 다면체, 각뿔대, 정다면체, 회전체, 회전축, 원뿔대, 증명, 접선, 접점, 접한다, 외심, 외접, 외접원, 내심, 내접, 내접원, 중선, 무게중심, 닮음, 닮음비, 삼각형의 닮음 조건, 피타고라스 정리, 삼각비, 사인, 코사인, 탄젠트, 원주각 등을 다룸; curriculum_math_2022:printed p. 37; [9수03-01] - 점, 선, 면, 각을 이해하고 점, 직선, 평면의 위치 관계를 설명하는 성취기준; achievement_math_2022:기본 도형 section; [9수03-01] achievement levels - 점, 선, 면, 각 관련 용어와 기호를 이해하고 점, 직선, 평면의 위치 관계를 설명하는 수준을 구분",
m1_geo_point__prerequisite_for__m1_geo_position_relation,m1_geo_point,점,중1(교육과정 학년군: 중1-3),도형과 측정,기본 도형,m1_geo_position_relation,"점, 직선, 평면의 위치 관계",중1(교육과정 학년군: 중1-3),도형과 측정,기본 도형,same_unit,high,2,"curriculum_math_2022:printed p. 37; [9수03-01] - 점, 선, 면, 각을 이해하고 점, 직선, 평면의 위치 관계를 설명하는 성취기준; achievement_math_2022:기본 도형 section; [9수03-01] achievement levels - 점, 선, 면, 각 관련 용어와 기호를 이해하고 점, 직선, 평면의 위치 관계를 설명하는 수준을 구분",
m1_geo_midpoint__prerequisite_for__m1_geo_perpendicular_bisector,m1_geo_midpoint,중점,중1(교육과정 학년군: 중1-3),도형과 측정,기본 도형,m1_geo_perpendicular_bisector,수직이등분선,중1(교육과정 학년군: 중1-3),도형과 측정,기본 도형,same_unit,high,3,"curriculum_math_2022:printed pp. 38-39; terms and symbols for 도형과 측정 - 교점, 교선, 두 점 사이의 거리, 중점, 수직이등분선, 꼬인 위치, 교각, 맞꼭지각, 엇각, 동위각, 평각, 직교, 수선의 발, 작도, 대변, 대각, 삼각형의 합동 조건, 내각, 외각, 부채꼴, 중심각, 호, 현, 활꼴, 할선, 다면체, 각뿔대, 정다면체, 회전체, 회전축, 원뿔대, 증명, 접선, 접점, 접한다, 외심, 외접, 외접원, 내심, 내접, 내접원, 중선, 무게중심, 닮음, 닮음비, 삼각형의 닮음 조건, 피타고라스 정리, 삼각비, 사인, 코사인, 탄젠트, 원주각 등을 다룸; curriculum_math_2022:printed p. 37; [9수03-01] - 점, 선, 면, 각을 이해하고 점, 직선, 평면의 위치 관계를 설명하는 성취기준; achievement_math_2022:기본 도형 section; [9수03-01] achievement levels - 점, 선, 면, 각 관련 용어와 기호를 이해하고 점, 직선, 평면의 위치 관계를 설명하는 수준을 구분",
m1_geo_perpendicular__prerequisite_for__m1_geo_foot_of_perpendicular,m1_geo_perpendicular,직교,중1(교육과정 학년군: 중1-3),도형과 측정,기본 도형,m1_geo_foot_of_perpendicular,수선의 발,중1(교육과정 학년군: 중1-3),도형과 측정,기본 도형,same_unit,high,3,"curriculum_math_2022:printed pp. 38-39; terms and symbols for 도형과 측정 - 교점, 교선, 두 점 사이의 거리, 중점, 수직이등분선, 꼬인 위치, 교각, 맞꼭지각, 엇각, 동위각, 평각, 직교, 수선의 발, 작도, 대변, 대각, 삼각형의 합동 조건, 내각, 외각, 부채꼴, 중심각, 호, 현, 활꼴, 할선, 다면체, 각뿔대, 정다면체, 회전체, 회전축, 원뿔대, 증명, 접선, 접점, 접한다, 외심, 외접, 외접원, 내심, 내접, 내접원, 중선, 무게중심, 닮음, 닮음비, 삼각형의 닮음 조건, 피타고라스 정리, 삼각비, 사인, 코사인, 탄젠트, 원주각 등을 다룸; curriculum_math_2022:printed p. 37; [9수03-01] - 점, 선, 면, 각을 이해하고 점, 직선, 평면의 위치 관계를 설명하는 성취기준; achievement_math_2022:기본 도형 section; [9수03-01] achievement levels - 점, 선, 면, 각 관련 용어와 기호를 이해하고 점, 직선, 평면의 위치 관계를 설명하는 수준을 구분",
m1_geo_perpendicular__prerequisite_for__m1_geo_perpendicular_bisector,m1_geo_perpendicular,직교,중1(교육과정 학년군: 중1-3),도형과 측정,기본 도형,m1_geo_perpendicular_bisector,수직이등분선,중1(교육과정 학년군: 중1-3),도형과 측정,기본 도형,same_unit,high,3,"curriculum_math_2022:printed pp. 38-39; terms and symbols for 도형과 측정 - 교점, 교선, 두 점 사이의 거리, 중점, 수직이등분선, 꼬인 위치, 교각, 맞꼭지각, 엇각, 동위각, 평각, 직교, 수선의 발, 작도, 대변, 대각, 삼각형의 합동 조건, 내각, 외각, 부채꼴, 중심각, 호, 현, 활꼴, 할선, 다면체, 각뿔대, 정다면체, 회전체, 회전축, 원뿔대, 증명, 접선, 접점, 접한다, 외심, 외접, 외접원, 내심, 내접, 내접원, 중선, 무게중심, 닮음, 닮음비, 삼각형의 닮음 조건, 피타고라스 정리, 삼각비, 사인, 코사인, 탄젠트, 원주각 등을 다룸; curriculum_math_2022:printed p. 37; [9수03-01] - 점, 선, 면, 각을 이해하고 점, 직선, 평면의 위치 관계를 설명하는 성취기준; achievement_math_2022:기본 도형 section; [9수03-01] achievement levels - 점, 선, 면, 각 관련 용어와 기호를 이해하고 점, 직선, 평면의 위치 관계를 설명하는 수준을 구분",
m1_geo_line__prerequisite_for__m1_geo_intersection_line,m1_geo_line,직선,중1(교육과정 학년군: 중1-3),도형과 측정,기본 도형,m1_geo_intersection_line,교선,중1(교육과정 학년군: 중1-3),도형과 측정,기본 도형,same_unit,high,3,"curriculum_math_2022:printed pp. 38-39; terms and symbols for 도형과 측정 - 교점, 교선, 두 점 사이의 거리, 중점, 수직이등분선, 꼬인 위치, 교각, 맞꼭지각, 엇각, 동위각, 평각, 직교, 수선의 발, 작도, 대변, 대각, 삼각형의 합동 조건, 내각, 외각, 부채꼴, 중심각, 호, 현, 활꼴, 할선, 다면체, 각뿔대, 정다면체, 회전체, 회전축, 원뿔대, 증명, 접선, 접점, 접한다, 외심, 외접, 외접원, 내심, 내접, 내접원, 중선, 무게중심, 닮음, 닮음비, 삼각형의 닮음 조건, 피타고라스 정리, 삼각비, 사인, 코사인, 탄젠트, 원주각 등을 다룸; curriculum_math_2022:printed p. 37; [9수03-01] - 점, 선, 면, 각을 이해하고 점, 직선, 평면의 위치 관계를 설명하는 성취기준; achievement_math_2022:기본 도형 section; [9수03-01] achievement levels - 점, 선, 면, 각 관련 용어와 기호를 이해하고 점, 직선, 평면의 위치 관계를 설명하는 수준을 구분",
m1_geo_line__prerequisite_for__m1_geo_intersection_point,m1_geo_line,직선,중1(교육과정 학년군: 중1-3),도형과 측정,기본 도형,m1_geo_intersection_point,교점,중1(교육과정 학년군: 중1-3),도형과 측정,기본 도형,same_unit,high,3,"curriculum_math_2022:printed pp. 38-39; terms and symbols for 도형과 측정 - 교점, 교선, 두 점 사이의 거리, 중점, 수직이등분선, 꼬인 위치, 교각, 맞꼭지각, 엇각, 동위각, 평각, 직교, 수선의 발, 작도, 대변, 대각, 삼각형의 합동 조건, 내각, 외각, 부채꼴, 중심각, 호, 현, 활꼴, 할선, 다면체, 각뿔대, 정다면체, 회전체, 회전축, 원뿔대, 증명, 접선, 접점, 접한다, 외심, 외접, 외접원, 내심, 내접, 내접원, 중선, 무게중심, 닮음, 닮음비, 삼각형의 닮음 조건, 피타고라스 정리, 삼각비, 사인, 코사인, 탄젠트, 원주각 등을 다룸; curriculum_math_2022:printed p. 37; [9수03-01] - 점, 선, 면, 각을 이해하고 점, 직선, 평면의 위치 관계를 설명하는 성취기준; achievement_math_2022:기본 도형 section; [9수03-01] achievement levels - 점, 선, 면, 각 관련 용어와 기호를 이해하고 점, 직선, 평면의 위치 관계를 설명하는 수준을 구분",
m1_geo_line__prerequisite_for__m1_geo_skew_lines,m1_geo_line,직선,중1(교육과정 학년군: 중1-3),도형과 측정,기본 도형,m1_geo_skew_lines,꼬인 위치,중1(교육과정 학년군: 중1-3),도형과 측정,기본 도형,same_unit,high,3,"curriculum_math_2022:printed pp. 38-39; terms and symbols for 도형과 측정 - 교점, 교선, 두 점 사이의 거리, 중점, 수직이등분선, 꼬인 위치, 교각, 맞꼭지각, 엇각, 동위각, 평각, 직교, 수선의 발, 작도, 대변, 대각, 삼각형의 합동 조건, 내각, 외각, 부채꼴, 중심각, 호, 현, 활꼴, 할선, 다면체, 각뿔대, 정다면체, 회전체, 회전축, 원뿔대, 증명, 접선, 접점, 접한다, 외심, 외접, 외접원, 내심, 내접, 내접원, 중선, 무게중심, 닮음, 닮음비, 삼각형의 닮음 조건, 피타고라스 정리, 삼각비, 사인, 코사인, 탄젠트, 원주각 등을 다룸; curriculum_math_2022:printed p. 37; [9수03-01] - 점, 선, 면, 각을 이해하고 점, 직선, 평면의 위치 관계를 설명하는 성취기준; achievement_math_2022:기본 도형 section; [9수03-01] achievement levels - 점, 선, 면, 각 관련 용어와 기호를 이해하고 점, 직선, 평면의 위치 관계를 설명하는 수준을 구분",
m1_geo_line__prerequisite_for__m1_geo_position_relation,m1_geo_line,직선,중1(교육과정 학년군: 중1-3),도형과 측정,기본 도형,m1_geo_position_relation,"점, 직선, 평면의 위치 관계",중1(교육과정 학년군: 중1-3),도형과 측정,기본 도형,same_unit,high,2,"curriculum_math_2022:printed p. 37; [9수03-01] - 점, 선, 면, 각을 이해하고 점, 직선, 평면의 위치 관계를 설명하는 성취기준; achievement_math_2022:기본 도형 section; [9수03-01] achievement levels - 점, 선, 면, 각 관련 용어와 기호를 이해하고 점, 직선, 평면의 위치 관계를 설명하는 수준을 구분",
m1_geo_line__prerequisite_for__m1_geo_perpendicular,m1_geo_line,직선,중1(교육과정 학년군: 중1-3),도형과 측정,기본 도형,m1_geo_perpendicular,직교,중1(교육과정 학년군: 중1-3),도형과 측정,기본 도형,same_unit,high,3,"curriculum_math_2022:printed pp. 38-39; terms and symbols for 도형과 측정 - 교점, 교선, 두 점 사이의 거리, 중점, 수직이등분선, 꼬인 위치, 교각, 맞꼭지각, 엇각, 동위각, 평각, 직교, 수선의 발, 작도, 대변, 대각, 삼각형의 합동 조건, 내각, 외각, 부채꼴, 중심각, 호, 현, 활꼴, 할선, 다면체, 각뿔대, 정다면체, 회전체, 회전축, 원뿔대, 증명, 접선, 접점, 접한다, 외심, 외접, 외접원, 내심, 내접, 내접원, 중선, 무게중심, 닮음, 닮음비, 삼각형의 닮음 조건, 피타고라스 정리, 삼각비, 사인, 코사인, 탄젠트, 원주각 등을 다룸; curriculum_math_2022:printed p. 37; [9수03-01] - 점, 선, 면, 각을 이해하고 점, 직선, 평면의 위치 관계를 설명하는 성취기준; achievement_math_2022:기본 도형 section; [9수03-01] achievement levels - 점, 선, 면, 각 관련 용어와 기호를 이해하고 점, 직선, 평면의 위치 관계를 설명하는 수준을 구분",
m1_geo_line__prerequisite_for__m1_geo_straight_angle,m1_geo_line,직선,중1(교육과정 학년군: 중1-3),도형과 측정,기본 도형,m1_geo_straight_angle,평각,중1(교육과정 학년군: 중1-3),도형과 측정,기본 도형,same_unit,high,3,"curriculum_math_2022:printed pp. 38-39; terms and symbols for 도형과 측정 - 교점, 교선, 두 점 사이의 거리, 중점, 수직이등분선, 꼬인 위치, 교각, 맞꼭지각, 엇각, 동위각, 평각, 직교, 수선의 발, 작도, 대변, 대각, 삼각형의 합동 조건, 내각, 외각, 부채꼴, 중심각, 호, 현, 활꼴, 할선, 다면체, 각뿔대, 정다면체, 회전체, 회전축, 원뿔대, 증명, 접선, 접점, 접한다, 외심, 외접, 외접원, 내심, 내접, 내접원, 중선, 무게중심, 닮음, 닮음비, 삼각형의 닮음 조건, 피타고라스 정리, 삼각비, 사인, 코사인, 탄젠트, 원주각 등을 다룸; curriculum_math_2022:printed p. 37; [9수03-01] - 점, 선, 면, 각을 이해하고 점, 직선, 평면의 위치 관계를 설명하는 성취기준; achievement_math_2022:기본 도형 section; [9수03-01] achievement levels - 점, 선, 면, 각 관련 용어와 기호를 이해하고 점, 직선, 평면의 위치 관계를 설명하는 수준을 구분",
m1_geo_line__prerequisite_for__m1_geo_parallel_lines,m1_geo_line,직선,중1(교육과정 학년군: 중1-3),도형과 측정,기본 도형,m1_geo_parallel_lines,평행선,중1(교육과정 학년군: 중1-3),도형과 측정,기본 도형,same_unit,high,2,curriculum_math_2022:printed p. 37; [9수03-02] - 평행선에서 동위각과 엇각의 성질을 이해하고 설명하는 성취기준; achievement_math_2022:기본 도형 section; [9수03-02] achievement levels - 평행선에서 동위각과 엇각을 찾고 각의 크기를 구하거나 성질을 설명하는 수준을 구분,
m1_geo_plane__prerequisite_for__m1_geo_intersection_line,m1_geo_plane,평면,중1(교육과정 학년군: 중1-3),도형과 측정,기본 도형,m1_geo_intersection_line,교선,중1(교육과정 학년군: 중1-3),도형과 측정,기본 도형,same_unit,high,3,"curriculum_math_2022:printed pp. 38-39; terms and symbols for 도형과 측정 - 교점, 교선, 두 점 사이의 거리, 중점, 수직이등분선, 꼬인 위치, 교각, 맞꼭지각, 엇각, 동위각, 평각, 직교, 수선의 발, 작도, 대변, 대각, 삼각형의 합동 조건, 내각, 외각, 부채꼴, 중심각, 호, 현, 활꼴, 할선, 다면체, 각뿔대, 정다면체, 회전체, 회전축, 원뿔대, 증명, 접선, 접점, 접한다, 외심, 외접, 외접원, 내심, 내접, 내접원, 중선, 무게중심, 닮음, 닮음비, 삼각형의 닮음 조건, 피타고라스 정리, 삼각비, 사인, 코사인, 탄젠트, 원주각 등을 다룸; curriculum_math_2022:printed p. 37; [9수03-01] - 점, 선, 면, 각을 이해하고 점, 직선, 평면의 위치 관계를 설명하는 성취기준; achievement_math_2022:기본 도형 section; [9수03-01] achievement levels - 점, 선, 면, 각 관련 용어와 기호를 이해하고 점, 직선, 평면의 위치 관계를 설명하는 수준을 구분",
m1_geo_plane__prerequisite_for__m1_geo_skew_lines,m1_geo_plane,평면,중1(교육과정 학년군: 중1-3),도형과 측정,기본 도형,m1_geo_skew_lines,꼬인 위치,중1(교육과정 학년군: 중1-3),도형과 측정,기본 도형,same_unit,high,3,"curriculum_math_2022:printed pp. 38-39; terms and symbols for 도형과 측정 - 교점, 교선, 두 점 사이의 거리, 중점, 수직이등분선, 꼬인 위치, 교각, 맞꼭지각, 엇각, 동위각, 평각, 직교, 수선의 발, 작도, 대변, 대각, 삼각형의 합동 조건, 내각, 외각, 부채꼴, 중심각, 호, 현, 활꼴, 할선, 다면체, 각뿔대, 정다면체, 회전체, 회전축, 원뿔대, 증명, 접선, 접점, 접한다, 외심, 외접, 외접원, 내심, 내접, 내접원, 중선, 무게중심, 닮음, 닮음비, 삼각형의 닮음 조건, 피타고라스 정리, 삼각비, 사인, 코사인, 탄젠트, 원주각 등을 다룸; curriculum_math_2022:printed p. 37; [9수03-01] - 점, 선, 면, 각을 이해하고 점, 직선, 평면의 위치 관계를 설명하는 성취기준; achievement_math_2022:기본 도형 section; [9수03-01] achievement levels - 점, 선, 면, 각 관련 용어와 기호를 이해하고 점, 직선, 평면의 위치 관계를 설명하는 수준을 구분",
m1_geo_plane__prerequisite_for__m1_geo_position_relation,m1_geo_plane,평면,중1(교육과정 학년군: 중1-3),도형과 측정,기본 도형,m1_geo_position_relation,"점, 직선, 평면의 위치 관계",중1(교육과정 학년군: 중1-3),도형과 측정,기본 도형,same_unit,high,2,"curriculum_math_2022:printed p. 37; [9수03-01] - 점, 선, 면, 각을 이해하고 점, 직선, 평면의 위치 관계를 설명하는 성취기준; achievement_math_2022:기본 도형 section; [9수03-01] achievement levels - 점, 선, 면, 각 관련 용어와 기호를 이해하고 점, 직선, 평면의 위치 관계를 설명하는 수준을 구분",
m1_geo_plane__prerequisite_for__m1_geo_parallel_lines,m1_geo_plane,평면,중1(교육과정 학년군: 중1-3),도형과 측정,기본 도형,m1_geo_parallel_lines,평행선,중1(교육과정 학년군: 중1-3),도형과 측정,기본 도형,same_unit,high,2,curriculum_math_2022:printed p. 37; [9수03-02] - 평행선에서 동위각과 엇각의 성질을 이해하고 설명하는 성취기준; achievement_math_2022:기본 도형 section; [9수03-02] achievement levels - 평행선에서 동위각과 엇각을 찾고 각의 크기를 구하거나 성질을 설명하는 수준을 구분,
m1_geo_parallel_lines__prerequisite_for__m1_mis_skew_parallel_lines,m1_geo_parallel_lines,평행선,중1(교육과정 학년군: 중1-3),도형과 측정,기본 도형,m1_mis_skew_parallel_lines,꼬인 위치와 평행을 같은 관계로 보는 오류,중1(교육과정 학년군: 중1-3),도형과 측정,기본 도형,same_unit,low,3,"curriculum_math_2022:printed p. 37; [9수03-01] - 점, 선, 면, 각을 이해하고 점, 직선, 평면의 위치 관계를 설명하는 성취기준; curriculum_math_2022:printed pp. 38-39; terms and symbols for 도형과 측정 - 교점, 교선, 두 점 사이의 거리, 중점, 수직이등분선, 꼬인 위치, 교각, 맞꼭지각, 엇각, 동위각, 평각, 직교, 수선의 발, 작도, 대변, 대각, 삼각형의 합동 조건, 내각, 외각, 부채꼴, 중심각, 호, 현, 활꼴, 할선, 다면체, 각뿔대, 정다면체, 회전체, 회전축, 원뿔대, 증명, 접선, 접점, 접한다, 외심, 외접, 외접원, 내심, 내접, 내접원, 중선, 무게중심, 닮음, 닮음비, 삼각형의 닮음 조건, 피타고라스 정리, 삼각비, 사인, 코사인, 탄젠트, 원주각 등을 다룸; achievement_math_2022:기본 도형 section; [9수03-01] achievement levels - 점, 선, 면, 각 관련 용어와 기호를 이해하고 점, 직선, 평면의 위치 관계를 설명하는 수준을 구분",
m1_geo_parallel_lines__prerequisite_for__m1_geo_corresponding_angles,m1_geo_parallel_lines,평행선,중1(교육과정 학년군: 중1-3),도형과 측정,기본 도형,m1_geo_corresponding_angles,동위각,중1(교육과정 학년군: 중1-3),도형과 측정,기본 도형,same_unit,high,3,"curriculum_math_2022:printed pp. 38-39; terms and symbols for 도형과 측정 - 교점, 교선, 두 점 사이의 거리, 중점, 수직이등분선, 꼬인 위치, 교각, 맞꼭지각, 엇각, 동위각, 평각, 직교, 수선의 발, 작도, 대변, 대각, 삼각형의 합동 조건, 내각, 외각, 부채꼴, 중심각, 호, 현, 활꼴, 할선, 다면체, 각뿔대, 정다면체, 회전체, 회전축, 원뿔대, 증명, 접선, 접점, 접한다, 외심, 외접, 외접원, 내심, 내접, 내접원, 중선, 무게중심, 닮음, 닮음비, 삼각형의 닮음 조건, 피타고라스 정리, 삼각비, 사인, 코사인, 탄젠트, 원주각 등을 다룸; curriculum_math_2022:printed p. 37; [9수03-02] - 평행선에서 동위각과 엇각의 성질을 이해하고 설명하는 성취기준; achievement_math_2022:기본 도형 section; [9수03-02] achievement levels - 평행선에서 동위각과 엇각을 찾고 각의 크기를 구하거나 성질을 설명하는 수준을 구분",
m1_geo_parallel_lines__prerequisite_for__m1_geo_alternate_interior_angles,m1_geo_parallel_lines,평행선,중1(교육과정 학년군: 중1-3),도형과 측정,기본 도형,m1_geo_alternate_interior_angles,엇각,중1(교육과정 학년군: 중1-3),도형과 측정,기본 도형,same_unit,high,3,"curriculum_math_2022:printed pp. 38-39; terms and symbols for 도형과 측정 - 교점, 교선, 두 점 사이의 거리, 중점, 수직이등분선, 꼬인 위치, 교각, 맞꼭지각, 엇각, 동위각, 평각, 직교, 수선의 발, 작도, 대변, 대각, 삼각형의 합동 조건, 내각, 외각, 부채꼴, 중심각, 호, 현, 활꼴, 할선, 다면체, 각뿔대, 정다면체, 회전체, 회전축, 원뿔대, 증명, 접선, 접점, 접한다, 외심, 외접, 외접원, 내심, 내접, 내접원, 중선, 무게중심, 닮음, 닮음비, 삼각형의 닮음 조건, 피타고라스 정리, 삼각비, 사인, 코사인, 탄젠트, 원주각 등을 다룸; curriculum_math_2022:printed p. 37; [9수03-02] - 평행선에서 동위각과 엇각의 성질을 이해하고 설명하는 성취기준; achievement_math_2022:기본 도형 section; [9수03-02] achievement levels - 평행선에서 동위각과 엇각을 찾고 각의 크기를 구하거나 성질을 설명하는 수준을 구분",
m1_geo_parallel_lines__prerequisite_for__m1_geo_parallel_angle_properties,m1_geo_parallel_lines,평행선,중1(교육과정 학년군: 중1-3),도형과 측정,기본 도형,m1_geo_parallel_angle_properties,평행선에서 동위각과 엇각의 성질,중1(교육과정 학년군: 중1-3),도형과 측정,기본 도형,same_unit,high,2,curriculum_math_2022:printed p. 37; [9수03-02] - 평행선에서 동위각과 엇각의 성질을 이해하고 설명하는 성취기준; achievement_math_2022:기본 도형 section; [9수03-02] achievement levels - 평행선에서 동위각과 엇각을 찾고 각의 크기를 구하거나 성질을 설명하는 수준을 구분,
m1_geo_line__prerequisite_for__m1_geo_axis_of_rotation,m1_geo_line,직선,중1(교육과정 학년군: 중1-3),도형과 측정,기본 도형,m1_geo_axis_of_rotation,회전축,중1(교육과정 학년군: 중1-3),도형과 측정,입체도형의 성질,cross_unit_same_domain,high,3,"curriculum_math_2022:printed pp. 38-39; terms and symbols for 도형과 측정 - 교점, 교선, 두 점 사이의 거리, 중점, 수직이등분선, 꼬인 위치, 교각, 맞꼭지각, 엇각, 동위각, 평각, 직교, 수선의 발, 작도, 대변, 대각, 삼각형의 합동 조건, 내각, 외각, 부채꼴, 중심각, 호, 현, 활꼴, 할선, 다면체, 각뿔대, 정다면체, 회전체, 회전축, 원뿔대, 증명, 접선, 접점, 접한다, 외심, 외접, 외접원, 내심, 내접, 내접원, 중선, 무게중심, 닮음, 닮음비, 삼각형의 닮음 조건, 피타고라스 정리, 삼각비, 사인, 코사인, 탄젠트, 원주각 등을 다룸; curriculum_math_2022:printed p. 38; [9수03-07] - 모형이나 공학 도구로 다면체와 회전체의 성질을 탐구하고 설명하는 성취기준; achievement_math_2022:입체도형의 성질 section; [9수03-07]~[9수03-08] achievement levels - 다면체와 회전체의 성질을 모형이나 공학 도구로 탐구하고 입체도형의 겉넓이와 부피를 구하는 수준을 구분",
m1_geo_plane__prerequisite_for__m1_geo_solid_cross_section,m1_geo_plane,평면,중1(교육과정 학년군: 중1-3),도형과 측정,기본 도형,m1_geo_solid_cross_section,입체도형의 단면,중1(교육과정 학년군: 중1-3),도형과 측정,입체도형의 성질,cross_unit_same_domain,medium,3,"curriculum_math_2022:printed pp. 38-39; [9수03-05], [9수03-07] explanation and considerations - 다각형의 내각·외각·대각선을 탐구해 성질을 일반화하고, 다각형과 다면체는 볼록인 경우만 다루며 회전체 단면은 성질 이해에 필요한 정도로 다룸; curriculum_math_2022:printed p. 38; [9수03-07] - 모형이나 공학 도구로 다면체와 회전체의 성질을 탐구하고 설명하는 성취기준; achievement_math_2022:입체도형의 성질 section; [9수03-07]~[9수03-08] achievement levels - 다면체와 회전체의 성질을 모형이나 공학 도구로 탐구하고 입체도형의 겉넓이와 부피를 구하는 수준을 구분",
m1_geo_parallel_lines__prerequisite_for__m1_geo_frustum_pyramid,m1_geo_parallel_lines,평행선,중1(교육과정 학년군: 중1-3),도형과 측정,기본 도형,m1_geo_frustum_pyramid,각뿔대,중1(교육과정 학년군: 중1-3),도형과 측정,입체도형의 성질,cross_unit_same_domain,high,3,"curriculum_math_2022:printed pp. 38-39; terms and symbols for 도형과 측정 - 교점, 교선, 두 점 사이의 거리, 중점, 수직이등분선, 꼬인 위치, 교각, 맞꼭지각, 엇각, 동위각, 평각, 직교, 수선의 발, 작도, 대변, 대각, 삼각형의 합동 조건, 내각, 외각, 부채꼴, 중심각, 호, 현, 활꼴, 할선, 다면체, 각뿔대, 정다면체, 회전체, 회전축, 원뿔대, 증명, 접선, 접점, 접한다, 외심, 외접, 외접원, 내심, 내접, 내접원, 중선, 무게중심, 닮음, 닮음비, 삼각형의 닮음 조건, 피타고라스 정리, 삼각비, 사인, 코사인, 탄젠트, 원주각 등을 다룸; curriculum_math_2022:printed p. 38; [9수03-07] - 모형이나 공학 도구로 다면체와 회전체의 성질을 탐구하고 설명하는 성취기준; achievement_math_2022:입체도형의 성질 section; [9수03-07]~[9수03-08] achievement levels - 다면체와 회전체의 성질을 모형이나 공학 도구로 탐구하고 입체도형의 겉넓이와 부피를 구하는 수준을 구분",
m1_geo_angle__prerequisite_for__m1_geo_opposite_angle,m1_geo_angle,각,중1(교육과정 학년군: 중1-3),도형과 측정,기본 도형,m1_geo_opposite_angle,대각,중1(교육과정 학년군: 중1-3),도형과 측정,작도와 합동,cross_unit_same_domain,high,3,"curriculum_math_2022:printed pp. 38-39; terms and symbols for 도형과 측정 - 교점, 교선, 두 점 사이의 거리, 중점, 수직이등분선, 꼬인 위치, 교각, 맞꼭지각, 엇각, 동위각, 평각, 직교, 수선의 발, 작도, 대변, 대각, 삼각형의 합동 조건, 내각, 외각, 부채꼴, 중심각, 호, 현, 활꼴, 할선, 다면체, 각뿔대, 정다면체, 회전체, 회전축, 원뿔대, 증명, 접선, 접점, 접한다, 외심, 외접, 외접원, 내심, 내접, 내접원, 중선, 무게중심, 닮음, 닮음비, 삼각형의 닮음 조건, 피타고라스 정리, 삼각비, 사인, 코사인, 탄젠트, 원주각 등을 다룸; curriculum_math_2022:printed p. 37; [9수03-04] - 삼각형의 합동 조건을 이해하고 합동인지 판별하는 성취기준; achievement_math_2022:작도와 합동 section; [9수03-04] achievement levels - 삼각형의 합동 조건을 이해하고 두 삼각형의 합동 여부를 판별하는 수준을 구분",
m1_geo_angle__prerequisite_for__m1_geo_opposite_side,m1_geo_angle,각,중1(교육과정 학년군: 중1-3),도형과 측정,기본 도형,m1_geo_opposite_side,대변,중1(교육과정 학년군: 중1-3),도형과 측정,작도와 합동,cross_unit_same_domain,high,3,"curriculum_math_2022:printed pp. 38-39; terms and symbols for 도형과 측정 - 교점, 교선, 두 점 사이의 거리, 중점, 수직이등분선, 꼬인 위치, 교각, 맞꼭지각, 엇각, 동위각, 평각, 직교, 수선의 발, 작도, 대변, 대각, 삼각형의 합동 조건, 내각, 외각, 부채꼴, 중심각, 호, 현, 활꼴, 할선, 다면체, 각뿔대, 정다면체, 회전체, 회전축, 원뿔대, 증명, 접선, 접점, 접한다, 외심, 외접, 외접원, 내심, 내접, 내접원, 중선, 무게중심, 닮음, 닮음비, 삼각형의 닮음 조건, 피타고라스 정리, 삼각비, 사인, 코사인, 탄젠트, 원주각 등을 다룸; curriculum_math_2022:printed p. 37; [9수03-04] - 삼각형의 합동 조건을 이해하고 합동인지 판별하는 성취기준; achievement_math_2022:작도와 합동 section; [9수03-04] achievement levels - 삼각형의 합동 조건을 이해하고 두 삼각형의 합동 여부를 판별하는 수준을 구분",
m1_geo_angle__prerequisite_for__m1_geo_triangle_construction,m1_geo_angle,각,중1(교육과정 학년군: 중1-3),도형과 측정,기본 도형,m1_geo_triangle_construction,삼각형의 작도,중1(교육과정 학년군: 중1-3),도형과 측정,작도와 합동,cross_unit_same_domain,high,2,"curriculum_math_2022:printed p. 37; [9수03-03] - 삼각형을 작도하고 그 과정을 설명하는 성취기준; achievement_math_2022:작도와 합동 section; [9수03-03] achievement levels - 삼각형 작도와 주어진 삼각형과 합동인 삼각형 작도, 작도 과정 설명 수준을 구분",
m1_geo_angle__prerequisite_for__m1_geo_construction,m1_geo_angle,각,중1(교육과정 학년군: 중1-3),도형과 측정,기본 도형,m1_geo_construction,작도,중1(교육과정 학년군: 중1-3),도형과 측정,작도와 합동,cross_unit_same_domain,high,3,"curriculum_math_2022:printed pp. 38-39; terms and symbols for 도형과 측정 - 교점, 교선, 두 점 사이의 거리, 중점, 수직이등분선, 꼬인 위치, 교각, 맞꼭지각, 엇각, 동위각, 평각, 직교, 수선의 발, 작도, 대변, 대각, 삼각형의 합동 조건, 내각, 외각, 부채꼴, 중심각, 호, 현, 활꼴, 할선, 다면체, 각뿔대, 정다면체, 회전체, 회전축, 원뿔대, 증명, 접선, 접점, 접한다, 외심, 외접, 외접원, 내심, 내접, 내접원, 중선, 무게중심, 닮음, 닮음비, 삼각형의 닮음 조건, 피타고라스 정리, 삼각비, 사인, 코사인, 탄젠트, 원주각 등을 다룸; curriculum_math_2022:printed p. 37; [9수03-03] - 삼각형을 작도하고 그 과정을 설명하는 성취기준; achievement_math_2022:작도와 합동 section; [9수03-03] achievement levels - 삼각형 작도와 주어진 삼각형과 합동인 삼각형 작도, 작도 과정 설명 수준을 구분",
m1_geo_basic_unit__prerequisite_for__m1_geo_construction_congruence_unit,m1_geo_basic_unit,기본 도형,중1(교육과정 학년군: 중1-3),도형과 측정,기본 도형,m1_geo_construction_congruence_unit,작도와 합동,중1(교육과정 학년군: 중1-3),도형과 측정,작도와 합동,cross_unit_same_domain,high,4,"curriculum_math_2022:printed p. 37; [9수03-03] - 삼각형을 작도하고 그 과정을 설명하는 성취기준; curriculum_math_2022:printed p. 37; [9수03-04] - 삼각형의 합동 조건을 이해하고 합동인지 판별하는 성취기준; achievement_math_2022:작도와 합동 section; [9수03-03] achievement levels - 삼각형 작도와 주어진 삼각형과 합동인 삼각형 작도, 작도 과정 설명 수준을 구분; achievement_math_2022:작도와 합동 section; [9수03-04] achievement levels - 삼각형의 합동 조건을 이해하고 두 삼각형의 합동 여부를 판별하는 수준을 구분",
m1_geo_distance_between_two_points__prerequisite_for__m1_geo_triangle_construction,m1_geo_distance_between_two_points,두 점 사이의 거리,중1(교육과정 학년군: 중1-3),도형과 측정,기본 도형,m1_geo_triangle_construction,삼각형의 작도,중1(교육과정 학년군: 중1-3),도형과 측정,작도와 합동,cross_unit_same_domain,high,2,"curriculum_math_2022:printed p. 37; [9수03-03] - 삼각형을 작도하고 그 과정을 설명하는 성취기준; achievement_math_2022:작도와 합동 section; [9수03-03] achievement levels - 삼각형 작도와 주어진 삼각형과 합동인 삼각형 작도, 작도 과정 설명 수준을 구분",
m1_geo_point__prerequisite_for__m1_geo_construction,m1_geo_point,점,중1(교육과정 학년군: 중1-3),도형과 측정,기본 도형,m1_geo_construction,작도,중1(교육과정 학년군: 중1-3),도형과 측정,작도와 합동,cross_unit_same_domain,high,3,"curriculum_math_2022:printed pp. 38-39; terms and symbols for 도형과 측정 - 교점, 교선, 두 점 사이의 거리, 중점, 수직이등분선, 꼬인 위치, 교각, 맞꼭지각, 엇각, 동위각, 평각, 직교, 수선의 발, 작도, 대변, 대각, 삼각형의 합동 조건, 내각, 외각, 부채꼴, 중심각, 호, 현, 활꼴, 할선, 다면체, 각뿔대, 정다면체, 회전체, 회전축, 원뿔대, 증명, 접선, 접점, 접한다, 외심, 외접, 외접원, 내심, 내접, 내접원, 중선, 무게중심, 닮음, 닮음비, 삼각형의 닮음 조건, 피타고라스 정리, 삼각비, 사인, 코사인, 탄젠트, 원주각 등을 다룸; curriculum_math_2022:printed p. 37; [9수03-03] - 삼각형을 작도하고 그 과정을 설명하는 성취기준; achievement_math_2022:작도와 합동 section; [9수03-03] achievement levels - 삼각형 작도와 주어진 삼각형과 합동인 삼각형 작도, 작도 과정 설명 수준을 구분",
m1_geo_line__prerequisite_for__m1_geo_construction,m1_geo_line,직선,중1(교육과정 학년군: 중1-3),도형과 측정,기본 도형,m1_geo_construction,작도,중1(교육과정 학년군: 중1-3),도형과 측정,작도와 합동,cross_unit_same_domain,high,3,"curriculum_math_2022:printed pp. 38-39; terms and symbols for 도형과 측정 - 교점, 교선, 두 점 사이의 거리, 중점, 수직이등분선, 꼬인 위치, 교각, 맞꼭지각, 엇각, 동위각, 평각, 직교, 수선의 발, 작도, 대변, 대각, 삼각형의 합동 조건, 내각, 외각, 부채꼴, 중심각, 호, 현, 활꼴, 할선, 다면체, 각뿔대, 정다면체, 회전체, 회전축, 원뿔대, 증명, 접선, 접점, 접한다, 외심, 외접, 외접원, 내심, 내접, 내접원, 중선, 무게중심, 닮음, 닮음비, 삼각형의 닮음 조건, 피타고라스 정리, 삼각비, 사인, 코사인, 탄젠트, 원주각 등을 다룸; curriculum_math_2022:printed p. 37; [9수03-03] - 삼각형을 작도하고 그 과정을 설명하는 성취기준; achievement_math_2022:작도와 합동 section; [9수03-03] achievement levels - 삼각형 작도와 주어진 삼각형과 합동인 삼각형 작도, 작도 과정 설명 수준을 구분",
m1_geo_angle__prerequisite_for__m1_geo_interior_angle,m1_geo_angle,각,중1(교육과정 학년군: 중1-3),도형과 측정,기본 도형,m1_geo_interior_angle,내각,중1(교육과정 학년군: 중1-3),도형과 측정,평면도형의 성질,cross_unit_same_domain,high,3,"curriculum_math_2022:printed pp. 38-39; terms and symbols for 도형과 측정 - 교점, 교선, 두 점 사이의 거리, 중점, 수직이등분선, 꼬인 위치, 교각, 맞꼭지각, 엇각, 동위각, 평각, 직교, 수선의 발, 작도, 대변, 대각, 삼각형의 합동 조건, 내각, 외각, 부채꼴, 중심각, 호, 현, 활꼴, 할선, 다면체, 각뿔대, 정다면체, 회전체, 회전축, 원뿔대, 증명, 접선, 접점, 접한다, 외심, 외접, 외접원, 내심, 내접, 내접원, 중선, 무게중심, 닮음, 닮음비, 삼각형의 닮음 조건, 피타고라스 정리, 삼각비, 사인, 코사인, 탄젠트, 원주각 등을 다룸; curriculum_math_2022:printed pp. 37-38; [9수03-05] - 다각형의 성질을 이해하고 설명하는 성취기준; achievement_math_2022:평면도형의 성질 section; [9수03-05] achievement levels - 다각형의 내각과 외각의 크기, 다각형의 대각선 개수 등 성질 이해 수준을 구분",
m1_geo_angle__prerequisite_for__m1_geo_polygon,m1_geo_angle,각,중1(교육과정 학년군: 중1-3),도형과 측정,기본 도형,m1_geo_polygon,다각형,중1(교육과정 학년군: 중1-3),도형과 측정,평면도형의 성질,cross_unit_same_domain,high,2,"curriculum_math_2022:printed pp. 37-38; [9수03-05] - 다각형의 성질을 이해하고 설명하는 성취기준; achievement_math_2022:평면도형의 성질 section; [9수03-05] achievement levels - 다각형의 내각과 외각의 크기, 다각형의 대각선 개수 등 성질 이해 수준을 구분",
m1_geo_angle__prerequisite_for__m1_geo_exterior_angle,m1_geo_angle,각,중1(교육과정 학년군: 중1-3),도형과 측정,기본 도형,m1_geo_exterior_angle,외각,중1(교육과정 학년군: 중1-3),도형과 측정,평면도형의 성질,cross_unit_same_domain,high,3,"curriculum_math_2022:printed pp. 38-39; terms and symbols for 도형과 측정 - 교점, 교선, 두 점 사이의 거리, 중점, 수직이등분선, 꼬인 위치, 교각, 맞꼭지각, 엇각, 동위각, 평각, 직교, 수선의 발, 작도, 대변, 대각, 삼각형의 합동 조건, 내각, 외각, 부채꼴, 중심각, 호, 현, 활꼴, 할선, 다면체, 각뿔대, 정다면체, 회전체, 회전축, 원뿔대, 증명, 접선, 접점, 접한다, 외심, 외접, 외접원, 내심, 내접, 내접원, 중선, 무게중심, 닮음, 닮음비, 삼각형의 닮음 조건, 피타고라스 정리, 삼각비, 사인, 코사인, 탄젠트, 원주각 등을 다룸; curriculum_math_2022:printed pp. 37-38; [9수03-05] - 다각형의 성질을 이해하고 설명하는 성취기준; achievement_math_2022:평면도형의 성질 section; [9수03-05] achievement levels - 다각형의 내각과 외각의 크기, 다각형의 대각선 개수 등 성질 이해 수준을 구분",
m1_geo_angle__prerequisite_for__m1_geo_central_angle,m1_geo_angle,각,중1(교육과정 학년군: 중1-3),도형과 측정,기본 도형,m1_geo_central_angle,중심각,중1(교육과정 학년군: 중1-3),도형과 측정,평면도형의 성질,cross_unit_same_domain,high,3,"curriculum_math_2022:printed pp. 38-39; terms and symbols for 도형과 측정 - 교점, 교선, 두 점 사이의 거리, 중점, 수직이등분선, 꼬인 위치, 교각, 맞꼭지각, 엇각, 동위각, 평각, 직교, 수선의 발, 작도, 대변, 대각, 삼각형의 합동 조건, 내각, 외각, 부채꼴, 중심각, 호, 현, 활꼴, 할선, 다면체, 각뿔대, 정다면체, 회전체, 회전축, 원뿔대, 증명, 접선, 접점, 접한다, 외심, 외접, 외접원, 내심, 내접, 내접원, 중선, 무게중심, 닮음, 닮음비, 삼각형의 닮음 조건, 피타고라스 정리, 삼각비, 사인, 코사인, 탄젠트, 원주각 등을 다룸; curriculum_math_2022:printed p. 38; [9수03-06] - 부채꼴의 중심각과 호의 관계를 이해하고 호의 길이와 넓이를 구하는 성취기준; achievement_math_2022:평면도형의 성질 section; [9수03-06] achievement levels - 부채꼴, 중심각, 호의 관계를 이해하고 부채꼴의 호의 길이와 넓이를 구하는 수준을 구분",
m1_geo_basic_unit__prerequisite_for__m1_geo_plane_properties_unit,m1_geo_basic_unit,기본 도형,중1(교육과정 학년군: 중1-3),도형과 측정,기본 도형,m1_geo_plane_properties_unit,평면도형의 성질,중1(교육과정 학년군: 중1-3),도형과 측정,평면도형의 성질,cross_unit_same_domain,high,4,"curriculum_math_2022:printed pp. 37-38; [9수03-05] - 다각형의 성질을 이해하고 설명하는 성취기준; curriculum_math_2022:printed p. 38; [9수03-06] - 부채꼴의 중심각과 호의 관계를 이해하고 호의 길이와 넓이를 구하는 성취기준; achievement_math_2022:평면도형의 성질 section; [9수03-05] achievement levels - 다각형의 내각과 외각의 크기, 다각형의 대각선 개수 등 성질 이해 수준을 구분; achievement_math_2022:평면도형의 성질 section; [9수03-06] achievement levels - 부채꼴, 중심각, 호의 관계를 이해하고 부채꼴의 호의 길이와 넓이를 구하는 수준을 구분",
m1_geo_point__prerequisite_for__m1_geo_polygon,m1_geo_point,점,중1(교육과정 학년군: 중1-3),도형과 측정,기본 도형,m1_geo_polygon,다각형,중1(교육과정 학년군: 중1-3),도형과 측정,평면도형의 성질,cross_unit_same_domain,high,2,"curriculum_math_2022:printed pp. 37-38; [9수03-05] - 다각형의 성질을 이해하고 설명하는 성취기준; achievement_math_2022:평면도형의 성질 section; [9수03-05] achievement levels - 다각형의 내각과 외각의 크기, 다각형의 대각선 개수 등 성질 이해 수준을 구분",
m1_geo_point__prerequisite_for__m1_geo_chord,m1_geo_point,점,중1(교육과정 학년군: 중1-3),도형과 측정,기본 도형,m1_geo_chord,현,중1(교육과정 학년군: 중1-3),도형과 측정,평면도형의 성질,cross_unit_same_domain,high,5,"curriculum_math_2022:printed pp. 38-39; terms and symbols for 도형과 측정 - 교점, 교선, 두 점 사이의 거리, 중점, 수직이등분선, 꼬인 위치, 교각, 맞꼭지각, 엇각, 동위각, 평각, 직교, 수선의 발, 작도, 대변, 대각, 삼각형의 합동 조건, 내각, 외각, 부채꼴, 중심각, 호, 현, 활꼴, 할선, 다면체, 각뿔대, 정다면체, 회전체, 회전축, 원뿔대, 증명, 접선, 접점, 접한다, 외심, 외접, 외접원, 내심, 내접, 내접원, 중선, 무게중심, 닮음, 닮음비, 삼각형의 닮음 조건, 피타고라스 정리, 삼각비, 사인, 코사인, 탄젠트, 원주각 등을 다룸; curriculum_math_2022:printed p. 38; [9수03-06] - 부채꼴의 중심각과 호의 관계를 이해하고 호의 길이와 넓이를 구하는 성취기준; curriculum_math_2022:printed p. 38; [9수03-18] - 원의 현과 접선에 관한 성질을 이해하고 정당화하는 성취기준; achievement_math_2022:평면도형의 성질 section; [9수03-06] achievement levels - 부채꼴, 중심각, 호의 관계를 이해하고 부채꼴의 호의 길이와 넓이를 구하는 수준을 구분; achievement_math_2022:원의 성질 section; [9수03-18]~[9수03-19] achievement levels - 원의 현과 접선에 관한 성질, 원주각의 성질을 이해하고 정당화하는 수준을 구분",
m1_geo_line__prerequisite_for__m1_geo_polygon,m1_geo_line,직선,중1(교육과정 학년군: 중1-3),도형과 측정,기본 도형,m1_geo_polygon,다각형,중1(교육과정 학년군: 중1-3),도형과 측정,평면도형의 성질,cross_unit_same_domain,high,2,"curriculum_math_2022:printed pp. 37-38; [9수03-05] - 다각형의 성질을 이해하고 설명하는 성취기준; achievement_math_2022:평면도형의 성질 section; [9수03-05] achievement levels - 다각형의 내각과 외각의 크기, 다각형의 대각선 개수 등 성질 이해 수준을 구분",
m1_geo_line__prerequisite_for__m1_geo_secant,m1_geo_line,직선,중1(교육과정 학년군: 중1-3),도형과 측정,기본 도형,m1_geo_secant,할선,중1(교육과정 학년군: 중1-3),도형과 측정,평면도형의 성질,cross_unit_same_domain,high,2,"curriculum_math_2022:printed pp. 38-39; terms and symbols for 도형과 측정 - 교점, 교선, 두 점 사이의 거리, 중점, 수직이등분선, 꼬인 위치, 교각, 맞꼭지각, 엇각, 동위각, 평각, 직교, 수선의 발, 작도, 대변, 대각, 삼각형의 합동 조건, 내각, 외각, 부채꼴, 중심각, 호, 현, 활꼴, 할선, 다면체, 각뿔대, 정다면체, 회전체, 회전축, 원뿔대, 증명, 접선, 접점, 접한다, 외심, 외접, 외접원, 내심, 내접, 내접원, 중선, 무게중심, 닮음, 닮음비, 삼각형의 닮음 조건, 피타고라스 정리, 삼각비, 사인, 코사인, 탄젠트, 원주각 등을 다룸; curriculum_math_2022:printed p. 38; [9수03-06] - 부채꼴의 중심각과 호의 관계를 이해하고 호의 길이와 넓이를 구하는 성취기준",
m1_geo_parallel_angle_properties__prerequisite_for__m1_geo_polygon_angle_sum,m1_geo_parallel_angle_properties,평행선에서 동위각과 엇각의 성질,중1(교육과정 학년군: 중1-3),도형과 측정,기본 도형,m1_geo_polygon_angle_sum,다각형의 내각과 외각의 크기,중1(교육과정 학년군: 중1-3),도형과 측정,평면도형의 성질,cross_unit_same_domain,high,3,"curriculum_math_2022:printed pp. 37-38; [9수03-05] - 다각형의 성질을 이해하고 설명하는 성취기준; curriculum_math_2022:printed pp. 38-39; [9수03-05], [9수03-07] explanation and considerations - 다각형의 내각·외각·대각선을 탐구해 성질을 일반화하고, 다각형과 다면체는 볼록인 경우만 다루며 회전체 단면은 성질 이해에 필요한 정도로 다룸; achievement_math_2022:평면도형의 성질 section; [9수03-05] achievement levels - 다각형의 내각과 외각의 크기, 다각형의 대각선 개수 등 성질 이해 수준을 구분",
m1_geo_angle__prerequisite_for__m1_geo_correspondence,m1_geo_angle,각,중1(교육과정 학년군: 중1-3),도형과 측정,기본 도형,m1_geo_correspondence,도형의 대응,중2(교육과정 학년군: 중1-3),도형과 측정,도형의 닮음,cross_grade_same_domain,medium,3,"curriculum_math_2022:printed p. 39; terms usable in teaching and learning situations - (도형의) 대응, 삼각형의 중점연결정리, 접선의 길이는 교수·학습 상황에서 사용할 수 있음; curriculum_math_2022:printed p. 38; [9수03-12] - 도형의 닮음과 닮은 도형의 성질을 이해하고 닮음비를 구하는 성취기준; achievement_math_2022:도형의 닮음 section; [9수03-12]~[9수03-14] achievement levels - 도형의 닮음, 닮은 도형의 성질, 닮음비, 삼각형의 닮음 조건, 평행선 사이의 선분의 길이의 비와 무게중심 성질을 구분",
m1_geo_point__prerequisite_for__m1_geo_correspondence,m1_geo_point,점,중1(교육과정 학년군: 중1-3),도형과 측정,기본 도형,m1_geo_correspondence,도형의 대응,중2(교육과정 학년군: 중1-3),도형과 측정,도형의 닮음,cross_grade_same_domain,medium,3,"curriculum_math_2022:printed p. 39; terms usable in teaching and learning situations - (도형의) 대응, 삼각형의 중점연결정리, 접선의 길이는 교수·학습 상황에서 사용할 수 있음; curriculum_math_2022:printed p. 38; [9수03-12] - 도형의 닮음과 닮은 도형의 성질을 이해하고 닮음비를 구하는 성취기준; achievement_math_2022:도형의 닮음 section; [9수03-12]~[9수03-14] achievement levels - 도형의 닮음, 닮은 도형의 성질, 닮음비, 삼각형의 닮음 조건, 평행선 사이의 선분의 길이의 비와 무게중심 성질을 구분",
m1_geo_midpoint__prerequisite_for__m1_geo_triangle_midpoint_theorem,m1_geo_midpoint,중점,중1(교육과정 학년군: 중1-3),도형과 측정,기본 도형,m1_geo_triangle_midpoint_theorem,삼각형의 중점연결정리,중2(교육과정 학년군: 중1-3),도형과 측정,도형의 닮음,cross_grade_same_domain,medium,2,"curriculum_math_2022:printed p. 39; terms usable in teaching and learning situations - (도형의) 대응, 삼각형의 중점연결정리, 접선의 길이는 교수·학습 상황에서 사용할 수 있음; achievement_math_2022:도형의 닮음 section; [9수03-12]~[9수03-14] achievement levels - 도형의 닮음, 닮은 도형의 성질, 닮음비, 삼각형의 닮음 조건, 평행선 사이의 선분의 길이의 비와 무게중심 성질을 구분",
m1_geo_parallel_lines__prerequisite_for__m1_geo_parallel_segment_ratio,m1_geo_parallel_lines,평행선,중1(교육과정 학년군: 중1-3),도형과 측정,기본 도형,m1_geo_parallel_segment_ratio,평행선 사이의 선분의 길이의 비,중2(교육과정 학년군: 중1-3),도형과 측정,도형의 닮음,cross_grade_same_domain,high,2,"curriculum_math_2022:printed p. 38; [9수03-14] - 평행선 사이의 선분의 길이의 비를 구하는 성취기준; achievement_math_2022:도형의 닮음 section; [9수03-12]~[9수03-14] achievement levels - 도형의 닮음, 닮은 도형의 성질, 닮음비, 삼각형의 닮음 조건, 평행선 사이의 선분의 길이의 비와 무게중심 성질을 구분",
m1_geo_angle__prerequisite_for__m1_geo_incenter,m1_geo_angle,각,중1(교육과정 학년군: 중1-3),도형과 측정,기본 도형,m1_geo_incenter,내심,중2(교육과정 학년군: 중1-3),도형과 측정,삼각형과 사각형의 성질,cross_grade_same_domain,high,3,"curriculum_math_2022:printed pp. 38-39; terms and symbols for 도형과 측정 - 교점, 교선, 두 점 사이의 거리, 중점, 수직이등분선, 꼬인 위치, 교각, 맞꼭지각, 엇각, 동위각, 평각, 직교, 수선의 발, 작도, 대변, 대각, 삼각형의 합동 조건, 내각, 외각, 부채꼴, 중심각, 호, 현, 활꼴, 할선, 다면체, 각뿔대, 정다면체, 회전체, 회전축, 원뿔대, 증명, 접선, 접점, 접한다, 외심, 외접, 외접원, 내심, 내접, 내접원, 중선, 무게중심, 닮음, 닮음비, 삼각형의 닮음 조건, 피타고라스 정리, 삼각비, 사인, 코사인, 탄젠트, 원주각 등을 다룸; curriculum_math_2022:printed p. 38; [9수03-10] - 삼각형의 외심과 내심의 성질을 이해하고 정당화하는 성취기준; achievement_math_2022:삼각형과 사각형의 성질 section; [9수03-09]~[9수03-11] achievement levels - 이등변삼각형, 삼각형의 외심과 내심, 사각형의 성질과 여러 사각형 사이의 관계를 이해하고 정당화하는 수준을 구분",
m1_geo_basic_unit__prerequisite_for__m1_geo_justification,m1_geo_basic_unit,기본 도형,중1(교육과정 학년군: 중1-3),도형과 측정,기본 도형,m1_geo_justification,정당화,중2(교육과정 학년군: 중1-3),도형과 측정,삼각형과 사각형의 성질,cross_grade_same_domain,high,2,"curriculum_math_2022:printed pp. 38-39; [9수03-09], [9수03-11] explanation and considerations - 도형 성질의 정당화 방법으로 관찰, 실험, 근거 제시, 유사성에 근거한 추론, 증명을 학생 수준에 맞게 활용하되 증명에서 가정과 결론 용어는 다루지 않음; achievement_math_2022:삼각형과 사각형의 성질 section; [9수03-09]~[9수03-11] achievement levels - 이등변삼각형, 삼각형의 외심과 내심, 사각형의 성질과 여러 사각형 사이의 관계를 이해하고 정당화하는 수준을 구분",
m1_geo_perpendicular_bisector__prerequisite_for__m1_geo_circumcenter,m1_geo_perpendicular_bisector,수직이등분선,중1(교육과정 학년군: 중1-3),도형과 측정,기본 도형,m1_geo_circumcenter,외심,중2(교육과정 학년군: 중1-3),도형과 측정,삼각형과 사각형의 성질,cross_grade_same_domain,high,3,"curriculum_math_2022:printed pp. 38-39; terms and symbols for 도형과 측정 - 교점, 교선, 두 점 사이의 거리, 중점, 수직이등분선, 꼬인 위치, 교각, 맞꼭지각, 엇각, 동위각, 평각, 직교, 수선의 발, 작도, 대변, 대각, 삼각형의 합동 조건, 내각, 외각, 부채꼴, 중심각, 호, 현, 활꼴, 할선, 다면체, 각뿔대, 정다면체, 회전체, 회전축, 원뿔대, 증명, 접선, 접점, 접한다, 외심, 외접, 외접원, 내심, 내접, 내접원, 중선, 무게중심, 닮음, 닮음비, 삼각형의 닮음 조건, 피타고라스 정리, 삼각비, 사인, 코사인, 탄젠트, 원주각 등을 다룸; curriculum_math_2022:printed p. 38; [9수03-10] - 삼각형의 외심과 내심의 성질을 이해하고 정당화하는 성취기준; achievement_math_2022:삼각형과 사각형의 성질 section; [9수03-09]~[9수03-11] achievement levels - 이등변삼각형, 삼각형의 외심과 내심, 사각형의 성질과 여러 사각형 사이의 관계를 이해하고 정당화하는 수준을 구분",
m1_geo_midpoint__prerequisite_for__m1_geo_median,m1_geo_midpoint,중점,중1(교육과정 학년군: 중1-3),도형과 측정,기본 도형,m1_geo_median,중선,중2(교육과정 학년군: 중1-3),도형과 측정,삼각형과 사각형의 성질,cross_grade_same_domain,high,3,"curriculum_math_2022:printed pp. 38-39; terms and symbols for 도형과 측정 - 교점, 교선, 두 점 사이의 거리, 중점, 수직이등분선, 꼬인 위치, 교각, 맞꼭지각, 엇각, 동위각, 평각, 직교, 수선의 발, 작도, 대변, 대각, 삼각형의 합동 조건, 내각, 외각, 부채꼴, 중심각, 호, 현, 활꼴, 할선, 다면체, 각뿔대, 정다면체, 회전체, 회전축, 원뿔대, 증명, 접선, 접점, 접한다, 외심, 외접, 외접원, 내심, 내접, 내접원, 중선, 무게중심, 닮음, 닮음비, 삼각형의 닮음 조건, 피타고라스 정리, 삼각비, 사인, 코사인, 탄젠트, 원주각 등을 다룸; curriculum_math_2022:printed p. 38; [9수03-14] - 평행선 사이의 선분의 길이의 비를 구하는 성취기준; achievement_math_2022:도형의 닮음 section; [9수03-12]~[9수03-14] achievement levels - 도형의 닮음, 닮은 도형의 성질, 닮음비, 삼각형의 닮음 조건, 평행선 사이의 선분의 길이의 비와 무게중심 성질을 구분",
m1_geo_angle__prerequisite_for__m1_geo_right_triangle,m1_geo_angle,각,중1(교육과정 학년군: 중1-3),도형과 측정,기본 도형,m1_geo_right_triangle,직각삼각형,중2(교육과정 학년군: 중1-3),도형과 측정,피타고라스 정리,cross_grade_same_domain,high,3,"curriculum_math_2022:printed p. 38; [9수03-15] - 피타고라스 정리를 이해하고 정당화하는 성취기준; achievement_math_2022:피타고라스 정리 section; [9수03-15] achievement levels - 피타고라스 정리와 그 역을 이해하고 직각삼각형 판별에 활용하는 수준을 구분; achievement_math_2022:삼각비 section; [9수03-16]~[9수03-17] achievement levels - 삼각비의 뜻, 30도·45도·60도 삼각비의 값, 직각삼각형의 삼각비 값, 거리와 높이 및 삼각형 넓이 활용 수준을 구분",
m1_geo_foot_of_perpendicular__prerequisite_for__m1_geo_trig_distance_height,m1_geo_foot_of_perpendicular,수선의 발,중1(교육과정 학년군: 중1-3),도형과 측정,기본 도형,m1_geo_trig_distance_height,삼각비로 거리와 높이 구하기,중3(교육과정 학년군: 중1-3),도형과 측정,삼각비,cross_grade_same_domain,high,2,"curriculum_math_2022:printed p. 38; [9수03-17] - 삼각비를 활용하여 여러 가지 문제를 해결하는 성취기준; achievement_math_2022:삼각비 section; [9수03-16]~[9수03-17] achievement levels - 삼각비의 뜻, 30도·45도·60도 삼각비의 값, 직각삼각형의 삼각비 값, 거리와 높이 및 삼각형 넓이 활용 수준을 구분",
m1_geo_angle__prerequisite_for__m1_geo_inscribed_angle,m1_geo_angle,각,중1(교육과정 학년군: 중1-3),도형과 측정,기본 도형,m1_geo_inscribed_angle,원주각,중3(교육과정 학년군: 중1-3),도형과 측정,원의 성질,cross_grade_same_domain,high,3,"curriculum_math_2022:printed pp. 38-39; terms and symbols for 도형과 측정 - 교점, 교선, 두 점 사이의 거리, 중점, 수직이등분선, 꼬인 위치, 교각, 맞꼭지각, 엇각, 동위각, 평각, 직교, 수선의 발, 작도, 대변, 대각, 삼각형의 합동 조건, 내각, 외각, 부채꼴, 중심각, 호, 현, 활꼴, 할선, 다면체, 각뿔대, 정다면체, 회전체, 회전축, 원뿔대, 증명, 접선, 접점, 접한다, 외심, 외접, 외접원, 내심, 내접, 내접원, 중선, 무게중심, 닮음, 닮음비, 삼각형의 닮음 조건, 피타고라스 정리, 삼각비, 사인, 코사인, 탄젠트, 원주각 등을 다룸; curriculum_math_2022:printed p. 38; [9수03-19] - 원주각의 성질을 이해하고 정당화하는 성취기준; achievement_math_2022:원의 성질 section; [9수03-18]~[9수03-19] achievement levels - 원의 현과 접선에 관한 성질, 원주각의 성질을 이해하고 정당화하는 수준을 구분",
m1_geo_point__prerequisite_for__m1_geo_circle,m1_geo_point,점,중1(교육과정 학년군: 중1-3),도형과 측정,기본 도형,m1_geo_circle,원,중3(교육과정 학년군: 중1-3),도형과 측정,원의 성질,cross_grade_same_domain,high,5,"curriculum_math_2022:printed p. 38; [9수03-06] - 부채꼴의 중심각과 호의 관계를 이해하고 호의 길이와 넓이를 구하는 성취기준; curriculum_math_2022:printed p. 38; [9수03-18] - 원의 현과 접선에 관한 성질을 이해하고 정당화하는 성취기준; curriculum_math_2022:printed p. 38; [9수03-19] - 원주각의 성질을 이해하고 정당화하는 성취기준; achievement_math_2022:평면도형의 성질 section; [9수03-06] achievement levels - 부채꼴, 중심각, 호의 관계를 이해하고 부채꼴의 호의 길이와 넓이를 구하는 수준을 구분; achievement_math_2022:원의 성질 section; [9수03-18]~[9수03-19] achievement levels - 원의 현과 접선에 관한 성질, 원주각의 성질을 이해하고 정당화하는 수준을 구분",
m1_geo_perpendicular__prerequisite_for__m1_mis_tangent_radius,m1_geo_perpendicular,직교,중1(교육과정 학년군: 중1-3),도형과 측정,기본 도형,m1_mis_tangent_radius,접선과 반지름의 수직 관계를 놓치는 오류,중3(교육과정 학년군: 중1-3),도형과 측정,원의 성질,cross_grade_same_domain,low,2,"curriculum_math_2022:printed p. 38; [9수03-18] - 원의 현과 접선에 관한 성질을 이해하고 정당화하는 성취기준; achievement_math_2022:원의 성질 section; [9수03-18]~[9수03-19] achievement levels - 원의 현과 접선에 관한 성질, 원주각의 성질을 이해하고 정당화하는 수준을 구분",
m1_geo_line__prerequisite_for__m1_geo_tangent_line,m1_geo_line,직선,중1(교육과정 학년군: 중1-3),도형과 측정,기본 도형,m1_geo_tangent_line,접선,중3(교육과정 학년군: 중1-3),도형과 측정,원의 성질,cross_grade_same_domain,high,3,"curriculum_math_2022:printed pp. 38-39; terms and symbols for 도형과 측정 - 교점, 교선, 두 점 사이의 거리, 중점, 수직이등분선, 꼬인 위치, 교각, 맞꼭지각, 엇각, 동위각, 평각, 직교, 수선의 발, 작도, 대변, 대각, 삼각형의 합동 조건, 내각, 외각, 부채꼴, 중심각, 호, 현, 활꼴, 할선, 다면체, 각뿔대, 정다면체, 회전체, 회전축, 원뿔대, 증명, 접선, 접점, 접한다, 외심, 외접, 외접원, 내심, 내접, 내접원, 중선, 무게중심, 닮음, 닮음비, 삼각형의 닮음 조건, 피타고라스 정리, 삼각비, 사인, 코사인, 탄젠트, 원주각 등을 다룸; curriculum_math_2022:printed p. 38; [9수03-18] - 원의 현과 접선에 관한 성질을 이해하고 정당화하는 성취기준; achievement_math_2022:원의 성질 section; [9수03-18]~[9수03-19] achievement levels - 원의 현과 접선에 관한 성질, 원주각의 성질을 이해하고 정당화하는 수준을 구분",
m1_geo_plane__prerequisite_for__m1_geo_circle,m1_geo_plane,평면,중1(교육과정 학년군: 중1-3),도형과 측정,기본 도형,m1_geo_circle,원,중3(교육과정 학년군: 중1-3),도형과 측정,원의 성질,cross_grade_same_domain,high,5,"curriculum_math_2022:printed p. 38; [9수03-06] - 부채꼴의 중심각과 호의 관계를 이해하고 호의 길이와 넓이를 구하는 성취기준; curriculum_math_2022:printed p. 38; [9수03-18] - 원의 현과 접선에 관한 성질을 이해하고 정당화하는 성취기준; curriculum_math_2022:printed p. 38; [9수03-19] - 원주각의 성질을 이해하고 정당화하는 성취기준; achievement_math_2022:평면도형의 성질 section; [9수03-06] achievement levels - 부채꼴, 중심각, 호의 관계를 이해하고 부채꼴의 호의 길이와 넓이를 구하는 수준을 구분; achievement_math_2022:원의 성질 section; [9수03-18]~[9수03-19] achievement levels - 원의 현과 접선에 관한 성질, 원주각의 성질을 이해하고 정당화하는 수준을 구분",
m1_geo_angle__prerequisite_for__m1_geo_triangle,m1_geo_angle,각,중1(교육과정 학년군: 중1-3),도형과 측정,기본 도형,m1_geo_triangle,삼각형,중학교(교육과정 학년군: 중1-3),도형과 측정,도형과 측정,cross_grade_same_domain,medium,8,"curriculum_math_2022:printed p. 37; [9수03-03] - 삼각형을 작도하고 그 과정을 설명하는 성취기준; curriculum_math_2022:printed p. 37; [9수03-04] - 삼각형의 합동 조건을 이해하고 합동인지 판별하는 성취기준; curriculum_math_2022:printed p. 38; [9수03-09] - 이등변삼각형의 성질을 이해하고 정당화하는 성취기준; curriculum_math_2022:printed p. 38; [9수03-13] - 삼각형의 닮음 조건을 이해하고 닮음인지 판별하는 성취기준; achievement_math_2022:작도와 합동 section; [9수03-03] achievement levels - 삼각형 작도와 주어진 삼각형과 합동인 삼각형 작도, 작도 과정 설명 수준을 구분; achievement_math_2022:작도와 합동 section; [9수03-04] achievement levels - 삼각형의 합동 조건을 이해하고 두 삼각형의 합동 여부를 판별하는 수준을 구분; achievement_math_2022:삼각형과 사각형의 성질 section; [9수03-09]~[9수03-11] achievement levels - 이등변삼각형, 삼각형의 외심과 내심, 사각형의 성질과 여러 사각형 사이의 관계를 이해하고 정당화하는 수준을 구분; achievement_math_2022:도형의 닮음 section; [9수03-12]~[9수03-14] achievement levels - 도형의 닮음, 닮은 도형의 성질, 닮음비, 삼각형의 닮음 조건, 평행선 사이의 선분의 길이의 비와 무게중심 성질을 구분",
m1_geo_point__prerequisite_for__m1_geo_triangle,m1_geo_point,점,중1(교육과정 학년군: 중1-3),도형과 측정,기본 도형,m1_geo_triangle,삼각형,중학교(교육과정 학년군: 중1-3),도형과 측정,도형과 측정,cross_grade_same_domain,medium,8,"curriculum_math_2022:printed p. 37; [9수03-03] - 삼각형을 작도하고 그 과정을 설명하는 성취기준; curriculum_math_2022:printed p. 37; [9수03-04] - 삼각형의 합동 조건을 이해하고 합동인지 판별하는 성취기준; curriculum_math_2022:printed p. 38; [9수03-09] - 이등변삼각형의 성질을 이해하고 정당화하는 성취기준; curriculum_math_2022:printed p. 38; [9수03-13] - 삼각형의 닮음 조건을 이해하고 닮음인지 판별하는 성취기준; achievement_math_2022:작도와 합동 section; [9수03-03] achievement levels - 삼각형 작도와 주어진 삼각형과 합동인 삼각형 작도, 작도 과정 설명 수준을 구분; achievement_math_2022:작도와 합동 section; [9수03-04] achievement levels - 삼각형의 합동 조건을 이해하고 두 삼각형의 합동 여부를 판별하는 수준을 구분; achievement_math_2022:삼각형과 사각형의 성질 section; [9수03-09]~[9수03-11] achievement levels - 이등변삼각형, 삼각형의 외심과 내심, 사각형의 성질과 여러 사각형 사이의 관계를 이해하고 정당화하는 수준을 구분; achievement_math_2022:도형의 닮음 section; [9수03-12]~[9수03-14] achievement levels - 도형의 닮음, 닮은 도형의 성질, 닮음비, 삼각형의 닮음 조건, 평행선 사이의 선분의 길이의 비와 무게중심 성질을 구분",
m1_geo_line__prerequisite_for__m1_geo_triangle,m1_geo_line,직선,중1(교육과정 학년군: 중1-3),도형과 측정,기본 도형,m1_geo_triangle,삼각형,중학교(교육과정 학년군: 중1-3),도형과 측정,도형과 측정,cross_grade_same_domain,medium,8,"curriculum_math_2022:printed p. 37; [9수03-03] - 삼각형을 작도하고 그 과정을 설명하는 성취기준; curriculum_math_2022:printed p. 37; [9수03-04] - 삼각형의 합동 조건을 이해하고 합동인지 판별하는 성취기준; curriculum_math_2022:printed p. 38; [9수03-09] - 이등변삼각형의 성질을 이해하고 정당화하는 성취기준; curriculum_math_2022:printed p. 38; [9수03-13] - 삼각형의 닮음 조건을 이해하고 닮음인지 판별하는 성취기준; achievement_math_2022:작도와 합동 section; [9수03-03] achievement levels - 삼각형 작도와 주어진 삼각형과 합동인 삼각형 작도, 작도 과정 설명 수준을 구분; achievement_math_2022:작도와 합동 section; [9수03-04] achievement levels - 삼각형의 합동 조건을 이해하고 두 삼각형의 합동 여부를 판별하는 수준을 구분; achievement_math_2022:삼각형과 사각형의 성질 section; [9수03-09]~[9수03-11] achievement levels - 이등변삼각형, 삼각형의 외심과 내심, 사각형의 성질과 여러 사각형 사이의 관계를 이해하고 정당화하는 수준을 구분; achievement_math_2022:도형의 닮음 section; [9수03-12]~[9수03-14] achievement levels - 도형의 닮음, 닮은 도형의 성질, 닮음비, 삼각형의 닮음 조건, 평행선 사이의 선분의 길이의 비와 무게중심 성질을 구분",
m1_geo_surface_area__prerequisite_for__m1_mis_surface_area_volume,m1_geo_surface_area,겉넓이,중1(교육과정 학년군: 중1-3),도형과 측정,입체도형의 성질,m1_mis_surface_area_volume,겉넓이와 부피를 같은 측정량으로 보는 오류,중1(교육과정 학년군: 중1-3),도형과 측정,입체도형의 성질,same_unit,low,2,curriculum_math_2022:printed p. 38; [9수03-08] - 입체도형의 겉넓이와 부피를 구하는 성취기준; achievement_math_2022:입체도형의 성질 section; [9수03-07]~[9수03-08] achievement levels - 다면체와 회전체의 성질을 모형이나 공학 도구로 탐구하고 입체도형의 겉넓이와 부피를 구하는 수준을 구분,
m1_geo_surface_area__prerequisite_for__m1_mis_complex_area_volume_scope,m1_geo_surface_area,겉넓이,중1(교육과정 학년군: 중1-3),도형과 측정,입체도형의 성질,m1_mis_complex_area_volume_scope,지나치게 복잡한 넓이·부피 변형 문제 범위 혼동,중1(교육과정 학년군: 중1-3),도형과 측정,입체도형의 성질,same_unit,low,1,"curriculum_math_2022:printed p. 39; achievement-standard considerations - 삼각비 사이의 관계는 다루지 않고, 삼각비 값은 0도에서 90도까지의 각도만 다루며, 원과 비례에 관한 성질과 지나치게 복잡한 넓이·둘레·겉넓이·부피 문제는 다루지 않음",
m1_geo_polyhedron__prerequisite_for__m1_geo_prism,m1_geo_polyhedron,다면체,중1(교육과정 학년군: 중1-3),도형과 측정,입체도형의 성질,m1_geo_prism,기둥 모양 입체도형,중1(교육과정 학년군: 중1-3),도형과 측정,입체도형의 성질,same_unit,medium,2,curriculum_math_2022:printed p. 38; [9수03-08] - 입체도형의 겉넓이와 부피를 구하는 성취기준; achievement_math_2022:입체도형의 성질 section; [9수03-07]~[9수03-08] achievement levels - 다면체와 회전체의 성질을 모형이나 공학 도구로 탐구하고 입체도형의 겉넓이와 부피를 구하는 수준을 구분,
m1_geo_polyhedron__prerequisite_for__m1_geo_pyramid,m1_geo_polyhedron,다면체,중1(교육과정 학년군: 중1-3),도형과 측정,입체도형의 성질,m1_geo_pyramid,뿔 모양 입체도형,중1(교육과정 학년군: 중1-3),도형과 측정,입체도형의 성질,same_unit,medium,2,curriculum_math_2022:printed p. 38; [9수03-08] - 입체도형의 겉넓이와 부피를 구하는 성취기준; achievement_math_2022:입체도형의 성질 section; [9수03-07]~[9수03-08] achievement levels - 다면체와 회전체의 성질을 모형이나 공학 도구로 탐구하고 입체도형의 겉넓이와 부피를 구하는 수준을 구분,
m1_geo_polyhedron__prerequisite_for__m1_geo_regular_polyhedron,m1_geo_polyhedron,다면체,중1(교육과정 학년군: 중1-3),도형과 측정,입체도형의 성질,m1_geo_regular_polyhedron,정다면체,중1(교육과정 학년군: 중1-3),도형과 측정,입체도형의 성질,same_unit,high,3,"curriculum_math_2022:printed pp. 38-39; terms and symbols for 도형과 측정 - 교점, 교선, 두 점 사이의 거리, 중점, 수직이등분선, 꼬인 위치, 교각, 맞꼭지각, 엇각, 동위각, 평각, 직교, 수선의 발, 작도, 대변, 대각, 삼각형의 합동 조건, 내각, 외각, 부채꼴, 중심각, 호, 현, 활꼴, 할선, 다면체, 각뿔대, 정다면체, 회전체, 회전축, 원뿔대, 증명, 접선, 접점, 접한다, 외심, 외접, 외접원, 내심, 내접, 내접원, 중선, 무게중심, 닮음, 닮음비, 삼각형의 닮음 조건, 피타고라스 정리, 삼각비, 사인, 코사인, 탄젠트, 원주각 등을 다룸; curriculum_math_2022:printed p. 38; [9수03-07] - 모형이나 공학 도구로 다면체와 회전체의 성질을 탐구하고 설명하는 성취기준; achievement_math_2022:입체도형의 성질 section; [9수03-07]~[9수03-08] achievement levels - 다면체와 회전체의 성질을 모형이나 공학 도구로 탐구하고 입체도형의 겉넓이와 부피를 구하는 수준을 구분",
m1_geo_volume__prerequisite_for__m1_mis_surface_area_volume,m1_geo_volume,부피,중1(교육과정 학년군: 중1-3),도형과 측정,입체도형의 성질,m1_mis_surface_area_volume,겉넓이와 부피를 같은 측정량으로 보는 오류,중1(교육과정 학년군: 중1-3),도형과 측정,입체도형의 성질,same_unit,low,2,curriculum_math_2022:printed p. 38; [9수03-08] - 입체도형의 겉넓이와 부피를 구하는 성취기준; achievement_math_2022:입체도형의 성질 section; [9수03-07]~[9수03-08] achievement levels - 다면체와 회전체의 성질을 모형이나 공학 도구로 탐구하고 입체도형의 겉넓이와 부피를 구하는 수준을 구분,
m1_geo_volume__prerequisite_for__m1_mis_complex_area_volume_scope,m1_geo_volume,부피,중1(교육과정 학년군: 중1-3),도형과 측정,입체도형의 성질,m1_mis_complex_area_volume_scope,지나치게 복잡한 넓이·부피 변형 문제 범위 혼동,중1(교육과정 학년군: 중1-3),도형과 측정,입체도형의 성질,same_unit,low,1,"curriculum_math_2022:printed p. 39; achievement-standard considerations - 삼각비 사이의 관계는 다루지 않고, 삼각비 값은 0도에서 90도까지의 각도만 다루며, 원과 비례에 관한 성질과 지나치게 복잡한 넓이·둘레·겉넓이·부피 문제는 다루지 않음",
m1_geo_pyramid__prerequisite_for__m1_geo_frustum_pyramid,m1_geo_pyramid,뿔 모양 입체도형,중1(교육과정 학년군: 중1-3),도형과 측정,입체도형의 성질,m1_geo_frustum_pyramid,각뿔대,중1(교육과정 학년군: 중1-3),도형과 측정,입체도형의 성질,same_unit,high,3,"curriculum_math_2022:printed pp. 38-39; terms and symbols for 도형과 측정 - 교점, 교선, 두 점 사이의 거리, 중점, 수직이등분선, 꼬인 위치, 교각, 맞꼭지각, 엇각, 동위각, 평각, 직교, 수선의 발, 작도, 대변, 대각, 삼각형의 합동 조건, 내각, 외각, 부채꼴, 중심각, 호, 현, 활꼴, 할선, 다면체, 각뿔대, 정다면체, 회전체, 회전축, 원뿔대, 증명, 접선, 접점, 접한다, 외심, 외접, 외접원, 내심, 내접, 내접원, 중선, 무게중심, 닮음, 닮음비, 삼각형의 닮음 조건, 피타고라스 정리, 삼각비, 사인, 코사인, 탄젠트, 원주각 등을 다룸; curriculum_math_2022:printed p. 38; [9수03-07] - 모형이나 공학 도구로 다면체와 회전체의 성질을 탐구하고 설명하는 성취기준; achievement_math_2022:입체도형의 성질 section; [9수03-07]~[9수03-08] achievement levels - 다면체와 회전체의 성질을 모형이나 공학 도구로 탐구하고 입체도형의 겉넓이와 부피를 구하는 수준을 구분",
m1_geo_solid_unit__prerequisite_for__m1_geo_model_tool_solid,m1_geo_solid_unit,입체도형의 성질,중1(교육과정 학년군: 중1-3),도형과 측정,입체도형의 성질,m1_geo_model_tool_solid,모형과 공학 도구로 입체도형 탐구,중1(교육과정 학년군: 중1-3),도형과 측정,입체도형의 성질,same_unit,high,3,"curriculum_math_2022:printed p. 38; [9수03-07] - 모형이나 공학 도구로 다면체와 회전체의 성질을 탐구하고 설명하는 성취기준; curriculum_math_2022:printed pp. 38-39; [9수03-05], [9수03-07] explanation and considerations - 다각형의 내각·외각·대각선을 탐구해 성질을 일반화하고, 다각형과 다면체는 볼록인 경우만 다루며 회전체 단면은 성질 이해에 필요한 정도로 다룸; achievement_math_2022:입체도형의 성질 section; [9수03-07]~[9수03-08] achievement levels - 다면체와 회전체의 성질을 모형이나 공학 도구로 탐구하고 입체도형의 겉넓이와 부피를 구하는 수준을 구분",
m1_geo_solid_unit__prerequisite_for__m1_geo_volume,m1_geo_solid_unit,입체도형의 성질,중1(교육과정 학년군: 중1-3),도형과 측정,입체도형의 성질,m1_geo_volume,부피,중1(교육과정 학년군: 중1-3),도형과 측정,입체도형의 성질,same_unit,high,2,curriculum_math_2022:printed p. 38; [9수03-08] - 입체도형의 겉넓이와 부피를 구하는 성취기준; achievement_math_2022:입체도형의 성질 section; [9수03-07]~[9수03-08] achievement levels - 다면체와 회전체의 성질을 모형이나 공학 도구로 탐구하고 입체도형의 겉넓이와 부피를 구하는 수준을 구분,
m1_geo_solid_unit__prerequisite_for__m1_geo_solid_cross_section,m1_geo_solid_unit,입체도형의 성질,중1(교육과정 학년군: 중1-3),도형과 측정,입체도형의 성질,m1_geo_solid_cross_section,입체도형의 단면,중1(교육과정 학년군: 중1-3),도형과 측정,입체도형의 성질,same_unit,medium,3,"curriculum_math_2022:printed pp. 38-39; [9수03-05], [9수03-07] explanation and considerations - 다각형의 내각·외각·대각선을 탐구해 성질을 일반화하고, 다각형과 다면체는 볼록인 경우만 다루며 회전체 단면은 성질 이해에 필요한 정도로 다룸; curriculum_math_2022:printed p. 38; [9수03-07] - 모형이나 공학 도구로 다면체와 회전체의 성질을 탐구하고 설명하는 성취기준; achievement_math_2022:입체도형의 성질 section; [9수03-07]~[9수03-08] achievement levels - 다면체와 회전체의 성질을 모형이나 공학 도구로 탐구하고 입체도형의 겉넓이와 부피를 구하는 수준을 구분",
m1_geo_solid_unit__prerequisite_for__m1_geo_solid_net,m1_geo_solid_unit,입체도형의 성질,중1(교육과정 학년군: 중1-3),도형과 측정,입체도형의 성질,m1_geo_solid_net,전개도,중1(교육과정 학년군: 중1-3),도형과 측정,입체도형의 성질,same_unit,medium,3,"curriculum_math_2022:printed pp. 38-39; [9수03-05], [9수03-07] explanation and considerations - 다각형의 내각·외각·대각선을 탐구해 성질을 일반화하고, 다각형과 다면체는 볼록인 경우만 다루며 회전체 단면은 성질 이해에 필요한 정도로 다룸; curriculum_math_2022:printed p. 38; [9수03-07] - 모형이나 공학 도구로 다면체와 회전체의 성질을 탐구하고 설명하는 성취기준; achievement_math_2022:입체도형의 성질 section; [9수03-07]~[9수03-08] achievement levels - 다면체와 회전체의 성질을 모형이나 공학 도구로 탐구하고 입체도형의 겉넓이와 부피를 구하는 수준을 구분",
m1_geo_solid_net__prerequisite_for__m1_geo_surface_area,m1_geo_solid_net,전개도,중1(교육과정 학년군: 중1-3),도형과 측정,입체도형의 성질,m1_geo_surface_area,겉넓이,중1(교육과정 학년군: 중1-3),도형과 측정,입체도형의 성질,same_unit,high,2,curriculum_math_2022:printed p. 38; [9수03-08] - 입체도형의 겉넓이와 부피를 구하는 성취기준; achievement_math_2022:입체도형의 성질 section; [9수03-07]~[9수03-08] achievement levels - 다면체와 회전체의 성질을 모형이나 공학 도구로 탐구하고 입체도형의 겉넓이와 부피를 구하는 수준을 구분,
m1_geo_solid_of_revolution__prerequisite_for__m1_geo_sphere,m1_geo_solid_of_revolution,회전체,중1(교육과정 학년군: 중1-3),도형과 측정,입체도형의 성질,m1_geo_sphere,구,중1(교육과정 학년군: 중1-3),도형과 측정,입체도형의 성질,same_unit,medium,2,curriculum_math_2022:printed p. 38; [9수03-08] - 입체도형의 겉넓이와 부피를 구하는 성취기준; achievement_math_2022:입체도형의 성질 section; [9수03-07]~[9수03-08] achievement levels - 다면체와 회전체의 성질을 모형이나 공학 도구로 탐구하고 입체도형의 겉넓이와 부피를 구하는 수준을 구분,
m1_geo_solid_of_revolution__prerequisite_for__m1_geo_frustum_cone,m1_geo_solid_of_revolution,회전체,중1(교육과정 학년군: 중1-3),도형과 측정,입체도형의 성질,m1_geo_frustum_cone,원뿔대,중1(교육과정 학년군: 중1-3),도형과 측정,입체도형의 성질,same_unit,high,3,"curriculum_math_2022:printed pp. 38-39; terms and symbols for 도형과 측정 - 교점, 교선, 두 점 사이의 거리, 중점, 수직이등분선, 꼬인 위치, 교각, 맞꼭지각, 엇각, 동위각, 평각, 직교, 수선의 발, 작도, 대변, 대각, 삼각형의 합동 조건, 내각, 외각, 부채꼴, 중심각, 호, 현, 활꼴, 할선, 다면체, 각뿔대, 정다면체, 회전체, 회전축, 원뿔대, 증명, 접선, 접점, 접한다, 외심, 외접, 외접원, 내심, 내접, 내접원, 중선, 무게중심, 닮음, 닮음비, 삼각형의 닮음 조건, 피타고라스 정리, 삼각비, 사인, 코사인, 탄젠트, 원주각 등을 다룸; curriculum_math_2022:printed p. 38; [9수03-07] - 모형이나 공학 도구로 다면체와 회전체의 성질을 탐구하고 설명하는 성취기준; achievement_math_2022:입체도형의 성질 section; [9수03-07]~[9수03-08] achievement levels - 다면체와 회전체의 성질을 모형이나 공학 도구로 탐구하고 입체도형의 겉넓이와 부피를 구하는 수준을 구분",
m1_geo_axis_of_rotation__prerequisite_for__m1_geo_solid_of_revolution,m1_geo_axis_of_rotation,회전축,중1(교육과정 학년군: 중1-3),도형과 측정,입체도형의 성질,m1_geo_solid_of_revolution,회전체,중1(교육과정 학년군: 중1-3),도형과 측정,입체도형의 성질,same_unit,high,3,"curriculum_math_2022:printed pp. 38-39; terms and symbols for 도형과 측정 - 교점, 교선, 두 점 사이의 거리, 중점, 수직이등분선, 꼬인 위치, 교각, 맞꼭지각, 엇각, 동위각, 평각, 직교, 수선의 발, 작도, 대변, 대각, 삼각형의 합동 조건, 내각, 외각, 부채꼴, 중심각, 호, 현, 활꼴, 할선, 다면체, 각뿔대, 정다면체, 회전체, 회전축, 원뿔대, 증명, 접선, 접점, 접한다, 외심, 외접, 외접원, 내심, 내접, 내접원, 중선, 무게중심, 닮음, 닮음비, 삼각형의 닮음 조건, 피타고라스 정리, 삼각비, 사인, 코사인, 탄젠트, 원주각 등을 다룸; curriculum_math_2022:printed p. 38; [9수03-07] - 모형이나 공학 도구로 다면체와 회전체의 성질을 탐구하고 설명하는 성취기준; achievement_math_2022:입체도형의 성질 section; [9수03-07]~[9수03-08] achievement levels - 다면체와 회전체의 성질을 모형이나 공학 도구로 탐구하고 입체도형의 겉넓이와 부피를 구하는 수준을 구분",
m1_geo_opposite_angle__prerequisite_for__m1_geo_triangle_congruence_conditions,m1_geo_opposite_angle,대각,중1(교육과정 학년군: 중1-3),도형과 측정,작도와 합동,m1_geo_triangle_congruence_conditions,삼각형의 합동 조건,중1(교육과정 학년군: 중1-3),도형과 측정,작도와 합동,same_unit,high,3,"curriculum_math_2022:printed pp. 38-39; terms and symbols for 도형과 측정 - 교점, 교선, 두 점 사이의 거리, 중점, 수직이등분선, 꼬인 위치, 교각, 맞꼭지각, 엇각, 동위각, 평각, 직교, 수선의 발, 작도, 대변, 대각, 삼각형의 합동 조건, 내각, 외각, 부채꼴, 중심각, 호, 현, 활꼴, 할선, 다면체, 각뿔대, 정다면체, 회전체, 회전축, 원뿔대, 증명, 접선, 접점, 접한다, 외심, 외접, 외접원, 내심, 내접, 내접원, 중선, 무게중심, 닮음, 닮음비, 삼각형의 닮음 조건, 피타고라스 정리, 삼각비, 사인, 코사인, 탄젠트, 원주각 등을 다룸; curriculum_math_2022:printed p. 37; [9수03-04] - 삼각형의 합동 조건을 이해하고 합동인지 판별하는 성취기준; achievement_math_2022:작도와 합동 section; [9수03-04] achievement levels - 삼각형의 합동 조건을 이해하고 두 삼각형의 합동 여부를 판별하는 수준을 구분",
m1_geo_opposite_side__prerequisite_for__m1_geo_triangle_congruence_conditions,m1_geo_opposite_side,대변,중1(교육과정 학년군: 중1-3),도형과 측정,작도와 합동,m1_geo_triangle_congruence_conditions,삼각형의 합동 조건,중1(교육과정 학년군: 중1-3),도형과 측정,작도와 합동,same_unit,high,3,"curriculum_math_2022:printed pp. 38-39; terms and symbols for 도형과 측정 - 교점, 교선, 두 점 사이의 거리, 중점, 수직이등분선, 꼬인 위치, 교각, 맞꼭지각, 엇각, 동위각, 평각, 직교, 수선의 발, 작도, 대변, 대각, 삼각형의 합동 조건, 내각, 외각, 부채꼴, 중심각, 호, 현, 활꼴, 할선, 다면체, 각뿔대, 정다면체, 회전체, 회전축, 원뿔대, 증명, 접선, 접점, 접한다, 외심, 외접, 외접원, 내심, 내접, 내접원, 중선, 무게중심, 닮음, 닮음비, 삼각형의 닮음 조건, 피타고라스 정리, 삼각비, 사인, 코사인, 탄젠트, 원주각 등을 다룸; curriculum_math_2022:printed p. 37; [9수03-04] - 삼각형의 합동 조건을 이해하고 합동인지 판별하는 성취기준; achievement_math_2022:작도와 합동 section; [9수03-04] achievement levels - 삼각형의 합동 조건을 이해하고 두 삼각형의 합동 여부를 판별하는 수준을 구분",
m1_geo_triangle_construction__prerequisite_for__m1_geo_congruence,m1_geo_triangle_construction,삼각형의 작도,중1(교육과정 학년군: 중1-3),도형과 측정,작도와 합동,m1_geo_congruence,합동,중1(교육과정 학년군: 중1-3),도형과 측정,작도와 합동,same_unit,high,2,curriculum_math_2022:printed p. 37; [9수03-04] - 삼각형의 합동 조건을 이해하고 합동인지 판별하는 성취기준; achievement_math_2022:작도와 합동 section; [9수03-04] achievement levels - 삼각형의 합동 조건을 이해하고 두 삼각형의 합동 여부를 판별하는 수준을 구분,
m1_geo_triangle_congruence_conditions__prerequisite_for__m1_geo_triangle_congruence_judgement,m1_geo_triangle_congruence_conditions,삼각형의 합동 조건,중1(교육과정 학년군: 중1-3),도형과 측정,작도와 합동,m1_geo_triangle_congruence_judgement,삼각형의 합동 판별,중1(교육과정 학년군: 중1-3),도형과 측정,작도와 합동,same_unit,high,2,curriculum_math_2022:printed p. 37; [9수03-04] - 삼각형의 합동 조건을 이해하고 합동인지 판별하는 성취기준; achievement_math_2022:작도와 합동 section; [9수03-04] achievement levels - 삼각형의 합동 조건을 이해하고 두 삼각형의 합동 여부를 판별하는 수준을 구분,
m1_geo_construction__prerequisite_for__m1_geo_triangle_construction,m1_geo_construction,작도,중1(교육과정 학년군: 중1-3),도형과 측정,작도와 합동,m1_geo_triangle_construction,삼각형의 작도,중1(교육과정 학년군: 중1-3),도형과 측정,작도와 합동,same_unit,high,2,"curriculum_math_2022:printed p. 37; [9수03-03] - 삼각형을 작도하고 그 과정을 설명하는 성취기준; achievement_math_2022:작도와 합동 section; [9수03-03] achievement levels - 삼각형 작도와 주어진 삼각형과 합동인 삼각형 작도, 작도 과정 설명 수준을 구분",
m1_geo_congruence__prerequisite_for__m1_geo_triangle_congruence_conditions,m1_geo_congruence,합동,중1(교육과정 학년군: 중1-3),도형과 측정,작도와 합동,m1_geo_triangle_congruence_conditions,삼각형의 합동 조건,중1(교육과정 학년군: 중1-3),도형과 측정,작도와 합동,same_unit,high,3,"curriculum_math_2022:printed pp. 38-39; terms and symbols for 도형과 측정 - 교점, 교선, 두 점 사이의 거리, 중점, 수직이등분선, 꼬인 위치, 교각, 맞꼭지각, 엇각, 동위각, 평각, 직교, 수선의 발, 작도, 대변, 대각, 삼각형의 합동 조건, 내각, 외각, 부채꼴, 중심각, 호, 현, 활꼴, 할선, 다면체, 각뿔대, 정다면체, 회전체, 회전축, 원뿔대, 증명, 접선, 접점, 접한다, 외심, 외접, 외접원, 내심, 내접, 내접원, 중선, 무게중심, 닮음, 닮음비, 삼각형의 닮음 조건, 피타고라스 정리, 삼각비, 사인, 코사인, 탄젠트, 원주각 등을 다룸; curriculum_math_2022:printed p. 37; [9수03-04] - 삼각형의 합동 조건을 이해하고 합동인지 판별하는 성취기준; achievement_math_2022:작도와 합동 section; [9수03-04] achievement levels - 삼각형의 합동 조건을 이해하고 두 삼각형의 합동 여부를 판별하는 수준을 구분",
m1_geo_congruence__prerequisite_for__m1_geo_similarity,m1_geo_congruence,합동,중1(교육과정 학년군: 중1-3),도형과 측정,작도와 합동,m1_geo_similarity,닮음,중2(교육과정 학년군: 중1-3),도형과 측정,도형의 닮음,cross_grade_same_domain,high,3,"curriculum_math_2022:printed pp. 38-39; terms and symbols for 도형과 측정 - 교점, 교선, 두 점 사이의 거리, 중점, 수직이등분선, 꼬인 위치, 교각, 맞꼭지각, 엇각, 동위각, 평각, 직교, 수선의 발, 작도, 대변, 대각, 삼각형의 합동 조건, 내각, 외각, 부채꼴, 중심각, 호, 현, 활꼴, 할선, 다면체, 각뿔대, 정다면체, 회전체, 회전축, 원뿔대, 증명, 접선, 접점, 접한다, 외심, 외접, 외접원, 내심, 내접, 내접원, 중선, 무게중심, 닮음, 닮음비, 삼각형의 닮음 조건, 피타고라스 정리, 삼각비, 사인, 코사인, 탄젠트, 원주각 등을 다룸; curriculum_math_2022:printed p. 38; [9수03-12] - 도형의 닮음과 닮은 도형의 성질을 이해하고 닮음비를 구하는 성취기준; achievement_math_2022:도형의 닮음 section; [9수03-12]~[9수03-14] achievement levels - 도형의 닮음, 닮은 도형의 성질, 닮음비, 삼각형의 닮음 조건, 평행선 사이의 선분의 길이의 비와 무게중심 성질을 구분",
m1_geo_congruence__prerequisite_for__m1_mis_congruence_similarity,m1_geo_congruence,합동,중1(교육과정 학년군: 중1-3),도형과 측정,작도와 합동,m1_mis_congruence_similarity,합동과 닮음을 같은 관계로 보는 오류,중2(교육과정 학년군: 중1-3),도형과 측정,도형의 닮음,cross_grade_same_domain,low,4,"curriculum_math_2022:printed p. 37; [9수03-04] - 삼각형의 합동 조건을 이해하고 합동인지 판별하는 성취기준; curriculum_math_2022:printed p. 38; [9수03-12] - 도형의 닮음과 닮은 도형의 성질을 이해하고 닮음비를 구하는 성취기준; achievement_math_2022:작도와 합동 section; [9수03-04] achievement levels - 삼각형의 합동 조건을 이해하고 두 삼각형의 합동 여부를 판별하는 수준을 구분; achievement_math_2022:도형의 닮음 section; [9수03-12]~[9수03-14] achievement levels - 도형의 닮음, 닮은 도형의 성질, 닮음비, 삼각형의 닮음 조건, 평행선 사이의 선분의 길이의 비와 무게중심 성질을 구분",
m1_geo_triangle_congruence_conditions__prerequisite_for__m1_geo_incenter,m1_geo_triangle_congruence_conditions,삼각형의 합동 조건,중1(교육과정 학년군: 중1-3),도형과 측정,작도와 합동,m1_geo_incenter,내심,중2(교육과정 학년군: 중1-3),도형과 측정,삼각형과 사각형의 성질,cross_grade_same_domain,high,3,"curriculum_math_2022:printed pp. 38-39; terms and symbols for 도형과 측정 - 교점, 교선, 두 점 사이의 거리, 중점, 수직이등분선, 꼬인 위치, 교각, 맞꼭지각, 엇각, 동위각, 평각, 직교, 수선의 발, 작도, 대변, 대각, 삼각형의 합동 조건, 내각, 외각, 부채꼴, 중심각, 호, 현, 활꼴, 할선, 다면체, 각뿔대, 정다면체, 회전체, 회전축, 원뿔대, 증명, 접선, 접점, 접한다, 외심, 외접, 외접원, 내심, 내접, 내접원, 중선, 무게중심, 닮음, 닮음비, 삼각형의 닮음 조건, 피타고라스 정리, 삼각비, 사인, 코사인, 탄젠트, 원주각 등을 다룸; curriculum_math_2022:printed p. 38; [9수03-10] - 삼각형의 외심과 내심의 성질을 이해하고 정당화하는 성취기준; achievement_math_2022:삼각형과 사각형의 성질 section; [9수03-09]~[9수03-11] achievement levels - 이등변삼각형, 삼각형의 외심과 내심, 사각형의 성질과 여러 사각형 사이의 관계를 이해하고 정당화하는 수준을 구분",
m1_geo_triangle_congruence_conditions__prerequisite_for__m1_geo_isosceles_triangle,m1_geo_triangle_congruence_conditions,삼각형의 합동 조건,중1(교육과정 학년군: 중1-3),도형과 측정,작도와 합동,m1_geo_isosceles_triangle,이등변삼각형,중2(교육과정 학년군: 중1-3),도형과 측정,삼각형과 사각형의 성질,cross_grade_same_domain,high,2,"curriculum_math_2022:printed p. 38; [9수03-09] - 이등변삼각형의 성질을 이해하고 정당화하는 성취기준; achievement_math_2022:삼각형과 사각형의 성질 section; [9수03-09]~[9수03-11] achievement levels - 이등변삼각형, 삼각형의 외심과 내심, 사각형의 성질과 여러 사각형 사이의 관계를 이해하고 정당화하는 수준을 구분",
m1_geo_triangle_congruence_conditions__prerequisite_for__m1_geo_isosceles_properties,m1_geo_triangle_congruence_conditions,삼각형의 합동 조건,중1(교육과정 학년군: 중1-3),도형과 측정,작도와 합동,m1_geo_isosceles_properties,이등변삼각형의 성질,중2(교육과정 학년군: 중1-3),도형과 측정,삼각형과 사각형의 성질,cross_grade_same_domain,high,3,"curriculum_math_2022:printed p. 38; [9수03-09] - 이등변삼각형의 성질을 이해하고 정당화하는 성취기준; curriculum_math_2022:printed pp. 38-39; [9수03-09], [9수03-11] explanation and considerations - 도형 성질의 정당화 방법으로 관찰, 실험, 근거 제시, 유사성에 근거한 추론, 증명을 학생 수준에 맞게 활용하되 증명에서 가정과 결론 용어는 다루지 않음; achievement_math_2022:삼각형과 사각형의 성질 section; [9수03-09]~[9수03-11] achievement levels - 이등변삼각형, 삼각형의 외심과 내심, 사각형의 성질과 여러 사각형 사이의 관계를 이해하고 정당화하는 수준을 구분",
m1_geo_triangle_congruence_conditions__prerequisite_for__m1_geo_proof,m1_geo_triangle_congruence_conditions,삼각형의 합동 조건,중1(교육과정 학년군: 중1-3),도형과 측정,작도와 합동,m1_geo_proof,증명,중2(교육과정 학년군: 중1-3),도형과 측정,삼각형과 사각형의 성질,cross_grade_same_domain,high,3,"curriculum_math_2022:printed pp. 38-39; terms and symbols for 도형과 측정 - 교점, 교선, 두 점 사이의 거리, 중점, 수직이등분선, 꼬인 위치, 교각, 맞꼭지각, 엇각, 동위각, 평각, 직교, 수선의 발, 작도, 대변, 대각, 삼각형의 합동 조건, 내각, 외각, 부채꼴, 중심각, 호, 현, 활꼴, 할선, 다면체, 각뿔대, 정다면체, 회전체, 회전축, 원뿔대, 증명, 접선, 접점, 접한다, 외심, 외접, 외접원, 내심, 내접, 내접원, 중선, 무게중심, 닮음, 닮음비, 삼각형의 닮음 조건, 피타고라스 정리, 삼각비, 사인, 코사인, 탄젠트, 원주각 등을 다룸; curriculum_math_2022:printed pp. 38-39; [9수03-09], [9수03-11] explanation and considerations - 도형 성질의 정당화 방법으로 관찰, 실험, 근거 제시, 유사성에 근거한 추론, 증명을 학생 수준에 맞게 활용하되 증명에서 가정과 결론 용어는 다루지 않음; achievement_math_2022:삼각형과 사각형의 성질 section; [9수03-09]~[9수03-11] achievement levels - 이등변삼각형, 삼각형의 외심과 내심, 사각형의 성질과 여러 사각형 사이의 관계를 이해하고 정당화하는 수준을 구분",
m1_geo_construction_congruence_unit__prerequisite_for__m1_geo_triangle_quadrilateral_unit,m1_geo_construction_congruence_unit,작도와 합동,중1(교육과정 학년군: 중1-3),도형과 측정,작도와 합동,m1_geo_triangle_quadrilateral_unit,삼각형과 사각형의 성질,중2(교육과정 학년군: 중1-3),도형과 측정,삼각형과 사각형의 성질,cross_grade_same_domain,high,5,"curriculum_math_2022:printed p. 38; [9수03-09] - 이등변삼각형의 성질을 이해하고 정당화하는 성취기준; curriculum_math_2022:printed p. 38; [9수03-10] - 삼각형의 외심과 내심의 성질을 이해하고 정당화하는 성취기준; curriculum_math_2022:printed p. 38; [9수03-11] - 사각형의 성질을 이해하고 정당화하는 성취기준; curriculum_math_2022:printed pp. 38-39; [9수03-09], [9수03-11] explanation and considerations - 도형 성질의 정당화 방법으로 관찰, 실험, 근거 제시, 유사성에 근거한 추론, 증명을 학생 수준에 맞게 활용하되 증명에서 가정과 결론 용어는 다루지 않음; achievement_math_2022:삼각형과 사각형의 성질 section; [9수03-09]~[9수03-11] achievement levels - 이등변삼각형, 삼각형의 외심과 내심, 사각형의 성질과 여러 사각형 사이의 관계를 이해하고 정당화하는 수준을 구분",
m1_geo_polygon__prerequisite_for__m1_geo_polyhedron,m1_geo_polygon,다각형,중1(교육과정 학년군: 중1-3),도형과 측정,평면도형의 성질,m1_geo_polyhedron,다면체,중1(교육과정 학년군: 중1-3),도형과 측정,입체도형의 성질,cross_unit_same_domain,high,3,"curriculum_math_2022:printed pp. 38-39; terms and symbols for 도형과 측정 - 교점, 교선, 두 점 사이의 거리, 중점, 수직이등분선, 꼬인 위치, 교각, 맞꼭지각, 엇각, 동위각, 평각, 직교, 수선의 발, 작도, 대변, 대각, 삼각형의 합동 조건, 내각, 외각, 부채꼴, 중심각, 호, 현, 활꼴, 할선, 다면체, 각뿔대, 정다면체, 회전체, 회전축, 원뿔대, 증명, 접선, 접점, 접한다, 외심, 외접, 외접원, 내심, 내접, 내접원, 중선, 무게중심, 닮음, 닮음비, 삼각형의 닮음 조건, 피타고라스 정리, 삼각비, 사인, 코사인, 탄젠트, 원주각 등을 다룸; curriculum_math_2022:printed p. 38; [9수03-07] - 모형이나 공학 도구로 다면체와 회전체의 성질을 탐구하고 설명하는 성취기준; achievement_math_2022:입체도형의 성질 section; [9수03-07]~[9수03-08] achievement levels - 다면체와 회전체의 성질을 모형이나 공학 도구로 탐구하고 입체도형의 겉넓이와 부피를 구하는 수준을 구분",
m1_geo_polygon__prerequisite_for__m1_geo_regular_polyhedron,m1_geo_polygon,다각형,중1(교육과정 학년군: 중1-3),도형과 측정,평면도형의 성질,m1_geo_regular_polyhedron,정다면체,중1(교육과정 학년군: 중1-3),도형과 측정,입체도형의 성질,cross_unit_same_domain,high,3,"curriculum_math_2022:printed pp. 38-39; terms and symbols for 도형과 측정 - 교점, 교선, 두 점 사이의 거리, 중점, 수직이등분선, 꼬인 위치, 교각, 맞꼭지각, 엇각, 동위각, 평각, 직교, 수선의 발, 작도, 대변, 대각, 삼각형의 합동 조건, 내각, 외각, 부채꼴, 중심각, 호, 현, 활꼴, 할선, 다면체, 각뿔대, 정다면체, 회전체, 회전축, 원뿔대, 증명, 접선, 접점, 접한다, 외심, 외접, 외접원, 내심, 내접, 내접원, 중선, 무게중심, 닮음, 닮음비, 삼각형의 닮음 조건, 피타고라스 정리, 삼각비, 사인, 코사인, 탄젠트, 원주각 등을 다룸; curriculum_math_2022:printed p. 38; [9수03-07] - 모형이나 공학 도구로 다면체와 회전체의 성질을 탐구하고 설명하는 성취기준; achievement_math_2022:입체도형의 성질 section; [9수03-07]~[9수03-08] achievement levels - 다면체와 회전체의 성질을 모형이나 공학 도구로 탐구하고 입체도형의 겉넓이와 부피를 구하는 수준을 구분",
m1_geo_plane_properties_unit__prerequisite_for__m1_geo_surface_area,m1_geo_plane_properties_unit,평면도형의 성질,중1(교육과정 학년군: 중1-3),도형과 측정,평면도형의 성질,m1_geo_surface_area,겉넓이,중1(교육과정 학년군: 중1-3),도형과 측정,입체도형의 성질,cross_unit_same_domain,high,2,curriculum_math_2022:printed p. 38; [9수03-08] - 입체도형의 겉넓이와 부피를 구하는 성취기준; achievement_math_2022:입체도형의 성질 section; [9수03-07]~[9수03-08] achievement levels - 다면체와 회전체의 성질을 모형이나 공학 도구로 탐구하고 입체도형의 겉넓이와 부피를 구하는 수준을 구분,
m1_geo_plane_properties_unit__prerequisite_for__m1_geo_solid_unit,m1_geo_plane_properties_unit,평면도형의 성질,중1(교육과정 학년군: 중1-3),도형과 측정,평면도형의 성질,m1_geo_solid_unit,입체도형의 성질,중1(교육과정 학년군: 중1-3),도형과 측정,입체도형의 성질,cross_unit_same_domain,high,4,"curriculum_math_2022:printed p. 38; [9수03-07] - 모형이나 공학 도구로 다면체와 회전체의 성질을 탐구하고 설명하는 성취기준; curriculum_math_2022:printed p. 38; [9수03-08] - 입체도형의 겉넓이와 부피를 구하는 성취기준; curriculum_math_2022:printed pp. 38-39; [9수03-05], [9수03-07] explanation and considerations - 다각형의 내각·외각·대각선을 탐구해 성질을 일반화하고, 다각형과 다면체는 볼록인 경우만 다루며 회전체 단면은 성질 이해에 필요한 정도로 다룸; achievement_math_2022:입체도형의 성질 section; [9수03-07]~[9수03-08] achievement levels - 다면체와 회전체의 성질을 모형이나 공학 도구로 탐구하고 입체도형의 겉넓이와 부피를 구하는 수준을 구분",
m1_geo_plane_properties_unit__prerequisite_for__m1_geo_solid_net,m1_geo_plane_properties_unit,평면도형의 성질,중1(교육과정 학년군: 중1-3),도형과 측정,평면도형의 성질,m1_geo_solid_net,전개도,중1(교육과정 학년군: 중1-3),도형과 측정,입체도형의 성질,cross_unit_same_domain,medium,3,"curriculum_math_2022:printed pp. 38-39; [9수03-05], [9수03-07] explanation and considerations - 다각형의 내각·외각·대각선을 탐구해 성질을 일반화하고, 다각형과 다면체는 볼록인 경우만 다루며 회전체 단면은 성질 이해에 필요한 정도로 다룸; curriculum_math_2022:printed p. 38; [9수03-07] - 모형이나 공학 도구로 다면체와 회전체의 성질을 탐구하고 설명하는 성취기준; achievement_math_2022:입체도형의 성질 section; [9수03-07]~[9수03-08] achievement levels - 다면체와 회전체의 성질을 모형이나 공학 도구로 탐구하고 입체도형의 겉넓이와 부피를 구하는 수준을 구분",
m1_geo_plane_properties_unit__prerequisite_for__m1_geo_solid_of_revolution,m1_geo_plane_properties_unit,평면도형의 성질,중1(교육과정 학년군: 중1-3),도형과 측정,평면도형의 성질,m1_geo_solid_of_revolution,회전체,중1(교육과정 학년군: 중1-3),도형과 측정,입체도형의 성질,cross_unit_same_domain,high,3,"curriculum_math_2022:printed pp. 38-39; terms and symbols for 도형과 측정 - 교점, 교선, 두 점 사이의 거리, 중점, 수직이등분선, 꼬인 위치, 교각, 맞꼭지각, 엇각, 동위각, 평각, 직교, 수선의 발, 작도, 대변, 대각, 삼각형의 합동 조건, 내각, 외각, 부채꼴, 중심각, 호, 현, 활꼴, 할선, 다면체, 각뿔대, 정다면체, 회전체, 회전축, 원뿔대, 증명, 접선, 접점, 접한다, 외심, 외접, 외접원, 내심, 내접, 내접원, 중선, 무게중심, 닮음, 닮음비, 삼각형의 닮음 조건, 피타고라스 정리, 삼각비, 사인, 코사인, 탄젠트, 원주각 등을 다룸; curriculum_math_2022:printed p. 38; [9수03-07] - 모형이나 공학 도구로 다면체와 회전체의 성질을 탐구하고 설명하는 성취기준; achievement_math_2022:입체도형의 성질 section; [9수03-07]~[9수03-08] achievement levels - 다면체와 회전체의 성질을 모형이나 공학 도구로 탐구하고 입체도형의 겉넓이와 부피를 구하는 수준을 구분",
m1_geo_interior_angle__prerequisite_for__m1_geo_polygon_angle_sum,m1_geo_interior_angle,내각,중1(교육과정 학년군: 중1-3),도형과 측정,평면도형의 성질,m1_geo_polygon_angle_sum,다각형의 내각과 외각의 크기,중1(교육과정 학년군: 중1-3),도형과 측정,평면도형의 성질,same_unit,high,3,"curriculum_math_2022:printed pp. 37-38; [9수03-05] - 다각형의 성질을 이해하고 설명하는 성취기준; curriculum_math_2022:printed pp. 38-39; [9수03-05], [9수03-07] explanation and considerations - 다각형의 내각·외각·대각선을 탐구해 성질을 일반화하고, 다각형과 다면체는 볼록인 경우만 다루며 회전체 단면은 성질 이해에 필요한 정도로 다룸; achievement_math_2022:평면도형의 성질 section; [9수03-05] achievement levels - 다각형의 내각과 외각의 크기, 다각형의 대각선 개수 등 성질 이해 수준을 구분",
m1_geo_polygon__prerequisite_for__m1_geo_interior_angle,m1_geo_polygon,다각형,중1(교육과정 학년군: 중1-3),도형과 측정,평면도형의 성질,m1_geo_interior_angle,내각,중1(교육과정 학년군: 중1-3),도형과 측정,평면도형의 성질,same_unit,high,3,"curriculum_math_2022:printed pp. 38-39; terms and symbols for 도형과 측정 - 교점, 교선, 두 점 사이의 거리, 중점, 수직이등분선, 꼬인 위치, 교각, 맞꼭지각, 엇각, 동위각, 평각, 직교, 수선의 발, 작도, 대변, 대각, 삼각형의 합동 조건, 내각, 외각, 부채꼴, 중심각, 호, 현, 활꼴, 할선, 다면체, 각뿔대, 정다면체, 회전체, 회전축, 원뿔대, 증명, 접선, 접점, 접한다, 외심, 외접, 외접원, 내심, 내접, 내접원, 중선, 무게중심, 닮음, 닮음비, 삼각형의 닮음 조건, 피타고라스 정리, 삼각비, 사인, 코사인, 탄젠트, 원주각 등을 다룸; curriculum_math_2022:printed pp. 37-38; [9수03-05] - 다각형의 성질을 이해하고 설명하는 성취기준; achievement_math_2022:평면도형의 성질 section; [9수03-05] achievement levels - 다각형의 내각과 외각의 크기, 다각형의 대각선 개수 등 성질 이해 수준을 구분",
m1_geo_polygon__prerequisite_for__m1_geo_polygon_angle_sum,m1_geo_polygon,다각형,중1(교육과정 학년군: 중1-3),도형과 측정,평면도형의 성질,m1_geo_polygon_angle_sum,다각형의 내각과 외각의 크기,중1(교육과정 학년군: 중1-3),도형과 측정,평면도형의 성질,same_unit,high,3,"curriculum_math_2022:printed pp. 37-38; [9수03-05] - 다각형의 성질을 이해하고 설명하는 성취기준; curriculum_math_2022:printed pp. 38-39; [9수03-05], [9수03-07] explanation and considerations - 다각형의 내각·외각·대각선을 탐구해 성질을 일반화하고, 다각형과 다면체는 볼록인 경우만 다루며 회전체 단면은 성질 이해에 필요한 정도로 다룸; achievement_math_2022:평면도형의 성질 section; [9수03-05] achievement levels - 다각형의 내각과 외각의 크기, 다각형의 대각선 개수 등 성질 이해 수준을 구분",
m1_geo_polygon__prerequisite_for__m1_geo_diagonal_count,m1_geo_polygon,다각형,중1(교육과정 학년군: 중1-3),도형과 측정,평면도형의 성질,m1_geo_diagonal_count,다각형의 대각선 개수,중1(교육과정 학년군: 중1-3),도형과 측정,평면도형의 성질,same_unit,high,3,"curriculum_math_2022:printed pp. 37-38; [9수03-05] - 다각형의 성질을 이해하고 설명하는 성취기준; curriculum_math_2022:printed pp. 38-39; [9수03-05], [9수03-07] explanation and considerations - 다각형의 내각·외각·대각선을 탐구해 성질을 일반화하고, 다각형과 다면체는 볼록인 경우만 다루며 회전체 단면은 성질 이해에 필요한 정도로 다룸; achievement_math_2022:평면도형의 성질 section; [9수03-05] achievement levels - 다각형의 내각과 외각의 크기, 다각형의 대각선 개수 등 성질 이해 수준을 구분",
m1_geo_polygon__prerequisite_for__m1_geo_diagonal,m1_geo_polygon,다각형,중1(교육과정 학년군: 중1-3),도형과 측정,평면도형의 성질,m1_geo_diagonal,대각선,중1(교육과정 학년군: 중1-3),도형과 측정,평면도형의 성질,same_unit,medium,2,"curriculum_math_2022:printed pp. 37-38; [9수03-05] - 다각형의 성질을 이해하고 설명하는 성취기준; achievement_math_2022:평면도형의 성질 section; [9수03-05] achievement levels - 다각형의 내각과 외각의 크기, 다각형의 대각선 개수 등 성질 이해 수준을 구분",
m1_geo_polygon__prerequisite_for__m1_geo_convex_polygon_scope,m1_geo_polygon,다각형,중1(교육과정 학년군: 중1-3),도형과 측정,평면도형의 성질,m1_geo_convex_polygon_scope,볼록다각형 범위,중1(교육과정 학년군: 중1-3),도형과 측정,평면도형의 성질,same_unit,medium,1,"curriculum_math_2022:printed pp. 38-39; [9수03-05], [9수03-07] explanation and considerations - 다각형의 내각·외각·대각선을 탐구해 성질을 일반화하고, 다각형과 다면체는 볼록인 경우만 다루며 회전체 단면은 성질 이해에 필요한 정도로 다룸",
m1_geo_polygon__prerequisite_for__m1_geo_exterior_angle,m1_geo_polygon,다각형,중1(교육과정 학년군: 중1-3),도형과 측정,평면도형의 성질,m1_geo_exterior_angle,외각,중1(교육과정 학년군: 중1-3),도형과 측정,평면도형의 성질,same_unit,high,3,"curriculum_math_2022:printed pp. 38-39; terms and symbols for 도형과 측정 - 교점, 교선, 두 점 사이의 거리, 중점, 수직이등분선, 꼬인 위치, 교각, 맞꼭지각, 엇각, 동위각, 평각, 직교, 수선의 발, 작도, 대변, 대각, 삼각형의 합동 조건, 내각, 외각, 부채꼴, 중심각, 호, 현, 활꼴, 할선, 다면체, 각뿔대, 정다면체, 회전체, 회전축, 원뿔대, 증명, 접선, 접점, 접한다, 외심, 외접, 외접원, 내심, 내접, 내접원, 중선, 무게중심, 닮음, 닮음비, 삼각형의 닮음 조건, 피타고라스 정리, 삼각비, 사인, 코사인, 탄젠트, 원주각 등을 다룸; curriculum_math_2022:printed pp. 37-38; [9수03-05] - 다각형의 성질을 이해하고 설명하는 성취기준; achievement_math_2022:평면도형의 성질 section; [9수03-05] achievement levels - 다각형의 내각과 외각의 크기, 다각형의 대각선 개수 등 성질 이해 수준을 구분",
m1_geo_diagonal__prerequisite_for__m1_geo_diagonal_count,m1_geo_diagonal,대각선,중1(교육과정 학년군: 중1-3),도형과 측정,평면도형의 성질,m1_geo_diagonal_count,다각형의 대각선 개수,중1(교육과정 학년군: 중1-3),도형과 측정,평면도형의 성질,same_unit,high,3,"curriculum_math_2022:printed pp. 37-38; [9수03-05] - 다각형의 성질을 이해하고 설명하는 성취기준; curriculum_math_2022:printed pp. 38-39; [9수03-05], [9수03-07] explanation and considerations - 다각형의 내각·외각·대각선을 탐구해 성질을 일반화하고, 다각형과 다면체는 볼록인 경우만 다루며 회전체 단면은 성질 이해에 필요한 정도로 다룸; achievement_math_2022:평면도형의 성질 section; [9수03-05] achievement levels - 다각형의 내각과 외각의 크기, 다각형의 대각선 개수 등 성질 이해 수준을 구분",
m1_geo_sector__prerequisite_for__m1_geo_sector_arc_length_area,m1_geo_sector,부채꼴,중1(교육과정 학년군: 중1-3),도형과 측정,평면도형의 성질,m1_geo_sector_arc_length_area,부채꼴의 호의 길이와 넓이 구하기,중1(교육과정 학년군: 중1-3),도형과 측정,평면도형의 성질,same_unit,high,2,"curriculum_math_2022:printed p. 38; [9수03-06] - 부채꼴의 중심각과 호의 관계를 이해하고 호의 길이와 넓이를 구하는 성취기준; achievement_math_2022:평면도형의 성질 section; [9수03-06] achievement levels - 부채꼴, 중심각, 호의 관계를 이해하고 부채꼴의 호의 길이와 넓이를 구하는 수준을 구분",
m1_geo_exterior_angle__prerequisite_for__m1_geo_polygon_angle_sum,m1_geo_exterior_angle,외각,중1(교육과정 학년군: 중1-3),도형과 측정,평면도형의 성질,m1_geo_polygon_angle_sum,다각형의 내각과 외각의 크기,중1(교육과정 학년군: 중1-3),도형과 측정,평면도형의 성질,same_unit,high,3,"curriculum_math_2022:printed pp. 37-38; [9수03-05] - 다각형의 성질을 이해하고 설명하는 성취기준; curriculum_math_2022:printed pp. 38-39; [9수03-05], [9수03-07] explanation and considerations - 다각형의 내각·외각·대각선을 탐구해 성질을 일반화하고, 다각형과 다면체는 볼록인 경우만 다루며 회전체 단면은 성질 이해에 필요한 정도로 다룸; achievement_math_2022:평면도형의 성질 section; [9수03-05] achievement levels - 다각형의 내각과 외각의 크기, 다각형의 대각선 개수 등 성질 이해 수준을 구분",
m1_geo_central_angle__prerequisite_for__m1_geo_sector,m1_geo_central_angle,중심각,중1(교육과정 학년군: 중1-3),도형과 측정,평면도형의 성질,m1_geo_sector,부채꼴,중1(교육과정 학년군: 중1-3),도형과 측정,평면도형의 성질,same_unit,high,3,"curriculum_math_2022:printed pp. 38-39; terms and symbols for 도형과 측정 - 교점, 교선, 두 점 사이의 거리, 중점, 수직이등분선, 꼬인 위치, 교각, 맞꼭지각, 엇각, 동위각, 평각, 직교, 수선의 발, 작도, 대변, 대각, 삼각형의 합동 조건, 내각, 외각, 부채꼴, 중심각, 호, 현, 활꼴, 할선, 다면체, 각뿔대, 정다면체, 회전체, 회전축, 원뿔대, 증명, 접선, 접점, 접한다, 외심, 외접, 외접원, 내심, 내접, 내접원, 중선, 무게중심, 닮음, 닮음비, 삼각형의 닮음 조건, 피타고라스 정리, 삼각비, 사인, 코사인, 탄젠트, 원주각 등을 다룸; curriculum_math_2022:printed p. 38; [9수03-06] - 부채꼴의 중심각과 호의 관계를 이해하고 호의 길이와 넓이를 구하는 성취기준; achievement_math_2022:평면도형의 성질 section; [9수03-06] achievement levels - 부채꼴, 중심각, 호의 관계를 이해하고 부채꼴의 호의 길이와 넓이를 구하는 수준을 구분",
m1_geo_central_angle__prerequisite_for__m1_geo_sector_arc_length_area,m1_geo_central_angle,중심각,중1(교육과정 학년군: 중1-3),도형과 측정,평면도형의 성질,m1_geo_sector_arc_length_area,부채꼴의 호의 길이와 넓이 구하기,중1(교육과정 학년군: 중1-3),도형과 측정,평면도형의 성질,same_unit,high,2,"curriculum_math_2022:printed p. 38; [9수03-06] - 부채꼴의 중심각과 호의 관계를 이해하고 호의 길이와 넓이를 구하는 성취기준; achievement_math_2022:평면도형의 성질 section; [9수03-06] achievement levels - 부채꼴, 중심각, 호의 관계를 이해하고 부채꼴의 호의 길이와 넓이를 구하는 수준을 구분",
m1_geo_chord__prerequisite_for__m1_mis_arc_chord,m1_geo_chord,현,중1(교육과정 학년군: 중1-3),도형과 측정,평면도형의 성질,m1_mis_arc_chord,호와 현을 같은 대상으로 보는 오류,중1(교육과정 학년군: 중1-3),도형과 측정,평면도형의 성질,same_unit,low,3,"curriculum_math_2022:printed pp. 38-39; terms and symbols for 도형과 측정 - 교점, 교선, 두 점 사이의 거리, 중점, 수직이등분선, 꼬인 위치, 교각, 맞꼭지각, 엇각, 동위각, 평각, 직교, 수선의 발, 작도, 대변, 대각, 삼각형의 합동 조건, 내각, 외각, 부채꼴, 중심각, 호, 현, 활꼴, 할선, 다면체, 각뿔대, 정다면체, 회전체, 회전축, 원뿔대, 증명, 접선, 접점, 접한다, 외심, 외접, 외접원, 내심, 내접, 내접원, 중선, 무게중심, 닮음, 닮음비, 삼각형의 닮음 조건, 피타고라스 정리, 삼각비, 사인, 코사인, 탄젠트, 원주각 등을 다룸; curriculum_math_2022:printed p. 38; [9수03-06] - 부채꼴의 중심각과 호의 관계를 이해하고 호의 길이와 넓이를 구하는 성취기준; achievement_math_2022:평면도형의 성질 section; [9수03-06] achievement levels - 부채꼴, 중심각, 호의 관계를 이해하고 부채꼴의 호의 길이와 넓이를 구하는 수준을 구분",
m1_geo_chord__prerequisite_for__m1_geo_circular_segment,m1_geo_chord,현,중1(교육과정 학년군: 중1-3),도형과 측정,평면도형의 성질,m1_geo_circular_segment,활꼴,중1(교육과정 학년군: 중1-3),도형과 측정,평면도형의 성질,same_unit,high,2,"curriculum_math_2022:printed pp. 38-39; terms and symbols for 도형과 측정 - 교점, 교선, 두 점 사이의 거리, 중점, 수직이등분선, 꼬인 위치, 교각, 맞꼭지각, 엇각, 동위각, 평각, 직교, 수선의 발, 작도, 대변, 대각, 삼각형의 합동 조건, 내각, 외각, 부채꼴, 중심각, 호, 현, 활꼴, 할선, 다면체, 각뿔대, 정다면체, 회전체, 회전축, 원뿔대, 증명, 접선, 접점, 접한다, 외심, 외접, 외접원, 내심, 내접, 내접원, 중선, 무게중심, 닮음, 닮음비, 삼각형의 닮음 조건, 피타고라스 정리, 삼각비, 사인, 코사인, 탄젠트, 원주각 등을 다룸; curriculum_math_2022:printed p. 38; [9수03-06] - 부채꼴의 중심각과 호의 관계를 이해하고 호의 길이와 넓이를 구하는 성취기준",
m1_geo_arc__prerequisite_for__m1_geo_sector,m1_geo_arc,호,중1(교육과정 학년군: 중1-3),도형과 측정,평면도형의 성질,m1_geo_sector,부채꼴,중1(교육과정 학년군: 중1-3),도형과 측정,평면도형의 성질,same_unit,high,3,"curriculum_math_2022:printed pp. 38-39; terms and symbols for 도형과 측정 - 교점, 교선, 두 점 사이의 거리, 중점, 수직이등분선, 꼬인 위치, 교각, 맞꼭지각, 엇각, 동위각, 평각, 직교, 수선의 발, 작도, 대변, 대각, 삼각형의 합동 조건, 내각, 외각, 부채꼴, 중심각, 호, 현, 활꼴, 할선, 다면체, 각뿔대, 정다면체, 회전체, 회전축, 원뿔대, 증명, 접선, 접점, 접한다, 외심, 외접, 외접원, 내심, 내접, 내접원, 중선, 무게중심, 닮음, 닮음비, 삼각형의 닮음 조건, 피타고라스 정리, 삼각비, 사인, 코사인, 탄젠트, 원주각 등을 다룸; curriculum_math_2022:printed p. 38; [9수03-06] - 부채꼴의 중심각과 호의 관계를 이해하고 호의 길이와 넓이를 구하는 성취기준; achievement_math_2022:평면도형의 성질 section; [9수03-06] achievement levels - 부채꼴, 중심각, 호의 관계를 이해하고 부채꼴의 호의 길이와 넓이를 구하는 수준을 구분",
m1_geo_arc__prerequisite_for__m1_geo_sector_arc_length_area,m1_geo_arc,호,중1(교육과정 학년군: 중1-3),도형과 측정,평면도형의 성질,m1_geo_sector_arc_length_area,부채꼴의 호의 길이와 넓이 구하기,중1(교육과정 학년군: 중1-3),도형과 측정,평면도형의 성질,same_unit,high,2,"curriculum_math_2022:printed p. 38; [9수03-06] - 부채꼴의 중심각과 호의 관계를 이해하고 호의 길이와 넓이를 구하는 성취기준; achievement_math_2022:평면도형의 성질 section; [9수03-06] achievement levels - 부채꼴, 중심각, 호의 관계를 이해하고 부채꼴의 호의 길이와 넓이를 구하는 수준을 구분",
m1_geo_arc__prerequisite_for__m1_mis_arc_chord,m1_geo_arc,호,중1(교육과정 학년군: 중1-3),도형과 측정,평면도형의 성질,m1_mis_arc_chord,호와 현을 같은 대상으로 보는 오류,중1(교육과정 학년군: 중1-3),도형과 측정,평면도형의 성질,same_unit,low,3,"curriculum_math_2022:printed pp. 38-39; terms and symbols for 도형과 측정 - 교점, 교선, 두 점 사이의 거리, 중점, 수직이등분선, 꼬인 위치, 교각, 맞꼭지각, 엇각, 동위각, 평각, 직교, 수선의 발, 작도, 대변, 대각, 삼각형의 합동 조건, 내각, 외각, 부채꼴, 중심각, 호, 현, 활꼴, 할선, 다면체, 각뿔대, 정다면체, 회전체, 회전축, 원뿔대, 증명, 접선, 접점, 접한다, 외심, 외접, 외접원, 내심, 내접, 내접원, 중선, 무게중심, 닮음, 닮음비, 삼각형의 닮음 조건, 피타고라스 정리, 삼각비, 사인, 코사인, 탄젠트, 원주각 등을 다룸; curriculum_math_2022:printed p. 38; [9수03-06] - 부채꼴의 중심각과 호의 관계를 이해하고 호의 길이와 넓이를 구하는 성취기준; achievement_math_2022:평면도형의 성질 section; [9수03-06] achievement levels - 부채꼴, 중심각, 호의 관계를 이해하고 부채꼴의 호의 길이와 넓이를 구하는 수준을 구분",
m1_geo_arc__prerequisite_for__m1_geo_circular_segment,m1_geo_arc,호,중1(교육과정 학년군: 중1-3),도형과 측정,평면도형의 성질,m1_geo_circular_segment,활꼴,중1(교육과정 학년군: 중1-3),도형과 측정,평면도형의 성질,same_unit,high,2,"curriculum_math_2022:printed pp. 38-39; terms and symbols for 도형과 측정 - 교점, 교선, 두 점 사이의 거리, 중점, 수직이등분선, 꼬인 위치, 교각, 맞꼭지각, 엇각, 동위각, 평각, 직교, 수선의 발, 작도, 대변, 대각, 삼각형의 합동 조건, 내각, 외각, 부채꼴, 중심각, 호, 현, 활꼴, 할선, 다면체, 각뿔대, 정다면체, 회전체, 회전축, 원뿔대, 증명, 접선, 접점, 접한다, 외심, 외접, 외접원, 내심, 내접, 내접원, 중선, 무게중심, 닮음, 닮음비, 삼각형의 닮음 조건, 피타고라스 정리, 삼각비, 사인, 코사인, 탄젠트, 원주각 등을 다룸; curriculum_math_2022:printed p. 38; [9수03-06] - 부채꼴의 중심각과 호의 관계를 이해하고 호의 길이와 넓이를 구하는 성취기준",
m1_geo_polygon__prerequisite_for__m1_geo_quadrilateral,m1_geo_polygon,다각형,중1(교육과정 학년군: 중1-3),도형과 측정,평면도형의 성질,m1_geo_quadrilateral,사각형,중2(교육과정 학년군: 중1-3),도형과 측정,삼각형과 사각형의 성질,cross_grade_same_domain,high,2,"curriculum_math_2022:printed p. 38; [9수03-11] - 사각형의 성질을 이해하고 정당화하는 성취기준; achievement_math_2022:삼각형과 사각형의 성질 section; [9수03-09]~[9수03-11] achievement levels - 이등변삼각형, 삼각형의 외심과 내심, 사각형의 성질과 여러 사각형 사이의 관계를 이해하고 정당화하는 수준을 구분",
m1_geo_diagonal__prerequisite_for__m1_geo_quadrilateral_diagonal_properties,m1_geo_diagonal,대각선,중1(교육과정 학년군: 중1-3),도형과 측정,평면도형의 성질,m1_geo_quadrilateral_diagonal_properties,사각형의 대각선에 관한 성질,중2(교육과정 학년군: 중1-3),도형과 측정,삼각형과 사각형의 성질,cross_grade_same_domain,high,2,"curriculum_math_2022:printed p. 38; [9수03-11] - 사각형의 성질을 이해하고 정당화하는 성취기준; achievement_math_2022:삼각형과 사각형의 성질 section; [9수03-09]~[9수03-11] achievement levels - 이등변삼각형, 삼각형의 외심과 내심, 사각형의 성질과 여러 사각형 사이의 관계를 이해하고 정당화하는 수준을 구분",
m1_geo_chord__prerequisite_for__m1_geo_circle_chord_property,m1_geo_chord,현,중1(교육과정 학년군: 중1-3),도형과 측정,평면도형의 성질,m1_geo_circle_chord_property,원의 현에 관한 성질,중3(교육과정 학년군: 중1-3),도형과 측정,원의 성질,cross_grade_same_domain,high,2,"curriculum_math_2022:printed p. 38; [9수03-18] - 원의 현과 접선에 관한 성질을 이해하고 정당화하는 성취기준; achievement_math_2022:원의 성질 section; [9수03-18]~[9수03-19] achievement levels - 원의 현과 접선에 관한 성질, 원주각의 성질을 이해하고 정당화하는 수준을 구분",
m1_geo_arc__prerequisite_for__m1_geo_inscribed_angle,m1_geo_arc,호,중1(교육과정 학년군: 중1-3),도형과 측정,평면도형의 성질,m1_geo_inscribed_angle,원주각,중3(교육과정 학년군: 중1-3),도형과 측정,원의 성질,cross_grade_same_domain,high,3,"curriculum_math_2022:printed pp. 38-39; terms and symbols for 도형과 측정 - 교점, 교선, 두 점 사이의 거리, 중점, 수직이등분선, 꼬인 위치, 교각, 맞꼭지각, 엇각, 동위각, 평각, 직교, 수선의 발, 작도, 대변, 대각, 삼각형의 합동 조건, 내각, 외각, 부채꼴, 중심각, 호, 현, 활꼴, 할선, 다면체, 각뿔대, 정다면체, 회전체, 회전축, 원뿔대, 증명, 접선, 접점, 접한다, 외심, 외접, 외접원, 내심, 내접, 내접원, 중선, 무게중심, 닮음, 닮음비, 삼각형의 닮음 조건, 피타고라스 정리, 삼각비, 사인, 코사인, 탄젠트, 원주각 등을 다룸; curriculum_math_2022:printed p. 38; [9수03-19] - 원주각의 성질을 이해하고 정당화하는 성취기준; achievement_math_2022:원의 성질 section; [9수03-18]~[9수03-19] achievement levels - 원의 현과 접선에 관한 성질, 원주각의 성질을 이해하고 정당화하는 수준을 구분",
m1_geo_arc__prerequisite_for__m1_geo_inscribed_angle_property,m1_geo_arc,호,중1(교육과정 학년군: 중1-3),도형과 측정,평면도형의 성질,m1_geo_inscribed_angle_property,원주각의 성질,중3(교육과정 학년군: 중1-3),도형과 측정,원의 성질,cross_grade_same_domain,high,2,"curriculum_math_2022:printed p. 38; [9수03-19] - 원주각의 성질을 이해하고 정당화하는 성취기준; achievement_math_2022:원의 성질 section; [9수03-18]~[9수03-19] achievement levels - 원의 현과 접선에 관한 성질, 원주각의 성질을 이해하고 정당화하는 수준을 구분",
m1_expr_unit__prerequisite_for__m1_calc_unit,m1_expr_unit,문자의 사용과 식,중1(교육과정 학년군: 중1-3),변화와 관계,문자의 사용과 식,m1_calc_unit,식의 계산,중1(교육과정 학년군: 중1-3),변화와 관계,식의 계산,cross_unit_same_domain,high,4,"curriculum_math_2022:printed p. 35; [9수02-08] - 지수법칙을 이해하고 이를 이용하여 식을 간단히 하는 성취기준; curriculum_math_2022:printed p. 35; [9수02-09] - 다항식의 덧셈과 뺄셈 원리를 이해하고 계산하는 성취기준; curriculum_math_2022:printed p. 35; [9수02-10] - 단항식과 다항식의 곱셈, 다항식을 단항식으로 나누는 계산을 다루는 성취기준; curriculum_math_2022:printed pp. 35-36; achievement-standard explanation and considerations - 지수법칙은 자연수 지수 범위에서 단항식의 곱셈과 나눗셈에 필요한 정도로 다루고, 수의 사칙연산과 소인수분해가 다항식으로 확장될 수 있음을 인식하게 함",
m1_expr_polynomial__prerequisite_for__m1_eq_equation,m1_expr_polynomial,다항식,중1(교육과정 학년군: 중1-3),변화와 관계,문자의 사용과 식,m1_eq_equation,방정식,중1(교육과정 학년군: 중1-3),변화와 관계,일차방정식,cross_unit_same_domain,medium,2,"curriculum_math_2022:printed p. 34; [9수02-03] - 방정식과 그 해의 뜻, 등식의 성질을 다루는 성취기준; achievement_math_2022:일차방정식 section; [9수02-03] achievement levels - 방정식과 해의 뜻, 등식의 성질, 해인지 판단하는 수행 수준을 구분",
m1_expr_literal_expression__prerequisite_for__m1_eq_modeling_linear_equation,m1_expr_literal_expression,문자를 사용한 식,중1(교육과정 학년군: 중1-3),변화와 관계,문자의 사용과 식,m1_eq_modeling_linear_equation,일차방정식 세우기,중1(교육과정 학년군: 중1-3),변화와 관계,일차방정식,cross_unit_same_domain,high,2,curriculum_math_2022:printed p. 34; [9수02-04] - 일차방정식을 풀고 활용하여 문제를 해결하는 성취기준; achievement_math_2022:일차방정식 section; [9수02-04] achievement levels - 일차방정식을 풀고 활용 문제를 해결하거나 식을 세우는 수행 수준을 구분,
m1_expr_unit__prerequisite_for__m1_eq_unit,m1_expr_unit,문자의 사용과 식,중1(교육과정 학년군: 중1-3),변화와 관계,문자의 사용과 식,m1_eq_unit,일차방정식,중1(교육과정 학년군: 중1-3),변화와 관계,일차방정식,cross_unit_same_domain,high,4,"curriculum_math_2022:printed p. 34; [9수02-03] - 방정식과 그 해의 뜻, 등식의 성질을 다루는 성취기준; curriculum_math_2022:printed p. 34; [9수02-04] - 일차방정식을 풀고 활용하여 문제를 해결하는 성취기준; achievement_math_2022:일차방정식 section; [9수02-03] achievement levels - 방정식과 해의 뜻, 등식의 성질, 해인지 판단하는 수행 수준을 구분; achievement_math_2022:일차방정식 section; [9수02-04] achievement levels - 일차방정식을 풀고 활용 문제를 해결하거나 식을 세우는 수행 수준을 구분",
m1_expr_linear_expression__prerequisite_for__m1_eq_linear_equation,m1_expr_linear_expression,일차식,중1(교육과정 학년군: 중1-3),변화와 관계,문자의 사용과 식,m1_eq_linear_equation,일차방정식,중1(교육과정 학년군: 중1-3),변화와 관계,일차방정식,cross_unit_same_domain,high,3,"curriculum_math_2022:printed p. 34; [9수02-04] - 일차방정식을 풀고 활용하여 문제를 해결하는 성취기준; curriculum_math_2022:printed p. 36; terms and symbols for 변화와 관계 - 대입, 다항식, 항, 단항식, 상수항, 계수, 차수, 일차식, 동류항, 등식, 방정식, 미지수, 해, 근, 항등식, 이항, 일차방정식, 변수, 좌표, 그래프, 인수, 인수분해, 완전제곱식, 이차방정식, 중근, 근의 공식, 이차함수, 포물선, 축, 꼭짓점, 최댓값, 최솟값 등을 다룸; achievement_math_2022:일차방정식 section; [9수02-04] achievement levels - 일차방정식을 풀고 활용 문제를 해결하거나 식을 세우는 수행 수준을 구분",
m1_expr_unit__prerequisite_for__m1_func_unit,m1_expr_unit,문자의 사용과 식,중1(교육과정 학년군: 중1-3),변화와 관계,문자의 사용과 식,m1_func_unit,일차함수와 그 그래프,중1(교육과정 학년군: 중1-3),변화와 관계,일차함수와 그 그래프,cross_unit_same_domain,high,5,"curriculum_math_2022:printed p. 34; [9수02-01] - 다양한 상황을 문자를 사용한 식으로 나타내고 식의 값을 구하는 성취기준; curriculum_math_2022:printed p. 35; [9수02-14] - 함수의 개념을 이해하고 함숫값을 구하는 성취기준; curriculum_math_2022:printed p. 35; [9수02-15] - 일차함수의 개념을 이해하고 그 그래프를 그리는 성취기준; achievement_math_2022:일차함수와 그 그래프 section; [9수02-14] achievement levels - 두 양 사이의 관계가 함수인지 판단하고 함숫값을 구하는 수행 수준을 구분; achievement_math_2022:일차함수와 그 그래프 section; [9수02-15] achievement levels - 일차함수인지 판단하고 기울기, x절편, y절편, 평행이동 등을 이용하여 그래프를 그리는 수행 수준을 구분",
m1_expr_linear_expression__prerequisite_for__m1_func_linear_function,m1_expr_linear_expression,일차식,중1(교육과정 학년군: 중1-3),변화와 관계,문자의 사용과 식,m1_func_linear_function,일차함수,중1(교육과정 학년군: 중1-3),변화와 관계,일차함수와 그 그래프,cross_unit_same_domain,high,2,"curriculum_math_2022:printed p. 35; [9수02-15] - 일차함수의 개념을 이해하고 그 그래프를 그리는 성취기준; achievement_math_2022:일차함수와 그 그래프 section; [9수02-15] achievement levels - 일차함수인지 판단하고 기울기, x절편, y절편, 평행이동 등을 이용하여 그래프를 그리는 수행 수준을 구분",
m1_calc_monomial_mul_div__prerequisite_for__m1_calc_monomial_polynomial_mul_div,m1_calc_monomial_mul_div,단항식의 곱셈과 나눗셈,중1(교육과정 학년군: 중1-3),변화와 관계,식의 계산,m1_calc_monomial_polynomial_mul_div,단항식과 다항식의 곱셈과 나눗셈,중1(교육과정 학년군: 중1-3),변화와 관계,식의 계산,same_unit,medium,2,"curriculum_math_2022:printed p. 35; [9수02-10] - 단항식과 다항식의 곱셈, 다항식을 단항식으로 나누는 계산을 다루는 성취기준; achievement_math_2022:식의 계산 section; [9수02-10] achievement levels - 단항식과 다항식의 곱셈, 다항식과 단항식의 나눗셈 원리 이해와 계산 수행 수준을 구분",
m1_calc_unit__prerequisite_for__m1_system_unit,m1_calc_unit,식의 계산,중1(교육과정 학년군: 중1-3),변화와 관계,식의 계산,m1_system_unit,연립일차방정식,중1(교육과정 학년군: 중1-3),변화와 관계,연립일차방정식,cross_unit_same_domain,high,2,curriculum_math_2022:printed p. 35; [9수02-13] - 미지수가 2개인 연립일차방정식을 풀고 활용하는 성취기준; achievement_math_2022:연립일차방정식 section; [9수02-13] achievement levels - 미지수가 2개인 연립일차방정식을 여러 가지 방법으로 풀고 활용하는 수행 수준을 구분,
m1_calc_unit__prerequisite_for__m1_ineq_unit,m1_calc_unit,식의 계산,중1(교육과정 학년군: 중1-3),변화와 관계,식의 계산,m1_ineq_unit,일차부등식,중1(교육과정 학년군: 중1-3),변화와 관계,일차부등식,cross_unit_same_domain,high,4,"curriculum_math_2022:printed p. 35; [9수02-11] - 부등식과 그 해의 뜻, 부등식의 성질을 다루는 성취기준; curriculum_math_2022:printed p. 35; [9수02-12] - 일차부등식을 풀고 활용하여 문제를 해결하는 성취기준; achievement_math_2022:일차부등식 section; [9수02-11] achievement levels - 부등식과 해의 뜻, 부등식의 성질, 등식의 성질과의 비교 수준을 구분; achievement_math_2022:일차부등식 section; [9수02-12] achievement levels - 일차부등식을 풀고 활용하거나 문제의 뜻에 맞는 일차부등식을 세우는 수행 수준을 구분",
m1_calc_unit__prerequisite_for__m1_factor_unit,m1_calc_unit,식의 계산,중1(교육과정 학년군: 중1-3),변화와 관계,식의 계산,m1_factor_unit,다항식의 곱셈과 인수분해,중3(교육과정 학년군: 중1-3),변화와 관계,다항식의 곱셈과 인수분해,cross_grade_same_domain,high,4,"curriculum_math_2022:printed p. 35; [9수02-08] - 지수법칙을 이해하고 이를 이용하여 식을 간단히 하는 성취기준; curriculum_math_2022:printed p. 35; [9수02-10] - 단항식과 다항식의 곱셈, 다항식을 단항식으로 나누는 계산을 다루는 성취기준; curriculum_math_2022:printed p. 35; [9수02-19] - 다항식의 곱셈과 인수분해를 하는 성취기준; curriculum_math_2022:printed p. 36; [9수02-19] explanation - 다항식의 곱셈과 인수분해의 역관계를 이해하고, m(a+b), (a±b)^2, (a+b)(a-b), (x+a)(x+b), (ax+b)(cx+d) 범위의 공식을 다룸",식의 계산에서 다항식 연산 원리를 익힌 뒤 다항식의 곱셈과 인수분해로 확장된다.
m1_calc_expansion__prerequisite_for__m1_factor_polynomial_multiplication,m1_calc_expansion,전개,중1(교육과정 학년군: 중1-3),변화와 관계,식의 계산,m1_factor_polynomial_multiplication,다항식의 곱셈,중3(교육과정 학년군: 중1-3),변화와 관계,다항식의 곱셈과 인수분해,cross_grade_same_domain,high,3,"curriculum_math_2022:printed p. 35; [9수02-10] - 단항식과 다항식의 곱셈, 다항식을 단항식으로 나누는 계산을 다루는 성취기준; curriculum_math_2022:printed p. 35; [9수02-19] - 다항식의 곱셈과 인수분해를 하는 성취기준; curriculum_math_2022:printed p. 36; [9수02-19] explanation - 다항식의 곱셈과 인수분해의 역관계를 이해하고, m(a+b), (a±b)^2, (a+b)(a-b), (x+a)(x+b), (ax+b)(cx+d) 범위의 공식을 다룸",
m1_calc_power__prerequisite_for__m1_num_square_root,m1_calc_power,거듭제곱,중1(교육과정 학년군: 중1-3),변화와 관계,식의 계산,m1_num_square_root,제곱근,중3(교육과정 학년군: 중1-3),수와 연산,제곱근과 실수,cross_grade_cross_domain,medium,3,"curriculum_math_2022:printed p. 34; terms and symbols for 수와 연산 - 소수, 합성수, 거듭제곱, 지수, 밑, 소인수, 소인수분해, 서로소, 양수, 음수, 정수, 수직선, 유리수, 절댓값, 교환법칙, 결합법칙, 분배법칙, 역수, 유한소수, 무한소수, 순환소수, 순환마디, 제곱근, 근호, 무리수, 실수, 분모의 유리화 등을 다룸; curriculum_math_2022:printed p. 33; [9수01-07] - 제곱근의 뜻과 성질을 알고 제곱근의 대소 관계를 판단하는 성취기준; achievement_math_2022:제곱근과 실수 section; [9수01-07] achievement levels - 제곱근의 뜻과 성질, 근호 사용, 제곱근의 대소 관계 판단 수준을 구분",
m1_calc_power__prerequisite_for__m1_data_variance,m1_calc_power,거듭제곱,중1(교육과정 학년군: 중1-3),변화와 관계,식의 계산,m1_data_variance,분산,중3(교육과정 학년군: 중1-3),자료와 가능성,산포도,cross_grade_cross_domain,high,3,"curriculum_math_2022:printed pp. 41-42; terms and symbols for 자료와 가능성 - 변량, 대푯값, 중앙값, 최빈값, 줄기와 잎 그림, 계급, 계급의 크기, 도수, 도수분포표, 히스토그램, 도수분포다각형, 상대도수, 사건, 확률, 산포도, 편차, 분산, 표준편차, 사분위수, 상자그림, 산점도, 상관관계를 다룸; curriculum_math_2022:printed p. 41; [9수04-07] - 분산과 표준편차를 구하고 자료의 분포를 설명하는 성취기준; achievement_math_2022:자료와 가능성 section; [9수04-07] achievement levels - 산포도, 편차, 분산, 표준편차의 뜻, 분산과 표준편차 계산, 두 집단 분포 비교 수준을 구분",
m1_system_unit__prerequisite_for__m1_func_eq_relation_unit,m1_system_unit,연립일차방정식,중1(교육과정 학년군: 중1-3),변화와 관계,연립일차방정식,m1_func_eq_relation_unit,일차함수와 일차방정식의 관계,중1(교육과정 학년군: 중1-3),변화와 관계,일차함수와 일차방정식의 관계,cross_unit_same_domain,high,2,curriculum_math_2022:printed p. 35; [9수02-18] - 두 일차함수의 그래프와 연립일차방정식의 관계를 설명하는 성취기준; achievement_math_2022:일차함수와 일차방정식의 관계 section; [9수02-18] achievement levels - 두 일차함수의 그래프의 교점과 연립일차방정식의 해 사이의 관계를 설명하는 수행 수준을 구분,
m1_system_unit__prerequisite_for__m1_coord_graph_unit,m1_system_unit,연립일차방정식,중1(교육과정 학년군: 중1-3),변화와 관계,연립일차방정식,m1_coord_graph_unit,좌표평면과 그래프,중1(교육과정 학년군: 중1-3),변화와 관계,좌표평면과 그래프,cross_unit_same_domain,medium,3,curriculum_math_2022:printed p. 35; [9수02-13] - 미지수가 2개인 연립일차방정식을 풀고 활용하는 성취기준; curriculum_math_2022:printed p. 34; [9수02-05] - 순서쌍과 좌표를 이해하고 편리함을 인식하는 성취기준; achievement_math_2022:연립일차방정식 section; [9수02-13] achievement levels - 미지수가 2개인 연립일차방정식을 여러 가지 방법으로 풀고 활용하는 수행 수준을 구분,연립일차방정식의 해와 좌표·그래프 연결은 후속 일차함수 관계 단원에서 보강한다.
m1_eq_unit__prerequisite_for__m1_system_unit,m1_eq_unit,일차방정식,중1(교육과정 학년군: 중1-3),변화와 관계,일차방정식,m1_system_unit,연립일차방정식,중1(교육과정 학년군: 중1-3),변화와 관계,연립일차방정식,cross_unit_same_domain,high,2,curriculum_math_2022:printed p. 35; [9수02-13] - 미지수가 2개인 연립일차방정식을 풀고 활용하는 성취기준; achievement_math_2022:연립일차방정식 section; [9수02-13] achievement levels - 미지수가 2개인 연립일차방정식을 여러 가지 방법으로 풀고 활용하는 수행 수준을 구분,
m1_eq_solution__prerequisite_for__m1_system_solution,m1_eq_solution,해,중1(교육과정 학년군: 중1-3),변화와 관계,일차방정식,m1_system_solution,연립일차방정식의 해,중1(교육과정 학년군: 중1-3),변화와 관계,연립일차방정식,cross_unit_same_domain,high,2,curriculum_math_2022:printed p. 35; [9수02-13] - 미지수가 2개인 연립일차방정식을 풀고 활용하는 성취기준; achievement_math_2022:연립일차방정식 section; [9수02-13] achievement levels - 미지수가 2개인 연립일차방정식을 여러 가지 방법으로 풀고 활용하는 수행 수준을 구분,
m1_eq_equality__prerequisite_for__m1_eq_equation,m1_eq_equality,등식,중1(교육과정 학년군: 중1-3),변화와 관계,일차방정식,m1_eq_equation,방정식,중1(교육과정 학년군: 중1-3),변화와 관계,일차방정식,same_unit,high,2,"curriculum_math_2022:printed p. 34; [9수02-03] - 방정식과 그 해의 뜻, 등식의 성질을 다루는 성취기준; achievement_math_2022:일차방정식 section; [9수02-03] achievement levels - 방정식과 해의 뜻, 등식의 성질, 해인지 판단하는 수행 수준을 구분",
m1_eq_equality_properties__prerequisite_for__m1_ineq_properties,m1_eq_equality_properties,등식의 성질,중1(교육과정 학년군: 중1-3),변화와 관계,일차방정식,m1_ineq_properties,부등식의 성질,중1(교육과정 학년군: 중1-3),변화와 관계,일차부등식,cross_unit_same_domain,high,2,"curriculum_math_2022:printed p. 35; [9수02-11] - 부등식과 그 해의 뜻, 부등식의 성질을 다루는 성취기준; achievement_math_2022:일차부등식 section; [9수02-11] achievement levels - 부등식과 해의 뜻, 부등식의 성질, 등식의 성질과의 비교 수준을 구분",
m1_eq_unit__prerequisite_for__m1_ineq_unit,m1_eq_unit,일차방정식,중1(교육과정 학년군: 중1-3),변화와 관계,일차방정식,m1_ineq_unit,일차부등식,중1(교육과정 학년군: 중1-3),변화와 관계,일차부등식,cross_unit_same_domain,high,5,"curriculum_math_2022:printed p. 35; [9수02-11] - 부등식과 그 해의 뜻, 부등식의 성질을 다루는 성취기준; curriculum_math_2022:printed p. 35; [9수02-12] - 일차부등식을 풀고 활용하여 문제를 해결하는 성취기준; curriculum_math_2022:printed p. 36; achievement-standard considerations - 부등식은 다양한 상황으로 도입하고 여러 방법으로 풀며 해가 문제 상황에 적합한지 확인하게 함; achievement_math_2022:일차부등식 section; [9수02-11] achievement levels - 부등식과 해의 뜻, 부등식의 성질, 등식의 성질과의 비교 수준을 구분; achievement_math_2022:일차부등식 section; [9수02-12] achievement levels - 일차부등식을 풀고 활용하거나 문제의 뜻에 맞는 일차부등식을 세우는 수행 수준을 구분",
m1_eq_unit__prerequisite_for__m1_func_eq_relation_unit,m1_eq_unit,일차방정식,중1(교육과정 학년군: 중1-3),변화와 관계,일차방정식,m1_func_eq_relation_unit,일차함수와 일차방정식의 관계,중1(교육과정 학년군: 중1-3),변화와 관계,일차함수와 일차방정식의 관계,cross_unit_same_domain,high,2,curriculum_math_2022:printed p. 35; [9수02-17] - 일차함수와 미지수가 2개인 일차방정식의 관계를 설명하는 성취기준; achievement_math_2022:일차함수와 일차방정식의 관계 section; [9수02-17] achievement levels - 미지수가 2개인 일차방정식의 해를 일차함수의 그래프로 나타내고 관계를 설명하는 수행 수준을 구분,
m1_eq_unit__prerequisite_for__m1_coord_graph_unit,m1_eq_unit,일차방정식,중1(교육과정 학년군: 중1-3),변화와 관계,일차방정식,m1_coord_graph_unit,좌표평면과 그래프,중1(교육과정 학년군: 중1-3),변화와 관계,좌표평면과 그래프,cross_unit_same_domain,medium,4,"curriculum_math_2022:printed p. 34; [9수02-01] - 다양한 상황을 문자를 사용한 식으로 나타내고 식의 값을 구하는 성취기준; curriculum_math_2022:printed p. 34; [9수02-03] - 방정식과 그 해의 뜻, 등식의 성질을 다루는 성취기준; curriculum_math_2022:printed p. 34; [9수02-05] - 순서쌍과 좌표를 이해하고 편리함을 인식하는 성취기준; curriculum_math_2022:printed p. 35; [9수02-07] - 정비례와 반비례 관계를 표, 식, 그래프로 나타내는 성취기준",문자식과 방정식 이해가 표·식·그래프 표현과 정비례·반비례 관계 표현을 받친다.
m1_eq_equation__prerequisite_for__m1_quad_eq_quadratic_equation,m1_eq_equation,방정식,중1(교육과정 학년군: 중1-3),변화와 관계,일차방정식,m1_quad_eq_quadratic_equation,이차방정식,중3(교육과정 학년군: 중1-3),변화와 관계,이차방정식,cross_grade_same_domain,high,4,"curriculum_math_2022:printed p. 34; [9수02-03] - 방정식과 그 해의 뜻, 등식의 성질을 다루는 성취기준; curriculum_math_2022:printed p. 35; [9수02-20] - 이차방정식을 풀고 활용하여 문제를 해결하는 성취기준; achievement_math_2022:일차방정식 section; [9수02-03] achievement levels - 방정식과 해의 뜻, 등식의 성질, 해인지 판단하는 수행 수준을 구분; achievement_math_2022:이차방정식 section; [9수02-20] achievement levels - 이차방정식을 풀고 과정을 설명하거나 활용하며, 이차항의 계수가 1인 이차방정식을 푸는 수준을 구분",
m1_eq_unit__prerequisite_for__m1_quad_eq_unit,m1_eq_unit,일차방정식,중1(교육과정 학년군: 중1-3),변화와 관계,일차방정식,m1_quad_eq_unit,이차방정식,중3(교육과정 학년군: 중1-3),변화와 관계,이차방정식,cross_grade_same_domain,high,4,"curriculum_math_2022:printed p. 34; [9수02-03] - 방정식과 그 해의 뜻, 등식의 성질을 다루는 성취기준; curriculum_math_2022:printed p. 35; [9수02-20] - 이차방정식을 풀고 활용하여 문제를 해결하는 성취기준; achievement_math_2022:일차방정식 section; [9수02-03] achievement levels - 방정식과 해의 뜻, 등식의 성질, 해인지 판단하는 수행 수준을 구분; achievement_math_2022:이차방정식 section; [9수02-20] achievement levels - 이차방정식을 풀고 과정을 설명하거나 활용하며, 이차항의 계수가 1인 이차방정식을 푸는 수준을 구분",
m1_func_y_ax_graph__prerequisite_for__m1_func_y_ax_b_graph,m1_func_y_ax_graph,일차함수 y=ax의 그래프,중1(교육과정 학년군: 중1-3),변화와 관계,일차함수와 그 그래프,m1_func_y_ax_b_graph,일차함수 y=ax+b의 그래프,중1(교육과정 학년군: 중1-3),변화와 관계,일차함수와 그 그래프,same_unit,medium,1,"achievement_math_2022:일차함수와 그 그래프 section; [9수02-15] achievement levels - 일차함수인지 판단하고 기울기, x절편, y절편, 평행이동 등을 이용하여 그래프를 그리는 수행 수준을 구분",
m1_func_unit__prerequisite_for__m1_func_eq_relation_unit,m1_func_unit,일차함수와 그 그래프,중1(교육과정 학년군: 중1-3),변화와 관계,일차함수와 그 그래프,m1_func_eq_relation_unit,일차함수와 일차방정식의 관계,중1(교육과정 학년군: 중1-3),변화와 관계,일차함수와 일차방정식의 관계,cross_unit_same_domain,high,4,curriculum_math_2022:printed p. 35; [9수02-17] - 일차함수와 미지수가 2개인 일차방정식의 관계를 설명하는 성취기준; curriculum_math_2022:printed p. 35; [9수02-18] - 두 일차함수의 그래프와 연립일차방정식의 관계를 설명하는 성취기준; achievement_math_2022:일차함수와 일차방정식의 관계 section; [9수02-17] achievement levels - 미지수가 2개인 일차방정식의 해를 일차함수의 그래프로 나타내고 관계를 설명하는 수행 수준을 구분; achievement_math_2022:일차함수와 일차방정식의 관계 section; [9수02-18] achievement levels - 두 일차함수의 그래프의 교점과 연립일차방정식의 해 사이의 관계를 설명하는 수행 수준을 구분,
m1_func_unit__prerequisite_for__m1_quad_func_unit,m1_func_unit,일차함수와 그 그래프,중1(교육과정 학년군: 중1-3),변화와 관계,일차함수와 그 그래프,m1_quad_func_unit,이차함수와 그 그래프,중3(교육과정 학년군: 중1-3),변화와 관계,이차함수와 그 그래프,cross_grade_same_domain,high,4,curriculum_math_2022:printed p. 35; [9수02-14] - 함수의 개념을 이해하고 함숫값을 구하는 성취기준; curriculum_math_2022:printed p. 35; [9수02-21] - 이차함수의 개념을 이해하는 성취기준; achievement_math_2022:일차함수와 그 그래프 section; [9수02-14] achievement levels - 두 양 사이의 관계가 함수인지 판단하고 함숫값을 구하는 수행 수준을 구분; achievement_math_2022:이차함수와 그 그래프 section; [9수02-21] achievement levels - 주어진 상황을 식으로 나타내어 이차함수인지 판단하거나 주어진 함수 중 이차함수를 찾는 수준을 구분,
m1_func_function__prerequisite_for__m1_quad_func_quadratic_function,m1_func_function,함수,중1(교육과정 학년군: 중1-3),변화와 관계,일차함수와 그 그래프,m1_quad_func_quadratic_function,이차함수,중3(교육과정 학년군: 중1-3),변화와 관계,이차함수와 그 그래프,cross_grade_same_domain,high,4,curriculum_math_2022:printed p. 35; [9수02-14] - 함수의 개념을 이해하고 함숫값을 구하는 성취기준; curriculum_math_2022:printed p. 35; [9수02-21] - 이차함수의 개념을 이해하는 성취기준; achievement_math_2022:일차함수와 그 그래프 section; [9수02-14] achievement levels - 두 양 사이의 관계가 함수인지 판단하고 함숫값을 구하는 수행 수준을 구분; achievement_math_2022:이차함수와 그 그래프 section; [9수02-21] achievement levels - 주어진 상황을 식으로 나타내어 이차함수인지 판단하거나 주어진 함수 중 이차함수를 찾는 수준을 구분,
m1_coord_graph_unit__prerequisite_for__m1_func_unit,m1_coord_graph_unit,좌표평면과 그래프,중1(교육과정 학년군: 중1-3),변화와 관계,좌표평면과 그래프,m1_func_unit,일차함수와 그 그래프,중1(교육과정 학년군: 중1-3),변화와 관계,일차함수와 그 그래프,cross_unit_same_domain,high,6,"curriculum_math_2022:printed p. 34; [9수02-05] - 순서쌍과 좌표를 이해하고 편리함을 인식하는 성취기준; curriculum_math_2022:printed p. 34; [9수02-06] - 다양한 상황을 그래프로 나타내고 주어진 그래프를 해석하는 성취기준; curriculum_math_2022:printed p. 35; [9수02-14] - 함수의 개념을 이해하고 함숫값을 구하는 성취기준; curriculum_math_2022:printed p. 35; [9수02-15] - 일차함수의 개념을 이해하고 그 그래프를 그리는 성취기준; achievement_math_2022:일차함수와 그 그래프 section; [9수02-14] achievement levels - 두 양 사이의 관계가 함수인지 판단하고 함숫값을 구하는 수행 수준을 구분; achievement_math_2022:일차함수와 그 그래프 section; [9수02-15] achievement levels - 일차함수인지 판단하고 기울기, x절편, y절편, 평행이동 등을 이용하여 그래프를 그리는 수행 수준을 구분",
m1_coord_number_line__prerequisite_for__m1_coord_coordinate_plane,m1_coord_number_line,수직선,중1(교육과정 학년군: 중1-3),변화와 관계,좌표평면과 그래프,m1_coord_coordinate_plane,좌표평면,중1(교육과정 학년군: 중1-3),변화와 관계,좌표평면과 그래프,same_unit,high,2,"curriculum_math_2022:printed pp. 35-36; achievement-standard explanation and considerations - 좌표 사용 예, 그래프의 증가·감소·주기적 변화, 표·식·그래프 변환을 다룸; achievement_math_2022:좌표평면과 그래프 section; [9수02-05] achievement levels - 수직선과 좌표평면 위의 점을 좌표로 나타내거나 주어진 좌표를 점으로 나타내는 수행을 구분",
m1_coord_ordered_pair__prerequisite_for__m1_coord_coordinate,m1_coord_ordered_pair,순서쌍,중1(교육과정 학년군: 중1-3),변화와 관계,좌표평면과 그래프,m1_coord_coordinate,좌표,중1(교육과정 학년군: 중1-3),변화와 관계,좌표평면과 그래프,same_unit,high,2,curriculum_math_2022:printed p. 34; [9수02-05] - 순서쌍과 좌표를 이해하고 편리함을 인식하는 성취기준; achievement_math_2022:좌표평면과 그래프 section; [9수02-05] achievement levels - 수직선과 좌표평면 위의 점을 좌표로 나타내거나 주어진 좌표를 점으로 나타내는 수행을 구분,
m1_graph_graph__prerequisite_for__m1_data_frequency_unit,m1_graph_graph,그래프,중1(교육과정 학년군: 중1-3),변화와 관계,좌표평면과 그래프,m1_data_frequency_unit,도수분포표와 상대도수,중1(교육과정 학년군: 중1-3),자료와 가능성,도수분포표와 상대도수,cross_domain_same_grade,high,4,"curriculum_math_2022:printed p. 40; [9수04-02] - 자료를 줄기와 잎 그림, 도수분포표, 히스토그램, 도수분포다각형으로 나타내고 해석하는 성취기준; curriculum_math_2022:printed p. 40; [9수04-03] - 상대도수를 구하고 상대도수의 분포를 표나 그래프로 나타내고 해석하는 성취기준; curriculum_math_2022:printed p. 41; [9수04-03] explanation - 상대도수는 도수의 총합이 다른 두 집단의 분포를 비교하는 상황에서 간단히 다루고 그 필요성과 유용성을 인식하게 함; achievement_math_2022:자료와 가능성 section; [9수04-02]~[9수04-04] achievement levels - 줄기와 잎 그림, 도수분포표, 히스토그램, 도수분포다각형, 상대도수의 분포, 통계적 탐구 문제 설정과 공학 도구 활용 수준을 구분",
m1_graph_graph__prerequisite_for__m1_data_relative_frequency_table_graph,m1_graph_graph,그래프,중1(교육과정 학년군: 중1-3),변화와 관계,좌표평면과 그래프,m1_data_relative_frequency_table_graph,상대도수의 분포를 표나 그래프로 나타내기,중1(교육과정 학년군: 중1-3),자료와 가능성,도수분포표와 상대도수,cross_domain_same_grade,high,3,"curriculum_math_2022:printed p. 40; [9수04-03] - 상대도수를 구하고 상대도수의 분포를 표나 그래프로 나타내고 해석하는 성취기준; curriculum_math_2022:printed p. 41; [9수04-03] explanation - 상대도수는 도수의 총합이 다른 두 집단의 분포를 비교하는 상황에서 간단히 다루고 그 필요성과 유용성을 인식하게 함; achievement_math_2022:자료와 가능성 section; [9수04-02]~[9수04-04] achievement levels - 줄기와 잎 그림, 도수분포표, 히스토그램, 도수분포다각형, 상대도수의 분포, 통계적 탐구 문제 설정과 공학 도구 활용 수준을 구분",
m1_graph_graph__prerequisite_for__m1_data_critical_graph_reading,m1_graph_graph,그래프,중1(교육과정 학년군: 중1-3),변화와 관계,좌표평면과 그래프,m1_data_critical_graph_reading,표와 그래프의 오류 비판적으로 읽기,중1(교육과정 학년군: 중1-3),자료와 가능성,도수분포표와 상대도수,cross_domain_same_grade,medium,1,"curriculum_math_2022:printed p. 42; achievement-standard considerations - 눈금 등을 부적절하게 사용해 자료를 부정확하게 나타낸 표나 그래프의 오류를 찾고, 자료 정리·표현·대푯값·산포도 계산에 공학 도구를 활용하게 함",
m1_graph_graph__prerequisite_for__m1_data_histogram,m1_graph_graph,그래프,중1(교육과정 학년군: 중1-3),변화와 관계,좌표평면과 그래프,m1_data_histogram,히스토그램,중1(교육과정 학년군: 중1-3),자료와 가능성,도수분포표와 상대도수,cross_domain_same_grade,high,3,"curriculum_math_2022:printed pp. 41-42; terms and symbols for 자료와 가능성 - 변량, 대푯값, 중앙값, 최빈값, 줄기와 잎 그림, 계급, 계급의 크기, 도수, 도수분포표, 히스토그램, 도수분포다각형, 상대도수, 사건, 확률, 산포도, 편차, 분산, 표준편차, 사분위수, 상자그림, 산점도, 상관관계를 다룸; curriculum_math_2022:printed p. 40; [9수04-02] - 자료를 줄기와 잎 그림, 도수분포표, 히스토그램, 도수분포다각형으로 나타내고 해석하는 성취기준; achievement_math_2022:자료와 가능성 section; [9수04-02]~[9수04-04] achievement levels - 줄기와 잎 그림, 도수분포표, 히스토그램, 도수분포다각형, 상대도수의 분포, 통계적 탐구 문제 설정과 공학 도구 활용 수준을 구분",
m1_graph_graph__prerequisite_for__m1_mis_histogram_bar_graph,m1_graph_graph,그래프,중1(교육과정 학년군: 중1-3),변화와 관계,좌표평면과 그래프,m1_mis_histogram_bar_graph,히스토그램과 막대그래프를 같은 표현으로 보는 오류,중1(교육과정 학년군: 중1-3),자료와 가능성,도수분포표와 상대도수,cross_domain_same_grade,low,2,"curriculum_math_2022:printed p. 40; [9수04-02] - 자료를 줄기와 잎 그림, 도수분포표, 히스토그램, 도수분포다각형으로 나타내고 해석하는 성취기준; achievement_math_2022:자료와 가능성 section; [9수04-02]~[9수04-04] achievement levels - 줄기와 잎 그림, 도수분포표, 히스토그램, 도수분포다각형, 상대도수의 분포, 통계적 탐구 문제 설정과 공학 도구 활용 수준을 구분",
m1_repr_table__prerequisite_for__m1_data_frequency_table,m1_repr_table,표,중1(교육과정 학년군: 중1-3),변화와 관계,좌표평면과 그래프,m1_data_frequency_table,도수분포표,중1(교육과정 학년군: 중1-3),자료와 가능성,도수분포표와 상대도수,cross_domain_same_grade,high,3,"curriculum_math_2022:printed pp. 41-42; terms and symbols for 자료와 가능성 - 변량, 대푯값, 중앙값, 최빈값, 줄기와 잎 그림, 계급, 계급의 크기, 도수, 도수분포표, 히스토그램, 도수분포다각형, 상대도수, 사건, 확률, 산포도, 편차, 분산, 표준편차, 사분위수, 상자그림, 산점도, 상관관계를 다룸; curriculum_math_2022:printed p. 40; [9수04-02] - 자료를 줄기와 잎 그림, 도수분포표, 히스토그램, 도수분포다각형으로 나타내고 해석하는 성취기준; achievement_math_2022:자료와 가능성 section; [9수04-02]~[9수04-04] achievement levels - 줄기와 잎 그림, 도수분포표, 히스토그램, 도수분포다각형, 상대도수의 분포, 통계적 탐구 문제 설정과 공학 도구 활용 수준을 구분",
m1_repr_table__prerequisite_for__m1_data_frequency_unit,m1_repr_table,표,중1(교육과정 학년군: 중1-3),변화와 관계,좌표평면과 그래프,m1_data_frequency_unit,도수분포표와 상대도수,중1(교육과정 학년군: 중1-3),자료와 가능성,도수분포표와 상대도수,cross_domain_same_grade,high,4,"curriculum_math_2022:printed p. 40; [9수04-02] - 자료를 줄기와 잎 그림, 도수분포표, 히스토그램, 도수분포다각형으로 나타내고 해석하는 성취기준; curriculum_math_2022:printed p. 40; [9수04-03] - 상대도수를 구하고 상대도수의 분포를 표나 그래프로 나타내고 해석하는 성취기준; curriculum_math_2022:printed p. 41; [9수04-03] explanation - 상대도수는 도수의 총합이 다른 두 집단의 분포를 비교하는 상황에서 간단히 다루고 그 필요성과 유용성을 인식하게 함; achievement_math_2022:자료와 가능성 section; [9수04-02]~[9수04-04] achievement levels - 줄기와 잎 그림, 도수분포표, 히스토그램, 도수분포다각형, 상대도수의 분포, 통계적 탐구 문제 설정과 공학 도구 활용 수준을 구분",
m1_repr_table__prerequisite_for__m1_data_relative_frequency_table_graph,m1_repr_table,표,중1(교육과정 학년군: 중1-3),변화와 관계,좌표평면과 그래프,m1_data_relative_frequency_table_graph,상대도수의 분포를 표나 그래프로 나타내기,중1(교육과정 학년군: 중1-3),자료와 가능성,도수분포표와 상대도수,cross_domain_same_grade,high,3,"curriculum_math_2022:printed p. 40; [9수04-03] - 상대도수를 구하고 상대도수의 분포를 표나 그래프로 나타내고 해석하는 성취기준; curriculum_math_2022:printed p. 41; [9수04-03] explanation - 상대도수는 도수의 총합이 다른 두 집단의 분포를 비교하는 상황에서 간단히 다루고 그 필요성과 유용성을 인식하게 함; achievement_math_2022:자료와 가능성 section; [9수04-02]~[9수04-04] achievement levels - 줄기와 잎 그림, 도수분포표, 히스토그램, 도수분포다각형, 상대도수의 분포, 통계적 탐구 문제 설정과 공학 도구 활용 수준을 구분",
m1_repr_table__prerequisite_for__m1_data_critical_graph_reading,m1_repr_table,표,중1(교육과정 학년군: 중1-3),변화와 관계,좌표평면과 그래프,m1_data_critical_graph_reading,표와 그래프의 오류 비판적으로 읽기,중1(교육과정 학년군: 중1-3),자료와 가능성,도수분포표와 상대도수,cross_domain_same_grade,medium,1,"curriculum_math_2022:printed p. 42; achievement-standard considerations - 눈금 등을 부적절하게 사용해 자료를 부정확하게 나타낸 표나 그래프의 오류를 찾고, 자료 정리·표현·대푯값·산포도 계산에 공학 도구를 활용하게 함",
m1_graph_graph__prerequisite_for__m1_quad_func_graph,m1_graph_graph,그래프,중1(교육과정 학년군: 중1-3),변화와 관계,좌표평면과 그래프,m1_quad_func_graph,이차함수의 그래프,중3(교육과정 학년군: 중1-3),변화와 관계,이차함수와 그 그래프,cross_grade_same_domain,medium,3,"curriculum_math_2022:printed p. 34; [9수02-06] - 다양한 상황을 그래프로 나타내고 주어진 그래프를 해석하는 성취기준; curriculum_math_2022:printed p. 35; [9수02-22] - 이차함수의 그래프를 그리고 그 성질을 설명하는 성취기준; achievement_math_2022:이차함수와 그 그래프 section; [9수02-22] achievement levels - y=ax^2, y=a(x-p)^2+q, y=ax^2+bx+c 꼴의 이차함수 그래프를 그리고 성질을 설명하는 수준을 구분",
m1_coord_graph_unit__prerequisite_for__m1_quad_func_unit,m1_coord_graph_unit,좌표평면과 그래프,중1(교육과정 학년군: 중1-3),변화와 관계,좌표평면과 그래프,m1_quad_func_unit,이차함수와 그 그래프,중3(교육과정 학년군: 중1-3),변화와 관계,이차함수와 그 그래프,cross_grade_same_domain,high,4,"curriculum_math_2022:printed p. 34; [9수02-05] - 순서쌍과 좌표를 이해하고 편리함을 인식하는 성취기준; curriculum_math_2022:printed p. 34; [9수02-06] - 다양한 상황을 그래프로 나타내고 주어진 그래프를 해석하는 성취기준; curriculum_math_2022:printed p. 35; [9수02-22] - 이차함수의 그래프를 그리고 그 성질을 설명하는 성취기준; achievement_math_2022:이차함수와 그 그래프 section; [9수02-22] achievement levels - y=ax^2, y=a(x-p)^2+q, y=ax^2+bx+c 꼴의 이차함수 그래프를 그리고 성질을 설명하는 수준을 구분",
m1_graph_graph__prerequisite_for__m1_data_scatter_plot,m1_graph_graph,그래프,중1(교육과정 학년군: 중1-3),변화와 관계,좌표평면과 그래프,m1_data_scatter_plot,산점도,중3(교육과정 학년군: 중1-3),자료와 가능성,상자그림과 산점도,cross_grade_cross_domain,high,3,"curriculum_math_2022:printed pp. 41-42; terms and symbols for 자료와 가능성 - 변량, 대푯값, 중앙값, 최빈값, 줄기와 잎 그림, 계급, 계급의 크기, 도수, 도수분포표, 히스토그램, 도수분포다각형, 상대도수, 사건, 확률, 산포도, 편차, 분산, 표준편차, 사분위수, 상자그림, 산점도, 상관관계를 다룸; curriculum_math_2022:printed p. 41; [9수04-09] - 자료를 산점도로 나타내고 상관관계를 말하는 성취기준; achievement_math_2022:자료와 가능성 section; [9수04-08]~[9수04-09] achievement levels - 공학 도구로 사분위수와 상자그림을 구해 두 집단의 분포를 비교하고, 산점도와 상관관계를 말하는 수준을 구분",
m1_coord_coordinate_plane__prerequisite_for__m1_data_scatter_plot,m1_coord_coordinate_plane,좌표평면,중1(교육과정 학년군: 중1-3),변화와 관계,좌표평면과 그래프,m1_data_scatter_plot,산점도,중3(교육과정 학년군: 중1-3),자료와 가능성,상자그림과 산점도,cross_grade_cross_domain,high,3,"curriculum_math_2022:printed pp. 41-42; terms and symbols for 자료와 가능성 - 변량, 대푯값, 중앙값, 최빈값, 줄기와 잎 그림, 계급, 계급의 크기, 도수, 도수분포표, 히스토그램, 도수분포다각형, 상대도수, 사건, 확률, 산포도, 편차, 분산, 표준편차, 사분위수, 상자그림, 산점도, 상관관계를 다룸; curriculum_math_2022:printed p. 41; [9수04-09] - 자료를 산점도로 나타내고 상관관계를 말하는 성취기준; achievement_math_2022:자료와 가능성 section; [9수04-08]~[9수04-09] achievement levels - 공학 도구로 사분위수와 상자그림을 구해 두 집단의 분포를 비교하고, 산점도와 상관관계를 말하는 수준을 구분",
m1_num_natural_number__prerequisite_for__m1_num_prime_number,m1_num_natural_number,자연수,중1(교육과정 학년군: 중1-3),수와 연산,소인수분해,m1_num_prime_number,소수,중1(교육과정 학년군: 중1-3),수와 연산,소인수분해,same_unit,high,2,"curriculum_math_2022:printed p. 33; [9수01-01] - 소인수분해의 뜻을 알고 자연수를 소인수분해 하는 성취기준; achievement_math_2022:소인수분해 section; [9수01-01] achievement levels - 소인수분해의 뜻 설명, 자연수를 소인수의 곱으로 표현, 안내된 절차에 따른 소인수분해 수준을 구분",
m1_num_natural_number__prerequisite_for__m1_num_composite_number,m1_num_natural_number,자연수,중1(교육과정 학년군: 중1-3),수와 연산,소인수분해,m1_num_composite_number,합성수,중1(교육과정 학년군: 중1-3),수와 연산,소인수분해,same_unit,high,2,"curriculum_math_2022:printed p. 33; [9수01-01] - 소인수분해의 뜻을 알고 자연수를 소인수분해 하는 성취기준; achievement_math_2022:소인수분해 section; [9수01-01] achievement levels - 소인수분해의 뜻 설명, 자연수를 소인수의 곱으로 표현, 안내된 절차에 따른 소인수분해 수준을 구분",
m1_num_prime_factor_unit__prerequisite_for__m1_num_integer_rational_unit,m1_num_prime_factor_unit,소인수분해,중1(교육과정 학년군: 중1-3),수와 연산,소인수분해,m1_num_integer_rational_unit,정수와 유리수,중1(교육과정 학년군: 중1-3),수와 연산,정수와 유리수,cross_unit_same_domain,medium,2,"curriculum_math_2022:printed p. 33; [9수01-01] - 소인수분해의 뜻을 알고 자연수를 소인수분해 하는 성취기준; curriculum_math_2022:printed p. 33; [9수01-03] - 음수의 필요성을 인식하고 양수와 음수, 정수와 유리수의 개념을 이해하는 성취기준",자연수 범위의 수 분류와 거듭제곱 표현 경험이 정수와 유리수의 수 체계 확장을 받친다.
m1_num_distributive_law__prerequisite_for__m1_calc_expansion,m1_num_distributive_law,분배법칙,중1(교육과정 학년군: 중1-3),수와 연산,정수와 유리수,m1_calc_expansion,전개,중1(교육과정 학년군: 중1-3),변화와 관계,식의 계산,cross_domain_same_grade,medium,3,"curriculum_math_2022:printed p. 34; terms and symbols for 수와 연산 - 소수, 합성수, 거듭제곱, 지수, 밑, 소인수, 소인수분해, 서로소, 양수, 음수, 정수, 수직선, 유리수, 절댓값, 교환법칙, 결합법칙, 분배법칙, 역수, 유한소수, 무한소수, 순환소수, 순환마디, 제곱근, 근호, 무리수, 실수, 분모의 유리화 등을 다룸; curriculum_math_2022:printed p. 33; [9수01-05] - 정수와 유리수의 사칙계산 원리를 이해하고 계산하는 성취기준; curriculum_math_2022:printed p. 35; [9수02-10] - 단항식과 다항식의 곱셈, 다항식을 단항식으로 나누는 계산을 다루는 성취기준",분배법칙은 다항식 전개의 선수 연산 성질이다.
m1_num_four_operations__prerequisite_for__m1_calc_unit,m1_num_four_operations,정수와 유리수의 사칙계산,중1(교육과정 학년군: 중1-3),수와 연산,정수와 유리수,m1_calc_unit,식의 계산,중1(교육과정 학년군: 중1-3),변화와 관계,식의 계산,cross_domain_same_grade,medium,2,"curriculum_math_2022:printed p. 33; [9수01-05] - 정수와 유리수의 사칙계산 원리를 이해하고 계산하는 성취기준; curriculum_math_2022:printed pp. 35-36; achievement-standard explanation and considerations - 지수법칙은 자연수 지수 범위에서 단항식의 곱셈과 나눗셈에 필요한 정도로 다루고, 수의 사칙연산과 소인수분해가 다항식으로 확장될 수 있음을 인식하게 함",수에 대한 사칙연산 원리가 식의 계산과 다항식 계산으로 확장된다.
m1_num_rational_number__prerequisite_for__m1_num_ratio,m1_num_rational_number,유리수,중1(교육과정 학년군: 중1-3),수와 연산,정수와 유리수,m1_num_ratio,비,중1(교육과정 학년군: 중1-3),수와 연산,공통 선수개념,cross_unit_same_domain,low,3,"curriculum_math_2022:printed p. 40; [9수04-03] - 상대도수를 구하고 상대도수의 분포를 표나 그래프로 나타내고 해석하는 성취기준; curriculum_math_2022:printed p. 41; [9수04-05]~[9수04-06] explanation - 경우의 수는 두 경우의 수를 합하거나 곱하는 정도로 다루며, 확률은 실험·관찰로 구한 상대도수와 경우의 수의 비율을 연결해 이해하게 함; curriculum_math_2022:printed p. 38; [9수03-16] - 삼각비의 뜻을 알고 간단한 삼각비의 값을 구하는 성취기준",비를 수로 해석할 때 유리수와 나눗셈 이해가 필요하다는 연결이다. 공식 문서의 단독 서술이 약해 낮은 신뢰도로 둔다.
m1_num_integer__prerequisite_for__m1_num_rational_number,m1_num_integer,정수,중1(교육과정 학년군: 중1-3),수와 연산,정수와 유리수,m1_num_rational_number,유리수,중1(교육과정 학년군: 중1-3),수와 연산,정수와 유리수,same_unit,medium,2,"curriculum_math_2022:printed p. 33; [9수01-03] - 음수의 필요성을 인식하고 양수와 음수, 정수와 유리수의 개념을 이해하는 성취기준; achievement_math_2022:정수와 유리수 section; [9수01-03] achievement levels - 음수의 필요성, 양수와 음수, 정수와 유리수 개념 이해 및 분류 수준을 구분",
m1_num_rational_number__prerequisite_for__m1_data_mean,m1_num_rational_number,유리수,중1(교육과정 학년군: 중1-3),수와 연산,정수와 유리수,m1_data_mean,평균,중1(교육과정 학년군: 중1-3),자료와 가능성,대푯값,cross_domain_same_grade,medium,2,"curriculum_math_2022:printed p. 41; [9수04-01] explanation - 대푯값에는 평균 이외에도 중앙값과 최빈값이 있음을 알고, 자료의 특성에 따라 적절한 대푯값을 선택하며 각 대푯값의 유용성을 토론하게 함; achievement_math_2022:자료와 가능성 section; [9수04-01] achievement levels - 중앙값과 최빈값의 뜻, 적절한 대푯값 선택, 중앙값과 최빈값이 사용되는 예와 필요성 인식 수준을 구분",
m1_num_order_relation__prerequisite_for__m1_data_median,m1_num_order_relation,정수와 유리수의 대소 관계,중1(교육과정 학년군: 중1-3),수와 연산,정수와 유리수,m1_data_median,중앙값,중1(교육과정 학년군: 중1-3),자료와 가능성,대푯값,cross_domain_same_grade,high,3,"curriculum_math_2022:printed pp. 41-42; terms and symbols for 자료와 가능성 - 변량, 대푯값, 중앙값, 최빈값, 줄기와 잎 그림, 계급, 계급의 크기, 도수, 도수분포표, 히스토그램, 도수분포다각형, 상대도수, 사건, 확률, 산포도, 편차, 분산, 표준편차, 사분위수, 상자그림, 산점도, 상관관계를 다룸; curriculum_math_2022:printed p. 40; [9수04-01] - 중앙값, 최빈값의 뜻을 알고 자료의 특성에 따라 적절한 대푯값을 선택하여 구하는 성취기준; achievement_math_2022:자료와 가능성 section; [9수04-01] achievement levels - 중앙값과 최빈값의 뜻, 적절한 대푯값 선택, 중앙값과 최빈값이 사용되는 예와 필요성 인식 수준을 구분",
m1_num_rational_number__prerequisite_for__m1_data_relative_frequency,m1_num_rational_number,유리수,중1(교육과정 학년군: 중1-3),수와 연산,정수와 유리수,m1_data_relative_frequency,상대도수,중1(교육과정 학년군: 중1-3),자료와 가능성,도수분포표와 상대도수,cross_domain_same_grade,high,4,"curriculum_math_2022:printed pp. 41-42; terms and symbols for 자료와 가능성 - 변량, 대푯값, 중앙값, 최빈값, 줄기와 잎 그림, 계급, 계급의 크기, 도수, 도수분포표, 히스토그램, 도수분포다각형, 상대도수, 사건, 확률, 산포도, 편차, 분산, 표준편차, 사분위수, 상자그림, 산점도, 상관관계를 다룸; curriculum_math_2022:printed p. 40; [9수04-03] - 상대도수를 구하고 상대도수의 분포를 표나 그래프로 나타내고 해석하는 성취기준; curriculum_math_2022:printed p. 41; [9수04-03] explanation - 상대도수는 도수의 총합이 다른 두 집단의 분포를 비교하는 상황에서 간단히 다루고 그 필요성과 유용성을 인식하게 함; achievement_math_2022:자료와 가능성 section; [9수04-02]~[9수04-04] achievement levels - 줄기와 잎 그림, 도수분포표, 히스토그램, 도수분포다각형, 상대도수의 분포, 통계적 탐구 문제 설정과 공학 도구 활용 수준을 구분",
m1_num_order_relation__prerequisite_for__m1_data_class,m1_num_order_relation,정수와 유리수의 대소 관계,중1(교육과정 학년군: 중1-3),수와 연산,정수와 유리수,m1_data_class,계급,중1(교육과정 학년군: 중1-3),자료와 가능성,도수분포표와 상대도수,cross_domain_same_grade,high,3,"curriculum_math_2022:printed pp. 41-42; terms and symbols for 자료와 가능성 - 변량, 대푯값, 중앙값, 최빈값, 줄기와 잎 그림, 계급, 계급의 크기, 도수, 도수분포표, 히스토그램, 도수분포다각형, 상대도수, 사건, 확률, 산포도, 편차, 분산, 표준편차, 사분위수, 상자그림, 산점도, 상관관계를 다룸; curriculum_math_2022:printed p. 40; [9수04-02] - 자료를 줄기와 잎 그림, 도수분포표, 히스토그램, 도수분포다각형으로 나타내고 해석하는 성취기준; achievement_math_2022:자료와 가능성 section; [9수04-02]~[9수04-04] achievement levels - 줄기와 잎 그림, 도수분포표, 히스토그램, 도수분포다각형, 상대도수의 분포, 통계적 탐구 문제 설정과 공학 도구 활용 수준을 구분",
m1_num_order_relation__prerequisite_for__m1_data_stem_leaf_plot,m1_num_order_relation,정수와 유리수의 대소 관계,중1(교육과정 학년군: 중1-3),수와 연산,정수와 유리수,m1_data_stem_leaf_plot,줄기와 잎 그림,중1(교육과정 학년군: 중1-3),자료와 가능성,도수분포표와 상대도수,cross_domain_same_grade,high,3,"curriculum_math_2022:printed pp. 41-42; terms and symbols for 자료와 가능성 - 변량, 대푯값, 중앙값, 최빈값, 줄기와 잎 그림, 계급, 계급의 크기, 도수, 도수분포표, 히스토그램, 도수분포다각형, 상대도수, 사건, 확률, 산포도, 편차, 분산, 표준편차, 사분위수, 상자그림, 산점도, 상관관계를 다룸; curriculum_math_2022:printed p. 40; [9수04-02] - 자료를 줄기와 잎 그림, 도수분포표, 히스토그램, 도수분포다각형으로 나타내고 해석하는 성취기준; achievement_math_2022:자료와 가능성 section; [9수04-02]~[9수04-04] achievement levels - 줄기와 잎 그림, 도수분포표, 히스토그램, 도수분포다각형, 상대도수의 분포, 통계적 탐구 문제 설정과 공학 도구 활용 수준을 구분",
m1_num_integer_rational_unit__prerequisite_for__m1_num_repeating_decimal_unit,m1_num_integer_rational_unit,정수와 유리수,중1(교육과정 학년군: 중1-3),수와 연산,정수와 유리수,m1_num_repeating_decimal_unit,유리수와 순환소수,중2(교육과정 학년군: 중1-3),수와 연산,유리수와 순환소수,cross_grade_same_domain,high,4,"curriculum_math_2022:printed p. 33; [9수01-03] - 음수의 필요성을 인식하고 양수와 음수, 정수와 유리수의 개념을 이해하는 성취기준; curriculum_math_2022:printed p. 33; [9수01-06] - 순환소수의 뜻을 알고 유리수와 순환소수의 관계를 설명하는 성취기준; achievement_math_2022:정수와 유리수 section; [9수01-03] achievement levels - 음수의 필요성, 양수와 음수, 정수와 유리수 개념 이해 및 분류 수준을 구분; achievement_math_2022:유리수와 순환소수 section; [9수01-06] achievement levels - 유한소수 또는 순환소수로 나타낼 수 있는 분수의 특징, 순환소수를 분수로 나타내기, 유리수와 순환소수 관계 설명 수준을 구분",
m1_num_rational_number__prerequisite_for__m1_data_probability_unit,m1_num_rational_number,유리수,중1(교육과정 학년군: 중1-3),수와 연산,정수와 유리수,m1_data_probability_unit,경우의 수와 확률,중2(교육과정 학년군: 중1-3),자료와 가능성,경우의 수와 확률,cross_grade_cross_domain,high,5,"curriculum_math_2022:printed p. 40; [9수04-05] - 경우의 수를 구하는 성취기준; curriculum_math_2022:printed p. 40; [9수04-06] - 확률의 개념과 기본 성질을 이해하고 확률을 구하는 성취기준; curriculum_math_2022:printed p. 41; [9수04-05]~[9수04-06] explanation - 경우의 수는 두 경우의 수를 합하거나 곱하는 정도로 다루며, 확률은 실험·관찰로 구한 상대도수와 경우의 수의 비율을 연결해 이해하게 함; curriculum_math_2022:printed pp. 41-42; achievement-standard considerations - 순열·조합을 이용하면 쉽게 해결되는 복잡한 경우의 수 문제는 다루지 않고, 확률에서 각 경우가 발생할 가능성이 동등하다는 가정을 유의하게 하며, 상자그림은 두 집단 분포 비교에 중점을 둠; achievement_math_2022:자료와 가능성 section; [9수04-05]~[9수04-06] achievement levels - 사건 A 또는 B, 사건 A와 B가 동시에 일어나는 경우의 수, 확률의 개념과 기본 성질, 사건의 확률을 구하는 수준을 구분",
m1_num_rational_number__prerequisite_for__m1_data_probability,m1_num_rational_number,유리수,중1(교육과정 학년군: 중1-3),수와 연산,정수와 유리수,m1_data_probability,확률,중2(교육과정 학년군: 중1-3),자료와 가능성,경우의 수와 확률,cross_grade_cross_domain,high,4,"curriculum_math_2022:printed pp. 41-42; terms and symbols for 자료와 가능성 - 변량, 대푯값, 중앙값, 최빈값, 줄기와 잎 그림, 계급, 계급의 크기, 도수, 도수분포표, 히스토그램, 도수분포다각형, 상대도수, 사건, 확률, 산포도, 편차, 분산, 표준편차, 사분위수, 상자그림, 산점도, 상관관계를 다룸; curriculum_math_2022:printed p. 40; [9수04-06] - 확률의 개념과 기본 성질을 이해하고 확률을 구하는 성취기준; curriculum_math_2022:printed p. 41; [9수04-05]~[9수04-06] explanation - 경우의 수는 두 경우의 수를 합하거나 곱하는 정도로 다루며, 확률은 실험·관찰로 구한 상대도수와 경우의 수의 비율을 연결해 이해하게 함; achievement_math_2022:자료와 가능성 section; [9수04-05]~[9수04-06] achievement levels - 사건 A 또는 B, 사건 A와 B가 동시에 일어나는 경우의 수, 확률의 개념과 기본 성질, 사건의 확률을 구하는 수준을 구분",
m1_num_order_relation__prerequisite_for__m1_num_real_order,m1_num_order_relation,정수와 유리수의 대소 관계,중1(교육과정 학년군: 중1-3),수와 연산,정수와 유리수,m1_num_real_order,실수의 대소 관계,중3(교육과정 학년군: 중1-3),수와 연산,제곱근과 실수,cross_grade_same_domain,high,4,curriculum_math_2022:printed p. 33; [9수01-04] - 정수와 유리수의 대소 관계를 판단하는 성취기준; curriculum_math_2022:printed p. 33; [9수01-09] - 실수의 대소 관계를 판단하고 설명하는 성취기준; achievement_math_2022:정수와 유리수 section; [9수01-04] achievement levels - 정수와 유리수의 대소 관계를 판단하고 수직선 위에서 비교하는 수준을 구분; achievement_math_2022:제곱근과 실수 section; [9수01-09] achievement levels - 실수의 대소 관계를 여러 가지 방법으로 판단하고 이유를 설명하는 수준을 구분,
m1_num_order_relation__prerequisite_for__m1_data_quartile,m1_num_order_relation,정수와 유리수의 대소 관계,중1(교육과정 학년군: 중1-3),수와 연산,정수와 유리수,m1_data_quartile,사분위수,중3(교육과정 학년군: 중1-3),자료와 가능성,상자그림과 산점도,cross_grade_cross_domain,high,3,"curriculum_math_2022:printed pp. 41-42; terms and symbols for 자료와 가능성 - 변량, 대푯값, 중앙값, 최빈값, 줄기와 잎 그림, 계급, 계급의 크기, 도수, 도수분포표, 히스토그램, 도수분포다각형, 상대도수, 사건, 확률, 산포도, 편차, 분산, 표준편차, 사분위수, 상자그림, 산점도, 상관관계를 다룸; curriculum_math_2022:printed p. 41; [9수04-08] - 공학 도구를 이용하여 자료를 상자그림으로 나타내고 분포를 비교하는 성취기준; achievement_math_2022:자료와 가능성 section; [9수04-08]~[9수04-09] achievement levels - 공학 도구로 사분위수와 상자그림을 구해 두 집단의 분포를 비교하고, 산점도와 상관관계를 말하는 수준을 구분",
m1_data_representative_value__prerequisite_for__m1_mis_mean_only_representative,m1_data_representative_value,대푯값,중1(교육과정 학년군: 중1-3),자료와 가능성,대푯값,m1_mis_mean_only_representative,대푯값을 평균으로만 보는 오류,중1(교육과정 학년군: 중1-3),자료와 가능성,대푯값,same_unit,low,2,"curriculum_math_2022:printed p. 41; [9수04-01] explanation - 대푯값에는 평균 이외에도 중앙값과 최빈값이 있음을 알고, 자료의 특성에 따라 적절한 대푯값을 선택하며 각 대푯값의 유용성을 토론하게 함; achievement_math_2022:자료와 가능성 section; [9수04-01] achievement levels - 중앙값과 최빈값의 뜻, 적절한 대푯값 선택, 중앙값과 최빈값이 사용되는 예와 필요성 인식 수준을 구분",
m1_data_choose_representative_value__prerequisite_for__m1_mis_mean_only_representative,m1_data_choose_representative_value,자료의 특성에 맞는 대푯값 선택,중1(교육과정 학년군: 중1-3),자료와 가능성,대푯값,m1_mis_mean_only_representative,대푯값을 평균으로만 보는 오류,중1(교육과정 학년군: 중1-3),자료와 가능성,대푯값,same_unit,low,2,"curriculum_math_2022:printed p. 41; [9수04-01] explanation - 대푯값에는 평균 이외에도 중앙값과 최빈값이 있음을 알고, 자료의 특성에 따라 적절한 대푯값을 선택하며 각 대푯값의 유용성을 토론하게 함; achievement_math_2022:자료와 가능성 section; [9수04-01] achievement levels - 중앙값과 최빈값의 뜻, 적절한 대푯값 선택, 중앙값과 최빈값이 사용되는 예와 필요성 인식 수준을 구분",
m1_data_median__prerequisite_for__m1_data_choose_representative_value,m1_data_median,중앙값,중1(교육과정 학년군: 중1-3),자료와 가능성,대푯값,m1_data_choose_representative_value,자료의 특성에 맞는 대푯값 선택,중1(교육과정 학년군: 중1-3),자료와 가능성,대푯값,same_unit,high,3,"curriculum_math_2022:printed p. 40; [9수04-01] - 중앙값, 최빈값의 뜻을 알고 자료의 특성에 따라 적절한 대푯값을 선택하여 구하는 성취기준; curriculum_math_2022:printed p. 41; [9수04-01] explanation - 대푯값에는 평균 이외에도 중앙값과 최빈값이 있음을 알고, 자료의 특성에 따라 적절한 대푯값을 선택하며 각 대푯값의 유용성을 토론하게 함; achievement_math_2022:자료와 가능성 section; [9수04-01] achievement levels - 중앙값과 최빈값의 뜻, 적절한 대푯값 선택, 중앙값과 최빈값이 사용되는 예와 필요성 인식 수준을 구분",
m1_data_mode__prerequisite_for__m1_data_choose_representative_value,m1_data_mode,최빈값,중1(교육과정 학년군: 중1-3),자료와 가능성,대푯값,m1_data_choose_representative_value,자료의 특성에 맞는 대푯값 선택,중1(교육과정 학년군: 중1-3),자료와 가능성,대푯값,same_unit,high,3,"curriculum_math_2022:printed p. 40; [9수04-01] - 중앙값, 최빈값의 뜻을 알고 자료의 특성에 따라 적절한 대푯값을 선택하여 구하는 성취기준; curriculum_math_2022:printed p. 41; [9수04-01] explanation - 대푯값에는 평균 이외에도 중앙값과 최빈값이 있음을 알고, 자료의 특성에 따라 적절한 대푯값을 선택하며 각 대푯값의 유용성을 토론하게 함; achievement_math_2022:자료와 가능성 section; [9수04-01] achievement levels - 중앙값과 최빈값의 뜻, 적절한 대푯값 선택, 중앙값과 최빈값이 사용되는 예와 필요성 인식 수준을 구분",
m1_data_mean__prerequisite_for__m1_data_choose_representative_value,m1_data_mean,평균,중1(교육과정 학년군: 중1-3),자료와 가능성,대푯값,m1_data_choose_representative_value,자료의 특성에 맞는 대푯값 선택,중1(교육과정 학년군: 중1-3),자료와 가능성,대푯값,same_unit,high,3,"curriculum_math_2022:printed p. 40; [9수04-01] - 중앙값, 최빈값의 뜻을 알고 자료의 특성에 따라 적절한 대푯값을 선택하여 구하는 성취기준; curriculum_math_2022:printed p. 41; [9수04-01] explanation - 대푯값에는 평균 이외에도 중앙값과 최빈값이 있음을 알고, 자료의 특성에 따라 적절한 대푯값을 선택하며 각 대푯값의 유용성을 토론하게 함; achievement_math_2022:자료와 가능성 section; [9수04-01] achievement levels - 중앙값과 최빈값의 뜻, 적절한 대푯값 선택, 중앙값과 최빈값이 사용되는 예와 필요성 인식 수준을 구분",
m1_data_representative_unit__prerequisite_for__m1_data_frequency_unit,m1_data_representative_unit,대푯값,중1(교육과정 학년군: 중1-3),자료와 가능성,대푯값,m1_data_frequency_unit,도수분포표와 상대도수,중1(교육과정 학년군: 중1-3),자료와 가능성,도수분포표와 상대도수,cross_unit_same_domain,high,4,"curriculum_math_2022:printed p. 40; [9수04-02] - 자료를 줄기와 잎 그림, 도수분포표, 히스토그램, 도수분포다각형으로 나타내고 해석하는 성취기준; curriculum_math_2022:printed p. 40; [9수04-03] - 상대도수를 구하고 상대도수의 분포를 표나 그래프로 나타내고 해석하는 성취기준; curriculum_math_2022:printed p. 41; [9수04-03] explanation - 상대도수는 도수의 총합이 다른 두 집단의 분포를 비교하는 상황에서 간단히 다루고 그 필요성과 유용성을 인식하게 함; achievement_math_2022:자료와 가능성 section; [9수04-02]~[9수04-04] achievement levels - 줄기와 잎 그림, 도수분포표, 히스토그램, 도수분포다각형, 상대도수의 분포, 통계적 탐구 문제 설정과 공학 도구 활용 수준을 구분",
m1_data_representative_value__prerequisite_for__m1_data_variability,m1_data_representative_value,대푯값,중1(교육과정 학년군: 중1-3),자료와 가능성,대푯값,m1_data_variability,산포도,중3(교육과정 학년군: 중1-3),자료와 가능성,산포도,cross_grade_same_domain,high,3,"curriculum_math_2022:printed pp. 41-42; terms and symbols for 자료와 가능성 - 변량, 대푯값, 중앙값, 최빈값, 줄기와 잎 그림, 계급, 계급의 크기, 도수, 도수분포표, 히스토그램, 도수분포다각형, 상대도수, 사건, 확률, 산포도, 편차, 분산, 표준편차, 사분위수, 상자그림, 산점도, 상관관계를 다룸; curriculum_math_2022:printed p. 41; [9수04-07] - 분산과 표준편차를 구하고 자료의 분포를 설명하는 성취기준; achievement_math_2022:자료와 가능성 section; [9수04-07] achievement levels - 산포도, 편차, 분산, 표준편차의 뜻, 분산과 표준편차 계산, 두 집단 분포 비교 수준을 구분",
m1_data_representative_value__prerequisite_for__m1_data_variability_unit,m1_data_representative_value,대푯값,중1(교육과정 학년군: 중1-3),자료와 가능성,대푯값,m1_data_variability_unit,산포도,중3(교육과정 학년군: 중1-3),자료와 가능성,산포도,cross_grade_same_domain,high,2,"curriculum_math_2022:printed p. 41; [9수04-07] - 분산과 표준편차를 구하고 자료의 분포를 설명하는 성취기준; achievement_math_2022:자료와 가능성 section; [9수04-07] achievement levels - 산포도, 편차, 분산, 표준편차의 뜻, 분산과 표준편차 계산, 두 집단 분포 비교 수준을 구분",
m1_data_mean__prerequisite_for__m1_data_deviation,m1_data_mean,평균,중1(교육과정 학년군: 중1-3),자료와 가능성,대푯값,m1_data_deviation,편차,중3(교육과정 학년군: 중1-3),자료와 가능성,산포도,cross_grade_same_domain,high,3,"curriculum_math_2022:printed pp. 41-42; terms and symbols for 자료와 가능성 - 변량, 대푯값, 중앙값, 최빈값, 줄기와 잎 그림, 계급, 계급의 크기, 도수, 도수분포표, 히스토그램, 도수분포다각형, 상대도수, 사건, 확률, 산포도, 편차, 분산, 표준편차, 사분위수, 상자그림, 산점도, 상관관계를 다룸; curriculum_math_2022:printed p. 41; [9수04-07] - 분산과 표준편차를 구하고 자료의 분포를 설명하는 성취기준; achievement_math_2022:자료와 가능성 section; [9수04-07] achievement levels - 산포도, 편차, 분산, 표준편차의 뜻, 분산과 표준편차 계산, 두 집단 분포 비교 수준을 구분",
m1_data_median__prerequisite_for__m1_data_quartile,m1_data_median,중앙값,중1(교육과정 학년군: 중1-3),자료와 가능성,대푯값,m1_data_quartile,사분위수,중3(교육과정 학년군: 중1-3),자료와 가능성,상자그림과 산점도,cross_grade_same_domain,high,3,"curriculum_math_2022:printed pp. 41-42; terms and symbols for 자료와 가능성 - 변량, 대푯값, 중앙값, 최빈값, 줄기와 잎 그림, 계급, 계급의 크기, 도수, 도수분포표, 히스토그램, 도수분포다각형, 상대도수, 사건, 확률, 산포도, 편차, 분산, 표준편차, 사분위수, 상자그림, 산점도, 상관관계를 다룸; curriculum_math_2022:printed p. 41; [9수04-08] - 공학 도구를 이용하여 자료를 상자그림으로 나타내고 분포를 비교하는 성취기준; achievement_math_2022:자료와 가능성 section; [9수04-08]~[9수04-09] achievement levels - 공학 도구로 사분위수와 상자그림을 구해 두 집단의 분포를 비교하고, 산점도와 상관관계를 말하는 수준을 구분",
m1_data_frequency__prerequisite_for__m1_data_mode,m1_data_frequency,도수,중1(교육과정 학년군: 중1-3),자료와 가능성,도수분포표와 상대도수,m1_data_mode,최빈값,중1(교육과정 학년군: 중1-3),자료와 가능성,대푯값,cross_unit_same_domain,high,3,"curriculum_math_2022:printed pp. 41-42; terms and symbols for 자료와 가능성 - 변량, 대푯값, 중앙값, 최빈값, 줄기와 잎 그림, 계급, 계급의 크기, 도수, 도수분포표, 히스토그램, 도수분포다각형, 상대도수, 사건, 확률, 산포도, 편차, 분산, 표준편차, 사분위수, 상자그림, 산점도, 상관관계를 다룸; curriculum_math_2022:printed p. 40; [9수04-01] - 중앙값, 최빈값의 뜻을 알고 자료의 특성에 따라 적절한 대푯값을 선택하여 구하는 성취기준; achievement_math_2022:자료와 가능성 section; [9수04-01] achievement levels - 중앙값과 최빈값의 뜻, 적절한 대푯값 선택, 중앙값과 최빈값이 사용되는 예와 필요성 인식 수준을 구분",
m1_data_distribution__prerequisite_for__m1_data_choose_representative_value,m1_data_distribution,자료의 분포,중1(교육과정 학년군: 중1-3),자료와 가능성,도수분포표와 상대도수,m1_data_choose_representative_value,자료의 특성에 맞는 대푯값 선택,중1(교육과정 학년군: 중1-3),자료와 가능성,대푯값,cross_unit_same_domain,high,3,"curriculum_math_2022:printed p. 40; [9수04-01] - 중앙값, 최빈값의 뜻을 알고 자료의 특성에 따라 적절한 대푯값을 선택하여 구하는 성취기준; curriculum_math_2022:printed p. 41; [9수04-01] explanation - 대푯값에는 평균 이외에도 중앙값과 최빈값이 있음을 알고, 자료의 특성에 따라 적절한 대푯값을 선택하며 각 대푯값의 유용성을 토론하게 함; achievement_math_2022:자료와 가능성 section; [9수04-01] achievement levels - 중앙값과 최빈값의 뜻, 적절한 대푯값 선택, 중앙값과 최빈값이 사용되는 예와 필요성 인식 수준을 구분",
m1_data_class__prerequisite_for__m1_data_class_mark,m1_data_class,계급,중1(교육과정 학년군: 중1-3),자료와 가능성,도수분포표와 상대도수,m1_data_class_mark,계급값,중1(교육과정 학년군: 중1-3),자료와 가능성,도수분포표와 상대도수,same_unit,medium,2,"curriculum_math_2022:printed p. 42; terms usable in teaching and learning situations - 계급값, 경우의 수는 교수·학습 상황에서 사용할 수 있음; curriculum_math_2022:printed p. 40; [9수04-02] - 자료를 줄기와 잎 그림, 도수분포표, 히스토그램, 도수분포다각형으로 나타내고 해석하는 성취기준",
m1_data_class__prerequisite_for__m1_data_class_width,m1_data_class,계급,중1(교육과정 학년군: 중1-3),자료와 가능성,도수분포표와 상대도수,m1_data_class_width,계급의 크기,중1(교육과정 학년군: 중1-3),자료와 가능성,도수분포표와 상대도수,same_unit,high,3,"curriculum_math_2022:printed pp. 41-42; terms and symbols for 자료와 가능성 - 변량, 대푯값, 중앙값, 최빈값, 줄기와 잎 그림, 계급, 계급의 크기, 도수, 도수분포표, 히스토그램, 도수분포다각형, 상대도수, 사건, 확률, 산포도, 편차, 분산, 표준편차, 사분위수, 상자그림, 산점도, 상관관계를 다룸; curriculum_math_2022:printed p. 40; [9수04-02] - 자료를 줄기와 잎 그림, 도수분포표, 히스토그램, 도수분포다각형으로 나타내고 해석하는 성취기준; achievement_math_2022:자료와 가능성 section; [9수04-02]~[9수04-04] achievement levels - 줄기와 잎 그림, 도수분포표, 히스토그램, 도수분포다각형, 상대도수의 분포, 통계적 탐구 문제 설정과 공학 도구 활용 수준을 구분",
m1_data_class__prerequisite_for__m1_data_frequency_table,m1_data_class,계급,중1(교육과정 학년군: 중1-3),자료와 가능성,도수분포표와 상대도수,m1_data_frequency_table,도수분포표,중1(교육과정 학년군: 중1-3),자료와 가능성,도수분포표와 상대도수,same_unit,high,3,"curriculum_math_2022:printed pp. 41-42; terms and symbols for 자료와 가능성 - 변량, 대푯값, 중앙값, 최빈값, 줄기와 잎 그림, 계급, 계급의 크기, 도수, 도수분포표, 히스토그램, 도수분포다각형, 상대도수, 사건, 확률, 산포도, 편차, 분산, 표준편차, 사분위수, 상자그림, 산점도, 상관관계를 다룸; curriculum_math_2022:printed p. 40; [9수04-02] - 자료를 줄기와 잎 그림, 도수분포표, 히스토그램, 도수분포다각형으로 나타내고 해석하는 성취기준; achievement_math_2022:자료와 가능성 section; [9수04-02]~[9수04-04] achievement levels - 줄기와 잎 그림, 도수분포표, 히스토그램, 도수분포다각형, 상대도수의 분포, 통계적 탐구 문제 설정과 공학 도구 활용 수준을 구분",
m1_data_class_mark__prerequisite_for__m1_data_frequency_polygon,m1_data_class_mark,계급값,중1(교육과정 학년군: 중1-3),자료와 가능성,도수분포표와 상대도수,m1_data_frequency_polygon,도수분포다각형,중1(교육과정 학년군: 중1-3),자료와 가능성,도수분포표와 상대도수,same_unit,high,3,"curriculum_math_2022:printed pp. 41-42; terms and symbols for 자료와 가능성 - 변량, 대푯값, 중앙값, 최빈값, 줄기와 잎 그림, 계급, 계급의 크기, 도수, 도수분포표, 히스토그램, 도수분포다각형, 상대도수, 사건, 확률, 산포도, 편차, 분산, 표준편차, 사분위수, 상자그림, 산점도, 상관관계를 다룸; curriculum_math_2022:printed p. 40; [9수04-02] - 자료를 줄기와 잎 그림, 도수분포표, 히스토그램, 도수분포다각형으로 나타내고 해석하는 성취기준; achievement_math_2022:자료와 가능성 section; [9수04-02]~[9수04-04] achievement levels - 줄기와 잎 그림, 도수분포표, 히스토그램, 도수분포다각형, 상대도수의 분포, 통계적 탐구 문제 설정과 공학 도구 활용 수준을 구분",
m1_data_frequency__prerequisite_for__m1_data_frequency_table,m1_data_frequency,도수,중1(교육과정 학년군: 중1-3),자료와 가능성,도수분포표와 상대도수,m1_data_frequency_table,도수분포표,중1(교육과정 학년군: 중1-3),자료와 가능성,도수분포표와 상대도수,same_unit,high,3,"curriculum_math_2022:printed pp. 41-42; terms and symbols for 자료와 가능성 - 변량, 대푯값, 중앙값, 최빈값, 줄기와 잎 그림, 계급, 계급의 크기, 도수, 도수분포표, 히스토그램, 도수분포다각형, 상대도수, 사건, 확률, 산포도, 편차, 분산, 표준편차, 사분위수, 상자그림, 산점도, 상관관계를 다룸; curriculum_math_2022:printed p. 40; [9수04-02] - 자료를 줄기와 잎 그림, 도수분포표, 히스토그램, 도수분포다각형으로 나타내고 해석하는 성취기준; achievement_math_2022:자료와 가능성 section; [9수04-02]~[9수04-04] achievement levels - 줄기와 잎 그림, 도수분포표, 히스토그램, 도수분포다각형, 상대도수의 분포, 통계적 탐구 문제 설정과 공학 도구 활용 수준을 구분",
m1_data_frequency__prerequisite_for__m1_mis_relative_frequency_frequency,m1_data_frequency,도수,중1(교육과정 학년군: 중1-3),자료와 가능성,도수분포표와 상대도수,m1_mis_relative_frequency_frequency,도수와 상대도수를 혼동하는 오류,중1(교육과정 학년군: 중1-3),자료와 가능성,도수분포표와 상대도수,same_unit,low,3,"curriculum_math_2022:printed p. 40; [9수04-03] - 상대도수를 구하고 상대도수의 분포를 표나 그래프로 나타내고 해석하는 성취기준; curriculum_math_2022:printed p. 41; [9수04-03] explanation - 상대도수는 도수의 총합이 다른 두 집단의 분포를 비교하는 상황에서 간단히 다루고 그 필요성과 유용성을 인식하게 함; achievement_math_2022:자료와 가능성 section; [9수04-02]~[9수04-04] achievement levels - 줄기와 잎 그림, 도수분포표, 히스토그램, 도수분포다각형, 상대도수의 분포, 통계적 탐구 문제 설정과 공학 도구 활용 수준을 구분",
m1_data_frequency__prerequisite_for__m1_data_relative_frequency,m1_data_frequency,도수,중1(교육과정 학년군: 중1-3),자료와 가능성,도수분포표와 상대도수,m1_data_relative_frequency,상대도수,중1(교육과정 학년군: 중1-3),자료와 가능성,도수분포표와 상대도수,same_unit,high,4,"curriculum_math_2022:printed pp. 41-42; terms and symbols for 자료와 가능성 - 변량, 대푯값, 중앙값, 최빈값, 줄기와 잎 그림, 계급, 계급의 크기, 도수, 도수분포표, 히스토그램, 도수분포다각형, 상대도수, 사건, 확률, 산포도, 편차, 분산, 표준편차, 사분위수, 상자그림, 산점도, 상관관계를 다룸; curriculum_math_2022:printed p. 40; [9수04-03] - 상대도수를 구하고 상대도수의 분포를 표나 그래프로 나타내고 해석하는 성취기준; curriculum_math_2022:printed p. 41; [9수04-03] explanation - 상대도수는 도수의 총합이 다른 두 집단의 분포를 비교하는 상황에서 간단히 다루고 그 필요성과 유용성을 인식하게 함; achievement_math_2022:자료와 가능성 section; [9수04-02]~[9수04-04] achievement levels - 줄기와 잎 그림, 도수분포표, 히스토그램, 도수분포다각형, 상대도수의 분포, 통계적 탐구 문제 설정과 공학 도구 활용 수준을 구분",
m1_data_frequency_polygon__prerequisite_for__m1_data_distribution_interpretation,m1_data_frequency_polygon,도수분포다각형,중1(교육과정 학년군: 중1-3),자료와 가능성,도수분포표와 상대도수,m1_data_distribution_interpretation,자료의 분포 특징 해석,중1(교육과정 학년군: 중1-3),자료와 가능성,도수분포표와 상대도수,same_unit,high,2,"curriculum_math_2022:printed p. 40; [9수04-02] - 자료를 줄기와 잎 그림, 도수분포표, 히스토그램, 도수분포다각형으로 나타내고 해석하는 성취기준; achievement_math_2022:자료와 가능성 section; [9수04-02]~[9수04-04] achievement levels - 줄기와 잎 그림, 도수분포표, 히스토그램, 도수분포다각형, 상대도수의 분포, 통계적 탐구 문제 설정과 공학 도구 활용 수준을 구분",
m1_data_frequency_table__prerequisite_for__m1_data_data_analysis,m1_data_frequency_table,도수분포표,중1(교육과정 학년군: 중1-3),자료와 가능성,도수분포표와 상대도수,m1_data_data_analysis,자료 분석,중1(교육과정 학년군: 중1-3),자료와 가능성,도수분포표와 상대도수,same_unit,high,3,"curriculum_math_2022:printed p. 40; [9수04-04] - 통계적 탐구 문제를 설정하고 공학 도구를 이용하여 자료를 수집·분석하고 결과를 해석하는 성취기준; curriculum_math_2022:printed p. 41; [9수04-04] explanation and considerations - 통계적 탐구 문제 설정, 계획 수립, 자료 수집·정리·분석·해석, 인터넷 검색·웹 기반 소프트웨어·통계 프로그램 활용, 통계적 근거 토론을 다룸; achievement_math_2022:자료와 가능성 section; [9수04-02]~[9수04-04] achievement levels - 줄기와 잎 그림, 도수분포표, 히스토그램, 도수분포다각형, 상대도수의 분포, 통계적 탐구 문제 설정과 공학 도구 활용 수준을 구분",
m1_data_frequency_table__prerequisite_for__m1_data_distribution_interpretation,m1_data_frequency_table,도수분포표,중1(교육과정 학년군: 중1-3),자료와 가능성,도수분포표와 상대도수,m1_data_distribution_interpretation,자료의 분포 특징 해석,중1(교육과정 학년군: 중1-3),자료와 가능성,도수분포표와 상대도수,same_unit,high,2,"curriculum_math_2022:printed p. 40; [9수04-02] - 자료를 줄기와 잎 그림, 도수분포표, 히스토그램, 도수분포다각형으로 나타내고 해석하는 성취기준; achievement_math_2022:자료와 가능성 section; [9수04-02]~[9수04-04] achievement levels - 줄기와 잎 그림, 도수분포표, 히스토그램, 도수분포다각형, 상대도수의 분포, 통계적 탐구 문제 설정과 공학 도구 활용 수준을 구분",
m1_data_frequency_table__prerequisite_for__m1_data_histogram,m1_data_frequency_table,도수분포표,중1(교육과정 학년군: 중1-3),자료와 가능성,도수분포표와 상대도수,m1_data_histogram,히스토그램,중1(교육과정 학년군: 중1-3),자료와 가능성,도수분포표와 상대도수,same_unit,high,3,"curriculum_math_2022:printed pp. 41-42; terms and symbols for 자료와 가능성 - 변량, 대푯값, 중앙값, 최빈값, 줄기와 잎 그림, 계급, 계급의 크기, 도수, 도수분포표, 히스토그램, 도수분포다각형, 상대도수, 사건, 확률, 산포도, 편차, 분산, 표준편차, 사분위수, 상자그림, 산점도, 상관관계를 다룸; curriculum_math_2022:printed p. 40; [9수04-02] - 자료를 줄기와 잎 그림, 도수분포표, 히스토그램, 도수분포다각형으로 나타내고 해석하는 성취기준; achievement_math_2022:자료와 가능성 section; [9수04-02]~[9수04-04] achievement levels - 줄기와 잎 그림, 도수분포표, 히스토그램, 도수분포다각형, 상대도수의 분포, 통계적 탐구 문제 설정과 공학 도구 활용 수준을 구분",
m1_data_frequency_unit__prerequisite_for__m1_data_statistical_inquiry_unit,m1_data_frequency_unit,도수분포표와 상대도수,중1(교육과정 학년군: 중1-3),자료와 가능성,도수분포표와 상대도수,m1_data_statistical_inquiry_unit,통계적 탐구,중1(교육과정 학년군: 중1-3),자료와 가능성,도수분포표와 상대도수,same_unit,high,3,"curriculum_math_2022:printed p. 40; [9수04-04] - 통계적 탐구 문제를 설정하고 공학 도구를 이용하여 자료를 수집·분석하고 결과를 해석하는 성취기준; curriculum_math_2022:printed p. 41; [9수04-04] explanation and considerations - 통계적 탐구 문제 설정, 계획 수립, 자료 수집·정리·분석·해석, 인터넷 검색·웹 기반 소프트웨어·통계 프로그램 활용, 통계적 근거 토론을 다룸; achievement_math_2022:자료와 가능성 section; [9수04-02]~[9수04-04] achievement levels - 줄기와 잎 그림, 도수분포표, 히스토그램, 도수분포다각형, 상대도수의 분포, 통계적 탐구 문제 설정과 공학 도구 활용 수준을 구분",
m1_data_result_interpretation__prerequisite_for__m1_data_statistical_evidence_discussion,m1_data_result_interpretation,분석 결과 해석,중1(교육과정 학년군: 중1-3),자료와 가능성,도수분포표와 상대도수,m1_data_statistical_evidence_discussion,통계적 근거로 토론하기,중1(교육과정 학년군: 중1-3),자료와 가능성,도수분포표와 상대도수,same_unit,medium,2,"curriculum_math_2022:printed p. 41; [9수04-04] explanation and considerations - 통계적 탐구 문제 설정, 계획 수립, 자료 수집·정리·분석·해석, 인터넷 검색·웹 기반 소프트웨어·통계 프로그램 활용, 통계적 근거 토론을 다룸; achievement_math_2022:자료와 가능성 section; [9수04-02]~[9수04-04] achievement levels - 줄기와 잎 그림, 도수분포표, 히스토그램, 도수분포다각형, 상대도수의 분포, 통계적 탐구 문제 설정과 공학 도구 활용 수준을 구분",
m1_data_relative_frequency__prerequisite_for__m1_mis_relative_frequency_frequency,m1_data_relative_frequency,상대도수,중1(교육과정 학년군: 중1-3),자료와 가능성,도수분포표와 상대도수,m1_mis_relative_frequency_frequency,도수와 상대도수를 혼동하는 오류,중1(교육과정 학년군: 중1-3),자료와 가능성,도수분포표와 상대도수,same_unit,low,3,"curriculum_math_2022:printed p. 40; [9수04-03] - 상대도수를 구하고 상대도수의 분포를 표나 그래프로 나타내고 해석하는 성취기준; curriculum_math_2022:printed p. 41; [9수04-03] explanation - 상대도수는 도수의 총합이 다른 두 집단의 분포를 비교하는 상황에서 간단히 다루고 그 필요성과 유용성을 인식하게 함; achievement_math_2022:자료와 가능성 section; [9수04-02]~[9수04-04] achievement levels - 줄기와 잎 그림, 도수분포표, 히스토그램, 도수분포다각형, 상대도수의 분포, 통계적 탐구 문제 설정과 공학 도구 활용 수준을 구분",
m1_data_relative_frequency__prerequisite_for__m1_data_relative_frequency_distribution,m1_data_relative_frequency,상대도수,중1(교육과정 학년군: 중1-3),자료와 가능성,도수분포표와 상대도수,m1_data_relative_frequency_distribution,상대도수의 분포,중1(교육과정 학년군: 중1-3),자료와 가능성,도수분포표와 상대도수,same_unit,high,3,"curriculum_math_2022:printed p. 40; [9수04-03] - 상대도수를 구하고 상대도수의 분포를 표나 그래프로 나타내고 해석하는 성취기준; curriculum_math_2022:printed p. 41; [9수04-03] explanation - 상대도수는 도수의 총합이 다른 두 집단의 분포를 비교하는 상황에서 간단히 다루고 그 필요성과 유용성을 인식하게 함; achievement_math_2022:자료와 가능성 section; [9수04-02]~[9수04-04] achievement levels - 줄기와 잎 그림, 도수분포표, 히스토그램, 도수분포다각형, 상대도수의 분포, 통계적 탐구 문제 설정과 공학 도구 활용 수준을 구분",
m1_data_relative_frequency_distribution__prerequisite_for__m1_data_relative_frequency_table_graph,m1_data_relative_frequency_distribution,상대도수의 분포,중1(교육과정 학년군: 중1-3),자료와 가능성,도수분포표와 상대도수,m1_data_relative_frequency_table_graph,상대도수의 분포를 표나 그래프로 나타내기,중1(교육과정 학년군: 중1-3),자료와 가능성,도수분포표와 상대도수,same_unit,high,3,"curriculum_math_2022:printed p. 40; [9수04-03] - 상대도수를 구하고 상대도수의 분포를 표나 그래프로 나타내고 해석하는 성취기준; curriculum_math_2022:printed p. 41; [9수04-03] explanation - 상대도수는 도수의 총합이 다른 두 집단의 분포를 비교하는 상황에서 간단히 다루고 그 필요성과 유용성을 인식하게 함; achievement_math_2022:자료와 가능성 section; [9수04-02]~[9수04-04] achievement levels - 줄기와 잎 그림, 도수분포표, 히스토그램, 도수분포다각형, 상대도수의 분포, 통계적 탐구 문제 설정과 공학 도구 활용 수준을 구분",
m1_data_data_analysis__prerequisite_for__m1_data_technology_tool_stats,m1_data_data_analysis,자료 분석,중1(교육과정 학년군: 중1-3),자료와 가능성,도수분포표와 상대도수,m1_data_technology_tool_stats,공학 도구로 자료 수집·분석하기,중1(교육과정 학년군: 중1-3),자료와 가능성,도수분포표와 상대도수,same_unit,high,5,"curriculum_math_2022:printed p. 40; [9수04-04] - 통계적 탐구 문제를 설정하고 공학 도구를 이용하여 자료를 수집·분석하고 결과를 해석하는 성취기준; curriculum_math_2022:printed p. 41; [9수04-04] explanation and considerations - 통계적 탐구 문제 설정, 계획 수립, 자료 수집·정리·분석·해석, 인터넷 검색·웹 기반 소프트웨어·통계 프로그램 활용, 통계적 근거 토론을 다룸; curriculum_math_2022:printed p. 42; achievement-standard considerations - 눈금 등을 부적절하게 사용해 자료를 부정확하게 나타낸 표나 그래프의 오류를 찾고, 자료 정리·표현·대푯값·산포도 계산에 공학 도구를 활용하게 함; achievement_math_2022:자료와 가능성 section; [9수04-02]~[9수04-04] achievement levels - 줄기와 잎 그림, 도수분포표, 히스토그램, 도수분포다각형, 상대도수의 분포, 통계적 탐구 문제 설정과 공학 도구 활용 수준을 구분; achievement_math_2022:자료와 가능성 section; [9수04-08]~[9수04-09] achievement levels - 공학 도구로 사분위수와 상자그림을 구해 두 집단의 분포를 비교하고, 산점도와 상관관계를 말하는 수준을 구분",
m1_data_data_analysis__prerequisite_for__m1_data_result_interpretation,m1_data_data_analysis,자료 분석,중1(교육과정 학년군: 중1-3),자료와 가능성,도수분포표와 상대도수,m1_data_result_interpretation,분석 결과 해석,중1(교육과정 학년군: 중1-3),자료와 가능성,도수분포표와 상대도수,same_unit,high,3,"curriculum_math_2022:printed p. 40; [9수04-04] - 통계적 탐구 문제를 설정하고 공학 도구를 이용하여 자료를 수집·분석하고 결과를 해석하는 성취기준; curriculum_math_2022:printed p. 41; [9수04-04] explanation and considerations - 통계적 탐구 문제 설정, 계획 수립, 자료 수집·정리·분석·해석, 인터넷 검색·웹 기반 소프트웨어·통계 프로그램 활용, 통계적 근거 토론을 다룸; achievement_math_2022:자료와 가능성 section; [9수04-02]~[9수04-04] achievement levels - 줄기와 잎 그림, 도수분포표, 히스토그램, 도수분포다각형, 상대도수의 분포, 통계적 탐구 문제 설정과 공학 도구 활용 수준을 구분",
m1_data_data_collection__prerequisite_for__m1_data_technology_tool_stats,m1_data_data_collection,자료 수집,중1(교육과정 학년군: 중1-3),자료와 가능성,도수분포표와 상대도수,m1_data_technology_tool_stats,공학 도구로 자료 수집·분석하기,중1(교육과정 학년군: 중1-3),자료와 가능성,도수분포표와 상대도수,same_unit,high,5,"curriculum_math_2022:printed p. 40; [9수04-04] - 통계적 탐구 문제를 설정하고 공학 도구를 이용하여 자료를 수집·분석하고 결과를 해석하는 성취기준; curriculum_math_2022:printed p. 41; [9수04-04] explanation and considerations - 통계적 탐구 문제 설정, 계획 수립, 자료 수집·정리·분석·해석, 인터넷 검색·웹 기반 소프트웨어·통계 프로그램 활용, 통계적 근거 토론을 다룸; curriculum_math_2022:printed p. 42; achievement-standard considerations - 눈금 등을 부적절하게 사용해 자료를 부정확하게 나타낸 표나 그래프의 오류를 찾고, 자료 정리·표현·대푯값·산포도 계산에 공학 도구를 활용하게 함; achievement_math_2022:자료와 가능성 section; [9수04-02]~[9수04-04] achievement levels - 줄기와 잎 그림, 도수분포표, 히스토그램, 도수분포다각형, 상대도수의 분포, 통계적 탐구 문제 설정과 공학 도구 활용 수준을 구분; achievement_math_2022:자료와 가능성 section; [9수04-08]~[9수04-09] achievement levels - 공학 도구로 사분위수와 상자그림을 구해 두 집단의 분포를 비교하고, 산점도와 상관관계를 말하는 수준을 구분",
m1_data_data_collection__prerequisite_for__m1_data_data_analysis,m1_data_data_collection,자료 수집,중1(교육과정 학년군: 중1-3),자료와 가능성,도수분포표와 상대도수,m1_data_data_analysis,자료 분석,중1(교육과정 학년군: 중1-3),자료와 가능성,도수분포표와 상대도수,same_unit,high,3,"curriculum_math_2022:printed p. 40; [9수04-04] - 통계적 탐구 문제를 설정하고 공학 도구를 이용하여 자료를 수집·분석하고 결과를 해석하는 성취기준; curriculum_math_2022:printed p. 41; [9수04-04] explanation and considerations - 통계적 탐구 문제 설정, 계획 수립, 자료 수집·정리·분석·해석, 인터넷 검색·웹 기반 소프트웨어·통계 프로그램 활용, 통계적 근거 토론을 다룸; achievement_math_2022:자료와 가능성 section; [9수04-02]~[9수04-04] achievement levels - 줄기와 잎 그림, 도수분포표, 히스토그램, 도수분포다각형, 상대도수의 분포, 통계적 탐구 문제 설정과 공학 도구 활용 수준을 구분",
m1_data_inquiry_plan__prerequisite_for__m1_data_data_collection,m1_data_inquiry_plan,자료 수집 계획,중1(교육과정 학년군: 중1-3),자료와 가능성,도수분포표와 상대도수,m1_data_data_collection,자료 수집,중1(교육과정 학년군: 중1-3),자료와 가능성,도수분포표와 상대도수,same_unit,high,3,"curriculum_math_2022:printed p. 40; [9수04-04] - 통계적 탐구 문제를 설정하고 공학 도구를 이용하여 자료를 수집·분석하고 결과를 해석하는 성취기준; curriculum_math_2022:printed p. 41; [9수04-04] explanation and considerations - 통계적 탐구 문제 설정, 계획 수립, 자료 수집·정리·분석·해석, 인터넷 검색·웹 기반 소프트웨어·통계 프로그램 활용, 통계적 근거 토론을 다룸; achievement_math_2022:자료와 가능성 section; [9수04-02]~[9수04-04] achievement levels - 줄기와 잎 그림, 도수분포표, 히스토그램, 도수분포다각형, 상대도수의 분포, 통계적 탐구 문제 설정과 공학 도구 활용 수준을 구분",
m1_data_distribution__prerequisite_for__m1_data_relative_frequency_distribution,m1_data_distribution,자료의 분포,중1(교육과정 학년군: 중1-3),자료와 가능성,도수분포표와 상대도수,m1_data_relative_frequency_distribution,상대도수의 분포,중1(교육과정 학년군: 중1-3),자료와 가능성,도수분포표와 상대도수,same_unit,high,3,"curriculum_math_2022:printed p. 40; [9수04-03] - 상대도수를 구하고 상대도수의 분포를 표나 그래프로 나타내고 해석하는 성취기준; curriculum_math_2022:printed p. 41; [9수04-03] explanation - 상대도수는 도수의 총합이 다른 두 집단의 분포를 비교하는 상황에서 간단히 다루고 그 필요성과 유용성을 인식하게 함; achievement_math_2022:자료와 가능성 section; [9수04-02]~[9수04-04] achievement levels - 줄기와 잎 그림, 도수분포표, 히스토그램, 도수분포다각형, 상대도수의 분포, 통계적 탐구 문제 설정과 공학 도구 활용 수준을 구분",
m1_data_distribution__prerequisite_for__m1_data_distribution_interpretation,m1_data_distribution,자료의 분포,중1(교육과정 학년군: 중1-3),자료와 가능성,도수분포표와 상대도수,m1_data_distribution_interpretation,자료의 분포 특징 해석,중1(교육과정 학년군: 중1-3),자료와 가능성,도수분포표와 상대도수,same_unit,high,2,"curriculum_math_2022:printed p. 40; [9수04-02] - 자료를 줄기와 잎 그림, 도수분포표, 히스토그램, 도수분포다각형으로 나타내고 해석하는 성취기준; achievement_math_2022:자료와 가능성 section; [9수04-02]~[9수04-04] achievement levels - 줄기와 잎 그림, 도수분포표, 히스토그램, 도수분포다각형, 상대도수의 분포, 통계적 탐구 문제 설정과 공학 도구 활용 수준을 구분",
m1_data_distribution_interpretation__prerequisite_for__m1_data_data_analysis,m1_data_distribution_interpretation,자료의 분포 특징 해석,중1(교육과정 학년군: 중1-3),자료와 가능성,도수분포표와 상대도수,m1_data_data_analysis,자료 분석,중1(교육과정 학년군: 중1-3),자료와 가능성,도수분포표와 상대도수,same_unit,high,3,"curriculum_math_2022:printed p. 40; [9수04-04] - 통계적 탐구 문제를 설정하고 공학 도구를 이용하여 자료를 수집·분석하고 결과를 해석하는 성취기준; curriculum_math_2022:printed p. 41; [9수04-04] explanation and considerations - 통계적 탐구 문제 설정, 계획 수립, 자료 수집·정리·분석·해석, 인터넷 검색·웹 기반 소프트웨어·통계 프로그램 활용, 통계적 근거 토론을 다룸; achievement_math_2022:자료와 가능성 section; [9수04-02]~[9수04-04] achievement levels - 줄기와 잎 그림, 도수분포표, 히스토그램, 도수분포다각형, 상대도수의 분포, 통계적 탐구 문제 설정과 공학 도구 활용 수준을 구분",
m1_data_distribution_interpretation__prerequisite_for__m1_data_critical_graph_reading,m1_data_distribution_interpretation,자료의 분포 특징 해석,중1(교육과정 학년군: 중1-3),자료와 가능성,도수분포표와 상대도수,m1_data_critical_graph_reading,표와 그래프의 오류 비판적으로 읽기,중1(교육과정 학년군: 중1-3),자료와 가능성,도수분포표와 상대도수,same_unit,medium,1,"curriculum_math_2022:printed p. 42; achievement-standard considerations - 눈금 등을 부적절하게 사용해 자료를 부정확하게 나타낸 표나 그래프의 오류를 찾고, 자료 정리·표현·대푯값·산포도 계산에 공학 도구를 활용하게 함",
m1_data_statistical_inquiry_problem__prerequisite_for__m1_data_result_interpretation,m1_data_statistical_inquiry_problem,통계적 탐구 문제,중1(교육과정 학년군: 중1-3),자료와 가능성,도수분포표와 상대도수,m1_data_result_interpretation,분석 결과 해석,중1(교육과정 학년군: 중1-3),자료와 가능성,도수분포표와 상대도수,same_unit,high,3,"curriculum_math_2022:printed p. 40; [9수04-04] - 통계적 탐구 문제를 설정하고 공학 도구를 이용하여 자료를 수집·분석하고 결과를 해석하는 성취기준; curriculum_math_2022:printed p. 41; [9수04-04] explanation and considerations - 통계적 탐구 문제 설정, 계획 수립, 자료 수집·정리·분석·해석, 인터넷 검색·웹 기반 소프트웨어·통계 프로그램 활용, 통계적 근거 토론을 다룸; achievement_math_2022:자료와 가능성 section; [9수04-02]~[9수04-04] achievement levels - 줄기와 잎 그림, 도수분포표, 히스토그램, 도수분포다각형, 상대도수의 분포, 통계적 탐구 문제 설정과 공학 도구 활용 수준을 구분",
m1_data_statistical_inquiry_problem__prerequisite_for__m1_data_inquiry_plan,m1_data_statistical_inquiry_problem,통계적 탐구 문제,중1(교육과정 학년군: 중1-3),자료와 가능성,도수분포표와 상대도수,m1_data_inquiry_plan,자료 수집 계획,중1(교육과정 학년군: 중1-3),자료와 가능성,도수분포표와 상대도수,same_unit,high,3,"curriculum_math_2022:printed p. 40; [9수04-04] - 통계적 탐구 문제를 설정하고 공학 도구를 이용하여 자료를 수집·분석하고 결과를 해석하는 성취기준; curriculum_math_2022:printed p. 41; [9수04-04] explanation and considerations - 통계적 탐구 문제 설정, 계획 수립, 자료 수집·정리·분석·해석, 인터넷 검색·웹 기반 소프트웨어·통계 프로그램 활용, 통계적 근거 토론을 다룸; achievement_math_2022:자료와 가능성 section; [9수04-02]~[9수04-04] achievement levels - 줄기와 잎 그림, 도수분포표, 히스토그램, 도수분포다각형, 상대도수의 분포, 통계적 탐구 문제 설정과 공학 도구 활용 수준을 구분",
m1_data_critical_graph_reading__prerequisite_for__m1_mis_graph_scale_distortion,m1_data_critical_graph_reading,표와 그래프의 오류 비판적으로 읽기,중1(교육과정 학년군: 중1-3),자료와 가능성,도수분포표와 상대도수,m1_mis_graph_scale_distortion,눈금 왜곡 그래프를 그대로 해석하는 오류,중1(교육과정 학년군: 중1-3),자료와 가능성,도수분포표와 상대도수,same_unit,low,1,"curriculum_math_2022:printed p. 42; achievement-standard considerations - 눈금 등을 부적절하게 사용해 자료를 부정확하게 나타낸 표나 그래프의 오류를 찾고, 자료 정리·표현·대푯값·산포도 계산에 공학 도구를 활용하게 함",
m1_data_histogram__prerequisite_for__m1_data_frequency_polygon,m1_data_histogram,히스토그램,중1(교육과정 학년군: 중1-3),자료와 가능성,도수분포표와 상대도수,m1_data_frequency_polygon,도수분포다각형,중1(교육과정 학년군: 중1-3),자료와 가능성,도수분포표와 상대도수,same_unit,high,3,"curriculum_math_2022:printed pp. 41-42; terms and symbols for 자료와 가능성 - 변량, 대푯값, 중앙값, 최빈값, 줄기와 잎 그림, 계급, 계급의 크기, 도수, 도수분포표, 히스토그램, 도수분포다각형, 상대도수, 사건, 확률, 산포도, 편차, 분산, 표준편차, 사분위수, 상자그림, 산점도, 상관관계를 다룸; curriculum_math_2022:printed p. 40; [9수04-02] - 자료를 줄기와 잎 그림, 도수분포표, 히스토그램, 도수분포다각형으로 나타내고 해석하는 성취기준; achievement_math_2022:자료와 가능성 section; [9수04-02]~[9수04-04] achievement levels - 줄기와 잎 그림, 도수분포표, 히스토그램, 도수분포다각형, 상대도수의 분포, 통계적 탐구 문제 설정과 공학 도구 활용 수준을 구분",
m1_data_histogram__prerequisite_for__m1_data_distribution_interpretation,m1_data_histogram,히스토그램,중1(교육과정 학년군: 중1-3),자료와 가능성,도수분포표와 상대도수,m1_data_distribution_interpretation,자료의 분포 특징 해석,중1(교육과정 학년군: 중1-3),자료와 가능성,도수분포표와 상대도수,same_unit,high,2,"curriculum_math_2022:printed p. 40; [9수04-02] - 자료를 줄기와 잎 그림, 도수분포표, 히스토그램, 도수분포다각형으로 나타내고 해석하는 성취기준; achievement_math_2022:자료와 가능성 section; [9수04-02]~[9수04-04] achievement levels - 줄기와 잎 그림, 도수분포표, 히스토그램, 도수분포다각형, 상대도수의 분포, 통계적 탐구 문제 설정과 공학 도구 활용 수준을 구분",
m1_data_histogram__prerequisite_for__m1_mis_histogram_bar_graph,m1_data_histogram,히스토그램,중1(교육과정 학년군: 중1-3),자료와 가능성,도수분포표와 상대도수,m1_mis_histogram_bar_graph,히스토그램과 막대그래프를 같은 표현으로 보는 오류,중1(교육과정 학년군: 중1-3),자료와 가능성,도수분포표와 상대도수,same_unit,low,2,"curriculum_math_2022:printed p. 40; [9수04-02] - 자료를 줄기와 잎 그림, 도수분포표, 히스토그램, 도수분포다각형으로 나타내고 해석하는 성취기준; achievement_math_2022:자료와 가능성 section; [9수04-02]~[9수04-04] achievement levels - 줄기와 잎 그림, 도수분포표, 히스토그램, 도수분포다각형, 상대도수의 분포, 통계적 탐구 문제 설정과 공학 도구 활용 수준을 구분",
m1_data_relative_frequency__prerequisite_for__m1_data_probability_unit,m1_data_relative_frequency,상대도수,중1(교육과정 학년군: 중1-3),자료와 가능성,도수분포표와 상대도수,m1_data_probability_unit,경우의 수와 확률,중2(교육과정 학년군: 중1-3),자료와 가능성,경우의 수와 확률,cross_grade_same_domain,high,5,"curriculum_math_2022:printed p. 40; [9수04-05] - 경우의 수를 구하는 성취기준; curriculum_math_2022:printed p. 40; [9수04-06] - 확률의 개념과 기본 성질을 이해하고 확률을 구하는 성취기준; curriculum_math_2022:printed p. 41; [9수04-05]~[9수04-06] explanation - 경우의 수는 두 경우의 수를 합하거나 곱하는 정도로 다루며, 확률은 실험·관찰로 구한 상대도수와 경우의 수의 비율을 연결해 이해하게 함; curriculum_math_2022:printed pp. 41-42; achievement-standard considerations - 순열·조합을 이용하면 쉽게 해결되는 복잡한 경우의 수 문제는 다루지 않고, 확률에서 각 경우가 발생할 가능성이 동등하다는 가정을 유의하게 하며, 상자그림은 두 집단 분포 비교에 중점을 둠; achievement_math_2022:자료와 가능성 section; [9수04-05]~[9수04-06] achievement levels - 사건 A 또는 B, 사건 A와 B가 동시에 일어나는 경우의 수, 확률의 개념과 기본 성질, 사건의 확률을 구하는 수준을 구분",
m1_data_relative_frequency__prerequisite_for__m1_data_experimental_probability,m1_data_relative_frequency,상대도수,중1(교육과정 학년군: 중1-3),자료와 가능성,도수분포표와 상대도수,m1_data_experimental_probability,상대도수로서의 확률,중2(교육과정 학년군: 중1-3),자료와 가능성,경우의 수와 확률,cross_grade_same_domain,medium,1,"curriculum_math_2022:printed p. 41; [9수04-05]~[9수04-06] explanation - 경우의 수는 두 경우의 수를 합하거나 곱하는 정도로 다루며, 확률은 실험·관찰로 구한 상대도수와 경우의 수의 비율을 연결해 이해하게 함",
m1_data_distribution__prerequisite_for__m1_data_variability,m1_data_distribution,자료의 분포,중1(교육과정 학년군: 중1-3),자료와 가능성,도수분포표와 상대도수,m1_data_variability,산포도,중3(교육과정 학년군: 중1-3),자료와 가능성,산포도,cross_grade_same_domain,high,3,"curriculum_math_2022:printed pp. 41-42; terms and symbols for 자료와 가능성 - 변량, 대푯값, 중앙값, 최빈값, 줄기와 잎 그림, 계급, 계급의 크기, 도수, 도수분포표, 히스토그램, 도수분포다각형, 상대도수, 사건, 확률, 산포도, 편차, 분산, 표준편차, 사분위수, 상자그림, 산점도, 상관관계를 다룸; curriculum_math_2022:printed p. 41; [9수04-07] - 분산과 표준편차를 구하고 자료의 분포를 설명하는 성취기준; achievement_math_2022:자료와 가능성 section; [9수04-07] achievement levels - 산포도, 편차, 분산, 표준편차의 뜻, 분산과 표준편차 계산, 두 집단 분포 비교 수준을 구분",
m1_data_distribution__prerequisite_for__m1_data_variability_unit,m1_data_distribution,자료의 분포,중1(교육과정 학년군: 중1-3),자료와 가능성,도수분포표와 상대도수,m1_data_variability_unit,산포도,중3(교육과정 학년군: 중1-3),자료와 가능성,산포도,cross_grade_same_domain,high,2,"curriculum_math_2022:printed p. 41; [9수04-07] - 분산과 표준편차를 구하고 자료의 분포를 설명하는 성취기준; achievement_math_2022:자료와 가능성 section; [9수04-07] achievement levels - 산포도, 편차, 분산, 표준편차의 뜻, 분산과 표준편차 계산, 두 집단 분포 비교 수준을 구분",
m1_data_distribution_interpretation__prerequisite_for__m1_data_compare_distributions_variability,m1_data_distribution_interpretation,자료의 분포 특징 해석,중1(교육과정 학년군: 중1-3),자료와 가능성,도수분포표와 상대도수,m1_data_compare_distributions_variability,산포도로 두 집단의 분포 비교,중3(교육과정 학년군: 중1-3),자료와 가능성,산포도,cross_grade_same_domain,high,2,"curriculum_math_2022:printed p. 41; [9수04-07] - 분산과 표준편차를 구하고 자료의 분포를 설명하는 성취기준; achievement_math_2022:자료와 가능성 section; [9수04-07] achievement levels - 산포도, 편차, 분산, 표준편차의 뜻, 분산과 표준편차 계산, 두 집단 분포 비교 수준을 구분",
m1_data_technology_tool_stats__prerequisite_for__m1_data_box_plot,m1_data_technology_tool_stats,공학 도구로 자료 수집·분석하기,중1(교육과정 학년군: 중1-3),자료와 가능성,도수분포표와 상대도수,m1_data_box_plot,상자그림,중3(교육과정 학년군: 중1-3),자료와 가능성,상자그림과 산점도,cross_grade_same_domain,high,4,"curriculum_math_2022:printed pp. 41-42; terms and symbols for 자료와 가능성 - 변량, 대푯값, 중앙값, 최빈값, 줄기와 잎 그림, 계급, 계급의 크기, 도수, 도수분포표, 히스토그램, 도수분포다각형, 상대도수, 사건, 확률, 산포도, 편차, 분산, 표준편차, 사분위수, 상자그림, 산점도, 상관관계를 다룸; curriculum_math_2022:printed p. 41; [9수04-08] - 공학 도구를 이용하여 자료를 상자그림으로 나타내고 분포를 비교하는 성취기준; curriculum_math_2022:printed pp. 41-42; achievement-standard considerations - 순열·조합을 이용하면 쉽게 해결되는 복잡한 경우의 수 문제는 다루지 않고, 확률에서 각 경우가 발생할 가능성이 동등하다는 가정을 유의하게 하며, 상자그림은 두 집단 분포 비교에 중점을 둠; achievement_math_2022:자료와 가능성 section; [9수04-08]~[9수04-09] achievement levels - 공학 도구로 사분위수와 상자그림을 구해 두 집단의 분포를 비교하고, 산점도와 상관관계를 말하는 수준을 구분",
m1_data_technology_tool_stats__prerequisite_for__m1_data_box_scatter_unit,m1_data_technology_tool_stats,공학 도구로 자료 수집·분석하기,중1(교육과정 학년군: 중1-3),자료와 가능성,도수분포표와 상대도수,m1_data_box_scatter_unit,상자그림과 산점도,중3(교육과정 학년군: 중1-3),자료와 가능성,상자그림과 산점도,cross_grade_same_domain,high,4,"curriculum_math_2022:printed p. 41; [9수04-08] - 공학 도구를 이용하여 자료를 상자그림으로 나타내고 분포를 비교하는 성취기준; curriculum_math_2022:printed p. 41; [9수04-09] - 자료를 산점도로 나타내고 상관관계를 말하는 성취기준; curriculum_math_2022:printed pp. 41-42; achievement-standard considerations - 순열·조합을 이용하면 쉽게 해결되는 복잡한 경우의 수 문제는 다루지 않고, 확률에서 각 경우가 발생할 가능성이 동등하다는 가정을 유의하게 하며, 상자그림은 두 집단 분포 비교에 중점을 둠; achievement_math_2022:자료와 가능성 section; [9수04-08]~[9수04-09] achievement levels - 공학 도구로 사분위수와 상자그림을 구해 두 집단의 분포를 비교하고, 산점도와 상관관계를 말하는 수준을 구분",
m1_data_distribution_interpretation__prerequisite_for__m1_data_box_plot_compare,m1_data_distribution_interpretation,자료의 분포 특징 해석,중1(교육과정 학년군: 중1-3),자료와 가능성,도수분포표와 상대도수,m1_data_box_plot_compare,상자그림으로 두 집단의 분포 비교,중3(교육과정 학년군: 중1-3),자료와 가능성,상자그림과 산점도,cross_grade_same_domain,high,3,"curriculum_math_2022:printed p. 41; [9수04-08] - 공학 도구를 이용하여 자료를 상자그림으로 나타내고 분포를 비교하는 성취기준; curriculum_math_2022:printed pp. 41-42; achievement-standard considerations - 순열·조합을 이용하면 쉽게 해결되는 복잡한 경우의 수 문제는 다루지 않고, 확률에서 각 경우가 발생할 가능성이 동등하다는 가정을 유의하게 하며, 상자그림은 두 집단 분포 비교에 중점을 둠; achievement_math_2022:자료와 가능성 section; [9수04-08]~[9수04-09] achievement levels - 공학 도구로 사분위수와 상자그림을 구해 두 집단의 분포를 비교하고, 산점도와 상관관계를 말하는 수준을 구분",
m1_data_dataset__prerequisite_for__m1_data_representative_value,m1_data_dataset,자료,중1(교육과정 학년군: 중1-3),자료와 가능성,자료와 가능성,m1_data_representative_value,대푯값,중1(교육과정 학년군: 중1-3),자료와 가능성,대푯값,cross_unit_same_domain,high,4,"curriculum_math_2022:printed pp. 41-42; terms and symbols for 자료와 가능성 - 변량, 대푯값, 중앙값, 최빈값, 줄기와 잎 그림, 계급, 계급의 크기, 도수, 도수분포표, 히스토그램, 도수분포다각형, 상대도수, 사건, 확률, 산포도, 편차, 분산, 표준편차, 사분위수, 상자그림, 산점도, 상관관계를 다룸; curriculum_math_2022:printed p. 40; [9수04-01] - 중앙값, 최빈값의 뜻을 알고 자료의 특성에 따라 적절한 대푯값을 선택하여 구하는 성취기준; curriculum_math_2022:printed p. 41; [9수04-01] explanation - 대푯값에는 평균 이외에도 중앙값과 최빈값이 있음을 알고, 자료의 특성에 따라 적절한 대푯값을 선택하며 각 대푯값의 유용성을 토론하게 함; achievement_math_2022:자료와 가능성 section; [9수04-01] achievement levels - 중앙값과 최빈값의 뜻, 적절한 대푯값 선택, 중앙값과 최빈값이 사용되는 예와 필요성 인식 수준을 구분",
m1_data_dataset__prerequisite_for__m1_data_median,m1_data_dataset,자료,중1(교육과정 학년군: 중1-3),자료와 가능성,자료와 가능성,m1_data_median,중앙값,중1(교육과정 학년군: 중1-3),자료와 가능성,대푯값,cross_unit_same_domain,high,3,"curriculum_math_2022:printed pp. 41-42; terms and symbols for 자료와 가능성 - 변량, 대푯값, 중앙값, 최빈값, 줄기와 잎 그림, 계급, 계급의 크기, 도수, 도수분포표, 히스토그램, 도수분포다각형, 상대도수, 사건, 확률, 산포도, 편차, 분산, 표준편차, 사분위수, 상자그림, 산점도, 상관관계를 다룸; curriculum_math_2022:printed p. 40; [9수04-01] - 중앙값, 최빈값의 뜻을 알고 자료의 특성에 따라 적절한 대푯값을 선택하여 구하는 성취기준; achievement_math_2022:자료와 가능성 section; [9수04-01] achievement levels - 중앙값과 최빈값의 뜻, 적절한 대푯값 선택, 중앙값과 최빈값이 사용되는 예와 필요성 인식 수준을 구분",
m1_data_dataset__prerequisite_for__m1_data_mode,m1_data_dataset,자료,중1(교육과정 학년군: 중1-3),자료와 가능성,자료와 가능성,m1_data_mode,최빈값,중1(교육과정 학년군: 중1-3),자료와 가능성,대푯값,cross_unit_same_domain,high,3,"curriculum_math_2022:printed pp. 41-42; terms and symbols for 자료와 가능성 - 변량, 대푯값, 중앙값, 최빈값, 줄기와 잎 그림, 계급, 계급의 크기, 도수, 도수분포표, 히스토그램, 도수분포다각형, 상대도수, 사건, 확률, 산포도, 편차, 분산, 표준편차, 사분위수, 상자그림, 산점도, 상관관계를 다룸; curriculum_math_2022:printed p. 40; [9수04-01] - 중앙값, 최빈값의 뜻을 알고 자료의 특성에 따라 적절한 대푯값을 선택하여 구하는 성취기준; achievement_math_2022:자료와 가능성 section; [9수04-01] achievement levels - 중앙값과 최빈값의 뜻, 적절한 대푯값 선택, 중앙값과 최빈값이 사용되는 예와 필요성 인식 수준을 구분",
m1_data_dataset__prerequisite_for__m1_data_class,m1_data_dataset,자료,중1(교육과정 학년군: 중1-3),자료와 가능성,자료와 가능성,m1_data_class,계급,중1(교육과정 학년군: 중1-3),자료와 가능성,도수분포표와 상대도수,cross_unit_same_domain,high,3,"curriculum_math_2022:printed pp. 41-42; terms and symbols for 자료와 가능성 - 변량, 대푯값, 중앙값, 최빈값, 줄기와 잎 그림, 계급, 계급의 크기, 도수, 도수분포표, 히스토그램, 도수분포다각형, 상대도수, 사건, 확률, 산포도, 편차, 분산, 표준편차, 사분위수, 상자그림, 산점도, 상관관계를 다룸; curriculum_math_2022:printed p. 40; [9수04-02] - 자료를 줄기와 잎 그림, 도수분포표, 히스토그램, 도수분포다각형으로 나타내고 해석하는 성취기준; achievement_math_2022:자료와 가능성 section; [9수04-02]~[9수04-04] achievement levels - 줄기와 잎 그림, 도수분포표, 히스토그램, 도수분포다각형, 상대도수의 분포, 통계적 탐구 문제 설정과 공학 도구 활용 수준을 구분",
m1_data_dataset__prerequisite_for__m1_data_frequency,m1_data_dataset,자료,중1(교육과정 학년군: 중1-3),자료와 가능성,자료와 가능성,m1_data_frequency,도수,중1(교육과정 학년군: 중1-3),자료와 가능성,도수분포표와 상대도수,cross_unit_same_domain,high,3,"curriculum_math_2022:printed pp. 41-42; terms and symbols for 자료와 가능성 - 변량, 대푯값, 중앙값, 최빈값, 줄기와 잎 그림, 계급, 계급의 크기, 도수, 도수분포표, 히스토그램, 도수분포다각형, 상대도수, 사건, 확률, 산포도, 편차, 분산, 표준편차, 사분위수, 상자그림, 산점도, 상관관계를 다룸; curriculum_math_2022:printed p. 40; [9수04-02] - 자료를 줄기와 잎 그림, 도수분포표, 히스토그램, 도수분포다각형으로 나타내고 해석하는 성취기준; achievement_math_2022:자료와 가능성 section; [9수04-02]~[9수04-04] achievement levels - 줄기와 잎 그림, 도수분포표, 히스토그램, 도수분포다각형, 상대도수의 분포, 통계적 탐구 문제 설정과 공학 도구 활용 수준을 구분",
m1_data_dataset__prerequisite_for__m1_data_distribution,m1_data_dataset,자료,중1(교육과정 학년군: 중1-3),자료와 가능성,자료와 가능성,m1_data_distribution,자료의 분포,중1(교육과정 학년군: 중1-3),자료와 가능성,도수분포표와 상대도수,cross_unit_same_domain,high,5,"curriculum_math_2022:printed p. 40; [9수04-02] - 자료를 줄기와 잎 그림, 도수분포표, 히스토그램, 도수분포다각형으로 나타내고 해석하는 성취기준; curriculum_math_2022:printed p. 40; [9수04-03] - 상대도수를 구하고 상대도수의 분포를 표나 그래프로 나타내고 해석하는 성취기준; curriculum_math_2022:printed p. 41; [9수04-07] - 분산과 표준편차를 구하고 자료의 분포를 설명하는 성취기준; achievement_math_2022:자료와 가능성 section; [9수04-02]~[9수04-04] achievement levels - 줄기와 잎 그림, 도수분포표, 히스토그램, 도수분포다각형, 상대도수의 분포, 통계적 탐구 문제 설정과 공학 도구 활용 수준을 구분; achievement_math_2022:자료와 가능성 section; [9수04-07] achievement levels - 산포도, 편차, 분산, 표준편차의 뜻, 분산과 표준편차 계산, 두 집단 분포 비교 수준을 구분",
m1_data_dataset__prerequisite_for__m1_data_stem_leaf_plot,m1_data_dataset,자료,중1(교육과정 학년군: 중1-3),자료와 가능성,자료와 가능성,m1_data_stem_leaf_plot,줄기와 잎 그림,중1(교육과정 학년군: 중1-3),자료와 가능성,도수분포표와 상대도수,cross_unit_same_domain,high,3,"curriculum_math_2022:printed pp. 41-42; terms and symbols for 자료와 가능성 - 변량, 대푯값, 중앙값, 최빈값, 줄기와 잎 그림, 계급, 계급의 크기, 도수, 도수분포표, 히스토그램, 도수분포다각형, 상대도수, 사건, 확률, 산포도, 편차, 분산, 표준편차, 사분위수, 상자그림, 산점도, 상관관계를 다룸; curriculum_math_2022:printed p. 40; [9수04-02] - 자료를 줄기와 잎 그림, 도수분포표, 히스토그램, 도수분포다각형으로 나타내고 해석하는 성취기준; achievement_math_2022:자료와 가능성 section; [9수04-02]~[9수04-04] achievement levels - 줄기와 잎 그림, 도수분포표, 히스토그램, 도수분포다각형, 상대도수의 분포, 통계적 탐구 문제 설정과 공학 도구 활용 수준을 구분",
m1_data_dataset__prerequisite_for__m1_data_statistical_inquiry_problem,m1_data_dataset,자료,중1(교육과정 학년군: 중1-3),자료와 가능성,자료와 가능성,m1_data_statistical_inquiry_problem,통계적 탐구 문제,중1(교육과정 학년군: 중1-3),자료와 가능성,도수분포표와 상대도수,cross_unit_same_domain,high,3,"curriculum_math_2022:printed p. 40; [9수04-04] - 통계적 탐구 문제를 설정하고 공학 도구를 이용하여 자료를 수집·분석하고 결과를 해석하는 성취기준; curriculum_math_2022:printed p. 41; [9수04-04] explanation and considerations - 통계적 탐구 문제 설정, 계획 수립, 자료 수집·정리·분석·해석, 인터넷 검색·웹 기반 소프트웨어·통계 프로그램 활용, 통계적 근거 토론을 다룸; achievement_math_2022:자료와 가능성 section; [9수04-02]~[9수04-04] achievement levels - 줄기와 잎 그림, 도수분포표, 히스토그램, 도수분포다각형, 상대도수의 분포, 통계적 탐구 문제 설정과 공학 도구 활용 수준을 구분",
m1_data_dataset__prerequisite_for__m1_data_variable,m1_data_dataset,자료,중1(교육과정 학년군: 중1-3),자료와 가능성,자료와 가능성,m1_data_variable,변량,중1(교육과정 학년군: 중1-3),자료와 가능성,자료와 가능성,same_unit,high,2,"curriculum_math_2022:printed pp. 41-42; terms and symbols for 자료와 가능성 - 변량, 대푯값, 중앙값, 최빈값, 줄기와 잎 그림, 계급, 계급의 크기, 도수, 도수분포표, 히스토그램, 도수분포다각형, 상대도수, 사건, 확률, 산포도, 편차, 분산, 표준편차, 사분위수, 상자그림, 산점도, 상관관계를 다룸; achievement_math_2022:자료와 가능성 section; [9수04-07] achievement levels - 산포도, 편차, 분산, 표준편차의 뜻, 분산과 표준편차 계산, 두 집단 분포 비교 수준을 구분",
m1_data_variable__prerequisite_for__m1_data_deviation,m1_data_variable,변량,중1(교육과정 학년군: 중1-3),자료와 가능성,자료와 가능성,m1_data_deviation,편차,중3(교육과정 학년군: 중1-3),자료와 가능성,산포도,cross_grade_same_domain,high,3,"curriculum_math_2022:printed pp. 41-42; terms and symbols for 자료와 가능성 - 변량, 대푯값, 중앙값, 최빈값, 줄기와 잎 그림, 계급, 계급의 크기, 도수, 도수분포표, 히스토그램, 도수분포다각형, 상대도수, 사건, 확률, 산포도, 편차, 분산, 표준편차, 사분위수, 상자그림, 산점도, 상관관계를 다룸; curriculum_math_2022:printed p. 41; [9수04-07] - 분산과 표준편차를 구하고 자료의 분포를 설명하는 성취기준; achievement_math_2022:자료와 가능성 section; [9수04-07] achievement levels - 산포도, 편차, 분산, 표준편차의 뜻, 분산과 표준편차 계산, 두 집단 분포 비교 수준을 구분",
m1_data_variable__prerequisite_for__m1_data_scatter_plot,m1_data_variable,변량,중1(교육과정 학년군: 중1-3),자료와 가능성,자료와 가능성,m1_data_scatter_plot,산점도,중3(교육과정 학년군: 중1-3),자료와 가능성,상자그림과 산점도,cross_grade_same_domain,high,3,"curriculum_math_2022:printed pp. 41-42; terms and symbols for 자료와 가능성 - 변량, 대푯값, 중앙값, 최빈값, 줄기와 잎 그림, 계급, 계급의 크기, 도수, 도수분포표, 히스토그램, 도수분포다각형, 상대도수, 사건, 확률, 산포도, 편차, 분산, 표준편차, 사분위수, 상자그림, 산점도, 상관관계를 다룸; curriculum_math_2022:printed p. 41; [9수04-09] - 자료를 산점도로 나타내고 상관관계를 말하는 성취기준; achievement_math_2022:자료와 가능성 section; [9수04-08]~[9수04-09] achievement levels - 공학 도구로 사분위수와 상자그림을 구해 두 집단의 분포를 비교하고, 산점도와 상관관계를 말하는 수준을 구분",
m1_geo_similar_figures__prerequisite_for__m1_geo_similarity_ratio,m1_geo_similar_figures,닮은 도형,중2(교육과정 학년군: 중1-3),도형과 측정,도형의 닮음,m1_geo_similarity_ratio,닮음비,중2(교육과정 학년군: 중1-3),도형과 측정,도형의 닮음,same_unit,high,3,"curriculum_math_2022:printed pp. 38-39; terms and symbols for 도형과 측정 - 교점, 교선, 두 점 사이의 거리, 중점, 수직이등분선, 꼬인 위치, 교각, 맞꼭지각, 엇각, 동위각, 평각, 직교, 수선의 발, 작도, 대변, 대각, 삼각형의 합동 조건, 내각, 외각, 부채꼴, 중심각, 호, 현, 활꼴, 할선, 다면체, 각뿔대, 정다면체, 회전체, 회전축, 원뿔대, 증명, 접선, 접점, 접한다, 외심, 외접, 외접원, 내심, 내접, 내접원, 중선, 무게중심, 닮음, 닮음비, 삼각형의 닮음 조건, 피타고라스 정리, 삼각비, 사인, 코사인, 탄젠트, 원주각 등을 다룸; curriculum_math_2022:printed p. 38; [9수03-12] - 도형의 닮음과 닮은 도형의 성질을 이해하고 닮음비를 구하는 성취기준; achievement_math_2022:도형의 닮음 section; [9수03-12]~[9수03-14] achievement levels - 도형의 닮음, 닮은 도형의 성질, 닮음비, 삼각형의 닮음 조건, 평행선 사이의 선분의 길이의 비와 무게중심 성질을 구분",
m1_geo_similarity__prerequisite_for__m1_geo_similar_figures,m1_geo_similarity,닮음,중2(교육과정 학년군: 중1-3),도형과 측정,도형의 닮음,m1_geo_similar_figures,닮은 도형,중2(교육과정 학년군: 중1-3),도형과 측정,도형의 닮음,same_unit,high,2,"curriculum_math_2022:printed p. 38; [9수03-12] - 도형의 닮음과 닮은 도형의 성질을 이해하고 닮음비를 구하는 성취기준; achievement_math_2022:도형의 닮음 section; [9수03-12]~[9수03-14] achievement levels - 도형의 닮음, 닮은 도형의 성질, 닮음비, 삼각형의 닮음 조건, 평행선 사이의 선분의 길이의 비와 무게중심 성질을 구분",
m1_geo_similarity__prerequisite_for__m1_geo_triangle_similarity_conditions,m1_geo_similarity,닮음,중2(교육과정 학년군: 중1-3),도형과 측정,도형의 닮음,m1_geo_triangle_similarity_conditions,삼각형의 닮음 조건,중2(교육과정 학년군: 중1-3),도형과 측정,도형의 닮음,same_unit,high,3,"curriculum_math_2022:printed pp. 38-39; terms and symbols for 도형과 측정 - 교점, 교선, 두 점 사이의 거리, 중점, 수직이등분선, 꼬인 위치, 교각, 맞꼭지각, 엇각, 동위각, 평각, 직교, 수선의 발, 작도, 대변, 대각, 삼각형의 합동 조건, 내각, 외각, 부채꼴, 중심각, 호, 현, 활꼴, 할선, 다면체, 각뿔대, 정다면체, 회전체, 회전축, 원뿔대, 증명, 접선, 접점, 접한다, 외심, 외접, 외접원, 내심, 내접, 내접원, 중선, 무게중심, 닮음, 닮음비, 삼각형의 닮음 조건, 피타고라스 정리, 삼각비, 사인, 코사인, 탄젠트, 원주각 등을 다룸; curriculum_math_2022:printed p. 38; [9수03-13] - 삼각형의 닮음 조건을 이해하고 닮음인지 판별하는 성취기준; achievement_math_2022:도형의 닮음 section; [9수03-12]~[9수03-14] achievement levels - 도형의 닮음, 닮은 도형의 성질, 닮음비, 삼각형의 닮음 조건, 평행선 사이의 선분의 길이의 비와 무게중심 성질을 구분",
m1_geo_similarity__prerequisite_for__m1_mis_congruence_similarity,m1_geo_similarity,닮음,중2(교육과정 학년군: 중1-3),도형과 측정,도형의 닮음,m1_mis_congruence_similarity,합동과 닮음을 같은 관계로 보는 오류,중2(교육과정 학년군: 중1-3),도형과 측정,도형의 닮음,same_unit,low,4,"curriculum_math_2022:printed p. 37; [9수03-04] - 삼각형의 합동 조건을 이해하고 합동인지 판별하는 성취기준; curriculum_math_2022:printed p. 38; [9수03-12] - 도형의 닮음과 닮은 도형의 성질을 이해하고 닮음비를 구하는 성취기준; achievement_math_2022:작도와 합동 section; [9수03-04] achievement levels - 삼각형의 합동 조건을 이해하고 두 삼각형의 합동 여부를 판별하는 수준을 구분; achievement_math_2022:도형의 닮음 section; [9수03-12]~[9수03-14] achievement levels - 도형의 닮음, 닮은 도형의 성질, 닮음비, 삼각형의 닮음 조건, 평행선 사이의 선분의 길이의 비와 무게중심 성질을 구분",
m1_geo_similarity_ratio__prerequisite_for__m1_geo_triangle_similarity_conditions,m1_geo_similarity_ratio,닮음비,중2(교육과정 학년군: 중1-3),도형과 측정,도형의 닮음,m1_geo_triangle_similarity_conditions,삼각형의 닮음 조건,중2(교육과정 학년군: 중1-3),도형과 측정,도형의 닮음,same_unit,high,3,"curriculum_math_2022:printed pp. 38-39; terms and symbols for 도형과 측정 - 교점, 교선, 두 점 사이의 거리, 중점, 수직이등분선, 꼬인 위치, 교각, 맞꼭지각, 엇각, 동위각, 평각, 직교, 수선의 발, 작도, 대변, 대각, 삼각형의 합동 조건, 내각, 외각, 부채꼴, 중심각, 호, 현, 활꼴, 할선, 다면체, 각뿔대, 정다면체, 회전체, 회전축, 원뿔대, 증명, 접선, 접점, 접한다, 외심, 외접, 외접원, 내심, 내접, 내접원, 중선, 무게중심, 닮음, 닮음비, 삼각형의 닮음 조건, 피타고라스 정리, 삼각비, 사인, 코사인, 탄젠트, 원주각 등을 다룸; curriculum_math_2022:printed p. 38; [9수03-13] - 삼각형의 닮음 조건을 이해하고 닮음인지 판별하는 성취기준; achievement_math_2022:도형의 닮음 section; [9수03-12]~[9수03-14] achievement levels - 도형의 닮음, 닮은 도형의 성질, 닮음비, 삼각형의 닮음 조건, 평행선 사이의 선분의 길이의 비와 무게중심 성질을 구분",
m1_geo_similarity_ratio__prerequisite_for__m1_geo_parallel_segment_ratio,m1_geo_similarity_ratio,닮음비,중2(교육과정 학년군: 중1-3),도형과 측정,도형의 닮음,m1_geo_parallel_segment_ratio,평행선 사이의 선분의 길이의 비,중2(교육과정 학년군: 중1-3),도형과 측정,도형의 닮음,same_unit,high,2,"curriculum_math_2022:printed p. 38; [9수03-14] - 평행선 사이의 선분의 길이의 비를 구하는 성취기준; achievement_math_2022:도형의 닮음 section; [9수03-12]~[9수03-14] achievement levels - 도형의 닮음, 닮은 도형의 성질, 닮음비, 삼각형의 닮음 조건, 평행선 사이의 선분의 길이의 비와 무게중심 성질을 구분",
m1_geo_correspondence__prerequisite_for__m1_geo_similarity,m1_geo_correspondence,도형의 대응,중2(교육과정 학년군: 중1-3),도형과 측정,도형의 닮음,m1_geo_similarity,닮음,중2(교육과정 학년군: 중1-3),도형과 측정,도형의 닮음,same_unit,high,3,"curriculum_math_2022:printed pp. 38-39; terms and symbols for 도형과 측정 - 교점, 교선, 두 점 사이의 거리, 중점, 수직이등분선, 꼬인 위치, 교각, 맞꼭지각, 엇각, 동위각, 평각, 직교, 수선의 발, 작도, 대변, 대각, 삼각형의 합동 조건, 내각, 외각, 부채꼴, 중심각, 호, 현, 활꼴, 할선, 다면체, 각뿔대, 정다면체, 회전체, 회전축, 원뿔대, 증명, 접선, 접점, 접한다, 외심, 외접, 외접원, 내심, 내접, 내접원, 중선, 무게중심, 닮음, 닮음비, 삼각형의 닮음 조건, 피타고라스 정리, 삼각비, 사인, 코사인, 탄젠트, 원주각 등을 다룸; curriculum_math_2022:printed p. 38; [9수03-12] - 도형의 닮음과 닮은 도형의 성질을 이해하고 닮음비를 구하는 성취기준; achievement_math_2022:도형의 닮음 section; [9수03-12]~[9수03-14] achievement levels - 도형의 닮음, 닮은 도형의 성질, 닮음비, 삼각형의 닮음 조건, 평행선 사이의 선분의 길이의 비와 무게중심 성질을 구분",
m1_geo_correspondence__prerequisite_for__m1_geo_similarity_ratio,m1_geo_correspondence,도형의 대응,중2(교육과정 학년군: 중1-3),도형과 측정,도형의 닮음,m1_geo_similarity_ratio,닮음비,중2(교육과정 학년군: 중1-3),도형과 측정,도형의 닮음,same_unit,high,3,"curriculum_math_2022:printed pp. 38-39; terms and symbols for 도형과 측정 - 교점, 교선, 두 점 사이의 거리, 중점, 수직이등분선, 꼬인 위치, 교각, 맞꼭지각, 엇각, 동위각, 평각, 직교, 수선의 발, 작도, 대변, 대각, 삼각형의 합동 조건, 내각, 외각, 부채꼴, 중심각, 호, 현, 활꼴, 할선, 다면체, 각뿔대, 정다면체, 회전체, 회전축, 원뿔대, 증명, 접선, 접점, 접한다, 외심, 외접, 외접원, 내심, 내접, 내접원, 중선, 무게중심, 닮음, 닮음비, 삼각형의 닮음 조건, 피타고라스 정리, 삼각비, 사인, 코사인, 탄젠트, 원주각 등을 다룸; curriculum_math_2022:printed p. 38; [9수03-12] - 도형의 닮음과 닮은 도형의 성질을 이해하고 닮음비를 구하는 성취기준; achievement_math_2022:도형의 닮음 section; [9수03-12]~[9수03-14] achievement levels - 도형의 닮음, 닮은 도형의 성질, 닮음비, 삼각형의 닮음 조건, 평행선 사이의 선분의 길이의 비와 무게중심 성질을 구분",
m1_geo_triangle_similarity_conditions__prerequisite_for__m1_geo_similarity_judgement,m1_geo_triangle_similarity_conditions,삼각형의 닮음 조건,중2(교육과정 학년군: 중1-3),도형과 측정,도형의 닮음,m1_geo_similarity_judgement,삼각형의 닮음 판별,중2(교육과정 학년군: 중1-3),도형과 측정,도형의 닮음,same_unit,high,2,"curriculum_math_2022:printed p. 38; [9수03-13] - 삼각형의 닮음 조건을 이해하고 닮음인지 판별하는 성취기준; achievement_math_2022:도형의 닮음 section; [9수03-12]~[9수03-14] achievement levels - 도형의 닮음, 닮은 도형의 성질, 닮음비, 삼각형의 닮음 조건, 평행선 사이의 선분의 길이의 비와 무게중심 성질을 구분",
m1_geo_parallel_segment_ratio__prerequisite_for__m1_geo_triangle_midpoint_theorem,m1_geo_parallel_segment_ratio,평행선 사이의 선분의 길이의 비,중2(교육과정 학년군: 중1-3),도형과 측정,도형의 닮음,m1_geo_triangle_midpoint_theorem,삼각형의 중점연결정리,중2(교육과정 학년군: 중1-3),도형과 측정,도형의 닮음,same_unit,medium,2,"curriculum_math_2022:printed p. 39; terms usable in teaching and learning situations - (도형의) 대응, 삼각형의 중점연결정리, 접선의 길이는 교수·학습 상황에서 사용할 수 있음; achievement_math_2022:도형의 닮음 section; [9수03-12]~[9수03-14] achievement levels - 도형의 닮음, 닮은 도형의 성질, 닮음비, 삼각형의 닮음 조건, 평행선 사이의 선분의 길이의 비와 무게중심 성질을 구분",
m1_geo_parallel_segment_ratio__prerequisite_for__m1_geo_centroid_from_parallel_ratio,m1_geo_parallel_segment_ratio,평행선 사이의 선분의 길이의 비,중2(교육과정 학년군: 중1-3),도형과 측정,도형의 닮음,m1_geo_centroid_from_parallel_ratio,평행선과 선분의 비로 무게중심 찾기,중2(교육과정 학년군: 중1-3),도형과 측정,도형의 닮음,same_unit,high,2,"curriculum_math_2022:printed p. 38; [9수03-14] - 평행선 사이의 선분의 길이의 비를 구하는 성취기준; achievement_math_2022:도형의 닮음 section; [9수03-12]~[9수03-14] achievement levels - 도형의 닮음, 닮은 도형의 성질, 닮음비, 삼각형의 닮음 조건, 평행선 사이의 선분의 길이의 비와 무게중심 성질을 구분",
m1_geo_parallel_segment_ratio__prerequisite_for__m1_geo_centroid,m1_geo_parallel_segment_ratio,평행선 사이의 선분의 길이의 비,중2(교육과정 학년군: 중1-3),도형과 측정,도형의 닮음,m1_geo_centroid,무게중심,중2(교육과정 학년군: 중1-3),도형과 측정,삼각형과 사각형의 성질,cross_unit_same_domain,high,3,"curriculum_math_2022:printed pp. 38-39; terms and symbols for 도형과 측정 - 교점, 교선, 두 점 사이의 거리, 중점, 수직이등분선, 꼬인 위치, 교각, 맞꼭지각, 엇각, 동위각, 평각, 직교, 수선의 발, 작도, 대변, 대각, 삼각형의 합동 조건, 내각, 외각, 부채꼴, 중심각, 호, 현, 활꼴, 할선, 다면체, 각뿔대, 정다면체, 회전체, 회전축, 원뿔대, 증명, 접선, 접점, 접한다, 외심, 외접, 외접원, 내심, 내접, 내접원, 중선, 무게중심, 닮음, 닮음비, 삼각형의 닮음 조건, 피타고라스 정리, 삼각비, 사인, 코사인, 탄젠트, 원주각 등을 다룸; curriculum_math_2022:printed p. 38; [9수03-14] - 평행선 사이의 선분의 길이의 비를 구하는 성취기준; achievement_math_2022:도형의 닮음 section; [9수03-12]~[9수03-14] achievement levels - 도형의 닮음, 닮은 도형의 성질, 닮음비, 삼각형의 닮음 조건, 평행선 사이의 선분의 길이의 비와 무게중심 성질을 구분",
m1_geo_similarity_unit__prerequisite_for__m1_geo_pythagorean_unit,m1_geo_similarity_unit,도형의 닮음,중2(교육과정 학년군: 중1-3),도형과 측정,도형의 닮음,m1_geo_pythagorean_unit,피타고라스 정리,중2(교육과정 학년군: 중1-3),도형과 측정,피타고라스 정리,cross_unit_same_domain,high,2,curriculum_math_2022:printed p. 38; [9수03-15] - 피타고라스 정리를 이해하고 정당화하는 성취기준; achievement_math_2022:피타고라스 정리 section; [9수03-15] achievement levels - 피타고라스 정리와 그 역을 이해하고 직각삼각형 판별에 활용하는 수준을 구분,
m1_geo_similarity_ratio__prerequisite_for__m1_geo_trigonometric_ratio,m1_geo_similarity_ratio,닮음비,중2(교육과정 학년군: 중1-3),도형과 측정,도형의 닮음,m1_geo_trigonometric_ratio,삼각비,중3(교육과정 학년군: 중1-3),도형과 측정,삼각비,cross_grade_same_domain,high,3,"curriculum_math_2022:printed pp. 38-39; terms and symbols for 도형과 측정 - 교점, 교선, 두 점 사이의 거리, 중점, 수직이등분선, 꼬인 위치, 교각, 맞꼭지각, 엇각, 동위각, 평각, 직교, 수선의 발, 작도, 대변, 대각, 삼각형의 합동 조건, 내각, 외각, 부채꼴, 중심각, 호, 현, 활꼴, 할선, 다면체, 각뿔대, 정다면체, 회전체, 회전축, 원뿔대, 증명, 접선, 접점, 접한다, 외심, 외접, 외접원, 내심, 내접, 내접원, 중선, 무게중심, 닮음, 닮음비, 삼각형의 닮음 조건, 피타고라스 정리, 삼각비, 사인, 코사인, 탄젠트, 원주각 등을 다룸; curriculum_math_2022:printed p. 38; [9수03-16] - 삼각비의 뜻을 알고 간단한 삼각비의 값을 구하는 성취기준; achievement_math_2022:삼각비 section; [9수03-16]~[9수03-17] achievement levels - 삼각비의 뜻, 30도·45도·60도 삼각비의 값, 직각삼각형의 삼각비 값, 거리와 높이 및 삼각형 넓이 활용 수준을 구분",
m1_geo_similarity_ratio__prerequisite_for__m1_mis_circle_proportion_scope,m1_geo_similarity_ratio,닮음비,중2(교육과정 학년군: 중1-3),도형과 측정,도형의 닮음,m1_mis_circle_proportion_scope,원과 비례에 관한 성질을 범위에 포함하는 오류,중3(교육과정 학년군: 중1-3),도형과 측정,원의 성질,cross_grade_same_domain,low,1,"curriculum_math_2022:printed p. 39; achievement-standard considerations - 삼각비 사이의 관계는 다루지 않고, 삼각비 값은 0도에서 90도까지의 각도만 다루며, 원과 비례에 관한 성질과 지나치게 복잡한 넓이·둘레·겉넓이·부피 문제는 다루지 않음",
m1_geo_centroid__prerequisite_for__m1_geo_centroid_from_parallel_ratio,m1_geo_centroid,무게중심,중2(교육과정 학년군: 중1-3),도형과 측정,삼각형과 사각형의 성질,m1_geo_centroid_from_parallel_ratio,평행선과 선분의 비로 무게중심 찾기,중2(교육과정 학년군: 중1-3),도형과 측정,도형의 닮음,cross_unit_same_domain,high,2,"curriculum_math_2022:printed p. 38; [9수03-14] - 평행선 사이의 선분의 길이의 비를 구하는 성취기준; achievement_math_2022:도형의 닮음 section; [9수03-12]~[9수03-14] achievement levels - 도형의 닮음, 닮은 도형의 성질, 닮음비, 삼각형의 닮음 조건, 평행선 사이의 선분의 길이의 비와 무게중심 성질을 구분",
m1_geo_triangle_quadrilateral_unit__prerequisite_for__m1_geo_similarity_unit,m1_geo_triangle_quadrilateral_unit,삼각형과 사각형의 성질,중2(교육과정 학년군: 중1-3),도형과 측정,삼각형과 사각형의 성질,m1_geo_similarity_unit,도형의 닮음,중2(교육과정 학년군: 중1-3),도형과 측정,도형의 닮음,cross_unit_same_domain,high,4,"curriculum_math_2022:printed p. 38; [9수03-12] - 도형의 닮음과 닮은 도형의 성질을 이해하고 닮음비를 구하는 성취기준; curriculum_math_2022:printed p. 38; [9수03-13] - 삼각형의 닮음 조건을 이해하고 닮음인지 판별하는 성취기준; curriculum_math_2022:printed p. 38; [9수03-14] - 평행선 사이의 선분의 길이의 비를 구하는 성취기준; achievement_math_2022:도형의 닮음 section; [9수03-12]~[9수03-14] achievement levels - 도형의 닮음, 닮은 도형의 성질, 닮음비, 삼각형의 닮음 조건, 평행선 사이의 선분의 길이의 비와 무게중심 성질을 구분",
m1_geo_incenter__prerequisite_for__m1_geo_incircle,m1_geo_incenter,내심,중2(교육과정 학년군: 중1-3),도형과 측정,삼각형과 사각형의 성질,m1_geo_incircle,내접원,중2(교육과정 학년군: 중1-3),도형과 측정,삼각형과 사각형의 성질,same_unit,high,3,"curriculum_math_2022:printed pp. 38-39; terms and symbols for 도형과 측정 - 교점, 교선, 두 점 사이의 거리, 중점, 수직이등분선, 꼬인 위치, 교각, 맞꼭지각, 엇각, 동위각, 평각, 직교, 수선의 발, 작도, 대변, 대각, 삼각형의 합동 조건, 내각, 외각, 부채꼴, 중심각, 호, 현, 활꼴, 할선, 다면체, 각뿔대, 정다면체, 회전체, 회전축, 원뿔대, 증명, 접선, 접점, 접한다, 외심, 외접, 외접원, 내심, 내접, 내접원, 중선, 무게중심, 닮음, 닮음비, 삼각형의 닮음 조건, 피타고라스 정리, 삼각비, 사인, 코사인, 탄젠트, 원주각 등을 다룸; curriculum_math_2022:printed p. 38; [9수03-10] - 삼각형의 외심과 내심의 성질을 이해하고 정당화하는 성취기준; achievement_math_2022:삼각형과 사각형의 성질 section; [9수03-09]~[9수03-11] achievement levels - 이등변삼각형, 삼각형의 외심과 내심, 사각형의 성질과 여러 사각형 사이의 관계를 이해하고 정당화하는 수준을 구분",
m1_geo_incenter__prerequisite_for__m1_mis_circumcenter_incenter,m1_geo_incenter,내심,중2(교육과정 학년군: 중1-3),도형과 측정,삼각형과 사각형의 성질,m1_mis_circumcenter_incenter,외심과 내심을 혼동하는 오류,중2(교육과정 학년군: 중1-3),도형과 측정,삼각형과 사각형의 성질,same_unit,low,2,"curriculum_math_2022:printed p. 38; [9수03-10] - 삼각형의 외심과 내심의 성질을 이해하고 정당화하는 성취기준; achievement_math_2022:삼각형과 사각형의 성질 section; [9수03-09]~[9수03-11] achievement levels - 이등변삼각형, 삼각형의 외심과 내심, 사각형의 성질과 여러 사각형 사이의 관계를 이해하고 정당화하는 수준을 구분",
m1_geo_quadrilateral__prerequisite_for__m1_geo_quadrilateral_diagonal_properties,m1_geo_quadrilateral,사각형,중2(교육과정 학년군: 중1-3),도형과 측정,삼각형과 사각형의 성질,m1_geo_quadrilateral_diagonal_properties,사각형의 대각선에 관한 성질,중2(교육과정 학년군: 중1-3),도형과 측정,삼각형과 사각형의 성질,same_unit,high,2,"curriculum_math_2022:printed p. 38; [9수03-11] - 사각형의 성질을 이해하고 정당화하는 성취기준; achievement_math_2022:삼각형과 사각형의 성질 section; [9수03-09]~[9수03-11] achievement levels - 이등변삼각형, 삼각형의 외심과 내심, 사각형의 성질과 여러 사각형 사이의 관계를 이해하고 정당화하는 수준을 구분",
m1_geo_quadrilateral__prerequisite_for__m1_geo_quadrilateral_relationship,m1_geo_quadrilateral,사각형,중2(교육과정 학년군: 중1-3),도형과 측정,삼각형과 사각형의 성질,m1_geo_quadrilateral_relationship,여러 가지 사각형 사이의 관계,중2(교육과정 학년군: 중1-3),도형과 측정,삼각형과 사각형의 성질,same_unit,medium,2,"curriculum_math_2022:printed p. 38; [9수03-11] - 사각형의 성질을 이해하고 정당화하는 성취기준; achievement_math_2022:삼각형과 사각형의 성질 section; [9수03-09]~[9수03-11] achievement levels - 이등변삼각형, 삼각형의 외심과 내심, 사각형의 성질과 여러 사각형 사이의 관계를 이해하고 정당화하는 수준을 구분",
m1_geo_quadrilateral_diagonal_properties__prerequisite_for__m1_geo_quadrilateral_relationship,m1_geo_quadrilateral_diagonal_properties,사각형의 대각선에 관한 성질,중2(교육과정 학년군: 중1-3),도형과 측정,삼각형과 사각형의 성질,m1_geo_quadrilateral_relationship,여러 가지 사각형 사이의 관계,중2(교육과정 학년군: 중1-3),도형과 측정,삼각형과 사각형의 성질,same_unit,medium,2,"curriculum_math_2022:printed p. 38; [9수03-11] - 사각형의 성질을 이해하고 정당화하는 성취기준; achievement_math_2022:삼각형과 사각형의 성질 section; [9수03-09]~[9수03-11] achievement levels - 이등변삼각형, 삼각형의 외심과 내심, 사각형의 성질과 여러 사각형 사이의 관계를 이해하고 정당화하는 수준을 구분",
m1_geo_triangle_quadrilateral_unit__prerequisite_for__m1_geo_median,m1_geo_triangle_quadrilateral_unit,삼각형과 사각형의 성질,중2(교육과정 학년군: 중1-3),도형과 측정,삼각형과 사각형의 성질,m1_geo_median,중선,중2(교육과정 학년군: 중1-3),도형과 측정,삼각형과 사각형의 성질,same_unit,high,3,"curriculum_math_2022:printed pp. 38-39; terms and symbols for 도형과 측정 - 교점, 교선, 두 점 사이의 거리, 중점, 수직이등분선, 꼬인 위치, 교각, 맞꼭지각, 엇각, 동위각, 평각, 직교, 수선의 발, 작도, 대변, 대각, 삼각형의 합동 조건, 내각, 외각, 부채꼴, 중심각, 호, 현, 활꼴, 할선, 다면체, 각뿔대, 정다면체, 회전체, 회전축, 원뿔대, 증명, 접선, 접점, 접한다, 외심, 외접, 외접원, 내심, 내접, 내접원, 중선, 무게중심, 닮음, 닮음비, 삼각형의 닮음 조건, 피타고라스 정리, 삼각비, 사인, 코사인, 탄젠트, 원주각 등을 다룸; curriculum_math_2022:printed p. 38; [9수03-14] - 평행선 사이의 선분의 길이의 비를 구하는 성취기준; achievement_math_2022:도형의 닮음 section; [9수03-12]~[9수03-14] achievement levels - 도형의 닮음, 닮은 도형의 성질, 닮음비, 삼각형의 닮음 조건, 평행선 사이의 선분의 길이의 비와 무게중심 성질을 구분",
m1_geo_circumcenter__prerequisite_for__m1_mis_circumcenter_incenter,m1_geo_circumcenter,외심,중2(교육과정 학년군: 중1-3),도형과 측정,삼각형과 사각형의 성질,m1_mis_circumcenter_incenter,외심과 내심을 혼동하는 오류,중2(교육과정 학년군: 중1-3),도형과 측정,삼각형과 사각형의 성질,same_unit,low,2,"curriculum_math_2022:printed p. 38; [9수03-10] - 삼각형의 외심과 내심의 성질을 이해하고 정당화하는 성취기준; achievement_math_2022:삼각형과 사각형의 성질 section; [9수03-09]~[9수03-11] achievement levels - 이등변삼각형, 삼각형의 외심과 내심, 사각형의 성질과 여러 사각형 사이의 관계를 이해하고 정당화하는 수준을 구분",
m1_geo_circumcenter__prerequisite_for__m1_geo_circumcircle,m1_geo_circumcenter,외심,중2(교육과정 학년군: 중1-3),도형과 측정,삼각형과 사각형의 성질,m1_geo_circumcircle,외접원,중2(교육과정 학년군: 중1-3),도형과 측정,삼각형과 사각형의 성질,same_unit,high,3,"curriculum_math_2022:printed pp. 38-39; terms and symbols for 도형과 측정 - 교점, 교선, 두 점 사이의 거리, 중점, 수직이등분선, 꼬인 위치, 교각, 맞꼭지각, 엇각, 동위각, 평각, 직교, 수선의 발, 작도, 대변, 대각, 삼각형의 합동 조건, 내각, 외각, 부채꼴, 중심각, 호, 현, 활꼴, 할선, 다면체, 각뿔대, 정다면체, 회전체, 회전축, 원뿔대, 증명, 접선, 접점, 접한다, 외심, 외접, 외접원, 내심, 내접, 내접원, 중선, 무게중심, 닮음, 닮음비, 삼각형의 닮음 조건, 피타고라스 정리, 삼각비, 사인, 코사인, 탄젠트, 원주각 등을 다룸; curriculum_math_2022:printed p. 38; [9수03-10] - 삼각형의 외심과 내심의 성질을 이해하고 정당화하는 성취기준; achievement_math_2022:삼각형과 사각형의 성질 section; [9수03-09]~[9수03-11] achievement levels - 이등변삼각형, 삼각형의 외심과 내심, 사각형의 성질과 여러 사각형 사이의 관계를 이해하고 정당화하는 수준을 구분",
m1_geo_isosceles_triangle__prerequisite_for__m1_geo_isosceles_properties,m1_geo_isosceles_triangle,이등변삼각형,중2(교육과정 학년군: 중1-3),도형과 측정,삼각형과 사각형의 성질,m1_geo_isosceles_properties,이등변삼각형의 성질,중2(교육과정 학년군: 중1-3),도형과 측정,삼각형과 사각형의 성질,same_unit,high,3,"curriculum_math_2022:printed p. 38; [9수03-09] - 이등변삼각형의 성질을 이해하고 정당화하는 성취기준; curriculum_math_2022:printed pp. 38-39; [9수03-09], [9수03-11] explanation and considerations - 도형 성질의 정당화 방법으로 관찰, 실험, 근거 제시, 유사성에 근거한 추론, 증명을 학생 수준에 맞게 활용하되 증명에서 가정과 결론 용어는 다루지 않음; achievement_math_2022:삼각형과 사각형의 성질 section; [9수03-09]~[9수03-11] achievement levels - 이등변삼각형, 삼각형의 외심과 내심, 사각형의 성질과 여러 사각형 사이의 관계를 이해하고 정당화하는 수준을 구분",
m1_geo_justification__prerequisite_for__m1_mis_proof_observation,m1_geo_justification,정당화,중2(교육과정 학년군: 중1-3),도형과 측정,삼각형과 사각형의 성질,m1_mis_proof_observation,관찰 결과와 증명을 같은 수준의 근거로 보는 오류,중2(교육과정 학년군: 중1-3),도형과 측정,삼각형과 사각형의 성질,same_unit,low,2,"curriculum_math_2022:printed pp. 38-39; [9수03-09], [9수03-11] explanation and considerations - 도형 성질의 정당화 방법으로 관찰, 실험, 근거 제시, 유사성에 근거한 추론, 증명을 학생 수준에 맞게 활용하되 증명에서 가정과 결론 용어는 다루지 않음; achievement_math_2022:삼각형과 사각형의 성질 section; [9수03-09]~[9수03-11] achievement levels - 이등변삼각형, 삼각형의 외심과 내심, 사각형의 성질과 여러 사각형 사이의 관계를 이해하고 정당화하는 수준을 구분",
m1_geo_justification__prerequisite_for__m1_geo_proof,m1_geo_justification,정당화,중2(교육과정 학년군: 중1-3),도형과 측정,삼각형과 사각형의 성질,m1_geo_proof,증명,중2(교육과정 학년군: 중1-3),도형과 측정,삼각형과 사각형의 성질,same_unit,high,3,"curriculum_math_2022:printed pp. 38-39; terms and symbols for 도형과 측정 - 교점, 교선, 두 점 사이의 거리, 중점, 수직이등분선, 꼬인 위치, 교각, 맞꼭지각, 엇각, 동위각, 평각, 직교, 수선의 발, 작도, 대변, 대각, 삼각형의 합동 조건, 내각, 외각, 부채꼴, 중심각, 호, 현, 활꼴, 할선, 다면체, 각뿔대, 정다면체, 회전체, 회전축, 원뿔대, 증명, 접선, 접점, 접한다, 외심, 외접, 외접원, 내심, 내접, 내접원, 중선, 무게중심, 닮음, 닮음비, 삼각형의 닮음 조건, 피타고라스 정리, 삼각비, 사인, 코사인, 탄젠트, 원주각 등을 다룸; curriculum_math_2022:printed pp. 38-39; [9수03-09], [9수03-11] explanation and considerations - 도형 성질의 정당화 방법으로 관찰, 실험, 근거 제시, 유사성에 근거한 추론, 증명을 학생 수준에 맞게 활용하되 증명에서 가정과 결론 용어는 다루지 않음; achievement_math_2022:삼각형과 사각형의 성질 section; [9수03-09]~[9수03-11] achievement levels - 이등변삼각형, 삼각형의 외심과 내심, 사각형의 성질과 여러 사각형 사이의 관계를 이해하고 정당화하는 수준을 구분",
m1_geo_median__prerequisite_for__m1_geo_centroid,m1_geo_median,중선,중2(교육과정 학년군: 중1-3),도형과 측정,삼각형과 사각형의 성질,m1_geo_centroid,무게중심,중2(교육과정 학년군: 중1-3),도형과 측정,삼각형과 사각형의 성질,same_unit,high,3,"curriculum_math_2022:printed pp. 38-39; terms and symbols for 도형과 측정 - 교점, 교선, 두 점 사이의 거리, 중점, 수직이등분선, 꼬인 위치, 교각, 맞꼭지각, 엇각, 동위각, 평각, 직교, 수선의 발, 작도, 대변, 대각, 삼각형의 합동 조건, 내각, 외각, 부채꼴, 중심각, 호, 현, 활꼴, 할선, 다면체, 각뿔대, 정다면체, 회전체, 회전축, 원뿔대, 증명, 접선, 접점, 접한다, 외심, 외접, 외접원, 내심, 내접, 내접원, 중선, 무게중심, 닮음, 닮음비, 삼각형의 닮음 조건, 피타고라스 정리, 삼각비, 사인, 코사인, 탄젠트, 원주각 등을 다룸; curriculum_math_2022:printed p. 38; [9수03-14] - 평행선 사이의 선분의 길이의 비를 구하는 성취기준; achievement_math_2022:도형의 닮음 section; [9수03-12]~[9수03-14] achievement levels - 도형의 닮음, 닮은 도형의 성질, 닮음비, 삼각형의 닮음 조건, 평행선 사이의 선분의 길이의 비와 무게중심 성질을 구분",
m1_geo_proof__prerequisite_for__m1_mis_proof_observation,m1_geo_proof,증명,중2(교육과정 학년군: 중1-3),도형과 측정,삼각형과 사각형의 성질,m1_mis_proof_observation,관찰 결과와 증명을 같은 수준의 근거로 보는 오류,중2(교육과정 학년군: 중1-3),도형과 측정,삼각형과 사각형의 성질,same_unit,low,2,"curriculum_math_2022:printed pp. 38-39; [9수03-09], [9수03-11] explanation and considerations - 도형 성질의 정당화 방법으로 관찰, 실험, 근거 제시, 유사성에 근거한 추론, 증명을 학생 수준에 맞게 활용하되 증명에서 가정과 결론 용어는 다루지 않음; achievement_math_2022:삼각형과 사각형의 성질 section; [9수03-09]~[9수03-11] achievement levels - 이등변삼각형, 삼각형의 외심과 내심, 사각형의 성질과 여러 사각형 사이의 관계를 이해하고 정당화하는 수준을 구분",
m1_geo_triangle_quadrilateral_unit__prerequisite_for__m1_geo_right_triangle,m1_geo_triangle_quadrilateral_unit,삼각형과 사각형의 성질,중2(교육과정 학년군: 중1-3),도형과 측정,삼각형과 사각형의 성질,m1_geo_right_triangle,직각삼각형,중2(교육과정 학년군: 중1-3),도형과 측정,피타고라스 정리,cross_unit_same_domain,high,3,"curriculum_math_2022:printed p. 38; [9수03-15] - 피타고라스 정리를 이해하고 정당화하는 성취기준; achievement_math_2022:피타고라스 정리 section; [9수03-15] achievement levels - 피타고라스 정리와 그 역을 이해하고 직각삼각형 판별에 활용하는 수준을 구분; achievement_math_2022:삼각비 section; [9수03-16]~[9수03-17] achievement levels - 삼각비의 뜻, 30도·45도·60도 삼각비의 값, 직각삼각형의 삼각비 값, 거리와 높이 및 삼각형 넓이 활용 수준을 구분",
m1_geo_triangle_quadrilateral_unit__prerequisite_for__m1_geo_pythagorean_unit,m1_geo_triangle_quadrilateral_unit,삼각형과 사각형의 성질,중2(교육과정 학년군: 중1-3),도형과 측정,삼각형과 사각형의 성질,m1_geo_pythagorean_unit,피타고라스 정리,중2(교육과정 학년군: 중1-3),도형과 측정,피타고라스 정리,cross_unit_same_domain,high,2,curriculum_math_2022:printed p. 38; [9수03-15] - 피타고라스 정리를 이해하고 정당화하는 성취기준; achievement_math_2022:피타고라스 정리 section; [9수03-15] achievement levels - 피타고라스 정리와 그 역을 이해하고 직각삼각형 판별에 활용하는 수준을 구분,
m1_geo_justification__prerequisite_for__m1_geo_pythagorean_justification,m1_geo_justification,정당화,중2(교육과정 학년군: 중1-3),도형과 측정,삼각형과 사각형의 성질,m1_geo_pythagorean_justification,피타고라스 정리의 정당화,중2(교육과정 학년군: 중1-3),도형과 측정,피타고라스 정리,cross_unit_same_domain,high,3,"curriculum_math_2022:printed p. 38; [9수03-15] - 피타고라스 정리를 이해하고 정당화하는 성취기준; curriculum_math_2022:printed pp. 38-39; [9수03-09], [9수03-11] explanation and considerations - 도형 성질의 정당화 방법으로 관찰, 실험, 근거 제시, 유사성에 근거한 추론, 증명을 학생 수준에 맞게 활용하되 증명에서 가정과 결론 용어는 다루지 않음; achievement_math_2022:피타고라스 정리 section; [9수03-15] achievement levels - 피타고라스 정리와 그 역을 이해하고 직각삼각형 판별에 활용하는 수준을 구분",
m1_geo_triangle_quadrilateral_unit__prerequisite_for__m1_geo_trig_triangle_area,m1_geo_triangle_quadrilateral_unit,삼각형과 사각형의 성질,중2(교육과정 학년군: 중1-3),도형과 측정,삼각형과 사각형의 성질,m1_geo_trig_triangle_area,삼각비를 이용한 삼각형의 넓이,중3(교육과정 학년군: 중1-3),도형과 측정,삼각비,cross_grade_same_domain,medium,1,"achievement_math_2022:삼각비 section; [9수03-16]~[9수03-17] achievement levels - 삼각비의 뜻, 30도·45도·60도 삼각비의 값, 직각삼각형의 삼각비 값, 거리와 높이 및 삼각형 넓이 활용 수준을 구분",
m1_geo_triangle_quadrilateral_unit__prerequisite_for__m1_geo_circle_unit,m1_geo_triangle_quadrilateral_unit,삼각형과 사각형의 성질,중2(교육과정 학년군: 중1-3),도형과 측정,삼각형과 사각형의 성질,m1_geo_circle_unit,원의 성질,중3(교육과정 학년군: 중1-3),도형과 측정,원의 성질,cross_grade_same_domain,high,4,"curriculum_math_2022:printed p. 38; [9수03-18] - 원의 현과 접선에 관한 성질을 이해하고 정당화하는 성취기준; curriculum_math_2022:printed p. 38; [9수03-19] - 원주각의 성질을 이해하고 정당화하는 성취기준; curriculum_math_2022:printed p. 39; achievement-standard considerations - 삼각비 사이의 관계는 다루지 않고, 삼각비 값은 0도에서 90도까지의 각도만 다루며, 원과 비례에 관한 성질과 지나치게 복잡한 넓이·둘레·겉넓이·부피 문제는 다루지 않음; achievement_math_2022:원의 성질 section; [9수03-18]~[9수03-19] achievement levels - 원의 현과 접선에 관한 성질, 원주각의 성질을 이해하고 정당화하는 수준을 구분",
m1_geo_proof__prerequisite_for__m1_geo_circle_justification,m1_geo_proof,증명,중2(교육과정 학년군: 중1-3),도형과 측정,삼각형과 사각형의 성질,m1_geo_circle_justification,원의 성질 정당화,중3(교육과정 학년군: 중1-3),도형과 측정,원의 성질,cross_grade_same_domain,high,4,"curriculum_math_2022:printed p. 38; [9수03-18] - 원의 현과 접선에 관한 성질을 이해하고 정당화하는 성취기준; curriculum_math_2022:printed p. 38; [9수03-19] - 원주각의 성질을 이해하고 정당화하는 성취기준; curriculum_math_2022:printed pp. 38-39; [9수03-09], [9수03-11] explanation and considerations - 도형 성질의 정당화 방법으로 관찰, 실험, 근거 제시, 유사성에 근거한 추론, 증명을 학생 수준에 맞게 활용하되 증명에서 가정과 결론 용어는 다루지 않음; achievement_math_2022:원의 성질 section; [9수03-18]~[9수03-19] achievement levels - 원의 현과 접선에 관한 성질, 원주각의 성질을 이해하고 정당화하는 수준을 구분",
m1_geo_right_triangle__prerequisite_for__m1_geo_pythagorean_theorem,m1_geo_right_triangle,직각삼각형,중2(교육과정 학년군: 중1-3),도형과 측정,피타고라스 정리,m1_geo_pythagorean_theorem,피타고라스 정리,중2(교육과정 학년군: 중1-3),도형과 측정,피타고라스 정리,same_unit,high,3,"curriculum_math_2022:printed pp. 38-39; terms and symbols for 도형과 측정 - 교점, 교선, 두 점 사이의 거리, 중점, 수직이등분선, 꼬인 위치, 교각, 맞꼭지각, 엇각, 동위각, 평각, 직교, 수선의 발, 작도, 대변, 대각, 삼각형의 합동 조건, 내각, 외각, 부채꼴, 중심각, 호, 현, 활꼴, 할선, 다면체, 각뿔대, 정다면체, 회전체, 회전축, 원뿔대, 증명, 접선, 접점, 접한다, 외심, 외접, 외접원, 내심, 내접, 내접원, 중선, 무게중심, 닮음, 닮음비, 삼각형의 닮음 조건, 피타고라스 정리, 삼각비, 사인, 코사인, 탄젠트, 원주각 등을 다룸; curriculum_math_2022:printed p. 38; [9수03-15] - 피타고라스 정리를 이해하고 정당화하는 성취기준; achievement_math_2022:피타고라스 정리 section; [9수03-15] achievement levels - 피타고라스 정리와 그 역을 이해하고 직각삼각형 판별에 활용하는 수준을 구분",
m1_geo_pythagorean_theorem__prerequisite_for__m1_geo_pythagorean_converse,m1_geo_pythagorean_theorem,피타고라스 정리,중2(교육과정 학년군: 중1-3),도형과 측정,피타고라스 정리,m1_geo_pythagorean_converse,피타고라스 정리의 역,중2(교육과정 학년군: 중1-3),도형과 측정,피타고라스 정리,same_unit,medium,2,"curriculum_math_2022:printed p. 39; achievement-standard considerations - 삼각비 사이의 관계는 다루지 않고, 삼각비 값은 0도에서 90도까지의 각도만 다루며, 원과 비례에 관한 성질과 지나치게 복잡한 넓이·둘레·겉넓이·부피 문제는 다루지 않음; achievement_math_2022:피타고라스 정리 section; [9수03-15] achievement levels - 피타고라스 정리와 그 역을 이해하고 직각삼각형 판별에 활용하는 수준을 구분",
m1_geo_pythagorean_theorem__prerequisite_for__m1_geo_pythagorean_justification,m1_geo_pythagorean_theorem,피타고라스 정리,중2(교육과정 학년군: 중1-3),도형과 측정,피타고라스 정리,m1_geo_pythagorean_justification,피타고라스 정리의 정당화,중2(교육과정 학년군: 중1-3),도형과 측정,피타고라스 정리,same_unit,high,3,"curriculum_math_2022:printed p. 38; [9수03-15] - 피타고라스 정리를 이해하고 정당화하는 성취기준; curriculum_math_2022:printed pp. 38-39; [9수03-09], [9수03-11] explanation and considerations - 도형 성질의 정당화 방법으로 관찰, 실험, 근거 제시, 유사성에 근거한 추론, 증명을 학생 수준에 맞게 활용하되 증명에서 가정과 결론 용어는 다루지 않음; achievement_math_2022:피타고라스 정리 section; [9수03-15] achievement levels - 피타고라스 정리와 그 역을 이해하고 직각삼각형 판별에 활용하는 수준을 구분",
m1_geo_pythagorean_converse__prerequisite_for__m1_geo_right_triangle_judgement,m1_geo_pythagorean_converse,피타고라스 정리의 역,중2(교육과정 학년군: 중1-3),도형과 측정,피타고라스 정리,m1_geo_right_triangle_judgement,세 변의 길이로 직각삼각형 판별,중2(교육과정 학년군: 중1-3),도형과 측정,피타고라스 정리,same_unit,high,2,"curriculum_math_2022:printed p. 39; achievement-standard considerations - 삼각비 사이의 관계는 다루지 않고, 삼각비 값은 0도에서 90도까지의 각도만 다루며, 원과 비례에 관한 성질과 지나치게 복잡한 넓이·둘레·겉넓이·부피 문제는 다루지 않음; achievement_math_2022:피타고라스 정리 section; [9수03-15] achievement levels - 피타고라스 정리와 그 역을 이해하고 직각삼각형 판별에 활용하는 수준을 구분",
m1_geo_right_triangle__prerequisite_for__m1_geo_special_angles_30_45_60,m1_geo_right_triangle,직각삼각형,중2(교육과정 학년군: 중1-3),도형과 측정,피타고라스 정리,m1_geo_special_angles_30_45_60,"30도, 45도, 60도의 삼각비",중3(교육과정 학년군: 중1-3),도형과 측정,삼각비,cross_grade_same_domain,high,2,"curriculum_math_2022:printed p. 38; [9수03-16] - 삼각비의 뜻을 알고 간단한 삼각비의 값을 구하는 성취기준; achievement_math_2022:삼각비 section; [9수03-16]~[9수03-17] achievement levels - 삼각비의 뜻, 30도·45도·60도 삼각비의 값, 직각삼각형의 삼각비 값, 거리와 높이 및 삼각형 넓이 활용 수준을 구분",
m1_geo_right_triangle__prerequisite_for__m1_geo_trigonometric_ratio,m1_geo_right_triangle,직각삼각형,중2(교육과정 학년군: 중1-3),도형과 측정,피타고라스 정리,m1_geo_trigonometric_ratio,삼각비,중3(교육과정 학년군: 중1-3),도형과 측정,삼각비,cross_grade_same_domain,high,3,"curriculum_math_2022:printed pp. 38-39; terms and symbols for 도형과 측정 - 교점, 교선, 두 점 사이의 거리, 중점, 수직이등분선, 꼬인 위치, 교각, 맞꼭지각, 엇각, 동위각, 평각, 직교, 수선의 발, 작도, 대변, 대각, 삼각형의 합동 조건, 내각, 외각, 부채꼴, 중심각, 호, 현, 활꼴, 할선, 다면체, 각뿔대, 정다면체, 회전체, 회전축, 원뿔대, 증명, 접선, 접점, 접한다, 외심, 외접, 외접원, 내심, 내접, 내접원, 중선, 무게중심, 닮음, 닮음비, 삼각형의 닮음 조건, 피타고라스 정리, 삼각비, 사인, 코사인, 탄젠트, 원주각 등을 다룸; curriculum_math_2022:printed p. 38; [9수03-16] - 삼각비의 뜻을 알고 간단한 삼각비의 값을 구하는 성취기준; achievement_math_2022:삼각비 section; [9수03-16]~[9수03-17] achievement levels - 삼각비의 뜻, 30도·45도·60도 삼각비의 값, 직각삼각형의 삼각비 값, 거리와 높이 및 삼각형 넓이 활용 수준을 구분",
m1_geo_pythagorean_unit__prerequisite_for__m1_geo_trig_unit,m1_geo_pythagorean_unit,피타고라스 정리,중2(교육과정 학년군: 중1-3),도형과 측정,피타고라스 정리,m1_geo_trig_unit,삼각비,중3(교육과정 학년군: 중1-3),도형과 측정,삼각비,cross_grade_same_domain,high,4,"curriculum_math_2022:printed p. 38; [9수03-16] - 삼각비의 뜻을 알고 간단한 삼각비의 값을 구하는 성취기준; curriculum_math_2022:printed p. 38; [9수03-17] - 삼각비를 활용하여 여러 가지 문제를 해결하는 성취기준; curriculum_math_2022:printed p. 39; achievement-standard considerations - 삼각비 사이의 관계는 다루지 않고, 삼각비 값은 0도에서 90도까지의 각도만 다루며, 원과 비례에 관한 성질과 지나치게 복잡한 넓이·둘레·겉넓이·부피 문제는 다루지 않음; achievement_math_2022:삼각비 section; [9수03-16]~[9수03-17] achievement levels - 삼각비의 뜻, 30도·45도·60도 삼각비의 값, 직각삼각형의 삼각비 값, 거리와 높이 및 삼각형 넓이 활용 수준을 구분",
m1_num_repeating_decimal_unit__prerequisite_for__m1_num_square_root_real_unit,m1_num_repeating_decimal_unit,유리수와 순환소수,중2(교육과정 학년군: 중1-3),수와 연산,유리수와 순환소수,m1_num_square_root_real_unit,제곱근과 실수,중3(교육과정 학년군: 중1-3),수와 연산,제곱근과 실수,cross_grade_same_domain,medium,4,"curriculum_math_2022:printed p. 33; [9수01-06] - 순환소수의 뜻을 알고 유리수와 순환소수의 관계를 설명하는 성취기준; curriculum_math_2022:printed p. 33; [9수01-08] - 무리수의 개념을 이해하고 무리수의 유용성을 인식하는 성취기준; achievement_math_2022:유리수와 순환소수 section; [9수01-06] achievement levels - 유한소수 또는 순환소수로 나타낼 수 있는 분수의 특징, 순환소수를 분수로 나타내기, 유리수와 순환소수 관계 설명 수준을 구분; achievement_math_2022:제곱근과 실수 section; [9수01-08] achievement levels - 무리수의 개념, 유리수가 아닌 예, 실수 수 체계, 무리수의 필요성과 유용성 인식 수준을 구분",유리수의 소수 표현 이해가 유리수와 무리수 구분으로 이어진다.
m1_data_equally_likely_assumption__prerequisite_for__m1_data_theoretical_probability,m1_data_equally_likely_assumption,각 경우가 발생할 가능성이 동등하다는 가정,중2(교육과정 학년군: 중1-3),자료와 가능성,경우의 수와 확률,m1_data_theoretical_probability,경우의 수의 비율로서의 확률,중2(교육과정 학년군: 중1-3),자료와 가능성,경우의 수와 확률,same_unit,medium,3,"curriculum_math_2022:printed p. 41; [9수04-05]~[9수04-06] explanation - 경우의 수는 두 경우의 수를 합하거나 곱하는 정도로 다루며, 확률은 실험·관찰로 구한 상대도수와 경우의 수의 비율을 연결해 이해하게 함; curriculum_math_2022:printed pp. 41-42; achievement-standard considerations - 순열·조합을 이용하면 쉽게 해결되는 복잡한 경우의 수 문제는 다루지 않고, 확률에서 각 경우가 발생할 가능성이 동등하다는 가정을 유의하게 하며, 상자그림은 두 집단 분포 비교에 중점을 둠; achievement_math_2022:자료와 가능성 section; [9수04-05]~[9수04-06] achievement levels - 사건 A 또는 B, 사건 A와 B가 동시에 일어나는 경우의 수, 확률의 개념과 기본 성질, 사건의 확률을 구하는 수준을 구분",
m1_data_equally_likely_assumption__prerequisite_for__m1_mis_probability_no_equal_likely,m1_data_equally_likely_assumption,각 경우가 발생할 가능성이 동등하다는 가정,중2(교육과정 학년군: 중1-3),자료와 가능성,경우의 수와 확률,m1_mis_probability_no_equal_likely,동등 가능성 가정 없이 경우의 수 비율을 적용하는 오류,중2(교육과정 학년군: 중1-3),자료와 가능성,경우의 수와 확률,same_unit,low,1,"curriculum_math_2022:printed pp. 41-42; achievement-standard considerations - 순열·조합을 이용하면 쉽게 해결되는 복잡한 경우의 수 문제는 다루지 않고, 확률에서 각 경우가 발생할 가능성이 동등하다는 가정을 유의하게 하며, 상자그림은 두 집단 분포 비교에 중점을 둠",
m1_data_counting_cases__prerequisite_for__m1_data_equally_likely_assumption,m1_data_counting_cases,경우의 수,중2(교육과정 학년군: 중1-3),자료와 가능성,경우의 수와 확률,m1_data_equally_likely_assumption,각 경우가 발생할 가능성이 동등하다는 가정,중2(교육과정 학년군: 중1-3),자료와 가능성,경우의 수와 확률,same_unit,medium,1,"curriculum_math_2022:printed pp. 41-42; achievement-standard considerations - 순열·조합을 이용하면 쉽게 해결되는 복잡한 경우의 수 문제는 다루지 않고, 확률에서 각 경우가 발생할 가능성이 동등하다는 가정을 유의하게 하며, 상자그림은 두 집단 분포 비교에 중점을 둠",
m1_data_counting_cases__prerequisite_for__m1_data_theoretical_probability,m1_data_counting_cases,경우의 수,중2(교육과정 학년군: 중1-3),자료와 가능성,경우의 수와 확률,m1_data_theoretical_probability,경우의 수의 비율로서의 확률,중2(교육과정 학년군: 중1-3),자료와 가능성,경우의 수와 확률,same_unit,medium,3,"curriculum_math_2022:printed p. 41; [9수04-05]~[9수04-06] explanation - 경우의 수는 두 경우의 수를 합하거나 곱하는 정도로 다루며, 확률은 실험·관찰로 구한 상대도수와 경우의 수의 비율을 연결해 이해하게 함; curriculum_math_2022:printed pp. 41-42; achievement-standard considerations - 순열·조합을 이용하면 쉽게 해결되는 복잡한 경우의 수 문제는 다루지 않고, 확률에서 각 경우가 발생할 가능성이 동등하다는 가정을 유의하게 하며, 상자그림은 두 집단 분포 비교에 중점을 둠; achievement_math_2022:자료와 가능성 section; [9수04-05]~[9수04-06] achievement levels - 사건 A 또는 B, 사건 A와 B가 동시에 일어나는 경우의 수, 확률의 개념과 기본 성질, 사건의 확률을 구하는 수준을 구분",
m1_data_counting_cases__prerequisite_for__m1_mis_permutation_combination_scope,m1_data_counting_cases,경우의 수,중2(교육과정 학년군: 중1-3),자료와 가능성,경우의 수와 확률,m1_mis_permutation_combination_scope,복잡한 순열·조합 문제를 중학교 범위로 확정하는 오류,중2(교육과정 학년군: 중1-3),자료와 가능성,경우의 수와 확률,same_unit,low,1,"curriculum_math_2022:printed pp. 41-42; achievement-standard considerations - 순열·조합을 이용하면 쉽게 해결되는 복잡한 경우의 수 문제는 다루지 않고, 확률에서 각 경우가 발생할 가능성이 동등하다는 가정을 유의하게 하며, 상자그림은 두 집단 분포 비교에 중점을 둠",
m1_data_counting_cases__prerequisite_for__m1_data_or_cases,m1_data_counting_cases,경우의 수,중2(교육과정 학년군: 중1-3),자료와 가능성,경우의 수와 확률,m1_data_or_cases,사건 A 또는 사건 B가 일어나는 경우의 수,중2(교육과정 학년군: 중1-3),자료와 가능성,경우의 수와 확률,same_unit,medium,2,"achievement_math_2022:자료와 가능성 section; [9수04-05]~[9수04-06] achievement levels - 사건 A 또는 B, 사건 A와 B가 동시에 일어나는 경우의 수, 확률의 개념과 기본 성질, 사건의 확률을 구하는 수준을 구분; achievement_math_2022:example item 경주로의 수학 탐방 ③; [9수04-05] - 이동 경로 맥락에서 사건 A 또는 B가 일어나는 경우의 수와 사건 A와 B가 동시에 일어나는 경우의 수를 구분하여 구하는 문항",
m1_data_counting_cases__prerequisite_for__m1_data_and_cases,m1_data_counting_cases,경우의 수,중2(교육과정 학년군: 중1-3),자료와 가능성,경우의 수와 확률,m1_data_and_cases,사건 A와 사건 B가 동시에 일어나는 경우의 수,중2(교육과정 학년군: 중1-3),자료와 가능성,경우의 수와 확률,same_unit,medium,2,"achievement_math_2022:자료와 가능성 section; [9수04-05]~[9수04-06] achievement levels - 사건 A 또는 B, 사건 A와 B가 동시에 일어나는 경우의 수, 확률의 개념과 기본 성질, 사건의 확률을 구하는 수준을 구분; achievement_math_2022:example item 경주로의 수학 탐방 ③; [9수04-05] - 이동 경로 맥락에서 사건 A 또는 B가 일어나는 경우의 수와 사건 A와 B가 동시에 일어나는 경우의 수를 구분하여 구하는 문항",
m1_data_counting_cases__prerequisite_for__m1_data_route_counting_context,m1_data_counting_cases,경우의 수,중2(교육과정 학년군: 중1-3),자료와 가능성,경우의 수와 확률,m1_data_route_counting_context,이동 경로의 경우의 수 맥락,중2(교육과정 학년군: 중1-3),자료와 가능성,경우의 수와 확률,same_unit,medium,1,achievement_math_2022:example item 경주로의 수학 탐방 ③; [9수04-05] - 이동 경로 맥락에서 사건 A 또는 B가 일어나는 경우의 수와 사건 A와 B가 동시에 일어나는 경우의 수를 구분하여 구하는 문항,
m1_data_counting_cases__prerequisite_for__m1_data_probability,m1_data_counting_cases,경우의 수,중2(교육과정 학년군: 중1-3),자료와 가능성,경우의 수와 확률,m1_data_probability,확률,중2(교육과정 학년군: 중1-3),자료와 가능성,경우의 수와 확률,same_unit,high,4,"curriculum_math_2022:printed pp. 41-42; terms and symbols for 자료와 가능성 - 변량, 대푯값, 중앙값, 최빈값, 줄기와 잎 그림, 계급, 계급의 크기, 도수, 도수분포표, 히스토그램, 도수분포다각형, 상대도수, 사건, 확률, 산포도, 편차, 분산, 표준편차, 사분위수, 상자그림, 산점도, 상관관계를 다룸; curriculum_math_2022:printed p. 40; [9수04-06] - 확률의 개념과 기본 성질을 이해하고 확률을 구하는 성취기준; curriculum_math_2022:printed p. 41; [9수04-05]~[9수04-06] explanation - 경우의 수는 두 경우의 수를 합하거나 곱하는 정도로 다루며, 확률은 실험·관찰로 구한 상대도수와 경우의 수의 비율을 연결해 이해하게 함; achievement_math_2022:자료와 가능성 section; [9수04-05]~[9수04-06] achievement levels - 사건 A 또는 B, 사건 A와 B가 동시에 일어나는 경우의 수, 확률의 개념과 기본 성질, 사건의 확률을 구하는 수준을 구분",
m1_data_theoretical_probability__prerequisite_for__m1_mis_probability_no_equal_likely,m1_data_theoretical_probability,경우의 수의 비율로서의 확률,중2(교육과정 학년군: 중1-3),자료와 가능성,경우의 수와 확률,m1_mis_probability_no_equal_likely,동등 가능성 가정 없이 경우의 수 비율을 적용하는 오류,중2(교육과정 학년군: 중1-3),자료와 가능성,경우의 수와 확률,same_unit,low,1,"curriculum_math_2022:printed pp. 41-42; achievement-standard considerations - 순열·조합을 이용하면 쉽게 해결되는 복잡한 경우의 수 문제는 다루지 않고, 확률에서 각 경우가 발생할 가능성이 동등하다는 가정을 유의하게 하며, 상자그림은 두 집단 분포 비교에 중점을 둠",
m1_data_event__prerequisite_for__m1_data_counting_cases,m1_data_event,사건,중2(교육과정 학년군: 중1-3),자료와 가능성,경우의 수와 확률,m1_data_counting_cases,경우의 수,중2(교육과정 학년군: 중1-3),자료와 가능성,경우의 수와 확률,same_unit,high,4,"curriculum_math_2022:printed p. 40; [9수04-05] - 경우의 수를 구하는 성취기준; curriculum_math_2022:printed p. 42; terms usable in teaching and learning situations - 계급값, 경우의 수는 교수·학습 상황에서 사용할 수 있음; curriculum_math_2022:printed p. 41; [9수04-05]~[9수04-06] explanation - 경우의 수는 두 경우의 수를 합하거나 곱하는 정도로 다루며, 확률은 실험·관찰로 구한 상대도수와 경우의 수의 비율을 연결해 이해하게 함; achievement_math_2022:자료와 가능성 section; [9수04-05]~[9수04-06] achievement levels - 사건 A 또는 B, 사건 A와 B가 동시에 일어나는 경우의 수, 확률의 개념과 기본 성질, 사건의 확률을 구하는 수준을 구분",
m1_data_event__prerequisite_for__m1_data_or_cases,m1_data_event,사건,중2(교육과정 학년군: 중1-3),자료와 가능성,경우의 수와 확률,m1_data_or_cases,사건 A 또는 사건 B가 일어나는 경우의 수,중2(교육과정 학년군: 중1-3),자료와 가능성,경우의 수와 확률,same_unit,medium,2,"achievement_math_2022:자료와 가능성 section; [9수04-05]~[9수04-06] achievement levels - 사건 A 또는 B, 사건 A와 B가 동시에 일어나는 경우의 수, 확률의 개념과 기본 성질, 사건의 확률을 구하는 수준을 구분; achievement_math_2022:example item 경주로의 수학 탐방 ③; [9수04-05] - 이동 경로 맥락에서 사건 A 또는 B가 일어나는 경우의 수와 사건 A와 B가 동시에 일어나는 경우의 수를 구분하여 구하는 문항",
m1_data_event__prerequisite_for__m1_data_and_cases,m1_data_event,사건,중2(교육과정 학년군: 중1-3),자료와 가능성,경우의 수와 확률,m1_data_and_cases,사건 A와 사건 B가 동시에 일어나는 경우의 수,중2(교육과정 학년군: 중1-3),자료와 가능성,경우의 수와 확률,same_unit,medium,2,"achievement_math_2022:자료와 가능성 section; [9수04-05]~[9수04-06] achievement levels - 사건 A 또는 B, 사건 A와 B가 동시에 일어나는 경우의 수, 확률의 개념과 기본 성질, 사건의 확률을 구하는 수준을 구분; achievement_math_2022:example item 경주로의 수학 탐방 ③; [9수04-05] - 이동 경로 맥락에서 사건 A 또는 B가 일어나는 경우의 수와 사건 A와 B가 동시에 일어나는 경우의 수를 구분하여 구하는 문항",
m1_data_event__prerequisite_for__m1_data_probability,m1_data_event,사건,중2(교육과정 학년군: 중1-3),자료와 가능성,경우의 수와 확률,m1_data_probability,확률,중2(교육과정 학년군: 중1-3),자료와 가능성,경우의 수와 확률,same_unit,high,4,"curriculum_math_2022:printed pp. 41-42; terms and symbols for 자료와 가능성 - 변량, 대푯값, 중앙값, 최빈값, 줄기와 잎 그림, 계급, 계급의 크기, 도수, 도수분포표, 히스토그램, 도수분포다각형, 상대도수, 사건, 확률, 산포도, 편차, 분산, 표준편차, 사분위수, 상자그림, 산점도, 상관관계를 다룸; curriculum_math_2022:printed p. 40; [9수04-06] - 확률의 개념과 기본 성질을 이해하고 확률을 구하는 성취기준; curriculum_math_2022:printed p. 41; [9수04-05]~[9수04-06] explanation - 경우의 수는 두 경우의 수를 합하거나 곱하는 정도로 다루며, 확률은 실험·관찰로 구한 상대도수와 경우의 수의 비율을 연결해 이해하게 함; achievement_math_2022:자료와 가능성 section; [9수04-05]~[9수04-06] achievement levels - 사건 A 또는 B, 사건 A와 B가 동시에 일어나는 경우의 수, 확률의 개념과 기본 성질, 사건의 확률을 구하는 수준을 구분",
m1_data_or_cases__prerequisite_for__m1_data_addition_counting,m1_data_or_cases,사건 A 또는 사건 B가 일어나는 경우의 수,중2(교육과정 학년군: 중1-3),자료와 가능성,경우의 수와 확률,m1_data_addition_counting,두 경우의 수를 합하는 상황,중2(교육과정 학년군: 중1-3),자료와 가능성,경우의 수와 확률,same_unit,medium,2,"curriculum_math_2022:printed p. 41; [9수04-05]~[9수04-06] explanation - 경우의 수는 두 경우의 수를 합하거나 곱하는 정도로 다루며, 확률은 실험·관찰로 구한 상대도수와 경우의 수의 비율을 연결해 이해하게 함; achievement_math_2022:example item 경주로의 수학 탐방 ③; [9수04-05] - 이동 경로 맥락에서 사건 A 또는 B가 일어나는 경우의 수와 사건 A와 B가 동시에 일어나는 경우의 수를 구분하여 구하는 문항",
m1_data_or_cases__prerequisite_for__m1_mis_or_and_counting_confusion,m1_data_or_cases,사건 A 또는 사건 B가 일어나는 경우의 수,중2(교육과정 학년군: 중1-3),자료와 가능성,경우의 수와 확률,m1_mis_or_and_counting_confusion,또는과 동시에의 경우의 수를 혼동하는 오류,중2(교육과정 학년군: 중1-3),자료와 가능성,경우의 수와 확률,same_unit,low,2,"achievement_math_2022:자료와 가능성 section; [9수04-05]~[9수04-06] achievement levels - 사건 A 또는 B, 사건 A와 B가 동시에 일어나는 경우의 수, 확률의 개념과 기본 성질, 사건의 확률을 구하는 수준을 구분; achievement_math_2022:example item 경주로의 수학 탐방 ③; [9수04-05] - 이동 경로 맥락에서 사건 A 또는 B가 일어나는 경우의 수와 사건 A와 B가 동시에 일어나는 경우의 수를 구분하여 구하는 문항",
m1_data_or_cases__prerequisite_for__m1_data_or_probability,m1_data_or_cases,사건 A 또는 사건 B가 일어나는 경우의 수,중2(교육과정 학년군: 중1-3),자료와 가능성,경우의 수와 확률,m1_data_or_probability,사건 A 또는 사건 B가 일어날 확률,중2(교육과정 학년군: 중1-3),자료와 가능성,경우의 수와 확률,same_unit,medium,1,"achievement_math_2022:자료와 가능성 section; [9수04-05]~[9수04-06] achievement levels - 사건 A 또는 B, 사건 A와 B가 동시에 일어나는 경우의 수, 확률의 개념과 기본 성질, 사건의 확률을 구하는 수준을 구분",
m1_data_and_cases__prerequisite_for__m1_data_multiplication_counting,m1_data_and_cases,사건 A와 사건 B가 동시에 일어나는 경우의 수,중2(교육과정 학년군: 중1-3),자료와 가능성,경우의 수와 확률,m1_data_multiplication_counting,두 경우의 수를 곱하는 상황,중2(교육과정 학년군: 중1-3),자료와 가능성,경우의 수와 확률,same_unit,medium,2,"curriculum_math_2022:printed p. 41; [9수04-05]~[9수04-06] explanation - 경우의 수는 두 경우의 수를 합하거나 곱하는 정도로 다루며, 확률은 실험·관찰로 구한 상대도수와 경우의 수의 비율을 연결해 이해하게 함; achievement_math_2022:example item 경주로의 수학 탐방 ③; [9수04-05] - 이동 경로 맥락에서 사건 A 또는 B가 일어나는 경우의 수와 사건 A와 B가 동시에 일어나는 경우의 수를 구분하여 구하는 문항",
m1_data_and_cases__prerequisite_for__m1_mis_or_and_counting_confusion,m1_data_and_cases,사건 A와 사건 B가 동시에 일어나는 경우의 수,중2(교육과정 학년군: 중1-3),자료와 가능성,경우의 수와 확률,m1_mis_or_and_counting_confusion,또는과 동시에의 경우의 수를 혼동하는 오류,중2(교육과정 학년군: 중1-3),자료와 가능성,경우의 수와 확률,same_unit,low,2,"achievement_math_2022:자료와 가능성 section; [9수04-05]~[9수04-06] achievement levels - 사건 A 또는 B, 사건 A와 B가 동시에 일어나는 경우의 수, 확률의 개념과 기본 성질, 사건의 확률을 구하는 수준을 구분; achievement_math_2022:example item 경주로의 수학 탐방 ③; [9수04-05] - 이동 경로 맥락에서 사건 A 또는 B가 일어나는 경우의 수와 사건 A와 B가 동시에 일어나는 경우의 수를 구분하여 구하는 문항",
m1_data_and_cases__prerequisite_for__m1_data_and_probability,m1_data_and_cases,사건 A와 사건 B가 동시에 일어나는 경우의 수,중2(교육과정 학년군: 중1-3),자료와 가능성,경우의 수와 확률,m1_data_and_probability,사건 A와 사건 B가 동시에 일어날 확률,중2(교육과정 학년군: 중1-3),자료와 가능성,경우의 수와 확률,same_unit,medium,1,"achievement_math_2022:자료와 가능성 section; [9수04-05]~[9수04-06] achievement levels - 사건 A 또는 B, 사건 A와 B가 동시에 일어나는 경우의 수, 확률의 개념과 기본 성질, 사건의 확률을 구하는 수준을 구분",
m1_data_probability__prerequisite_for__m1_data_theoretical_probability,m1_data_probability,확률,중2(교육과정 학년군: 중1-3),자료와 가능성,경우의 수와 확률,m1_data_theoretical_probability,경우의 수의 비율로서의 확률,중2(교육과정 학년군: 중1-3),자료와 가능성,경우의 수와 확률,same_unit,medium,3,"curriculum_math_2022:printed p. 41; [9수04-05]~[9수04-06] explanation - 경우의 수는 두 경우의 수를 합하거나 곱하는 정도로 다루며, 확률은 실험·관찰로 구한 상대도수와 경우의 수의 비율을 연결해 이해하게 함; curriculum_math_2022:printed pp. 41-42; achievement-standard considerations - 순열·조합을 이용하면 쉽게 해결되는 복잡한 경우의 수 문제는 다루지 않고, 확률에서 각 경우가 발생할 가능성이 동등하다는 가정을 유의하게 하며, 상자그림은 두 집단 분포 비교에 중점을 둠; achievement_math_2022:자료와 가능성 section; [9수04-05]~[9수04-06] achievement levels - 사건 A 또는 B, 사건 A와 B가 동시에 일어나는 경우의 수, 확률의 개념과 기본 성질, 사건의 확률을 구하는 수준을 구분",
m1_data_probability__prerequisite_for__m1_data_experimental_probability,m1_data_probability,확률,중2(교육과정 학년군: 중1-3),자료와 가능성,경우의 수와 확률,m1_data_experimental_probability,상대도수로서의 확률,중2(교육과정 학년군: 중1-3),자료와 가능성,경우의 수와 확률,same_unit,medium,1,"curriculum_math_2022:printed p. 41; [9수04-05]~[9수04-06] explanation - 경우의 수는 두 경우의 수를 합하거나 곱하는 정도로 다루며, 확률은 실험·관찰로 구한 상대도수와 경우의 수의 비율을 연결해 이해하게 함",
m1_data_probability__prerequisite_for__m1_data_probability_basic_properties,m1_data_probability,확률,중2(교육과정 학년군: 중1-3),자료와 가능성,경우의 수와 확률,m1_data_probability_basic_properties,확률의 기본 성질,중2(교육과정 학년군: 중1-3),자료와 가능성,경우의 수와 확률,same_unit,high,2,"curriculum_math_2022:printed p. 40; [9수04-06] - 확률의 개념과 기본 성질을 이해하고 확률을 구하는 성취기준; achievement_math_2022:자료와 가능성 section; [9수04-05]~[9수04-06] achievement levels - 사건 A 또는 B, 사건 A와 B가 동시에 일어나는 경우의 수, 확률의 개념과 기본 성질, 사건의 확률을 구하는 수준을 구분",
m1_data_probability_basic_properties__prerequisite_for__m1_data_or_probability,m1_data_probability_basic_properties,확률의 기본 성질,중2(교육과정 학년군: 중1-3),자료와 가능성,경우의 수와 확률,m1_data_or_probability,사건 A 또는 사건 B가 일어날 확률,중2(교육과정 학년군: 중1-3),자료와 가능성,경우의 수와 확률,same_unit,medium,1,"achievement_math_2022:자료와 가능성 section; [9수04-05]~[9수04-06] achievement levels - 사건 A 또는 B, 사건 A와 B가 동시에 일어나는 경우의 수, 확률의 개념과 기본 성질, 사건의 확률을 구하는 수준을 구분",
m1_data_probability_basic_properties__prerequisite_for__m1_data_and_probability,m1_data_probability_basic_properties,확률의 기본 성질,중2(교육과정 학년군: 중1-3),자료와 가능성,경우의 수와 확률,m1_data_and_probability,사건 A와 사건 B가 동시에 일어날 확률,중2(교육과정 학년군: 중1-3),자료와 가능성,경우의 수와 확률,same_unit,medium,1,"achievement_math_2022:자료와 가능성 section; [9수04-05]~[9수04-06] achievement levels - 사건 A 또는 B, 사건 A와 B가 동시에 일어나는 경우의 수, 확률의 개념과 기본 성질, 사건의 확률을 구하는 수준을 구분",
m1_geo_special_angles_30_45_60__prerequisite_for__m1_geo_right_triangle_trig_value,m1_geo_special_angles_30_45_60,"30도, 45도, 60도의 삼각비",중3(교육과정 학년군: 중1-3),도형과 측정,삼각비,m1_geo_right_triangle_trig_value,직각삼각형에서 삼각비 값 구하기,중3(교육과정 학년군: 중1-3),도형과 측정,삼각비,same_unit,high,2,"curriculum_math_2022:printed p. 38; [9수03-16] - 삼각비의 뜻을 알고 간단한 삼각비의 값을 구하는 성취기준; achievement_math_2022:삼각비 section; [9수03-16]~[9수03-17] achievement levels - 삼각비의 뜻, 30도·45도·60도 삼각비의 값, 직각삼각형의 삼각비 값, 거리와 높이 및 삼각형 넓이 활용 수준을 구분",
m1_geo_sine__prerequisite_for__m1_mis_trig_relation_scope,m1_geo_sine,사인,중3(교육과정 학년군: 중1-3),도형과 측정,삼각비,m1_mis_trig_relation_scope,삼각비 사이의 관계를 교육과정 범위로 오해하는 오류,중3(교육과정 학년군: 중1-3),도형과 측정,삼각비,same_unit,low,1,"curriculum_math_2022:printed p. 39; achievement-standard considerations - 삼각비 사이의 관계는 다루지 않고, 삼각비 값은 0도에서 90도까지의 각도만 다루며, 원과 비례에 관한 성질과 지나치게 복잡한 넓이·둘레·겉넓이·부피 문제는 다루지 않음",
m1_geo_trigonometric_ratio__prerequisite_for__m1_geo_special_angles_30_45_60,m1_geo_trigonometric_ratio,삼각비,중3(교육과정 학년군: 중1-3),도형과 측정,삼각비,m1_geo_special_angles_30_45_60,"30도, 45도, 60도의 삼각비",중3(교육과정 학년군: 중1-3),도형과 측정,삼각비,same_unit,high,2,"curriculum_math_2022:printed p. 38; [9수03-16] - 삼각비의 뜻을 알고 간단한 삼각비의 값을 구하는 성취기준; achievement_math_2022:삼각비 section; [9수03-16]~[9수03-17] achievement levels - 삼각비의 뜻, 30도·45도·60도 삼각비의 값, 직각삼각형의 삼각비 값, 거리와 높이 및 삼각형 넓이 활용 수준을 구분",
m1_geo_trigonometric_ratio__prerequisite_for__m1_geo_sine,m1_geo_trigonometric_ratio,삼각비,중3(교육과정 학년군: 중1-3),도형과 측정,삼각비,m1_geo_sine,사인,중3(교육과정 학년군: 중1-3),도형과 측정,삼각비,same_unit,high,3,"curriculum_math_2022:printed pp. 38-39; terms and symbols for 도형과 측정 - 교점, 교선, 두 점 사이의 거리, 중점, 수직이등분선, 꼬인 위치, 교각, 맞꼭지각, 엇각, 동위각, 평각, 직교, 수선의 발, 작도, 대변, 대각, 삼각형의 합동 조건, 내각, 외각, 부채꼴, 중심각, 호, 현, 활꼴, 할선, 다면체, 각뿔대, 정다면체, 회전체, 회전축, 원뿔대, 증명, 접선, 접점, 접한다, 외심, 외접, 외접원, 내심, 내접, 내접원, 중선, 무게중심, 닮음, 닮음비, 삼각형의 닮음 조건, 피타고라스 정리, 삼각비, 사인, 코사인, 탄젠트, 원주각 등을 다룸; curriculum_math_2022:printed p. 38; [9수03-16] - 삼각비의 뜻을 알고 간단한 삼각비의 값을 구하는 성취기준; achievement_math_2022:삼각비 section; [9수03-16]~[9수03-17] achievement levels - 삼각비의 뜻, 30도·45도·60도 삼각비의 값, 직각삼각형의 삼각비 값, 거리와 높이 및 삼각형 넓이 활용 수준을 구분",
m1_geo_trigonometric_ratio__prerequisite_for__m1_mis_trig_angle_scope,m1_geo_trigonometric_ratio,삼각비,중3(교육과정 학년군: 중1-3),도형과 측정,삼각비,m1_mis_trig_angle_scope,삼각비 각의 범위를 0도~90도 밖으로 확장하는 오류,중3(교육과정 학년군: 중1-3),도형과 측정,삼각비,same_unit,low,1,"curriculum_math_2022:printed p. 39; achievement-standard considerations - 삼각비 사이의 관계는 다루지 않고, 삼각비 값은 0도에서 90도까지의 각도만 다루며, 원과 비례에 관한 성질과 지나치게 복잡한 넓이·둘레·겉넓이·부피 문제는 다루지 않음",
m1_geo_trigonometric_ratio__prerequisite_for__m1_geo_trig_triangle_area,m1_geo_trigonometric_ratio,삼각비,중3(교육과정 학년군: 중1-3),도형과 측정,삼각비,m1_geo_trig_triangle_area,삼각비를 이용한 삼각형의 넓이,중3(교육과정 학년군: 중1-3),도형과 측정,삼각비,same_unit,medium,1,"achievement_math_2022:삼각비 section; [9수03-16]~[9수03-17] achievement levels - 삼각비의 뜻, 30도·45도·60도 삼각비의 값, 직각삼각형의 삼각비 값, 거리와 높이 및 삼각형 넓이 활용 수준을 구분",
m1_geo_trigonometric_ratio__prerequisite_for__m1_geo_right_triangle_trig_value,m1_geo_trigonometric_ratio,삼각비,중3(교육과정 학년군: 중1-3),도형과 측정,삼각비,m1_geo_right_triangle_trig_value,직각삼각형에서 삼각비 값 구하기,중3(교육과정 학년군: 중1-3),도형과 측정,삼각비,same_unit,high,2,"curriculum_math_2022:printed p. 38; [9수03-16] - 삼각비의 뜻을 알고 간단한 삼각비의 값을 구하는 성취기준; achievement_math_2022:삼각비 section; [9수03-16]~[9수03-17] achievement levels - 삼각비의 뜻, 30도·45도·60도 삼각비의 값, 직각삼각형의 삼각비 값, 거리와 높이 및 삼각형 넓이 활용 수준을 구분",
m1_geo_trigonometric_ratio__prerequisite_for__m1_geo_cosine,m1_geo_trigonometric_ratio,삼각비,중3(교육과정 학년군: 중1-3),도형과 측정,삼각비,m1_geo_cosine,코사인,중3(교육과정 학년군: 중1-3),도형과 측정,삼각비,same_unit,high,3,"curriculum_math_2022:printed pp. 38-39; terms and symbols for 도형과 측정 - 교점, 교선, 두 점 사이의 거리, 중점, 수직이등분선, 꼬인 위치, 교각, 맞꼭지각, 엇각, 동위각, 평각, 직교, 수선의 발, 작도, 대변, 대각, 삼각형의 합동 조건, 내각, 외각, 부채꼴, 중심각, 호, 현, 활꼴, 할선, 다면체, 각뿔대, 정다면체, 회전체, 회전축, 원뿔대, 증명, 접선, 접점, 접한다, 외심, 외접, 외접원, 내심, 내접, 내접원, 중선, 무게중심, 닮음, 닮음비, 삼각형의 닮음 조건, 피타고라스 정리, 삼각비, 사인, 코사인, 탄젠트, 원주각 등을 다룸; curriculum_math_2022:printed p. 38; [9수03-16] - 삼각비의 뜻을 알고 간단한 삼각비의 값을 구하는 성취기준; achievement_math_2022:삼각비 section; [9수03-16]~[9수03-17] achievement levels - 삼각비의 뜻, 30도·45도·60도 삼각비의 값, 직각삼각형의 삼각비 값, 거리와 높이 및 삼각형 넓이 활용 수준을 구분",
m1_geo_trigonometric_ratio__prerequisite_for__m1_geo_tangent_ratio,m1_geo_trigonometric_ratio,삼각비,중3(교육과정 학년군: 중1-3),도형과 측정,삼각비,m1_geo_tangent_ratio,탄젠트,중3(교육과정 학년군: 중1-3),도형과 측정,삼각비,same_unit,high,3,"curriculum_math_2022:printed pp. 38-39; terms and symbols for 도형과 측정 - 교점, 교선, 두 점 사이의 거리, 중점, 수직이등분선, 꼬인 위치, 교각, 맞꼭지각, 엇각, 동위각, 평각, 직교, 수선의 발, 작도, 대변, 대각, 삼각형의 합동 조건, 내각, 외각, 부채꼴, 중심각, 호, 현, 활꼴, 할선, 다면체, 각뿔대, 정다면체, 회전체, 회전축, 원뿔대, 증명, 접선, 접점, 접한다, 외심, 외접, 외접원, 내심, 내접, 내접원, 중선, 무게중심, 닮음, 닮음비, 삼각형의 닮음 조건, 피타고라스 정리, 삼각비, 사인, 코사인, 탄젠트, 원주각 등을 다룸; curriculum_math_2022:printed p. 38; [9수03-16] - 삼각비의 뜻을 알고 간단한 삼각비의 값을 구하는 성취기준; achievement_math_2022:삼각비 section; [9수03-16]~[9수03-17] achievement levels - 삼각비의 뜻, 30도·45도·60도 삼각비의 값, 직각삼각형의 삼각비 값, 거리와 높이 및 삼각형 넓이 활용 수준을 구분",
m1_geo_right_triangle_trig_value__prerequisite_for__m1_geo_trig_distance_height,m1_geo_right_triangle_trig_value,직각삼각형에서 삼각비 값 구하기,중3(교육과정 학년군: 중1-3),도형과 측정,삼각비,m1_geo_trig_distance_height,삼각비로 거리와 높이 구하기,중3(교육과정 학년군: 중1-3),도형과 측정,삼각비,same_unit,high,2,"curriculum_math_2022:printed p. 38; [9수03-17] - 삼각비를 활용하여 여러 가지 문제를 해결하는 성취기준; achievement_math_2022:삼각비 section; [9수03-16]~[9수03-17] achievement levels - 삼각비의 뜻, 30도·45도·60도 삼각비의 값, 직각삼각형의 삼각비 값, 거리와 높이 및 삼각형 넓이 활용 수준을 구분",
m1_geo_cosine__prerequisite_for__m1_mis_trig_relation_scope,m1_geo_cosine,코사인,중3(교육과정 학년군: 중1-3),도형과 측정,삼각비,m1_mis_trig_relation_scope,삼각비 사이의 관계를 교육과정 범위로 오해하는 오류,중3(교육과정 학년군: 중1-3),도형과 측정,삼각비,same_unit,low,1,"curriculum_math_2022:printed p. 39; achievement-standard considerations - 삼각비 사이의 관계는 다루지 않고, 삼각비 값은 0도에서 90도까지의 각도만 다루며, 원과 비례에 관한 성질과 지나치게 복잡한 넓이·둘레·겉넓이·부피 문제는 다루지 않음",
m1_geo_tangent_ratio__prerequisite_for__m1_mis_trig_relation_scope,m1_geo_tangent_ratio,탄젠트,중3(교육과정 학년군: 중1-3),도형과 측정,삼각비,m1_mis_trig_relation_scope,삼각비 사이의 관계를 교육과정 범위로 오해하는 오류,중3(교육과정 학년군: 중1-3),도형과 측정,삼각비,same_unit,low,1,"curriculum_math_2022:printed p. 39; achievement-standard considerations - 삼각비 사이의 관계는 다루지 않고, 삼각비 값은 0도에서 90도까지의 각도만 다루며, 원과 비례에 관한 성질과 지나치게 복잡한 넓이·둘레·겉넓이·부피 문제는 다루지 않음",
m1_geo_circle__prerequisite_for__m1_geo_sector,m1_geo_circle,원,중3(교육과정 학년군: 중1-3),도형과 측정,원의 성질,m1_geo_sector,부채꼴,중1(교육과정 학년군: 중1-3),도형과 측정,평면도형의 성질,cross_grade_same_domain,high,3,"curriculum_math_2022:printed pp. 38-39; terms and symbols for 도형과 측정 - 교점, 교선, 두 점 사이의 거리, 중점, 수직이등분선, 꼬인 위치, 교각, 맞꼭지각, 엇각, 동위각, 평각, 직교, 수선의 발, 작도, 대변, 대각, 삼각형의 합동 조건, 내각, 외각, 부채꼴, 중심각, 호, 현, 활꼴, 할선, 다면체, 각뿔대, 정다면체, 회전체, 회전축, 원뿔대, 증명, 접선, 접점, 접한다, 외심, 외접, 외접원, 내심, 내접, 내접원, 중선, 무게중심, 닮음, 닮음비, 삼각형의 닮음 조건, 피타고라스 정리, 삼각비, 사인, 코사인, 탄젠트, 원주각 등을 다룸; curriculum_math_2022:printed p. 38; [9수03-06] - 부채꼴의 중심각과 호의 관계를 이해하고 호의 길이와 넓이를 구하는 성취기준; achievement_math_2022:평면도형의 성질 section; [9수03-06] achievement levels - 부채꼴, 중심각, 호의 관계를 이해하고 부채꼴의 호의 길이와 넓이를 구하는 수준을 구분",
m1_geo_circle__prerequisite_for__m1_geo_central_angle,m1_geo_circle,원,중3(교육과정 학년군: 중1-3),도형과 측정,원의 성질,m1_geo_central_angle,중심각,중1(교육과정 학년군: 중1-3),도형과 측정,평면도형의 성질,cross_grade_same_domain,high,3,"curriculum_math_2022:printed pp. 38-39; terms and symbols for 도형과 측정 - 교점, 교선, 두 점 사이의 거리, 중점, 수직이등분선, 꼬인 위치, 교각, 맞꼭지각, 엇각, 동위각, 평각, 직교, 수선의 발, 작도, 대변, 대각, 삼각형의 합동 조건, 내각, 외각, 부채꼴, 중심각, 호, 현, 활꼴, 할선, 다면체, 각뿔대, 정다면체, 회전체, 회전축, 원뿔대, 증명, 접선, 접점, 접한다, 외심, 외접, 외접원, 내심, 내접, 내접원, 중선, 무게중심, 닮음, 닮음비, 삼각형의 닮음 조건, 피타고라스 정리, 삼각비, 사인, 코사인, 탄젠트, 원주각 등을 다룸; curriculum_math_2022:printed p. 38; [9수03-06] - 부채꼴의 중심각과 호의 관계를 이해하고 호의 길이와 넓이를 구하는 성취기준; achievement_math_2022:평면도형의 성질 section; [9수03-06] achievement levels - 부채꼴, 중심각, 호의 관계를 이해하고 부채꼴의 호의 길이와 넓이를 구하는 수준을 구분",
m1_geo_circle__prerequisite_for__m1_geo_secant,m1_geo_circle,원,중3(교육과정 학년군: 중1-3),도형과 측정,원의 성질,m1_geo_secant,할선,중1(교육과정 학년군: 중1-3),도형과 측정,평면도형의 성질,cross_grade_same_domain,high,2,"curriculum_math_2022:printed pp. 38-39; terms and symbols for 도형과 측정 - 교점, 교선, 두 점 사이의 거리, 중점, 수직이등분선, 꼬인 위치, 교각, 맞꼭지각, 엇각, 동위각, 평각, 직교, 수선의 발, 작도, 대변, 대각, 삼각형의 합동 조건, 내각, 외각, 부채꼴, 중심각, 호, 현, 활꼴, 할선, 다면체, 각뿔대, 정다면체, 회전체, 회전축, 원뿔대, 증명, 접선, 접점, 접한다, 외심, 외접, 외접원, 내심, 내접, 내접원, 중선, 무게중심, 닮음, 닮음비, 삼각형의 닮음 조건, 피타고라스 정리, 삼각비, 사인, 코사인, 탄젠트, 원주각 등을 다룸; curriculum_math_2022:printed p. 38; [9수03-06] - 부채꼴의 중심각과 호의 관계를 이해하고 호의 길이와 넓이를 구하는 성취기준",
m1_geo_circle__prerequisite_for__m1_geo_chord,m1_geo_circle,원,중3(교육과정 학년군: 중1-3),도형과 측정,원의 성질,m1_geo_chord,현,중1(교육과정 학년군: 중1-3),도형과 측정,평면도형의 성질,cross_grade_same_domain,high,5,"curriculum_math_2022:printed pp. 38-39; terms and symbols for 도형과 측정 - 교점, 교선, 두 점 사이의 거리, 중점, 수직이등분선, 꼬인 위치, 교각, 맞꼭지각, 엇각, 동위각, 평각, 직교, 수선의 발, 작도, 대변, 대각, 삼각형의 합동 조건, 내각, 외각, 부채꼴, 중심각, 호, 현, 활꼴, 할선, 다면체, 각뿔대, 정다면체, 회전체, 회전축, 원뿔대, 증명, 접선, 접점, 접한다, 외심, 외접, 외접원, 내심, 내접, 내접원, 중선, 무게중심, 닮음, 닮음비, 삼각형의 닮음 조건, 피타고라스 정리, 삼각비, 사인, 코사인, 탄젠트, 원주각 등을 다룸; curriculum_math_2022:printed p. 38; [9수03-06] - 부채꼴의 중심각과 호의 관계를 이해하고 호의 길이와 넓이를 구하는 성취기준; curriculum_math_2022:printed p. 38; [9수03-18] - 원의 현과 접선에 관한 성질을 이해하고 정당화하는 성취기준; achievement_math_2022:평면도형의 성질 section; [9수03-06] achievement levels - 부채꼴, 중심각, 호의 관계를 이해하고 부채꼴의 호의 길이와 넓이를 구하는 수준을 구분; achievement_math_2022:원의 성질 section; [9수03-18]~[9수03-19] achievement levels - 원의 현과 접선에 관한 성질, 원주각의 성질을 이해하고 정당화하는 수준을 구분",
m1_geo_circle__prerequisite_for__m1_geo_arc,m1_geo_circle,원,중3(교육과정 학년군: 중1-3),도형과 측정,원의 성질,m1_geo_arc,호,중1(교육과정 학년군: 중1-3),도형과 측정,평면도형의 성질,cross_grade_same_domain,high,3,"curriculum_math_2022:printed pp. 38-39; terms and symbols for 도형과 측정 - 교점, 교선, 두 점 사이의 거리, 중점, 수직이등분선, 꼬인 위치, 교각, 맞꼭지각, 엇각, 동위각, 평각, 직교, 수선의 발, 작도, 대변, 대각, 삼각형의 합동 조건, 내각, 외각, 부채꼴, 중심각, 호, 현, 활꼴, 할선, 다면체, 각뿔대, 정다면체, 회전체, 회전축, 원뿔대, 증명, 접선, 접점, 접한다, 외심, 외접, 외접원, 내심, 내접, 내접원, 중선, 무게중심, 닮음, 닮음비, 삼각형의 닮음 조건, 피타고라스 정리, 삼각비, 사인, 코사인, 탄젠트, 원주각 등을 다룸; curriculum_math_2022:printed p. 38; [9수03-06] - 부채꼴의 중심각과 호의 관계를 이해하고 호의 길이와 넓이를 구하는 성취기준; achievement_math_2022:평면도형의 성질 section; [9수03-06] achievement levels - 부채꼴, 중심각, 호의 관계를 이해하고 부채꼴의 호의 길이와 넓이를 구하는 수준을 구분",
m1_geo_circle__prerequisite_for__m1_geo_incircle,m1_geo_circle,원,중3(교육과정 학년군: 중1-3),도형과 측정,원의 성질,m1_geo_incircle,내접원,중2(교육과정 학년군: 중1-3),도형과 측정,삼각형과 사각형의 성질,cross_grade_same_domain,high,3,"curriculum_math_2022:printed pp. 38-39; terms and symbols for 도형과 측정 - 교점, 교선, 두 점 사이의 거리, 중점, 수직이등분선, 꼬인 위치, 교각, 맞꼭지각, 엇각, 동위각, 평각, 직교, 수선의 발, 작도, 대변, 대각, 삼각형의 합동 조건, 내각, 외각, 부채꼴, 중심각, 호, 현, 활꼴, 할선, 다면체, 각뿔대, 정다면체, 회전체, 회전축, 원뿔대, 증명, 접선, 접점, 접한다, 외심, 외접, 외접원, 내심, 내접, 내접원, 중선, 무게중심, 닮음, 닮음비, 삼각형의 닮음 조건, 피타고라스 정리, 삼각비, 사인, 코사인, 탄젠트, 원주각 등을 다룸; curriculum_math_2022:printed p. 38; [9수03-10] - 삼각형의 외심과 내심의 성질을 이해하고 정당화하는 성취기준; achievement_math_2022:삼각형과 사각형의 성질 section; [9수03-09]~[9수03-11] achievement levels - 이등변삼각형, 삼각형의 외심과 내심, 사각형의 성질과 여러 사각형 사이의 관계를 이해하고 정당화하는 수준을 구분",
m1_geo_circle__prerequisite_for__m1_geo_circumcircle,m1_geo_circle,원,중3(교육과정 학년군: 중1-3),도형과 측정,원의 성질,m1_geo_circumcircle,외접원,중2(교육과정 학년군: 중1-3),도형과 측정,삼각형과 사각형의 성질,cross_grade_same_domain,high,3,"curriculum_math_2022:printed pp. 38-39; terms and symbols for 도형과 측정 - 교점, 교선, 두 점 사이의 거리, 중점, 수직이등분선, 꼬인 위치, 교각, 맞꼭지각, 엇각, 동위각, 평각, 직교, 수선의 발, 작도, 대변, 대각, 삼각형의 합동 조건, 내각, 외각, 부채꼴, 중심각, 호, 현, 활꼴, 할선, 다면체, 각뿔대, 정다면체, 회전체, 회전축, 원뿔대, 증명, 접선, 접점, 접한다, 외심, 외접, 외접원, 내심, 내접, 내접원, 중선, 무게중심, 닮음, 닮음비, 삼각형의 닮음 조건, 피타고라스 정리, 삼각비, 사인, 코사인, 탄젠트, 원주각 등을 다룸; curriculum_math_2022:printed p. 38; [9수03-10] - 삼각형의 외심과 내심의 성질을 이해하고 정당화하는 성취기준; achievement_math_2022:삼각형과 사각형의 성질 section; [9수03-09]~[9수03-11] achievement levels - 이등변삼각형, 삼각형의 외심과 내심, 사각형의 성질과 여러 사각형 사이의 관계를 이해하고 정당화하는 수준을 구분",
m1_geo_tangent_line__prerequisite_for__m1_geo_incircle,m1_geo_tangent_line,접선,중3(교육과정 학년군: 중1-3),도형과 측정,원의 성질,m1_geo_incircle,내접원,중2(교육과정 학년군: 중1-3),도형과 측정,삼각형과 사각형의 성질,cross_grade_same_domain,high,3,"curriculum_math_2022:printed pp. 38-39; terms and symbols for 도형과 측정 - 교점, 교선, 두 점 사이의 거리, 중점, 수직이등분선, 꼬인 위치, 교각, 맞꼭지각, 엇각, 동위각, 평각, 직교, 수선의 발, 작도, 대변, 대각, 삼각형의 합동 조건, 내각, 외각, 부채꼴, 중심각, 호, 현, 활꼴, 할선, 다면체, 각뿔대, 정다면체, 회전체, 회전축, 원뿔대, 증명, 접선, 접점, 접한다, 외심, 외접, 외접원, 내심, 내접, 내접원, 중선, 무게중심, 닮음, 닮음비, 삼각형의 닮음 조건, 피타고라스 정리, 삼각비, 사인, 코사인, 탄젠트, 원주각 등을 다룸; curriculum_math_2022:printed p. 38; [9수03-10] - 삼각형의 외심과 내심의 성질을 이해하고 정당화하는 성취기준; achievement_math_2022:삼각형과 사각형의 성질 section; [9수03-09]~[9수03-11] achievement levels - 이등변삼각형, 삼각형의 외심과 내심, 사각형의 성질과 여러 사각형 사이의 관계를 이해하고 정당화하는 수준을 구분",
m1_geo_circle__prerequisite_for__m1_mis_circle_proportion_scope,m1_geo_circle,원,중3(교육과정 학년군: 중1-3),도형과 측정,원의 성질,m1_mis_circle_proportion_scope,원과 비례에 관한 성질을 범위에 포함하는 오류,중3(교육과정 학년군: 중1-3),도형과 측정,원의 성질,same_unit,low,1,"curriculum_math_2022:printed p. 39; achievement-standard considerations - 삼각비 사이의 관계는 다루지 않고, 삼각비 값은 0도에서 90도까지의 각도만 다루며, 원과 비례에 관한 성질과 지나치게 복잡한 넓이·둘레·겉넓이·부피 문제는 다루지 않음",
m1_geo_circle__prerequisite_for__m1_geo_circle_chord_property,m1_geo_circle,원,중3(교육과정 학년군: 중1-3),도형과 측정,원의 성질,m1_geo_circle_chord_property,원의 현에 관한 성질,중3(교육과정 학년군: 중1-3),도형과 측정,원의 성질,same_unit,high,2,"curriculum_math_2022:printed p. 38; [9수03-18] - 원의 현과 접선에 관한 성질을 이해하고 정당화하는 성취기준; achievement_math_2022:원의 성질 section; [9수03-18]~[9수03-19] achievement levels - 원의 현과 접선에 관한 성질, 원주각의 성질을 이해하고 정당화하는 수준을 구분",
m1_geo_circle__prerequisite_for__m1_geo_inscribed_angle,m1_geo_circle,원,중3(교육과정 학년군: 중1-3),도형과 측정,원의 성질,m1_geo_inscribed_angle,원주각,중3(교육과정 학년군: 중1-3),도형과 측정,원의 성질,same_unit,high,3,"curriculum_math_2022:printed pp. 38-39; terms and symbols for 도형과 측정 - 교점, 교선, 두 점 사이의 거리, 중점, 수직이등분선, 꼬인 위치, 교각, 맞꼭지각, 엇각, 동위각, 평각, 직교, 수선의 발, 작도, 대변, 대각, 삼각형의 합동 조건, 내각, 외각, 부채꼴, 중심각, 호, 현, 활꼴, 할선, 다면체, 각뿔대, 정다면체, 회전체, 회전축, 원뿔대, 증명, 접선, 접점, 접한다, 외심, 외접, 외접원, 내심, 내접, 내접원, 중선, 무게중심, 닮음, 닮음비, 삼각형의 닮음 조건, 피타고라스 정리, 삼각비, 사인, 코사인, 탄젠트, 원주각 등을 다룸; curriculum_math_2022:printed p. 38; [9수03-19] - 원주각의 성질을 이해하고 정당화하는 성취기준; achievement_math_2022:원의 성질 section; [9수03-18]~[9수03-19] achievement levels - 원의 현과 접선에 관한 성질, 원주각의 성질을 이해하고 정당화하는 수준을 구분",
m1_geo_circle__prerequisite_for__m1_geo_tangent_line,m1_geo_circle,원,중3(교육과정 학년군: 중1-3),도형과 측정,원의 성질,m1_geo_tangent_line,접선,중3(교육과정 학년군: 중1-3),도형과 측정,원의 성질,same_unit,high,3,"curriculum_math_2022:printed pp. 38-39; terms and symbols for 도형과 측정 - 교점, 교선, 두 점 사이의 거리, 중점, 수직이등분선, 꼬인 위치, 교각, 맞꼭지각, 엇각, 동위각, 평각, 직교, 수선의 발, 작도, 대변, 대각, 삼각형의 합동 조건, 내각, 외각, 부채꼴, 중심각, 호, 현, 활꼴, 할선, 다면체, 각뿔대, 정다면체, 회전체, 회전축, 원뿔대, 증명, 접선, 접점, 접한다, 외심, 외접, 외접원, 내심, 내접, 내접원, 중선, 무게중심, 닮음, 닮음비, 삼각형의 닮음 조건, 피타고라스 정리, 삼각비, 사인, 코사인, 탄젠트, 원주각 등을 다룸; curriculum_math_2022:printed p. 38; [9수03-18] - 원의 현과 접선에 관한 성질을 이해하고 정당화하는 성취기준; achievement_math_2022:원의 성질 section; [9수03-18]~[9수03-19] achievement levels - 원의 현과 접선에 관한 성질, 원주각의 성질을 이해하고 정당화하는 수준을 구분",
m1_geo_circle__prerequisite_for__m1_geo_tangent_point,m1_geo_circle,원,중3(교육과정 학년군: 중1-3),도형과 측정,원의 성질,m1_geo_tangent_point,접점,중3(교육과정 학년군: 중1-3),도형과 측정,원의 성질,same_unit,high,3,"curriculum_math_2022:printed pp. 38-39; terms and symbols for 도형과 측정 - 교점, 교선, 두 점 사이의 거리, 중점, 수직이등분선, 꼬인 위치, 교각, 맞꼭지각, 엇각, 동위각, 평각, 직교, 수선의 발, 작도, 대변, 대각, 삼각형의 합동 조건, 내각, 외각, 부채꼴, 중심각, 호, 현, 활꼴, 할선, 다면체, 각뿔대, 정다면체, 회전체, 회전축, 원뿔대, 증명, 접선, 접점, 접한다, 외심, 외접, 외접원, 내심, 내접, 내접원, 중선, 무게중심, 닮음, 닮음비, 삼각형의 닮음 조건, 피타고라스 정리, 삼각비, 사인, 코사인, 탄젠트, 원주각 등을 다룸; curriculum_math_2022:printed p. 38; [9수03-18] - 원의 현과 접선에 관한 성질을 이해하고 정당화하는 성취기준; achievement_math_2022:원의 성질 section; [9수03-18]~[9수03-19] achievement levels - 원의 현과 접선에 관한 성질, 원주각의 성질을 이해하고 정당화하는 수준을 구분",
m1_geo_tangent_property__prerequisite_for__m1_geo_circle_justification,m1_geo_tangent_property,원의 접선에 관한 성질,중3(교육과정 학년군: 중1-3),도형과 측정,원의 성질,m1_geo_circle_justification,원의 성질 정당화,중3(교육과정 학년군: 중1-3),도형과 측정,원의 성질,same_unit,high,4,"curriculum_math_2022:printed p. 38; [9수03-18] - 원의 현과 접선에 관한 성질을 이해하고 정당화하는 성취기준; curriculum_math_2022:printed p. 38; [9수03-19] - 원주각의 성질을 이해하고 정당화하는 성취기준; curriculum_math_2022:printed pp. 38-39; [9수03-09], [9수03-11] explanation and considerations - 도형 성질의 정당화 방법으로 관찰, 실험, 근거 제시, 유사성에 근거한 추론, 증명을 학생 수준에 맞게 활용하되 증명에서 가정과 결론 용어는 다루지 않음; achievement_math_2022:원의 성질 section; [9수03-18]~[9수03-19] achievement levels - 원의 현과 접선에 관한 성질, 원주각의 성질을 이해하고 정당화하는 수준을 구분",
m1_geo_tangent_property__prerequisite_for__m1_mis_tangent_radius,m1_geo_tangent_property,원의 접선에 관한 성질,중3(교육과정 학년군: 중1-3),도형과 측정,원의 성질,m1_mis_tangent_radius,접선과 반지름의 수직 관계를 놓치는 오류,중3(교육과정 학년군: 중1-3),도형과 측정,원의 성질,same_unit,low,2,"curriculum_math_2022:printed p. 38; [9수03-18] - 원의 현과 접선에 관한 성질을 이해하고 정당화하는 성취기준; achievement_math_2022:원의 성질 section; [9수03-18]~[9수03-19] achievement levels - 원의 현과 접선에 관한 성질, 원주각의 성질을 이해하고 정당화하는 수준을 구분",
m1_geo_tangent_property__prerequisite_for__m1_geo_tangent_length,m1_geo_tangent_property,원의 접선에 관한 성질,중3(교육과정 학년군: 중1-3),도형과 측정,원의 성질,m1_geo_tangent_length,접선의 길이,중3(교육과정 학년군: 중1-3),도형과 측정,원의 성질,same_unit,medium,2,"curriculum_math_2022:printed p. 39; terms usable in teaching and learning situations - (도형의) 대응, 삼각형의 중점연결정리, 접선의 길이는 교수·학습 상황에서 사용할 수 있음; achievement_math_2022:원의 성질 section; [9수03-18]~[9수03-19] achievement levels - 원의 현과 접선에 관한 성질, 원주각의 성질을 이해하고 정당화하는 수준을 구분",
m1_geo_circle_chord_property__prerequisite_for__m1_geo_circle_justification,m1_geo_circle_chord_property,원의 현에 관한 성질,중3(교육과정 학년군: 중1-3),도형과 측정,원의 성질,m1_geo_circle_justification,원의 성질 정당화,중3(교육과정 학년군: 중1-3),도형과 측정,원의 성질,same_unit,high,4,"curriculum_math_2022:printed p. 38; [9수03-18] - 원의 현과 접선에 관한 성질을 이해하고 정당화하는 성취기준; curriculum_math_2022:printed p. 38; [9수03-19] - 원주각의 성질을 이해하고 정당화하는 성취기준; curriculum_math_2022:printed pp. 38-39; [9수03-09], [9수03-11] explanation and considerations - 도형 성질의 정당화 방법으로 관찰, 실험, 근거 제시, 유사성에 근거한 추론, 증명을 학생 수준에 맞게 활용하되 증명에서 가정과 결론 용어는 다루지 않음; achievement_math_2022:원의 성질 section; [9수03-18]~[9수03-19] achievement levels - 원의 현과 접선에 관한 성질, 원주각의 성질을 이해하고 정당화하는 수준을 구분",
m1_geo_inscribed_angle__prerequisite_for__m1_geo_inscribed_angle_property,m1_geo_inscribed_angle,원주각,중3(교육과정 학년군: 중1-3),도형과 측정,원의 성질,m1_geo_inscribed_angle_property,원주각의 성질,중3(교육과정 학년군: 중1-3),도형과 측정,원의 성질,same_unit,high,2,"curriculum_math_2022:printed p. 38; [9수03-19] - 원주각의 성질을 이해하고 정당화하는 성취기준; achievement_math_2022:원의 성질 section; [9수03-18]~[9수03-19] achievement levels - 원의 현과 접선에 관한 성질, 원주각의 성질을 이해하고 정당화하는 수준을 구분",
m1_geo_inscribed_angle_property__prerequisite_for__m1_geo_circle_justification,m1_geo_inscribed_angle_property,원주각의 성질,중3(교육과정 학년군: 중1-3),도형과 측정,원의 성질,m1_geo_circle_justification,원의 성질 정당화,중3(교육과정 학년군: 중1-3),도형과 측정,원의 성질,same_unit,high,4,"curriculum_math_2022:printed p. 38; [9수03-18] - 원의 현과 접선에 관한 성질을 이해하고 정당화하는 성취기준; curriculum_math_2022:printed p. 38; [9수03-19] - 원주각의 성질을 이해하고 정당화하는 성취기준; curriculum_math_2022:printed pp. 38-39; [9수03-09], [9수03-11] explanation and considerations - 도형 성질의 정당화 방법으로 관찰, 실험, 근거 제시, 유사성에 근거한 추론, 증명을 학생 수준에 맞게 활용하되 증명에서 가정과 결론 용어는 다루지 않음; achievement_math_2022:원의 성질 section; [9수03-18]~[9수03-19] achievement levels - 원의 현과 접선에 관한 성질, 원주각의 성질을 이해하고 정당화하는 수준을 구분",
m1_geo_tangent_line__prerequisite_for__m1_geo_tangent_property,m1_geo_tangent_line,접선,중3(교육과정 학년군: 중1-3),도형과 측정,원의 성질,m1_geo_tangent_property,원의 접선에 관한 성질,중3(교육과정 학년군: 중1-3),도형과 측정,원의 성질,same_unit,high,2,"curriculum_math_2022:printed p. 38; [9수03-18] - 원의 현과 접선에 관한 성질을 이해하고 정당화하는 성취기준; achievement_math_2022:원의 성질 section; [9수03-18]~[9수03-19] achievement levels - 원의 현과 접선에 관한 성질, 원주각의 성질을 이해하고 정당화하는 수준을 구분",
m1_geo_tangent_line__prerequisite_for__m1_geo_tangent_point,m1_geo_tangent_line,접선,중3(교육과정 학년군: 중1-3),도형과 측정,원의 성질,m1_geo_tangent_point,접점,중3(교육과정 학년군: 중1-3),도형과 측정,원의 성질,same_unit,high,3,"curriculum_math_2022:printed pp. 38-39; terms and symbols for 도형과 측정 - 교점, 교선, 두 점 사이의 거리, 중점, 수직이등분선, 꼬인 위치, 교각, 맞꼭지각, 엇각, 동위각, 평각, 직교, 수선의 발, 작도, 대변, 대각, 삼각형의 합동 조건, 내각, 외각, 부채꼴, 중심각, 호, 현, 활꼴, 할선, 다면체, 각뿔대, 정다면체, 회전체, 회전축, 원뿔대, 증명, 접선, 접점, 접한다, 외심, 외접, 외접원, 내심, 내접, 내접원, 중선, 무게중심, 닮음, 닮음비, 삼각형의 닮음 조건, 피타고라스 정리, 삼각비, 사인, 코사인, 탄젠트, 원주각 등을 다룸; curriculum_math_2022:printed p. 38; [9수03-18] - 원의 현과 접선에 관한 성질을 이해하고 정당화하는 성취기준; achievement_math_2022:원의 성질 section; [9수03-18]~[9수03-19] achievement levels - 원의 현과 접선에 관한 성질, 원주각의 성질을 이해하고 정당화하는 수준을 구분",
m1_geo_tangent_line__prerequisite_for__m1_geo_tangent_relation,m1_geo_tangent_line,접선,중3(교육과정 학년군: 중1-3),도형과 측정,원의 성질,m1_geo_tangent_relation,접한다,중3(교육과정 학년군: 중1-3),도형과 측정,원의 성질,same_unit,high,3,"curriculum_math_2022:printed pp. 38-39; terms and symbols for 도형과 측정 - 교점, 교선, 두 점 사이의 거리, 중점, 수직이등분선, 꼬인 위치, 교각, 맞꼭지각, 엇각, 동위각, 평각, 직교, 수선의 발, 작도, 대변, 대각, 삼각형의 합동 조건, 내각, 외각, 부채꼴, 중심각, 호, 현, 활꼴, 할선, 다면체, 각뿔대, 정다면체, 회전체, 회전축, 원뿔대, 증명, 접선, 접점, 접한다, 외심, 외접, 외접원, 내심, 내접, 내접원, 중선, 무게중심, 닮음, 닮음비, 삼각형의 닮음 조건, 피타고라스 정리, 삼각비, 사인, 코사인, 탄젠트, 원주각 등을 다룸; curriculum_math_2022:printed p. 38; [9수03-18] - 원의 현과 접선에 관한 성질을 이해하고 정당화하는 성취기준; achievement_math_2022:원의 성질 section; [9수03-18]~[9수03-19] achievement levels - 원의 현과 접선에 관한 성질, 원주각의 성질을 이해하고 정당화하는 수준을 구분",
m1_geo_tangent_point__prerequisite_for__m1_geo_tangent_property,m1_geo_tangent_point,접점,중3(교육과정 학년군: 중1-3),도형과 측정,원의 성질,m1_geo_tangent_property,원의 접선에 관한 성질,중3(교육과정 학년군: 중1-3),도형과 측정,원의 성질,same_unit,high,2,"curriculum_math_2022:printed p. 38; [9수03-18] - 원의 현과 접선에 관한 성질을 이해하고 정당화하는 성취기준; achievement_math_2022:원의 성질 section; [9수03-18]~[9수03-19] achievement levels - 원의 현과 접선에 관한 성질, 원주각의 성질을 이해하고 정당화하는 수준을 구분",
m1_geo_tangent_point__prerequisite_for__m1_geo_tangent_relation,m1_geo_tangent_point,접점,중3(교육과정 학년군: 중1-3),도형과 측정,원의 성질,m1_geo_tangent_relation,접한다,중3(교육과정 학년군: 중1-3),도형과 측정,원의 성질,same_unit,high,3,"curriculum_math_2022:printed pp. 38-39; terms and symbols for 도형과 측정 - 교점, 교선, 두 점 사이의 거리, 중점, 수직이등분선, 꼬인 위치, 교각, 맞꼭지각, 엇각, 동위각, 평각, 직교, 수선의 발, 작도, 대변, 대각, 삼각형의 합동 조건, 내각, 외각, 부채꼴, 중심각, 호, 현, 활꼴, 할선, 다면체, 각뿔대, 정다면체, 회전체, 회전축, 원뿔대, 증명, 접선, 접점, 접한다, 외심, 외접, 외접원, 내심, 내접, 내접원, 중선, 무게중심, 닮음, 닮음비, 삼각형의 닮음 조건, 피타고라스 정리, 삼각비, 사인, 코사인, 탄젠트, 원주각 등을 다룸; curriculum_math_2022:printed p. 38; [9수03-18] - 원의 현과 접선에 관한 성질을 이해하고 정당화하는 성취기준; achievement_math_2022:원의 성질 section; [9수03-18]~[9수03-19] achievement levels - 원의 현과 접선에 관한 성질, 원주각의 성질을 이해하고 정당화하는 수준을 구분",
m1_factor_unit__prerequisite_for__m1_quad_eq_unit,m1_factor_unit,다항식의 곱셈과 인수분해,중3(교육과정 학년군: 중1-3),변화와 관계,다항식의 곱셈과 인수분해,m1_quad_eq_unit,이차방정식,중3(교육과정 학년군: 중1-3),변화와 관계,이차방정식,cross_unit_same_domain,medium,4,"curriculum_math_2022:printed p. 35; [9수02-19] - 다항식의 곱셈과 인수분해를 하는 성취기준; curriculum_math_2022:printed p. 35; [9수02-20] - 이차방정식을 풀고 활용하여 문제를 해결하는 성취기준; achievement_math_2022:다항식의 곱셈과 인수분해 section; [9수02-19] achievement levels - 다항식의 곱셈과 인수분해의 역관계 이해, 두 다항식의 곱 전개, 이차식 인수분해, 간단한 절차 수행 수준을 구분; achievement_math_2022:이차방정식 section; [9수02-20] achievement levels - 이차방정식을 풀고 과정을 설명하거나 활용하며, 이차항의 계수가 1인 이차방정식을 푸는 수준을 구분",인수분해는 이차방정식 풀이의 핵심 절차로 이어진다.
m1_factor_factorization__prerequisite_for__m1_quad_eq_factorization_solving,m1_factor_factorization,인수분해,중3(교육과정 학년군: 중1-3),변화와 관계,다항식의 곱셈과 인수분해,m1_quad_eq_factorization_solving,인수분해를 이용한 이차방정식 풀이,중3(교육과정 학년군: 중1-3),변화와 관계,이차방정식,cross_unit_same_domain,medium,2,"achievement_math_2022:다항식의 곱셈과 인수분해 section; [9수02-19] achievement levels - 다항식의 곱셈과 인수분해의 역관계 이해, 두 다항식의 곱 전개, 이차식 인수분해, 간단한 절차 수행 수준을 구분; achievement_math_2022:이차방정식 section; [9수02-20] achievement levels - 이차방정식을 풀고 과정을 설명하거나 활용하며, 이차항의 계수가 1인 이차방정식을 푸는 수준을 구분",
m1_quad_eq_unit__prerequisite_for__m1_quad_func_unit,m1_quad_eq_unit,이차방정식,중3(교육과정 학년군: 중1-3),변화와 관계,이차방정식,m1_quad_func_unit,이차함수와 그 그래프,중3(교육과정 학년군: 중1-3),변화와 관계,이차함수와 그 그래프,cross_unit_same_domain,medium,3,curriculum_math_2022:printed p. 35; [9수02-20] - 이차방정식을 풀고 활용하여 문제를 해결하는 성취기준; curriculum_math_2022:printed p. 35; [9수02-21] - 이차함수의 개념을 이해하는 성취기준; curriculum_math_2022:printed p. 35; [9수02-22] - 이차함수의 그래프를 그리고 그 성질을 설명하는 성취기준,이차식과 이차방정식의 식 처리 경험이 이차함수 식과 그래프 이해를 받친다.
m1_num_square_root__prerequisite_for__m1_geo_pythagorean_theorem,m1_num_square_root,제곱근,중3(교육과정 학년군: 중1-3),수와 연산,제곱근과 실수,m1_geo_pythagorean_theorem,피타고라스 정리,중2(교육과정 학년군: 중1-3),도형과 측정,피타고라스 정리,cross_grade_cross_domain,high,3,"curriculum_math_2022:printed pp. 38-39; terms and symbols for 도형과 측정 - 교점, 교선, 두 점 사이의 거리, 중점, 수직이등분선, 꼬인 위치, 교각, 맞꼭지각, 엇각, 동위각, 평각, 직교, 수선의 발, 작도, 대변, 대각, 삼각형의 합동 조건, 내각, 외각, 부채꼴, 중심각, 호, 현, 활꼴, 할선, 다면체, 각뿔대, 정다면체, 회전체, 회전축, 원뿔대, 증명, 접선, 접점, 접한다, 외심, 외접, 외접원, 내심, 내접, 내접원, 중선, 무게중심, 닮음, 닮음비, 삼각형의 닮음 조건, 피타고라스 정리, 삼각비, 사인, 코사인, 탄젠트, 원주각 등을 다룸; curriculum_math_2022:printed p. 38; [9수03-15] - 피타고라스 정리를 이해하고 정당화하는 성취기준; achievement_math_2022:피타고라스 정리 section; [9수03-15] achievement levels - 피타고라스 정리와 그 역을 이해하고 직각삼각형 판별에 활용하는 수준을 구분",
m1_num_square_root__prerequisite_for__m1_data_standard_deviation,m1_num_square_root,제곱근,중3(교육과정 학년군: 중1-3),수와 연산,제곱근과 실수,m1_data_standard_deviation,표준편차,중3(교육과정 학년군: 중1-3),자료와 가능성,산포도,cross_domain_same_grade,high,3,"curriculum_math_2022:printed pp. 41-42; terms and symbols for 자료와 가능성 - 변량, 대푯값, 중앙값, 최빈값, 줄기와 잎 그림, 계급, 계급의 크기, 도수, 도수분포표, 히스토그램, 도수분포다각형, 상대도수, 사건, 확률, 산포도, 편차, 분산, 표준편차, 사분위수, 상자그림, 산점도, 상관관계를 다룸; curriculum_math_2022:printed p. 41; [9수04-07] - 분산과 표준편차를 구하고 자료의 분포를 설명하는 성취기준; achievement_math_2022:자료와 가능성 section; [9수04-07] achievement levels - 산포도, 편차, 분산, 표준편차의 뜻, 분산과 표준편차 계산, 두 집단 분포 비교 수준을 구분",
m1_data_variance__prerequisite_for__m1_data_calculate_variance_sd,m1_data_variance,분산,중3(교육과정 학년군: 중1-3),자료와 가능성,산포도,m1_data_calculate_variance_sd,분산과 표준편차 구하기,중3(교육과정 학년군: 중1-3),자료와 가능성,산포도,same_unit,high,3,"curriculum_math_2022:printed p. 41; [9수04-07] - 분산과 표준편차를 구하고 자료의 분포를 설명하는 성취기준; curriculum_math_2022:printed p. 42; achievement-standard considerations - 눈금 등을 부적절하게 사용해 자료를 부정확하게 나타낸 표나 그래프의 오류를 찾고, 자료 정리·표현·대푯값·산포도 계산에 공학 도구를 활용하게 함; achievement_math_2022:자료와 가능성 section; [9수04-07] achievement levels - 산포도, 편차, 분산, 표준편차의 뜻, 분산과 표준편차 계산, 두 집단 분포 비교 수준을 구분",
m1_data_variance__prerequisite_for__m1_mis_variance_standard_deviation,m1_data_variance,분산,중3(교육과정 학년군: 중1-3),자료와 가능성,산포도,m1_mis_variance_standard_deviation,분산과 표준편차를 같은 값으로 보는 오류,중3(교육과정 학년군: 중1-3),자료와 가능성,산포도,same_unit,low,2,"curriculum_math_2022:printed p. 41; [9수04-07] - 분산과 표준편차를 구하고 자료의 분포를 설명하는 성취기준; achievement_math_2022:자료와 가능성 section; [9수04-07] achievement levels - 산포도, 편차, 분산, 표준편차의 뜻, 분산과 표준편차 계산, 두 집단 분포 비교 수준을 구분",
m1_data_variance__prerequisite_for__m1_data_standard_deviation,m1_data_variance,분산,중3(교육과정 학년군: 중1-3),자료와 가능성,산포도,m1_data_standard_deviation,표준편차,중3(교육과정 학년군: 중1-3),자료와 가능성,산포도,same_unit,high,3,"curriculum_math_2022:printed pp. 41-42; terms and symbols for 자료와 가능성 - 변량, 대푯값, 중앙값, 최빈값, 줄기와 잎 그림, 계급, 계급의 크기, 도수, 도수분포표, 히스토그램, 도수분포다각형, 상대도수, 사건, 확률, 산포도, 편차, 분산, 표준편차, 사분위수, 상자그림, 산점도, 상관관계를 다룸; curriculum_math_2022:printed p. 41; [9수04-07] - 분산과 표준편차를 구하고 자료의 분포를 설명하는 성취기준; achievement_math_2022:자료와 가능성 section; [9수04-07] achievement levels - 산포도, 편차, 분산, 표준편차의 뜻, 분산과 표준편차 계산, 두 집단 분포 비교 수준을 구분",
m1_data_deviation__prerequisite_for__m1_data_variance,m1_data_deviation,편차,중3(교육과정 학년군: 중1-3),자료와 가능성,산포도,m1_data_variance,분산,중3(교육과정 학년군: 중1-3),자료와 가능성,산포도,same_unit,high,3,"curriculum_math_2022:printed pp. 41-42; terms and symbols for 자료와 가능성 - 변량, 대푯값, 중앙값, 최빈값, 줄기와 잎 그림, 계급, 계급의 크기, 도수, 도수분포표, 히스토그램, 도수분포다각형, 상대도수, 사건, 확률, 산포도, 편차, 분산, 표준편차, 사분위수, 상자그림, 산점도, 상관관계를 다룸; curriculum_math_2022:printed p. 41; [9수04-07] - 분산과 표준편차를 구하고 자료의 분포를 설명하는 성취기준; achievement_math_2022:자료와 가능성 section; [9수04-07] achievement levels - 산포도, 편차, 분산, 표준편차의 뜻, 분산과 표준편차 계산, 두 집단 분포 비교 수준을 구분",
m1_data_deviation__prerequisite_for__m1_data_calculate_variance_sd,m1_data_deviation,편차,중3(교육과정 학년군: 중1-3),자료와 가능성,산포도,m1_data_calculate_variance_sd,분산과 표준편차 구하기,중3(교육과정 학년군: 중1-3),자료와 가능성,산포도,same_unit,high,3,"curriculum_math_2022:printed p. 41; [9수04-07] - 분산과 표준편차를 구하고 자료의 분포를 설명하는 성취기준; curriculum_math_2022:printed p. 42; achievement-standard considerations - 눈금 등을 부적절하게 사용해 자료를 부정확하게 나타낸 표나 그래프의 오류를 찾고, 자료 정리·표현·대푯값·산포도 계산에 공학 도구를 활용하게 함; achievement_math_2022:자료와 가능성 section; [9수04-07] achievement levels - 산포도, 편차, 분산, 표준편차의 뜻, 분산과 표준편차 계산, 두 집단 분포 비교 수준을 구분",
m1_data_standard_deviation__prerequisite_for__m1_data_calculate_variance_sd,m1_data_standard_deviation,표준편차,중3(교육과정 학년군: 중1-3),자료와 가능성,산포도,m1_data_calculate_variance_sd,분산과 표준편차 구하기,중3(교육과정 학년군: 중1-3),자료와 가능성,산포도,same_unit,high,3,"curriculum_math_2022:printed p. 41; [9수04-07] - 분산과 표준편차를 구하고 자료의 분포를 설명하는 성취기준; curriculum_math_2022:printed p. 42; achievement-standard considerations - 눈금 등을 부적절하게 사용해 자료를 부정확하게 나타낸 표나 그래프의 오류를 찾고, 자료 정리·표현·대푯값·산포도 계산에 공학 도구를 활용하게 함; achievement_math_2022:자료와 가능성 section; [9수04-07] achievement levels - 산포도, 편차, 분산, 표준편차의 뜻, 분산과 표준편차 계산, 두 집단 분포 비교 수준을 구분",
m1_data_standard_deviation__prerequisite_for__m1_mis_variance_standard_deviation,m1_data_standard_deviation,표준편차,중3(교육과정 학년군: 중1-3),자료와 가능성,산포도,m1_mis_variance_standard_deviation,분산과 표준편차를 같은 값으로 보는 오류,중3(교육과정 학년군: 중1-3),자료와 가능성,산포도,same_unit,low,2,"curriculum_math_2022:printed p. 41; [9수04-07] - 분산과 표준편차를 구하고 자료의 분포를 설명하는 성취기준; achievement_math_2022:자료와 가능성 section; [9수04-07] achievement levels - 산포도, 편차, 분산, 표준편차의 뜻, 분산과 표준편차 계산, 두 집단 분포 비교 수준을 구분",
m1_data_standard_deviation__prerequisite_for__m1_data_compare_distributions_variability,m1_data_standard_deviation,표준편차,중3(교육과정 학년군: 중1-3),자료와 가능성,산포도,m1_data_compare_distributions_variability,산포도로 두 집단의 분포 비교,중3(교육과정 학년군: 중1-3),자료와 가능성,산포도,same_unit,high,2,"curriculum_math_2022:printed p. 41; [9수04-07] - 분산과 표준편차를 구하고 자료의 분포를 설명하는 성취기준; achievement_math_2022:자료와 가능성 section; [9수04-07] achievement levels - 산포도, 편차, 분산, 표준편차의 뜻, 분산과 표준편차 계산, 두 집단 분포 비교 수준을 구분",
m1_data_variability_unit__prerequisite_for__m1_data_box_scatter_unit,m1_data_variability_unit,산포도,중3(교육과정 학년군: 중1-3),자료와 가능성,산포도,m1_data_box_scatter_unit,상자그림과 산점도,중3(교육과정 학년군: 중1-3),자료와 가능성,상자그림과 산점도,cross_unit_same_domain,high,4,"curriculum_math_2022:printed p. 41; [9수04-08] - 공학 도구를 이용하여 자료를 상자그림으로 나타내고 분포를 비교하는 성취기준; curriculum_math_2022:printed p. 41; [9수04-09] - 자료를 산점도로 나타내고 상관관계를 말하는 성취기준; curriculum_math_2022:printed pp. 41-42; achievement-standard considerations - 순열·조합을 이용하면 쉽게 해결되는 복잡한 경우의 수 문제는 다루지 않고, 확률에서 각 경우가 발생할 가능성이 동등하다는 가정을 유의하게 하며, 상자그림은 두 집단 분포 비교에 중점을 둠; achievement_math_2022:자료와 가능성 section; [9수04-08]~[9수04-09] achievement levels - 공학 도구로 사분위수와 상자그림을 구해 두 집단의 분포를 비교하고, 산점도와 상관관계를 말하는 수준을 구분",
m1_data_quartile__prerequisite_for__m1_data_box_plot,m1_data_quartile,사분위수,중3(교육과정 학년군: 중1-3),자료와 가능성,상자그림과 산점도,m1_data_box_plot,상자그림,중3(교육과정 학년군: 중1-3),자료와 가능성,상자그림과 산점도,same_unit,high,4,"curriculum_math_2022:printed pp. 41-42; terms and symbols for 자료와 가능성 - 변량, 대푯값, 중앙값, 최빈값, 줄기와 잎 그림, 계급, 계급의 크기, 도수, 도수분포표, 히스토그램, 도수분포다각형, 상대도수, 사건, 확률, 산포도, 편차, 분산, 표준편차, 사분위수, 상자그림, 산점도, 상관관계를 다룸; curriculum_math_2022:printed p. 41; [9수04-08] - 공학 도구를 이용하여 자료를 상자그림으로 나타내고 분포를 비교하는 성취기준; curriculum_math_2022:printed pp. 41-42; achievement-standard considerations - 순열·조합을 이용하면 쉽게 해결되는 복잡한 경우의 수 문제는 다루지 않고, 확률에서 각 경우가 발생할 가능성이 동등하다는 가정을 유의하게 하며, 상자그림은 두 집단 분포 비교에 중점을 둠; achievement_math_2022:자료와 가능성 section; [9수04-08]~[9수04-09] achievement levels - 공학 도구로 사분위수와 상자그림을 구해 두 집단의 분포를 비교하고, 산점도와 상관관계를 말하는 수준을 구분",
m1_data_scatter_plot__prerequisite_for__m1_data_scatter_plot_interpretation,m1_data_scatter_plot,산점도,중3(교육과정 학년군: 중1-3),자료와 가능성,상자그림과 산점도,m1_data_scatter_plot_interpretation,산점도로 상관관계 말하기,중3(교육과정 학년군: 중1-3),자료와 가능성,상자그림과 산점도,same_unit,high,3,"curriculum_math_2022:printed p. 41; [9수04-09] - 자료를 산점도로 나타내고 상관관계를 말하는 성취기준; curriculum_math_2022:printed pp. 41-42; achievement-standard considerations - 순열·조합을 이용하면 쉽게 해결되는 복잡한 경우의 수 문제는 다루지 않고, 확률에서 각 경우가 발생할 가능성이 동등하다는 가정을 유의하게 하며, 상자그림은 두 집단 분포 비교에 중점을 둠; achievement_math_2022:자료와 가능성 section; [9수04-08]~[9수04-09] achievement levels - 공학 도구로 사분위수와 상자그림을 구해 두 집단의 분포를 비교하고, 산점도와 상관관계를 말하는 수준을 구분",
m1_data_scatter_plot__prerequisite_for__m1_data_correlation,m1_data_scatter_plot,산점도,중3(교육과정 학년군: 중1-3),자료와 가능성,상자그림과 산점도,m1_data_correlation,상관관계,중3(교육과정 학년군: 중1-3),자료와 가능성,상자그림과 산점도,same_unit,high,3,"curriculum_math_2022:printed pp. 41-42; terms and symbols for 자료와 가능성 - 변량, 대푯값, 중앙값, 최빈값, 줄기와 잎 그림, 계급, 계급의 크기, 도수, 도수분포표, 히스토그램, 도수분포다각형, 상대도수, 사건, 확률, 산포도, 편차, 분산, 표준편차, 사분위수, 상자그림, 산점도, 상관관계를 다룸; curriculum_math_2022:printed p. 41; [9수04-09] - 자료를 산점도로 나타내고 상관관계를 말하는 성취기준; achievement_math_2022:자료와 가능성 section; [9수04-08]~[9수04-09] achievement levels - 공학 도구로 사분위수와 상자그림을 구해 두 집단의 분포를 비교하고, 산점도와 상관관계를 말하는 수준을 구분",
m1_data_correlation__prerequisite_for__m1_data_scatter_plot_interpretation,m1_data_correlation,상관관계,중3(교육과정 학년군: 중1-3),자료와 가능성,상자그림과 산점도,m1_data_scatter_plot_interpretation,산점도로 상관관계 말하기,중3(교육과정 학년군: 중1-3),자료와 가능성,상자그림과 산점도,same_unit,high,3,"curriculum_math_2022:printed p. 41; [9수04-09] - 자료를 산점도로 나타내고 상관관계를 말하는 성취기준; curriculum_math_2022:printed pp. 41-42; achievement-standard considerations - 순열·조합을 이용하면 쉽게 해결되는 복잡한 경우의 수 문제는 다루지 않고, 확률에서 각 경우가 발생할 가능성이 동등하다는 가정을 유의하게 하며, 상자그림은 두 집단 분포 비교에 중점을 둠; achievement_math_2022:자료와 가능성 section; [9수04-08]~[9수04-09] achievement levels - 공학 도구로 사분위수와 상자그림을 구해 두 집단의 분포를 비교하고, 산점도와 상관관계를 말하는 수준을 구분",
m1_data_correlation__prerequisite_for__m1_data_no_correlation,m1_data_correlation,상관관계,중3(교육과정 학년군: 중1-3),자료와 가능성,상자그림과 산점도,m1_data_no_correlation,상관관계가 없는 경우,중3(교육과정 학년군: 중1-3),자료와 가능성,상자그림과 산점도,same_unit,high,2,"curriculum_math_2022:printed pp. 41-42; achievement-standard considerations - 순열·조합을 이용하면 쉽게 해결되는 복잡한 경우의 수 문제는 다루지 않고, 확률에서 각 경우가 발생할 가능성이 동등하다는 가정을 유의하게 하며, 상자그림은 두 집단 분포 비교에 중점을 둠; achievement_math_2022:자료와 가능성 section; [9수04-08]~[9수04-09] achievement levels - 공학 도구로 사분위수와 상자그림을 구해 두 집단의 분포를 비교하고, 산점도와 상관관계를 말하는 수준을 구분",
m1_data_correlation__prerequisite_for__m1_mis_correlation_causation,m1_data_correlation,상관관계,중3(교육과정 학년군: 중1-3),자료와 가능성,상자그림과 산점도,m1_mis_correlation_causation,상관관계를 원인과 결과로 단정하는 오류,중3(교육과정 학년군: 중1-3),자료와 가능성,상자그림과 산점도,same_unit,low,3,"curriculum_math_2022:printed p. 41; [9수04-09] - 자료를 산점도로 나타내고 상관관계를 말하는 성취기준; curriculum_math_2022:printed pp. 41-42; achievement-standard considerations - 순열·조합을 이용하면 쉽게 해결되는 복잡한 경우의 수 문제는 다루지 않고, 확률에서 각 경우가 발생할 가능성이 동등하다는 가정을 유의하게 하며, 상자그림은 두 집단 분포 비교에 중점을 둠; achievement_math_2022:자료와 가능성 section; [9수04-08]~[9수04-09] achievement levels - 공학 도구로 사분위수와 상자그림을 구해 두 집단의 분포를 비교하고, 산점도와 상관관계를 말하는 수준을 구분",
m1_data_correlation__prerequisite_for__m1_data_positive_correlation,m1_data_correlation,상관관계,중3(교육과정 학년군: 중1-3),자료와 가능성,상자그림과 산점도,m1_data_positive_correlation,양의 상관관계,중3(교육과정 학년군: 중1-3),자료와 가능성,상자그림과 산점도,same_unit,high,2,"curriculum_math_2022:printed pp. 41-42; achievement-standard considerations - 순열·조합을 이용하면 쉽게 해결되는 복잡한 경우의 수 문제는 다루지 않고, 확률에서 각 경우가 발생할 가능성이 동등하다는 가정을 유의하게 하며, 상자그림은 두 집단 분포 비교에 중점을 둠; achievement_math_2022:자료와 가능성 section; [9수04-08]~[9수04-09] achievement levels - 공학 도구로 사분위수와 상자그림을 구해 두 집단의 분포를 비교하고, 산점도와 상관관계를 말하는 수준을 구분",
m1_data_correlation__prerequisite_for__m1_data_negative_correlation,m1_data_correlation,상관관계,중3(교육과정 학년군: 중1-3),자료와 가능성,상자그림과 산점도,m1_data_negative_correlation,음의 상관관계,중3(교육과정 학년군: 중1-3),자료와 가능성,상자그림과 산점도,same_unit,high,2,"curriculum_math_2022:printed pp. 41-42; achievement-standard considerations - 순열·조합을 이용하면 쉽게 해결되는 복잡한 경우의 수 문제는 다루지 않고, 확률에서 각 경우가 발생할 가능성이 동등하다는 가정을 유의하게 하며, 상자그림은 두 집단 분포 비교에 중점을 둠; achievement_math_2022:자료와 가능성 section; [9수04-08]~[9수04-09] achievement levels - 공학 도구로 사분위수와 상자그림을 구해 두 집단의 분포를 비교하고, 산점도와 상관관계를 말하는 수준을 구분",
m1_data_box_plot__prerequisite_for__m1_data_box_plot_compare,m1_data_box_plot,상자그림,중3(교육과정 학년군: 중1-3),자료와 가능성,상자그림과 산점도,m1_data_box_plot_compare,상자그림으로 두 집단의 분포 비교,중3(교육과정 학년군: 중1-3),자료와 가능성,상자그림과 산점도,same_unit,high,3,"curriculum_math_2022:printed p. 41; [9수04-08] - 공학 도구를 이용하여 자료를 상자그림으로 나타내고 분포를 비교하는 성취기준; curriculum_math_2022:printed pp. 41-42; achievement-standard considerations - 순열·조합을 이용하면 쉽게 해결되는 복잡한 경우의 수 문제는 다루지 않고, 확률에서 각 경우가 발생할 가능성이 동등하다는 가정을 유의하게 하며, 상자그림은 두 집단 분포 비교에 중점을 둠; achievement_math_2022:자료와 가능성 section; [9수04-08]~[9수04-09] achievement levels - 공학 도구로 사분위수와 상자그림을 구해 두 집단의 분포를 비교하고, 산점도와 상관관계를 말하는 수준을 구분",
