packet_rank,grade,domain,unit,edge_id,edge_scope,source_id,source_label_ko,source_unit,target_id,target_label_ko,target_unit,relationship_type,confidence,source_ref_count,current_source_refs,notes,required_evidence_fields,evidence_focus,extraction_status,structure_ref,prerequisite_ref,representation_ref,procedure_ref,contrast_ref,misconception_ref,problem_pattern_ref,related_ref,textbook_page_refs,extraction_notes
4,중3(교육과정 학년군: 중1-3),변화와 관계,이차함수와 그 그래프,m1_quad_func_unit__contains__m1_mis_axis_vertex,intra_unit,m1_quad_func_unit,이차함수와 그 그래프,이차함수와 그 그래프,m1_mis_axis_vertex,포물선의 축과 꼭짓점을 혼동하는 오류,이차함수와 그 그래프,contains,low,3,"curriculum_math_2022: printed p. 36; terms and symbols for 변화와 관계; term_list; 대입, 다항식, 항, 단항식, 상수항, 계수, 차수, 일차식, 동류항, 등식, 방정식, 미지수, 해, 근, 항등식, 이항, 일차방정식, 변수, 좌표, 그래프, 인수, 인수분해, 완전제곱식, 이차방정식, 중근, 근의 공식, 이차함수, 포물선, 축, 꼭짓점, 최댓값, 최솟값 등을 다룸 | curriculum_math_2022: printed p. 35; [9수02-22]; achievement_standard; 이차함수의 그래프를 그리고 그 성질을 설명하는 성취기준 | achievement_math_2022: 이차함수와 그 그래프 section; [9수02-22] achievement levels; achievement_level; y=ax^2, y=a(x-p)^2+q, y=ax^2+bx+c 꼴의 이차함수 그래프를 그리고 성질을 설명하는 수준을 구분",,structure_ref;textbook_page_refs;extraction_notes,Find textbook structure evidence for the containment relation.,pending_textbook_pdf,,,,,,,,,,
4,중3(교육과정 학년군: 중1-3),변화와 관계,이차함수와 그 그래프,m1_quad_func_unit__contains__m1_mis_max_min_scope,intra_unit,m1_quad_func_unit,이차함수와 그 그래프,이차함수와 그 그래프,m1_mis_max_min_scope,최댓값·최솟값의 범위를 임의로 확장하는 오류,이차함수와 그 그래프,contains,low,1,"curriculum_math_2022: printed p. 36; achievement-standard considerations; teaching_note; 이차함수의 최댓값과 최솟값은 x의 범위가 실수 전체인 경우만 다루고, 이차방정식은 해가 실수인 경우만 다루며 근과 계수와의 관계는 다루지 않음",,structure_ref;textbook_page_refs;extraction_notes,Find textbook structure evidence for the containment relation.,pending_textbook_pdf,,,,,,,,,,
4,중3(교육과정 학년군: 중1-3),변화와 관계,이차함수와 그 그래프,m1_quad_func_unit__contains__m1_mis_quadratic_function_equation,intra_unit,m1_quad_func_unit,이차함수와 그 그래프,이차함수와 그 그래프,m1_mis_quadratic_function_equation,이차함수와 이차방정식을 혼동하는 오류,이차함수와 그 그래프,contains,low,4,"curriculum_math_2022: printed p. 35; [9수02-20]; achievement_standard; 이차방정식을 풀고 활용하여 문제를 해결하는 성취기준 | curriculum_math_2022: printed p. 35; [9수02-21]; achievement_standard; 이차함수의 개념을 이해하는 성취기준 | achievement_math_2022: 이차함수와 그 그래프 section; [9수02-21] achievement levels; achievement_level; 주어진 상황을 식으로 나타내어 이차함수인지 판단하거나 주어진 함수 중 이차함수를 찾는 수준을 구분 | achievement_math_2022: 이차방정식 section; [9수02-20] achievement levels; achievement_level; 이차방정식을 풀고 과정을 설명하거나 활용하며, 이차항의 계수가 1인 이차방정식을 푸는 수준을 구분",,structure_ref;textbook_page_refs;extraction_notes,Find textbook structure evidence for the containment relation.,pending_textbook_pdf,,,,,,,,,,
4,중3(교육과정 학년군: 중1-3),변화와 관계,이차함수와 그 그래프,m1_mis_axis_vertex__often_confused_with__m1_quad_func_axis,intra_unit,m1_mis_axis_vertex,포물선의 축과 꼭짓점을 혼동하는 오류,이차함수와 그 그래프,m1_quad_func_axis,축,이차함수와 그 그래프,often_confused_with,low,2,"curriculum_math_2022: printed p. 36; terms and symbols for 변화와 관계; term_list; 대입, 다항식, 항, 단항식, 상수항, 계수, 차수, 일차식, 동류항, 등식, 방정식, 미지수, 해, 근, 항등식, 이항, 일차방정식, 변수, 좌표, 그래프, 인수, 인수분해, 완전제곱식, 이차방정식, 중근, 근의 공식, 이차함수, 포물선, 축, 꼭짓점, 최댓값, 최솟값 등을 다룸 | achievement_math_2022: 이차함수와 그 그래프 section; [9수02-22] achievement levels; achievement_level; y=ax^2, y=a(x-p)^2+q, y=ax^2+bx+c 꼴의 이차함수 그래프를 그리고 성질을 설명하는 수준을 구분",,misconception_ref;problem_pattern_ref;textbook_page_refs;extraction_notes,"Find misconception, caution, example, or problem-pattern evidence for the confusion risk.",pending_textbook_pdf,,,,,,,,,,
4,중3(교육과정 학년군: 중1-3),변화와 관계,이차함수와 그 그래프,m1_mis_axis_vertex__often_confused_with__m1_quad_func_vertex,intra_unit,m1_mis_axis_vertex,포물선의 축과 꼭짓점을 혼동하는 오류,이차함수와 그 그래프,m1_quad_func_vertex,꼭짓점,이차함수와 그 그래프,often_confused_with,low,2,"curriculum_math_2022: printed p. 36; terms and symbols for 변화와 관계; term_list; 대입, 다항식, 항, 단항식, 상수항, 계수, 차수, 일차식, 동류항, 등식, 방정식, 미지수, 해, 근, 항등식, 이항, 일차방정식, 변수, 좌표, 그래프, 인수, 인수분해, 완전제곱식, 이차방정식, 중근, 근의 공식, 이차함수, 포물선, 축, 꼭짓점, 최댓값, 최솟값 등을 다룸 | achievement_math_2022: 이차함수와 그 그래프 section; [9수02-22] achievement levels; achievement_level; y=ax^2, y=a(x-p)^2+q, y=ax^2+bx+c 꼴의 이차함수 그래프를 그리고 성질을 설명하는 수준을 구분",,misconception_ref;problem_pattern_ref;textbook_page_refs;extraction_notes,"Find misconception, caution, example, or problem-pattern evidence for the confusion risk.",pending_textbook_pdf,,,,,,,,,,
4,중3(교육과정 학년군: 중1-3),변화와 관계,이차함수와 그 그래프,m1_mis_max_min_scope__often_confused_with__m1_quad_func_max_min_real_scope,intra_unit,m1_mis_max_min_scope,최댓값·최솟값의 범위를 임의로 확장하는 오류,이차함수와 그 그래프,m1_quad_func_max_min_real_scope,이차함수 최댓값·최솟값의 실수 전체 범위,이차함수와 그 그래프,often_confused_with,low,1,"curriculum_math_2022: printed p. 36; achievement-standard considerations; teaching_note; 이차함수의 최댓값과 최솟값은 x의 범위가 실수 전체인 경우만 다루고, 이차방정식은 해가 실수인 경우만 다루며 근과 계수와의 관계는 다루지 않음",,misconception_ref;problem_pattern_ref;textbook_page_refs;extraction_notes,"Find misconception, caution, example, or problem-pattern evidence for the confusion risk.",pending_textbook_pdf,,,,,,,,,,
4,중3(교육과정 학년군: 중1-3),변화와 관계,이차함수와 그 그래프,m1_mis_max_min_scope__often_confused_with__m1_quad_func_maximum,intra_unit,m1_mis_max_min_scope,최댓값·최솟값의 범위를 임의로 확장하는 오류,이차함수와 그 그래프,m1_quad_func_maximum,최댓값,이차함수와 그 그래프,often_confused_with,low,1,"curriculum_math_2022: printed p. 36; achievement-standard considerations; teaching_note; 이차함수의 최댓값과 최솟값은 x의 범위가 실수 전체인 경우만 다루고, 이차방정식은 해가 실수인 경우만 다루며 근과 계수와의 관계는 다루지 않음",related_ids에서 확인된 오개념 위험 연결을 낮은 신뢰도 edge로 보강. 교과서 근거 확인 후 유지 또는 조정.,misconception_ref;problem_pattern_ref;textbook_page_refs;extraction_notes,"Find misconception, caution, example, or problem-pattern evidence for the confusion risk.",pending_textbook_pdf,,,,,,,,,,
4,중3(교육과정 학년군: 중1-3),변화와 관계,이차함수와 그 그래프,m1_mis_max_min_scope__often_confused_with__m1_quad_func_minimum,intra_unit,m1_mis_max_min_scope,최댓값·최솟값의 범위를 임의로 확장하는 오류,이차함수와 그 그래프,m1_quad_func_minimum,최솟값,이차함수와 그 그래프,often_confused_with,low,1,"curriculum_math_2022: printed p. 36; achievement-standard considerations; teaching_note; 이차함수의 최댓값과 최솟값은 x의 범위가 실수 전체인 경우만 다루고, 이차방정식은 해가 실수인 경우만 다루며 근과 계수와의 관계는 다루지 않음",related_ids에서 확인된 오개념 위험 연결을 낮은 신뢰도 edge로 보강. 교과서 근거 확인 후 유지 또는 조정.,misconception_ref;problem_pattern_ref;textbook_page_refs;extraction_notes,"Find misconception, caution, example, or problem-pattern evidence for the confusion risk.",pending_textbook_pdf,,,,,,,,,,
4,중3(교육과정 학년군: 중1-3),변화와 관계,이차함수와 그 그래프,m1_mis_quadratic_function_equation__often_confused_with__m1_quad_func_identifying_quadratic_function,intra_unit,m1_mis_quadratic_function_equation,이차함수와 이차방정식을 혼동하는 오류,이차함수와 그 그래프,m1_quad_func_identifying_quadratic_function,이차함수 판별하기,이차함수와 그 그래프,often_confused_with,low,4,"curriculum_math_2022: printed p. 35; [9수02-20]; achievement_standard; 이차방정식을 풀고 활용하여 문제를 해결하는 성취기준 | curriculum_math_2022: printed p. 35; [9수02-21]; achievement_standard; 이차함수의 개념을 이해하는 성취기준 | achievement_math_2022: 이차함수와 그 그래프 section; [9수02-21] achievement levels; achievement_level; 주어진 상황을 식으로 나타내어 이차함수인지 판단하거나 주어진 함수 중 이차함수를 찾는 수준을 구분 | achievement_math_2022: 이차방정식 section; [9수02-20] achievement levels; achievement_level; 이차방정식을 풀고 과정을 설명하거나 활용하며, 이차항의 계수가 1인 이차방정식을 푸는 수준을 구분",related_ids에서 확인된 오개념 위험 연결을 낮은 신뢰도 edge로 보강. 교과서 근거 확인 후 유지 또는 조정.,misconception_ref;problem_pattern_ref;textbook_page_refs;extraction_notes,"Find misconception, caution, example, or problem-pattern evidence for the confusion risk.",pending_textbook_pdf,,,,,,,,,,
4,중3(교육과정 학년군: 중1-3),변화와 관계,이차함수와 그 그래프,m1_mis_quadratic_function_equation__often_confused_with__m1_quad_func_quadratic_function,intra_unit,m1_mis_quadratic_function_equation,이차함수와 이차방정식을 혼동하는 오류,이차함수와 그 그래프,m1_quad_func_quadratic_function,이차함수,이차함수와 그 그래프,often_confused_with,low,2,curriculum_math_2022: printed p. 35; [9수02-21]; achievement_standard; 이차함수의 개념을 이해하는 성취기준 | achievement_math_2022: 이차함수와 그 그래프 section; [9수02-21] achievement levels; achievement_level; 주어진 상황을 식으로 나타내어 이차함수인지 판단하거나 주어진 함수 중 이차함수를 찾는 수준을 구분,,misconception_ref;problem_pattern_ref;textbook_page_refs;extraction_notes,"Find misconception, caution, example, or problem-pattern evidence for the confusion risk.",pending_textbook_pdf,,,,,,,,,,
4,중3(교육과정 학년군: 중1-3),변화와 관계,이차함수와 그 그래프,m1_mis_quadratic_function_equation__often_confused_with__m1_quad_eq_quadratic_equation,cross_unit,m1_mis_quadratic_function_equation,이차함수와 이차방정식을 혼동하는 오류,이차함수와 그 그래프,m1_quad_eq_quadratic_equation,이차방정식,이차방정식,often_confused_with,low,2,"curriculum_math_2022: printed p. 35; [9수02-20]; achievement_standard; 이차방정식을 풀고 활용하여 문제를 해결하는 성취기준 | achievement_math_2022: 이차방정식 section; [9수02-20] achievement levels; achievement_level; 이차방정식을 풀고 과정을 설명하거나 활용하며, 이차항의 계수가 1인 이차방정식을 푸는 수준을 구분",,misconception_ref;problem_pattern_ref;textbook_page_refs;extraction_notes,"Find misconception, caution, example, or problem-pattern evidence for the confusion risk.",pending_textbook_pdf,,,,,,,,,,
4,중3(교육과정 학년군: 중1-3),변화와 관계,이차함수와 그 그래프,m1_quad_func_formula__contains__m1_quad_func_general_form,intra_unit,m1_quad_func_formula,이차함수의 식,이차함수와 그 그래프,m1_quad_func_general_form,y=ax^2+bx+c 꼴,이차함수와 그 그래프,contains,medium,2,"achievement_math_2022: 이차함수와 그 그래프 section; [9수02-22] achievement levels; achievement_level; y=ax^2, y=a(x-p)^2+q, y=ax^2+bx+c 꼴의 이차함수 그래프를 그리고 성질을 설명하는 수준을 구분 | achievement_research_report_2022: 연구보고서 p. 220; 이차함수와 그 그래프 성취기준별 성취수준; research_report_achievement_level_context; 이차함수 개념, 이차함수인지 판단하기, 상황을 식으로 나타내기, y=ax^2, y=a(x-p)^2, y=ax^2+q, y=a(x-p)^2+q, y=ax^2+bx+c 그래프와 성질, 표를 이용한 y=ax^2 그래프 그리기를 다루는 성취수준 맥락",,structure_ref;textbook_page_refs,Find textbook structure evidence for the containment relation.,pending_textbook_pdf,,,,,,,,,,
4,중3(교육과정 학년군: 중1-3),변화와 관계,이차함수와 그 그래프,m1_quad_func_formula__contains__m1_quad_func_shifted_square_form,intra_unit,m1_quad_func_formula,이차함수의 식,이차함수와 그 그래프,m1_quad_func_shifted_square_form,y=a(x-p)^2 꼴,이차함수와 그 그래프,contains,medium,2,"achievement_math_2022: 이차함수와 그 그래프 section; [9수02-22] achievement levels; achievement_level; y=ax^2, y=a(x-p)^2+q, y=ax^2+bx+c 꼴의 이차함수 그래프를 그리고 성질을 설명하는 수준을 구분 | achievement_research_report_2022: 연구보고서 p. 220; 이차함수와 그 그래프 성취기준별 성취수준; research_report_achievement_level_context; 이차함수 개념, 이차함수인지 판단하기, 상황을 식으로 나타내기, y=ax^2, y=a(x-p)^2, y=ax^2+q, y=a(x-p)^2+q, y=ax^2+bx+c 그래프와 성질, 표를 이용한 y=ax^2 그래프 그리기를 다루는 성취수준 맥락",,structure_ref;textbook_page_refs,Find textbook structure evidence for the containment relation.,pending_textbook_pdf,,,,,,,,,,
4,중3(교육과정 학년군: 중1-3),변화와 관계,이차함수와 그 그래프,m1_quad_func_formula__contains__m1_quad_func_situation_to_formula,intra_unit,m1_quad_func_formula,이차함수의 식,이차함수와 그 그래프,m1_quad_func_situation_to_formula,상황을 이차함수 식으로 나타내기,이차함수와 그 그래프,contains,high,3,"curriculum_math_2022: printed p. 35; [9수02-21]; achievement_standard; 이차함수의 개념을 이해하는 성취기준 | achievement_math_2022: 이차함수와 그 그래프 section; [9수02-21] achievement levels; achievement_level; 주어진 상황을 식으로 나타내어 이차함수인지 판단하거나 주어진 함수 중 이차함수를 찾는 수준을 구분 | achievement_research_report_2022: 연구보고서 p. 220; 이차함수와 그 그래프 성취기준별 성취수준; research_report_achievement_level_context; 이차함수 개념, 이차함수인지 판단하기, 상황을 식으로 나타내기, y=ax^2, y=a(x-p)^2, y=ax^2+q, y=a(x-p)^2+q, y=ax^2+bx+c 그래프와 성질, 표를 이용한 y=ax^2 그래프 그리기를 다루는 성취수준 맥락",,structure_ref;textbook_page_refs,Find textbook structure evidence for the containment relation.,pending_textbook_pdf,,,,,,,,,,
4,중3(교육과정 학년군: 중1-3),변화와 관계,이차함수와 그 그래프,m1_quad_func_formula__contains__m1_quad_func_vertex_form,intra_unit,m1_quad_func_formula,이차함수의 식,이차함수와 그 그래프,m1_quad_func_vertex_form,y=a(x-p)^2+q 꼴,이차함수와 그 그래프,contains,medium,2,"achievement_math_2022: 이차함수와 그 그래프 section; [9수02-22] achievement levels; achievement_level; y=ax^2, y=a(x-p)^2+q, y=ax^2+bx+c 꼴의 이차함수 그래프를 그리고 성질을 설명하는 수준을 구분 | achievement_research_report_2022: 연구보고서 p. 220; 이차함수와 그 그래프 성취기준별 성취수준; research_report_achievement_level_context; 이차함수 개념, 이차함수인지 판단하기, 상황을 식으로 나타내기, y=ax^2, y=a(x-p)^2, y=ax^2+q, y=a(x-p)^2+q, y=ax^2+bx+c 그래프와 성질, 표를 이용한 y=ax^2 그래프 그리기를 다루는 성취수준 맥락",,structure_ref;textbook_page_refs,Find textbook structure evidence for the containment relation.,pending_textbook_pdf,,,,,,,,,,
4,중3(교육과정 학년군: 중1-3),변화와 관계,이차함수와 그 그래프,m1_quad_func_formula__contains__m1_quad_func_vertical_shift_form,intra_unit,m1_quad_func_formula,이차함수의 식,이차함수와 그 그래프,m1_quad_func_vertical_shift_form,y=ax^2+q 꼴,이차함수와 그 그래프,contains,medium,2,"achievement_math_2022: 이차함수와 그 그래프 section; [9수02-22] achievement levels; achievement_level; y=ax^2, y=a(x-p)^2+q, y=ax^2+bx+c 꼴의 이차함수 그래프를 그리고 성질을 설명하는 수준을 구분 | achievement_research_report_2022: 연구보고서 p. 220; 이차함수와 그 그래프 성취기준별 성취수준; research_report_achievement_level_context; 이차함수 개념, 이차함수인지 판단하기, 상황을 식으로 나타내기, y=ax^2, y=a(x-p)^2, y=ax^2+q, y=a(x-p)^2+q, y=ax^2+bx+c 그래프와 성질, 표를 이용한 y=ax^2 그래프 그리기를 다루는 성취수준 맥락",,structure_ref;textbook_page_refs,Find textbook structure evidence for the containment relation.,pending_textbook_pdf,,,,,,,,,,
4,중3(교육과정 학년군: 중1-3),변화와 관계,이차함수와 그 그래프,m1_quad_func_formula__contains__m1_quad_func_y_ax2_form,intra_unit,m1_quad_func_formula,이차함수의 식,이차함수와 그 그래프,m1_quad_func_y_ax2_form,y=ax^2 꼴,이차함수와 그 그래프,contains,medium,2,"achievement_math_2022: 이차함수와 그 그래프 section; [9수02-22] achievement levels; achievement_level; y=ax^2, y=a(x-p)^2+q, y=ax^2+bx+c 꼴의 이차함수 그래프를 그리고 성질을 설명하는 수준을 구분 | achievement_research_report_2022: 연구보고서 p. 220; 이차함수와 그 그래프 성취기준별 성취수준; research_report_achievement_level_context; 이차함수 개념, 이차함수인지 판단하기, 상황을 식으로 나타내기, y=ax^2, y=a(x-p)^2, y=ax^2+q, y=a(x-p)^2+q, y=ax^2+bx+c 그래프와 성질, 표를 이용한 y=ax^2 그래프 그리기를 다루는 성취수준 맥락",,structure_ref;textbook_page_refs,Find textbook structure evidence for the containment relation.,pending_textbook_pdf,,,,,,,,,,
4,중3(교육과정 학년군: 중1-3),변화와 관계,이차함수와 그 그래프,m1_quad_func_graph__contains__m1_quad_func_parabola,intra_unit,m1_quad_func_graph,이차함수의 그래프,이차함수와 그 그래프,m1_quad_func_parabola,포물선,이차함수와 그 그래프,contains,high,3,"curriculum_math_2022: printed p. 36; terms and symbols for 변화와 관계; term_list; 대입, 다항식, 항, 단항식, 상수항, 계수, 차수, 일차식, 동류항, 등식, 방정식, 미지수, 해, 근, 항등식, 이항, 일차방정식, 변수, 좌표, 그래프, 인수, 인수분해, 완전제곱식, 이차방정식, 중근, 근의 공식, 이차함수, 포물선, 축, 꼭짓점, 최댓값, 최솟값 등을 다룸 | curriculum_math_2022: printed p. 35; [9수02-22]; achievement_standard; 이차함수의 그래프를 그리고 그 성질을 설명하는 성취기준 | achievement_math_2022: 이차함수와 그 그래프 section; [9수02-22] achievement levels; achievement_level; y=ax^2, y=a(x-p)^2+q, y=ax^2+bx+c 꼴의 이차함수 그래프를 그리고 성질을 설명하는 수준을 구분",,structure_ref;textbook_page_refs,Find textbook structure evidence for the containment relation.,pending_textbook_pdf,,,,,,,,,,
4,중3(교육과정 학년군: 중1-3),변화와 관계,이차함수와 그 그래프,m1_quad_func_graph__contains__m1_quad_func_y_ax2_graph,intra_unit,m1_quad_func_graph,이차함수의 그래프,이차함수와 그 그래프,m1_quad_func_y_ax2_graph,y=ax^2 그래프,이차함수와 그 그래프,contains,medium,2,"achievement_math_2022: 이차함수와 그 그래프 section; [9수02-22] achievement levels; achievement_level; y=ax^2, y=a(x-p)^2+q, y=ax^2+bx+c 꼴의 이차함수 그래프를 그리고 성질을 설명하는 수준을 구분 | achievement_research_report_2022: 연구보고서 p. 220; 이차함수와 그 그래프 성취기준별 성취수준; research_report_achievement_level_context; 이차함수 개념, 이차함수인지 판단하기, 상황을 식으로 나타내기, y=ax^2, y=a(x-p)^2, y=ax^2+q, y=a(x-p)^2+q, y=ax^2+bx+c 그래프와 성질, 표를 이용한 y=ax^2 그래프 그리기를 다루는 성취수준 맥락",,structure_ref;textbook_page_refs,Find textbook structure evidence for the containment relation.,pending_textbook_pdf,,,,,,,,,,
4,중3(교육과정 학년군: 중1-3),변화와 관계,이차함수와 그 그래프,m1_quad_func_graph_drawing__contains__m1_quad_func_value_table,intra_unit,m1_quad_func_graph_drawing,이차함수 그래프 그리기,이차함수와 그 그래프,m1_quad_func_value_table,이차함수의 값의 표,이차함수와 그 그래프,contains,medium,2,"achievement_math_2022: 이차함수와 그 그래프 section; [9수02-22] achievement levels; achievement_level; y=ax^2, y=a(x-p)^2+q, y=ax^2+bx+c 꼴의 이차함수 그래프를 그리고 성질을 설명하는 수준을 구분 | achievement_research_report_2022: 연구보고서 p. 220; 이차함수와 그 그래프 성취기준별 성취수준; research_report_achievement_level_context; 이차함수 개념, 이차함수인지 판단하기, 상황을 식으로 나타내기, y=ax^2, y=a(x-p)^2, y=ax^2+q, y=a(x-p)^2+q, y=ax^2+bx+c 그래프와 성질, 표를 이용한 y=ax^2 그래프 그리기를 다루는 성취수준 맥락",,structure_ref;textbook_page_refs,Find textbook structure evidence for the containment relation.,pending_textbook_pdf,,,,,,,,,,
4,중3(교육과정 학년군: 중1-3),변화와 관계,이차함수와 그 그래프,m1_quad_func_graph_properties__contains__m1_quad_func_axis,intra_unit,m1_quad_func_graph_properties,이차함수 그래프의 성질,이차함수와 그 그래프,m1_quad_func_axis,축,이차함수와 그 그래프,contains,high,3,"curriculum_math_2022: printed p. 36; terms and symbols for 변화와 관계; term_list; 대입, 다항식, 항, 단항식, 상수항, 계수, 차수, 일차식, 동류항, 등식, 방정식, 미지수, 해, 근, 항등식, 이항, 일차방정식, 변수, 좌표, 그래프, 인수, 인수분해, 완전제곱식, 이차방정식, 중근, 근의 공식, 이차함수, 포물선, 축, 꼭짓점, 최댓값, 최솟값 등을 다룸 | curriculum_math_2022: printed p. 35; [9수02-22]; achievement_standard; 이차함수의 그래프를 그리고 그 성질을 설명하는 성취기준 | achievement_math_2022: 이차함수와 그 그래프 section; [9수02-22] achievement levels; achievement_level; y=ax^2, y=a(x-p)^2+q, y=ax^2+bx+c 꼴의 이차함수 그래프를 그리고 성질을 설명하는 수준을 구분",,structure_ref;textbook_page_refs,Find textbook structure evidence for the containment relation.,pending_textbook_pdf,,,,,,,,,,
4,중3(교육과정 학년군: 중1-3),변화와 관계,이차함수와 그 그래프,m1_quad_func_graph_properties__contains__m1_quad_func_axis_equation,intra_unit,m1_quad_func_graph_properties,이차함수 그래프의 성질,이차함수와 그 그래프,m1_quad_func_axis_equation,축의 방정식,이차함수와 그 그래프,contains,medium,4,"curriculum_math_2022: printed p. 36; terms and symbols for 변화와 관계; term_list; 대입, 다항식, 항, 단항식, 상수항, 계수, 차수, 일차식, 동류항, 등식, 방정식, 미지수, 해, 근, 항등식, 이항, 일차방정식, 변수, 좌표, 그래프, 인수, 인수분해, 완전제곱식, 이차방정식, 중근, 근의 공식, 이차함수, 포물선, 축, 꼭짓점, 최댓값, 최솟값 등을 다룸 | curriculum_math_2022: printed p. 35; [9수02-22]; achievement_standard; 이차함수의 그래프를 그리고 그 성질을 설명하는 성취기준 | achievement_math_2022: 이차함수와 그 그래프 section; [9수02-22] achievement levels; achievement_level; y=ax^2, y=a(x-p)^2+q, y=ax^2+bx+c 꼴의 이차함수 그래프를 그리고 성질을 설명하는 수준을 구분 | achievement_research_report_2022: 연구보고서 p. 220; 이차함수와 그 그래프 성취기준별 성취수준; research_report_achievement_level_context; 이차함수 개념, 이차함수인지 판단하기, 상황을 식으로 나타내기, y=ax^2, y=a(x-p)^2, y=ax^2+q, y=a(x-p)^2+q, y=ax^2+bx+c 그래프와 성질, 표를 이용한 y=ax^2 그래프 그리기를 다루는 성취수준 맥락",,structure_ref;textbook_page_refs,Find textbook structure evidence for the containment relation.,pending_textbook_pdf,,,,,,,,,,
4,중3(교육과정 학년군: 중1-3),변화와 관계,이차함수와 그 그래프,m1_quad_func_graph_properties__contains__m1_quad_func_max_min_real_scope,intra_unit,m1_quad_func_graph_properties,이차함수 그래프의 성질,이차함수와 그 그래프,m1_quad_func_max_min_real_scope,이차함수 최댓값·최솟값의 실수 전체 범위,이차함수와 그 그래프,contains,high,1,"curriculum_math_2022: printed p. 36; achievement-standard considerations; teaching_note; 이차함수의 최댓값과 최솟값은 x의 범위가 실수 전체인 경우만 다루고, 이차방정식은 해가 실수인 경우만 다루며 근과 계수와의 관계는 다루지 않음",,structure_ref;textbook_page_refs,Find textbook structure evidence for the containment relation.,pending_textbook_pdf,,,,,,,,,,
4,중3(교육과정 학년군: 중1-3),변화와 관계,이차함수와 그 그래프,m1_quad_func_graph_properties__contains__m1_quad_func_maximum,intra_unit,m1_quad_func_graph_properties,이차함수 그래프의 성질,이차함수와 그 그래프,m1_quad_func_maximum,최댓값,이차함수와 그 그래프,contains,high,3,"curriculum_math_2022: printed p. 36; terms and symbols for 변화와 관계; term_list; 대입, 다항식, 항, 단항식, 상수항, 계수, 차수, 일차식, 동류항, 등식, 방정식, 미지수, 해, 근, 항등식, 이항, 일차방정식, 변수, 좌표, 그래프, 인수, 인수분해, 완전제곱식, 이차방정식, 중근, 근의 공식, 이차함수, 포물선, 축, 꼭짓점, 최댓값, 최솟값 등을 다룸 | curriculum_math_2022: printed p. 36; achievement-standard considerations; teaching_note; 이차함수의 최댓값과 최솟값은 x의 범위가 실수 전체인 경우만 다루고, 이차방정식은 해가 실수인 경우만 다루며 근과 계수와의 관계는 다루지 않음 | achievement_math_2022: 이차함수와 그 그래프 section; [9수02-22] achievement levels; achievement_level; y=ax^2, y=a(x-p)^2+q, y=ax^2+bx+c 꼴의 이차함수 그래프를 그리고 성질을 설명하는 수준을 구분",,structure_ref;textbook_page_refs,Find textbook structure evidence for the containment relation.,pending_textbook_pdf,,,,,,,,,,
4,중3(교육과정 학년군: 중1-3),변화와 관계,이차함수와 그 그래프,m1_quad_func_graph_properties__contains__m1_quad_func_minimum,intra_unit,m1_quad_func_graph_properties,이차함수 그래프의 성질,이차함수와 그 그래프,m1_quad_func_minimum,최솟값,이차함수와 그 그래프,contains,high,3,"curriculum_math_2022: printed p. 36; terms and symbols for 변화와 관계; term_list; 대입, 다항식, 항, 단항식, 상수항, 계수, 차수, 일차식, 동류항, 등식, 방정식, 미지수, 해, 근, 항등식, 이항, 일차방정식, 변수, 좌표, 그래프, 인수, 인수분해, 완전제곱식, 이차방정식, 중근, 근의 공식, 이차함수, 포물선, 축, 꼭짓점, 최댓값, 최솟값 등을 다룸 | curriculum_math_2022: printed p. 36; achievement-standard considerations; teaching_note; 이차함수의 최댓값과 최솟값은 x의 범위가 실수 전체인 경우만 다루고, 이차방정식은 해가 실수인 경우만 다루며 근과 계수와의 관계는 다루지 않음 | achievement_math_2022: 이차함수와 그 그래프 section; [9수02-22] achievement levels; achievement_level; y=ax^2, y=a(x-p)^2+q, y=ax^2+bx+c 꼴의 이차함수 그래프를 그리고 성질을 설명하는 수준을 구분",,structure_ref;textbook_page_refs,Find textbook structure evidence for the containment relation.,pending_textbook_pdf,,,,,,,,,,
4,중3(교육과정 학년군: 중1-3),변화와 관계,이차함수와 그 그래프,m1_quad_func_graph_properties__contains__m1_quad_func_opening_direction,intra_unit,m1_quad_func_graph_properties,이차함수 그래프의 성질,이차함수와 그 그래프,m1_quad_func_opening_direction,위로 열린 그래프와 아래로 열린 그래프,이차함수와 그 그래프,contains,medium,2,"achievement_math_2022: 이차함수와 그 그래프 section; [9수02-22] achievement levels; achievement_level; y=ax^2, y=a(x-p)^2+q, y=ax^2+bx+c 꼴의 이차함수 그래프를 그리고 성질을 설명하는 수준을 구분 | achievement_research_report_2022: 연구보고서 p. 220; 이차함수와 그 그래프 성취기준별 성취수준; research_report_achievement_level_context; 이차함수 개념, 이차함수인지 판단하기, 상황을 식으로 나타내기, y=ax^2, y=a(x-p)^2, y=ax^2+q, y=a(x-p)^2+q, y=ax^2+bx+c 그래프와 성질, 표를 이용한 y=ax^2 그래프 그리기를 다루는 성취수준 맥락",,structure_ref;textbook_page_refs,Find textbook structure evidence for the containment relation.,pending_textbook_pdf,,,,,,,,,,
4,중3(교육과정 학년군: 중1-3),변화와 관계,이차함수와 그 그래프,m1_quad_func_graph_properties__contains__m1_quad_func_vertex,intra_unit,m1_quad_func_graph_properties,이차함수 그래프의 성질,이차함수와 그 그래프,m1_quad_func_vertex,꼭짓점,이차함수와 그 그래프,contains,high,3,"curriculum_math_2022: printed p. 36; terms and symbols for 변화와 관계; term_list; 대입, 다항식, 항, 단항식, 상수항, 계수, 차수, 일차식, 동류항, 등식, 방정식, 미지수, 해, 근, 항등식, 이항, 일차방정식, 변수, 좌표, 그래프, 인수, 인수분해, 완전제곱식, 이차방정식, 중근, 근의 공식, 이차함수, 포물선, 축, 꼭짓점, 최댓값, 최솟값 등을 다룸 | curriculum_math_2022: printed p. 35; [9수02-22]; achievement_standard; 이차함수의 그래프를 그리고 그 성질을 설명하는 성취기준 | achievement_math_2022: 이차함수와 그 그래프 section; [9수02-22] achievement levels; achievement_level; y=ax^2, y=a(x-p)^2+q, y=ax^2+bx+c 꼴의 이차함수 그래프를 그리고 성질을 설명하는 수준을 구분",,structure_ref;textbook_page_refs,Find textbook structure evidence for the containment relation.,pending_textbook_pdf,,,,,,,,,,
4,중3(교육과정 학년군: 중1-3),변화와 관계,이차함수와 그 그래프,m1_quad_func_graph_properties__contains__m1_quad_func_vertex_coordinates,intra_unit,m1_quad_func_graph_properties,이차함수 그래프의 성질,이차함수와 그 그래프,m1_quad_func_vertex_coordinates,꼭짓점 좌표,이차함수와 그 그래프,contains,medium,4,"curriculum_math_2022: printed p. 36; terms and symbols for 변화와 관계; term_list; 대입, 다항식, 항, 단항식, 상수항, 계수, 차수, 일차식, 동류항, 등식, 방정식, 미지수, 해, 근, 항등식, 이항, 일차방정식, 변수, 좌표, 그래프, 인수, 인수분해, 완전제곱식, 이차방정식, 중근, 근의 공식, 이차함수, 포물선, 축, 꼭짓점, 최댓값, 최솟값 등을 다룸 | curriculum_math_2022: printed p. 35; [9수02-22]; achievement_standard; 이차함수의 그래프를 그리고 그 성질을 설명하는 성취기준 | achievement_math_2022: 이차함수와 그 그래프 section; [9수02-22] achievement levels; achievement_level; y=ax^2, y=a(x-p)^2+q, y=ax^2+bx+c 꼴의 이차함수 그래프를 그리고 성질을 설명하는 수준을 구분 | achievement_research_report_2022: 연구보고서 p. 220; 이차함수와 그 그래프 성취기준별 성취수준; research_report_achievement_level_context; 이차함수 개념, 이차함수인지 판단하기, 상황을 식으로 나타내기, y=ax^2, y=a(x-p)^2, y=ax^2+q, y=a(x-p)^2+q, y=ax^2+bx+c 그래프와 성질, 표를 이용한 y=ax^2 그래프 그리기를 다루는 성취수준 맥락",,structure_ref;textbook_page_refs,Find textbook structure evidence for the containment relation.,pending_textbook_pdf,,,,,,,,,,
4,중3(교육과정 학년군: 중1-3),변화와 관계,이차함수와 그 그래프,m1_quad_func_parabola__contains__m1_quad_func_axis,intra_unit,m1_quad_func_parabola,포물선,이차함수와 그 그래프,m1_quad_func_axis,축,이차함수와 그 그래프,contains,high,2,"curriculum_math_2022: printed p. 36; terms and symbols for 변화와 관계; term_list; 대입, 다항식, 항, 단항식, 상수항, 계수, 차수, 일차식, 동류항, 등식, 방정식, 미지수, 해, 근, 항등식, 이항, 일차방정식, 변수, 좌표, 그래프, 인수, 인수분해, 완전제곱식, 이차방정식, 중근, 근의 공식, 이차함수, 포물선, 축, 꼭짓점, 최댓값, 최솟값 등을 다룸 | achievement_math_2022: 이차함수와 그 그래프 section; [9수02-22] achievement levels; achievement_level; y=ax^2, y=a(x-p)^2+q, y=ax^2+bx+c 꼴의 이차함수 그래프를 그리고 성질을 설명하는 수준을 구분",,structure_ref;textbook_page_refs,Find textbook structure evidence for the containment relation.,pending_textbook_pdf,,,,,,,,,,
4,중3(교육과정 학년군: 중1-3),변화와 관계,이차함수와 그 그래프,m1_quad_func_parabola__contains__m1_quad_func_vertex,intra_unit,m1_quad_func_parabola,포물선,이차함수와 그 그래프,m1_quad_func_vertex,꼭짓점,이차함수와 그 그래프,contains,high,2,"curriculum_math_2022: printed p. 36; terms and symbols for 변화와 관계; term_list; 대입, 다항식, 항, 단항식, 상수항, 계수, 차수, 일차식, 동류항, 등식, 방정식, 미지수, 해, 근, 항등식, 이항, 일차방정식, 변수, 좌표, 그래프, 인수, 인수분해, 완전제곱식, 이차방정식, 중근, 근의 공식, 이차함수, 포물선, 축, 꼭짓점, 최댓값, 최솟값 등을 다룸 | achievement_math_2022: 이차함수와 그 그래프 section; [9수02-22] achievement levels; achievement_level; y=ax^2, y=a(x-p)^2+q, y=ax^2+bx+c 꼴의 이차함수 그래프를 그리고 성질을 설명하는 수준을 구분",,structure_ref;textbook_page_refs,Find textbook structure evidence for the containment relation.,pending_textbook_pdf,,,,,,,,,,
4,중3(교육과정 학년군: 중1-3),변화와 관계,이차함수와 그 그래프,m1_quad_func_unit__contains__m1_quad_func_formula,intra_unit,m1_quad_func_unit,이차함수와 그 그래프,이차함수와 그 그래프,m1_quad_func_formula,이차함수의 식,이차함수와 그 그래프,contains,high,4,"curriculum_math_2022: printed p. 35; [9수02-21]; achievement_standard; 이차함수의 개념을 이해하는 성취기준 | achievement_math_2022: 이차함수와 그 그래프 section; [9수02-21] achievement levels; achievement_level; 주어진 상황을 식으로 나타내어 이차함수인지 판단하거나 주어진 함수 중 이차함수를 찾는 수준을 구분 | achievement_math_2022: 이차함수와 그 그래프 section; [9수02-22] achievement levels; achievement_level; y=ax^2, y=a(x-p)^2+q, y=ax^2+bx+c 꼴의 이차함수 그래프를 그리고 성질을 설명하는 수준을 구분 | achievement_research_report_2022: 연구보고서 p. 220; 이차함수와 그 그래프 성취기준별 성취수준; research_report_achievement_level_context; 이차함수 개념, 이차함수인지 판단하기, 상황을 식으로 나타내기, y=ax^2, y=a(x-p)^2, y=ax^2+q, y=a(x-p)^2+q, y=ax^2+bx+c 그래프와 성질, 표를 이용한 y=ax^2 그래프 그리기를 다루는 성취수준 맥락",,structure_ref;textbook_page_refs,Find textbook structure evidence for the containment relation.,pending_textbook_pdf,,,,,,,,,,
4,중3(교육과정 학년군: 중1-3),변화와 관계,이차함수와 그 그래프,m1_quad_func_unit__contains__m1_quad_func_graph,intra_unit,m1_quad_func_unit,이차함수와 그 그래프,이차함수와 그 그래프,m1_quad_func_graph,이차함수의 그래프,이차함수와 그 그래프,contains,high,4,"curriculum_math_2022: printed p. 35; [9수02-22]; achievement_standard; 이차함수의 그래프를 그리고 그 성질을 설명하는 성취기준 | curriculum_math_2022: printed p. 36; terms and symbols for 변화와 관계; term_list; 대입, 다항식, 항, 단항식, 상수항, 계수, 차수, 일차식, 동류항, 등식, 방정식, 미지수, 해, 근, 항등식, 이항, 일차방정식, 변수, 좌표, 그래프, 인수, 인수분해, 완전제곱식, 이차방정식, 중근, 근의 공식, 이차함수, 포물선, 축, 꼭짓점, 최댓값, 최솟값 등을 다룸 | achievement_math_2022: 이차함수와 그 그래프 section; [9수02-22] achievement levels; achievement_level; y=ax^2, y=a(x-p)^2+q, y=ax^2+bx+c 꼴의 이차함수 그래프를 그리고 성질을 설명하는 수준을 구분 | achievement_research_report_2022: 연구보고서 p. 220; 이차함수와 그 그래프 성취기준별 성취수준; research_report_achievement_level_context; 이차함수 개념, 이차함수인지 판단하기, 상황을 식으로 나타내기, y=ax^2, y=a(x-p)^2, y=ax^2+q, y=a(x-p)^2+q, y=ax^2+bx+c 그래프와 성질, 표를 이용한 y=ax^2 그래프 그리기를 다루는 성취수준 맥락",,structure_ref;textbook_page_refs,Find textbook structure evidence for the containment relation.,pending_textbook_pdf,,,,,,,,,,
4,중3(교육과정 학년군: 중1-3),변화와 관계,이차함수와 그 그래프,m1_quad_func_unit__contains__m1_quad_func_graph_drawing,intra_unit,m1_quad_func_unit,이차함수와 그 그래프,이차함수와 그 그래프,m1_quad_func_graph_drawing,이차함수 그래프 그리기,이차함수와 그 그래프,contains,high,3,"curriculum_math_2022: printed p. 35; [9수02-22]; achievement_standard; 이차함수의 그래프를 그리고 그 성질을 설명하는 성취기준 | achievement_math_2022: 이차함수와 그 그래프 section; [9수02-22] achievement levels; achievement_level; y=ax^2, y=a(x-p)^2+q, y=ax^2+bx+c 꼴의 이차함수 그래프를 그리고 성질을 설명하는 수준을 구분 | achievement_research_report_2022: 연구보고서 p. 220; 이차함수와 그 그래프 성취기준별 성취수준; research_report_achievement_level_context; 이차함수 개념, 이차함수인지 판단하기, 상황을 식으로 나타내기, y=ax^2, y=a(x-p)^2, y=ax^2+q, y=a(x-p)^2+q, y=ax^2+bx+c 그래프와 성질, 표를 이용한 y=ax^2 그래프 그리기를 다루는 성취수준 맥락",,structure_ref;textbook_page_refs,Find textbook structure evidence for the containment relation.,pending_textbook_pdf,,,,,,,,,,
4,중3(교육과정 학년군: 중1-3),변화와 관계,이차함수와 그 그래프,m1_quad_func_unit__contains__m1_quad_func_graph_properties,intra_unit,m1_quad_func_unit,이차함수와 그 그래프,이차함수와 그 그래프,m1_quad_func_graph_properties,이차함수 그래프의 성질,이차함수와 그 그래프,contains,high,4,"curriculum_math_2022: printed p. 35; [9수02-22]; achievement_standard; 이차함수의 그래프를 그리고 그 성질을 설명하는 성취기준 | curriculum_math_2022: printed p. 36; achievement-standard considerations; teaching_note; 이차함수의 최댓값과 최솟값은 x의 범위가 실수 전체인 경우만 다루고, 이차방정식은 해가 실수인 경우만 다루며 근과 계수와의 관계는 다루지 않음 | achievement_math_2022: 이차함수와 그 그래프 section; [9수02-22] achievement levels; achievement_level; y=ax^2, y=a(x-p)^2+q, y=ax^2+bx+c 꼴의 이차함수 그래프를 그리고 성질을 설명하는 수준을 구분 | achievement_research_report_2022: 연구보고서 p. 220; 이차함수와 그 그래프 성취기준별 성취수준; research_report_achievement_level_context; 이차함수 개념, 이차함수인지 판단하기, 상황을 식으로 나타내기, y=ax^2, y=a(x-p)^2, y=ax^2+q, y=a(x-p)^2+q, y=ax^2+bx+c 그래프와 성질, 표를 이용한 y=ax^2 그래프 그리기를 다루는 성취수준 맥락",,structure_ref;textbook_page_refs,Find textbook structure evidence for the containment relation.,pending_textbook_pdf,,,,,,,,,,
4,중3(교육과정 학년군: 중1-3),변화와 관계,이차함수와 그 그래프,m1_quad_func_unit__contains__m1_quad_func_identifying_quadratic_function,intra_unit,m1_quad_func_unit,이차함수와 그 그래프,이차함수와 그 그래프,m1_quad_func_identifying_quadratic_function,이차함수 판별하기,이차함수와 그 그래프,contains,high,3,"curriculum_math_2022: printed p. 35; [9수02-21]; achievement_standard; 이차함수의 개념을 이해하는 성취기준 | achievement_math_2022: 이차함수와 그 그래프 section; [9수02-21] achievement levels; achievement_level; 주어진 상황을 식으로 나타내어 이차함수인지 판단하거나 주어진 함수 중 이차함수를 찾는 수준을 구분 | achievement_research_report_2022: 연구보고서 p. 220; 이차함수와 그 그래프 성취기준별 성취수준; research_report_achievement_level_context; 이차함수 개념, 이차함수인지 판단하기, 상황을 식으로 나타내기, y=ax^2, y=a(x-p)^2, y=ax^2+q, y=a(x-p)^2+q, y=ax^2+bx+c 그래프와 성질, 표를 이용한 y=ax^2 그래프 그리기를 다루는 성취수준 맥락",,structure_ref;textbook_page_refs,Find textbook structure evidence for the containment relation.,pending_textbook_pdf,,,,,,,,,,
4,중3(교육과정 학년군: 중1-3),변화와 관계,이차함수와 그 그래프,m1_quad_func_unit__contains__m1_quad_func_quadratic_function,intra_unit,m1_quad_func_unit,이차함수와 그 그래프,이차함수와 그 그래프,m1_quad_func_quadratic_function,이차함수,이차함수와 그 그래프,contains,high,4,"curriculum_math_2022: printed p. 35; [9수02-21]; achievement_standard; 이차함수의 개념을 이해하는 성취기준 | curriculum_math_2022: printed p. 36; terms and symbols for 변화와 관계; term_list; 대입, 다항식, 항, 단항식, 상수항, 계수, 차수, 일차식, 동류항, 등식, 방정식, 미지수, 해, 근, 항등식, 이항, 일차방정식, 변수, 좌표, 그래프, 인수, 인수분해, 완전제곱식, 이차방정식, 중근, 근의 공식, 이차함수, 포물선, 축, 꼭짓점, 최댓값, 최솟값 등을 다룸 | achievement_math_2022: 이차함수와 그 그래프 section; [9수02-21] achievement levels; achievement_level; 주어진 상황을 식으로 나타내어 이차함수인지 판단하거나 주어진 함수 중 이차함수를 찾는 수준을 구분 | achievement_research_report_2022: 연구보고서 p. 220; 이차함수와 그 그래프 성취기준별 성취수준; research_report_achievement_level_context; 이차함수 개념, 이차함수인지 판단하기, 상황을 식으로 나타내기, y=ax^2, y=a(x-p)^2, y=ax^2+q, y=a(x-p)^2+q, y=ax^2+bx+c 그래프와 성질, 표를 이용한 y=ax^2 그래프 그리기를 다루는 성취수준 맥락",,structure_ref;textbook_page_refs,Find textbook structure evidence for the containment relation.,pending_textbook_pdf,,,,,,,,,,
4,중3(교육과정 학년군: 중1-3),변화와 관계,이차함수와 그 그래프,m1_quad_func_unit__contains__m1_quad_func_tech_tool_graph,intra_unit,m1_quad_func_unit,이차함수와 그 그래프,이차함수와 그 그래프,m1_quad_func_tech_tool_graph,공학 도구로 이차함수 그래프 탐구하기,이차함수와 그 그래프,contains,medium,2,"curriculum_math_2022: printed p. 36; achievement-standard considerations; teaching_note; 함수의 개념은 한 양이 변함에 따라 다른 양이 하나씩 정해지는 두 양 사이의 대응 관계로 도입하고, 공학 도구로 함수의 그래프와 성질을 탐구하게 함 | curriculum_math_2022: printed p. 35; [9수02-22]; achievement_standard; 이차함수의 그래프를 그리고 그 성질을 설명하는 성취기준",,structure_ref;textbook_page_refs,Find textbook structure evidence for the containment relation.,pending_textbook_pdf,,,,,,,,,,
4,중3(교육과정 학년군: 중1-3),변화와 관계,이차함수와 그 그래프,m1_quad_func_unit__contains__m1_quad_func_y_fx,intra_unit,m1_quad_func_unit,이차함수와 그 그래프,이차함수와 그 그래프,m1_quad_func_y_fx,y=f(x),이차함수와 그 그래프,contains,high,2,"curriculum_math_2022: printed p. 36; terms and symbols for 변화와 관계; term_list; 대입, 다항식, 항, 단항식, 상수항, 계수, 차수, 일차식, 동류항, 등식, 방정식, 미지수, 해, 근, 항등식, 이항, 일차방정식, 변수, 좌표, 그래프, 인수, 인수분해, 완전제곱식, 이차방정식, 중근, 근의 공식, 이차함수, 포물선, 축, 꼭짓점, 최댓값, 최솟값 등을 다룸 | curriculum_math_2022: printed p. 35; [9수02-22]; achievement_standard; 이차함수의 그래프를 그리고 그 성질을 설명하는 성취기준",,structure_ref;textbook_page_refs,Find textbook structure evidence for the containment relation.,pending_textbook_pdf,,,,,,,,,,
4,중3(교육과정 학년군: 중1-3),변화와 관계,이차함수와 그 그래프,m1_quad_func_vertex_form__contains__m1_quad_func_vertex_form_graph_reading,intra_unit,m1_quad_func_vertex_form,y=a(x-p)^2+q 꼴,이차함수와 그 그래프,m1_quad_func_vertex_form_graph_reading,꼭짓점형에서 그래프 성질 읽기,이차함수와 그 그래프,contains,medium,2,"achievement_math_2022: 이차함수와 그 그래프 section; [9수02-22] achievement levels; achievement_level; y=ax^2, y=a(x-p)^2+q, y=ax^2+bx+c 꼴의 이차함수 그래프를 그리고 성질을 설명하는 수준을 구분 | achievement_research_report_2022: 연구보고서 p. 220; 이차함수와 그 그래프 성취기준별 성취수준; research_report_achievement_level_context; 이차함수 개념, 이차함수인지 판단하기, 상황을 식으로 나타내기, y=ax^2, y=a(x-p)^2, y=ax^2+q, y=a(x-p)^2+q, y=ax^2+bx+c 그래프와 성질, 표를 이용한 y=ax^2 그래프 그리기를 다루는 성취수준 맥락",,structure_ref;textbook_page_refs,Find textbook structure evidence for the containment relation.,pending_textbook_pdf,,,,,,,,,,
4,중3(교육과정 학년군: 중1-3),변화와 관계,이차함수와 그 그래프,m1_quad_func_axis__prerequisite_for__m1_quad_func_axis_equation,intra_unit,m1_quad_func_axis,축,이차함수와 그 그래프,m1_quad_func_axis_equation,축의 방정식,이차함수와 그 그래프,prerequisite_for,medium,4,"curriculum_math_2022: printed p. 36; terms and symbols for 변화와 관계; term_list; 대입, 다항식, 항, 단항식, 상수항, 계수, 차수, 일차식, 동류항, 등식, 방정식, 미지수, 해, 근, 항등식, 이항, 일차방정식, 변수, 좌표, 그래프, 인수, 인수분해, 완전제곱식, 이차방정식, 중근, 근의 공식, 이차함수, 포물선, 축, 꼭짓점, 최댓값, 최솟값 등을 다룸 | curriculum_math_2022: printed p. 35; [9수02-22]; achievement_standard; 이차함수의 그래프를 그리고 그 성질을 설명하는 성취기준 | achievement_math_2022: 이차함수와 그 그래프 section; [9수02-22] achievement levels; achievement_level; y=ax^2, y=a(x-p)^2+q, y=ax^2+bx+c 꼴의 이차함수 그래프를 그리고 성질을 설명하는 수준을 구분 | achievement_research_report_2022: 연구보고서 p. 220; 이차함수와 그 그래프 성취기준별 성취수준; research_report_achievement_level_context; 이차함수 개념, 이차함수인지 판단하기, 상황을 식으로 나타내기, y=ax^2, y=a(x-p)^2, y=ax^2+q, y=a(x-p)^2+q, y=ax^2+bx+c 그래프와 성질, 표를 이용한 y=ax^2 그래프 그리기를 다루는 성취수준 맥락",,prerequisite_ref;textbook_page_refs,Find textbook sequencing or prior-knowledge evidence for the prerequisite relation.,pending_textbook_pdf,,,,,,,,,,
4,중3(교육과정 학년군: 중1-3),변화와 관계,이차함수와 그 그래프,m1_quad_func_axis_equation__prerequisite_for__m1_quad_func_vertex_form_graph_reading,intra_unit,m1_quad_func_axis_equation,축의 방정식,이차함수와 그 그래프,m1_quad_func_vertex_form_graph_reading,꼭짓점형에서 그래프 성질 읽기,이차함수와 그 그래프,prerequisite_for,medium,2,"achievement_math_2022: 이차함수와 그 그래프 section; [9수02-22] achievement levels; achievement_level; y=ax^2, y=a(x-p)^2+q, y=ax^2+bx+c 꼴의 이차함수 그래프를 그리고 성질을 설명하는 수준을 구분 | achievement_research_report_2022: 연구보고서 p. 220; 이차함수와 그 그래프 성취기준별 성취수준; research_report_achievement_level_context; 이차함수 개념, 이차함수인지 판단하기, 상황을 식으로 나타내기, y=ax^2, y=a(x-p)^2, y=ax^2+q, y=a(x-p)^2+q, y=ax^2+bx+c 그래프와 성질, 표를 이용한 y=ax^2 그래프 그리기를 다루는 성취수준 맥락",,prerequisite_ref;textbook_page_refs,Find textbook sequencing or prior-knowledge evidence for the prerequisite relation.,pending_textbook_pdf,,,,,,,,,,
4,중3(교육과정 학년군: 중1-3),변화와 관계,이차함수와 그 그래프,m1_quad_func_formula__prerequisite_for__m1_quad_func_general_form,intra_unit,m1_quad_func_formula,이차함수의 식,이차함수와 그 그래프,m1_quad_func_general_form,y=ax^2+bx+c 꼴,이차함수와 그 그래프,prerequisite_for,medium,2,"achievement_math_2022: 이차함수와 그 그래프 section; [9수02-22] achievement levels; achievement_level; y=ax^2, y=a(x-p)^2+q, y=ax^2+bx+c 꼴의 이차함수 그래프를 그리고 성질을 설명하는 수준을 구분 | achievement_research_report_2022: 연구보고서 p. 220; 이차함수와 그 그래프 성취기준별 성취수준; research_report_achievement_level_context; 이차함수 개념, 이차함수인지 판단하기, 상황을 식으로 나타내기, y=ax^2, y=a(x-p)^2, y=ax^2+q, y=a(x-p)^2+q, y=ax^2+bx+c 그래프와 성질, 표를 이용한 y=ax^2 그래프 그리기를 다루는 성취수준 맥락",,prerequisite_ref;textbook_page_refs,Find textbook sequencing or prior-knowledge evidence for the prerequisite relation.,pending_textbook_pdf,,,,,,,,,,
4,중3(교육과정 학년군: 중1-3),변화와 관계,이차함수와 그 그래프,m1_quad_func_formula__prerequisite_for__m1_quad_func_identifying_quadratic_function,intra_unit,m1_quad_func_formula,이차함수의 식,이차함수와 그 그래프,m1_quad_func_identifying_quadratic_function,이차함수 판별하기,이차함수와 그 그래프,prerequisite_for,high,3,"curriculum_math_2022: printed p. 35; [9수02-21]; achievement_standard; 이차함수의 개념을 이해하는 성취기준 | achievement_math_2022: 이차함수와 그 그래프 section; [9수02-21] achievement levels; achievement_level; 주어진 상황을 식으로 나타내어 이차함수인지 판단하거나 주어진 함수 중 이차함수를 찾는 수준을 구분 | achievement_research_report_2022: 연구보고서 p. 220; 이차함수와 그 그래프 성취기준별 성취수준; research_report_achievement_level_context; 이차함수 개념, 이차함수인지 판단하기, 상황을 식으로 나타내기, y=ax^2, y=a(x-p)^2, y=ax^2+q, y=a(x-p)^2+q, y=ax^2+bx+c 그래프와 성질, 표를 이용한 y=ax^2 그래프 그리기를 다루는 성취수준 맥락",,prerequisite_ref;textbook_page_refs,Find textbook sequencing or prior-knowledge evidence for the prerequisite relation.,pending_textbook_pdf,,,,,,,,,,
4,중3(교육과정 학년군: 중1-3),변화와 관계,이차함수와 그 그래프,m1_quad_func_formula__prerequisite_for__m1_quad_func_vertex_form,intra_unit,m1_quad_func_formula,이차함수의 식,이차함수와 그 그래프,m1_quad_func_vertex_form,y=a(x-p)^2+q 꼴,이차함수와 그 그래프,prerequisite_for,medium,2,"achievement_math_2022: 이차함수와 그 그래프 section; [9수02-22] achievement levels; achievement_level; y=ax^2, y=a(x-p)^2+q, y=ax^2+bx+c 꼴의 이차함수 그래프를 그리고 성질을 설명하는 수준을 구분 | achievement_research_report_2022: 연구보고서 p. 220; 이차함수와 그 그래프 성취기준별 성취수준; research_report_achievement_level_context; 이차함수 개념, 이차함수인지 판단하기, 상황을 식으로 나타내기, y=ax^2, y=a(x-p)^2, y=ax^2+q, y=a(x-p)^2+q, y=ax^2+bx+c 그래프와 성질, 표를 이용한 y=ax^2 그래프 그리기를 다루는 성취수준 맥락",,prerequisite_ref;textbook_page_refs,Find textbook sequencing or prior-knowledge evidence for the prerequisite relation.,pending_textbook_pdf,,,,,,,,,,
4,중3(교육과정 학년군: 중1-3),변화와 관계,이차함수와 그 그래프,m1_quad_func_formula__prerequisite_for__m1_quad_func_y_ax2_form,intra_unit,m1_quad_func_formula,이차함수의 식,이차함수와 그 그래프,m1_quad_func_y_ax2_form,y=ax^2 꼴,이차함수와 그 그래프,prerequisite_for,medium,2,"achievement_math_2022: 이차함수와 그 그래프 section; [9수02-22] achievement levels; achievement_level; y=ax^2, y=a(x-p)^2+q, y=ax^2+bx+c 꼴의 이차함수 그래프를 그리고 성질을 설명하는 수준을 구분 | achievement_research_report_2022: 연구보고서 p. 220; 이차함수와 그 그래프 성취기준별 성취수준; research_report_achievement_level_context; 이차함수 개념, 이차함수인지 판단하기, 상황을 식으로 나타내기, y=ax^2, y=a(x-p)^2, y=ax^2+q, y=a(x-p)^2+q, y=ax^2+bx+c 그래프와 성질, 표를 이용한 y=ax^2 그래프 그리기를 다루는 성취수준 맥락",,prerequisite_ref;textbook_page_refs,Find textbook sequencing or prior-knowledge evidence for the prerequisite relation.,pending_textbook_pdf,,,,,,,,,,
4,중3(교육과정 학년군: 중1-3),변화와 관계,이차함수와 그 그래프,m1_quad_func_graph__prerequisite_for__m1_quad_func_graph_drawing,intra_unit,m1_quad_func_graph,이차함수의 그래프,이차함수와 그 그래프,m1_quad_func_graph_drawing,이차함수 그래프 그리기,이차함수와 그 그래프,prerequisite_for,high,3,"curriculum_math_2022: printed p. 35; [9수02-22]; achievement_standard; 이차함수의 그래프를 그리고 그 성질을 설명하는 성취기준 | achievement_math_2022: 이차함수와 그 그래프 section; [9수02-22] achievement levels; achievement_level; y=ax^2, y=a(x-p)^2+q, y=ax^2+bx+c 꼴의 이차함수 그래프를 그리고 성질을 설명하는 수준을 구분 | achievement_research_report_2022: 연구보고서 p. 220; 이차함수와 그 그래프 성취기준별 성취수준; research_report_achievement_level_context; 이차함수 개념, 이차함수인지 판단하기, 상황을 식으로 나타내기, y=ax^2, y=a(x-p)^2, y=ax^2+q, y=a(x-p)^2+q, y=ax^2+bx+c 그래프와 성질, 표를 이용한 y=ax^2 그래프 그리기를 다루는 성취수준 맥락",,prerequisite_ref;textbook_page_refs,Find textbook sequencing or prior-knowledge evidence for the prerequisite relation.,pending_textbook_pdf,,,,,,,,,,
4,중3(교육과정 학년군: 중1-3),변화와 관계,이차함수와 그 그래프,m1_quad_func_graph__prerequisite_for__m1_quad_func_graph_properties,intra_unit,m1_quad_func_graph,이차함수의 그래프,이차함수와 그 그래프,m1_quad_func_graph_properties,이차함수 그래프의 성질,이차함수와 그 그래프,prerequisite_for,high,4,"curriculum_math_2022: printed p. 35; [9수02-22]; achievement_standard; 이차함수의 그래프를 그리고 그 성질을 설명하는 성취기준 | curriculum_math_2022: printed p. 36; achievement-standard considerations; teaching_note; 이차함수의 최댓값과 최솟값은 x의 범위가 실수 전체인 경우만 다루고, 이차방정식은 해가 실수인 경우만 다루며 근과 계수와의 관계는 다루지 않음 | achievement_math_2022: 이차함수와 그 그래프 section; [9수02-22] achievement levels; achievement_level; y=ax^2, y=a(x-p)^2+q, y=ax^2+bx+c 꼴의 이차함수 그래프를 그리고 성질을 설명하는 수준을 구분 | achievement_research_report_2022: 연구보고서 p. 220; 이차함수와 그 그래프 성취기준별 성취수준; research_report_achievement_level_context; 이차함수 개념, 이차함수인지 판단하기, 상황을 식으로 나타내기, y=ax^2, y=a(x-p)^2, y=ax^2+q, y=a(x-p)^2+q, y=ax^2+bx+c 그래프와 성질, 표를 이용한 y=ax^2 그래프 그리기를 다루는 성취수준 맥락",,prerequisite_ref;textbook_page_refs,Find textbook sequencing or prior-knowledge evidence for the prerequisite relation.,pending_textbook_pdf,,,,,,,,,,
4,중3(교육과정 학년군: 중1-3),변화와 관계,이차함수와 그 그래프,m1_quad_func_graph__prerequisite_for__m1_quad_func_parabola,intra_unit,m1_quad_func_graph,이차함수의 그래프,이차함수와 그 그래프,m1_quad_func_parabola,포물선,이차함수와 그 그래프,prerequisite_for,high,3,"curriculum_math_2022: printed p. 36; terms and symbols for 변화와 관계; term_list; 대입, 다항식, 항, 단항식, 상수항, 계수, 차수, 일차식, 동류항, 등식, 방정식, 미지수, 해, 근, 항등식, 이항, 일차방정식, 변수, 좌표, 그래프, 인수, 인수분해, 완전제곱식, 이차방정식, 중근, 근의 공식, 이차함수, 포물선, 축, 꼭짓점, 최댓값, 최솟값 등을 다룸 | curriculum_math_2022: printed p. 35; [9수02-22]; achievement_standard; 이차함수의 그래프를 그리고 그 성질을 설명하는 성취기준 | achievement_math_2022: 이차함수와 그 그래프 section; [9수02-22] achievement levels; achievement_level; y=ax^2, y=a(x-p)^2+q, y=ax^2+bx+c 꼴의 이차함수 그래프를 그리고 성질을 설명하는 수준을 구분",,prerequisite_ref;textbook_page_refs,Find textbook sequencing or prior-knowledge evidence for the prerequisite relation.,pending_textbook_pdf,,,,,,,,,,
4,중3(교육과정 학년군: 중1-3),변화와 관계,이차함수와 그 그래프,m1_quad_func_graph__prerequisite_for__m1_quad_func_tech_tool_graph,intra_unit,m1_quad_func_graph,이차함수의 그래프,이차함수와 그 그래프,m1_quad_func_tech_tool_graph,공학 도구로 이차함수 그래프 탐구하기,이차함수와 그 그래프,prerequisite_for,medium,2,"curriculum_math_2022: printed p. 36; achievement-standard considerations; teaching_note; 함수의 개념은 한 양이 변함에 따라 다른 양이 하나씩 정해지는 두 양 사이의 대응 관계로 도입하고, 공학 도구로 함수의 그래프와 성질을 탐구하게 함 | curriculum_math_2022: printed p. 35; [9수02-22]; achievement_standard; 이차함수의 그래프를 그리고 그 성질을 설명하는 성취기준",,prerequisite_ref;textbook_page_refs,Find textbook sequencing or prior-knowledge evidence for the prerequisite relation.,pending_textbook_pdf,,,,,,,,,,
4,중3(교육과정 학년군: 중1-3),변화와 관계,이차함수와 그 그래프,m1_quad_func_graph__prerequisite_for__m1_quad_func_y_ax2_graph,intra_unit,m1_quad_func_graph,이차함수의 그래프,이차함수와 그 그래프,m1_quad_func_y_ax2_graph,y=ax^2 그래프,이차함수와 그 그래프,prerequisite_for,medium,2,"achievement_math_2022: 이차함수와 그 그래프 section; [9수02-22] achievement levels; achievement_level; y=ax^2, y=a(x-p)^2+q, y=ax^2+bx+c 꼴의 이차함수 그래프를 그리고 성질을 설명하는 수준을 구분 | achievement_research_report_2022: 연구보고서 p. 220; 이차함수와 그 그래프 성취기준별 성취수준; research_report_achievement_level_context; 이차함수 개념, 이차함수인지 판단하기, 상황을 식으로 나타내기, y=ax^2, y=a(x-p)^2, y=ax^2+q, y=a(x-p)^2+q, y=ax^2+bx+c 그래프와 성질, 표를 이용한 y=ax^2 그래프 그리기를 다루는 성취수준 맥락",,prerequisite_ref;textbook_page_refs,Find textbook sequencing or prior-knowledge evidence for the prerequisite relation.,pending_textbook_pdf,,,,,,,,,,
4,중3(교육과정 학년군: 중1-3),변화와 관계,이차함수와 그 그래프,m1_quad_func_graph_properties__prerequisite_for__m1_quad_func_maximum,intra_unit,m1_quad_func_graph_properties,이차함수 그래프의 성질,이차함수와 그 그래프,m1_quad_func_maximum,최댓값,이차함수와 그 그래프,prerequisite_for,high,3,"curriculum_math_2022: printed p. 36; terms and symbols for 변화와 관계; term_list; 대입, 다항식, 항, 단항식, 상수항, 계수, 차수, 일차식, 동류항, 등식, 방정식, 미지수, 해, 근, 항등식, 이항, 일차방정식, 변수, 좌표, 그래프, 인수, 인수분해, 완전제곱식, 이차방정식, 중근, 근의 공식, 이차함수, 포물선, 축, 꼭짓점, 최댓값, 최솟값 등을 다룸 | curriculum_math_2022: printed p. 36; achievement-standard considerations; teaching_note; 이차함수의 최댓값과 최솟값은 x의 범위가 실수 전체인 경우만 다루고, 이차방정식은 해가 실수인 경우만 다루며 근과 계수와의 관계는 다루지 않음 | achievement_math_2022: 이차함수와 그 그래프 section; [9수02-22] achievement levels; achievement_level; y=ax^2, y=a(x-p)^2+q, y=ax^2+bx+c 꼴의 이차함수 그래프를 그리고 성질을 설명하는 수준을 구분",,prerequisite_ref;textbook_page_refs,Find textbook sequencing or prior-knowledge evidence for the prerequisite relation.,pending_textbook_pdf,,,,,,,,,,
4,중3(교육과정 학년군: 중1-3),변화와 관계,이차함수와 그 그래프,m1_quad_func_graph_properties__prerequisite_for__m1_quad_func_minimum,intra_unit,m1_quad_func_graph_properties,이차함수 그래프의 성질,이차함수와 그 그래프,m1_quad_func_minimum,최솟값,이차함수와 그 그래프,prerequisite_for,high,3,"curriculum_math_2022: printed p. 36; terms and symbols for 변화와 관계; term_list; 대입, 다항식, 항, 단항식, 상수항, 계수, 차수, 일차식, 동류항, 등식, 방정식, 미지수, 해, 근, 항등식, 이항, 일차방정식, 변수, 좌표, 그래프, 인수, 인수분해, 완전제곱식, 이차방정식, 중근, 근의 공식, 이차함수, 포물선, 축, 꼭짓점, 최댓값, 최솟값 등을 다룸 | curriculum_math_2022: printed p. 36; achievement-standard considerations; teaching_note; 이차함수의 최댓값과 최솟값은 x의 범위가 실수 전체인 경우만 다루고, 이차방정식은 해가 실수인 경우만 다루며 근과 계수와의 관계는 다루지 않음 | achievement_math_2022: 이차함수와 그 그래프 section; [9수02-22] achievement levels; achievement_level; y=ax^2, y=a(x-p)^2+q, y=ax^2+bx+c 꼴의 이차함수 그래프를 그리고 성질을 설명하는 수준을 구분",,prerequisite_ref;textbook_page_refs,Find textbook sequencing or prior-knowledge evidence for the prerequisite relation.,pending_textbook_pdf,,,,,,,,,,
4,중3(교육과정 학년군: 중1-3),변화와 관계,이차함수와 그 그래프,m1_quad_func_maximum__prerequisite_for__m1_quad_func_max_min_real_scope,intra_unit,m1_quad_func_maximum,최댓값,이차함수와 그 그래프,m1_quad_func_max_min_real_scope,이차함수 최댓값·최솟값의 실수 전체 범위,이차함수와 그 그래프,prerequisite_for,high,1,"curriculum_math_2022: printed p. 36; achievement-standard considerations; teaching_note; 이차함수의 최댓값과 최솟값은 x의 범위가 실수 전체인 경우만 다루고, 이차방정식은 해가 실수인 경우만 다루며 근과 계수와의 관계는 다루지 않음",,prerequisite_ref;textbook_page_refs,Find textbook sequencing or prior-knowledge evidence for the prerequisite relation.,pending_textbook_pdf,,,,,,,,,,
4,중3(교육과정 학년군: 중1-3),변화와 관계,이차함수와 그 그래프,m1_quad_func_minimum__prerequisite_for__m1_quad_func_max_min_real_scope,intra_unit,m1_quad_func_minimum,최솟값,이차함수와 그 그래프,m1_quad_func_max_min_real_scope,이차함수 최댓값·최솟값의 실수 전체 범위,이차함수와 그 그래프,prerequisite_for,high,1,"curriculum_math_2022: printed p. 36; achievement-standard considerations; teaching_note; 이차함수의 최댓값과 최솟값은 x의 범위가 실수 전체인 경우만 다루고, 이차방정식은 해가 실수인 경우만 다루며 근과 계수와의 관계는 다루지 않음",,prerequisite_ref;textbook_page_refs,Find textbook sequencing or prior-knowledge evidence for the prerequisite relation.,pending_textbook_pdf,,,,,,,,,,
4,중3(교육과정 학년군: 중1-3),변화와 관계,이차함수와 그 그래프,m1_quad_func_parabola__prerequisite_for__m1_quad_func_axis,intra_unit,m1_quad_func_parabola,포물선,이차함수와 그 그래프,m1_quad_func_axis,축,이차함수와 그 그래프,prerequisite_for,high,3,"curriculum_math_2022: printed p. 36; terms and symbols for 변화와 관계; term_list; 대입, 다항식, 항, 단항식, 상수항, 계수, 차수, 일차식, 동류항, 등식, 방정식, 미지수, 해, 근, 항등식, 이항, 일차방정식, 변수, 좌표, 그래프, 인수, 인수분해, 완전제곱식, 이차방정식, 중근, 근의 공식, 이차함수, 포물선, 축, 꼭짓점, 최댓값, 최솟값 등을 다룸 | curriculum_math_2022: printed p. 35; [9수02-22]; achievement_standard; 이차함수의 그래프를 그리고 그 성질을 설명하는 성취기준 | achievement_math_2022: 이차함수와 그 그래프 section; [9수02-22] achievement levels; achievement_level; y=ax^2, y=a(x-p)^2+q, y=ax^2+bx+c 꼴의 이차함수 그래프를 그리고 성질을 설명하는 수준을 구분",,prerequisite_ref;textbook_page_refs,Find textbook sequencing or prior-knowledge evidence for the prerequisite relation.,pending_textbook_pdf,,,,,,,,,,
4,중3(교육과정 학년군: 중1-3),변화와 관계,이차함수와 그 그래프,m1_quad_func_parabola__prerequisite_for__m1_quad_func_opening_direction,intra_unit,m1_quad_func_parabola,포물선,이차함수와 그 그래프,m1_quad_func_opening_direction,위로 열린 그래프와 아래로 열린 그래프,이차함수와 그 그래프,prerequisite_for,medium,2,"achievement_math_2022: 이차함수와 그 그래프 section; [9수02-22] achievement levels; achievement_level; y=ax^2, y=a(x-p)^2+q, y=ax^2+bx+c 꼴의 이차함수 그래프를 그리고 성질을 설명하는 수준을 구분 | achievement_research_report_2022: 연구보고서 p. 220; 이차함수와 그 그래프 성취기준별 성취수준; research_report_achievement_level_context; 이차함수 개념, 이차함수인지 판단하기, 상황을 식으로 나타내기, y=ax^2, y=a(x-p)^2, y=ax^2+q, y=a(x-p)^2+q, y=ax^2+bx+c 그래프와 성질, 표를 이용한 y=ax^2 그래프 그리기를 다루는 성취수준 맥락",,prerequisite_ref;textbook_page_refs,Find textbook sequencing or prior-knowledge evidence for the prerequisite relation.,pending_textbook_pdf,,,,,,,,,,
4,중3(교육과정 학년군: 중1-3),변화와 관계,이차함수와 그 그래프,m1_quad_func_parabola__prerequisite_for__m1_quad_func_vertex,intra_unit,m1_quad_func_parabola,포물선,이차함수와 그 그래프,m1_quad_func_vertex,꼭짓점,이차함수와 그 그래프,prerequisite_for,high,3,"curriculum_math_2022: printed p. 36; terms and symbols for 변화와 관계; term_list; 대입, 다항식, 항, 단항식, 상수항, 계수, 차수, 일차식, 동류항, 등식, 방정식, 미지수, 해, 근, 항등식, 이항, 일차방정식, 변수, 좌표, 그래프, 인수, 인수분해, 완전제곱식, 이차방정식, 중근, 근의 공식, 이차함수, 포물선, 축, 꼭짓점, 최댓값, 최솟값 등을 다룸 | curriculum_math_2022: printed p. 35; [9수02-22]; achievement_standard; 이차함수의 그래프를 그리고 그 성질을 설명하는 성취기준 | achievement_math_2022: 이차함수와 그 그래프 section; [9수02-22] achievement levels; achievement_level; y=ax^2, y=a(x-p)^2+q, y=ax^2+bx+c 꼴의 이차함수 그래프를 그리고 성질을 설명하는 수준을 구분",,prerequisite_ref;textbook_page_refs,Find textbook sequencing or prior-knowledge evidence for the prerequisite relation.,pending_textbook_pdf,,,,,,,,,,
4,중3(교육과정 학년군: 중1-3),변화와 관계,이차함수와 그 그래프,m1_quad_func_quadratic_function__prerequisite_for__m1_quad_func_formula,intra_unit,m1_quad_func_quadratic_function,이차함수,이차함수와 그 그래프,m1_quad_func_formula,이차함수의 식,이차함수와 그 그래프,prerequisite_for,high,4,"curriculum_math_2022: printed p. 35; [9수02-21]; achievement_standard; 이차함수의 개념을 이해하는 성취기준 | achievement_math_2022: 이차함수와 그 그래프 section; [9수02-21] achievement levels; achievement_level; 주어진 상황을 식으로 나타내어 이차함수인지 판단하거나 주어진 함수 중 이차함수를 찾는 수준을 구분 | achievement_math_2022: 이차함수와 그 그래프 section; [9수02-22] achievement levels; achievement_level; y=ax^2, y=a(x-p)^2+q, y=ax^2+bx+c 꼴의 이차함수 그래프를 그리고 성질을 설명하는 수준을 구분 | achievement_research_report_2022: 연구보고서 p. 220; 이차함수와 그 그래프 성취기준별 성취수준; research_report_achievement_level_context; 이차함수 개념, 이차함수인지 판단하기, 상황을 식으로 나타내기, y=ax^2, y=a(x-p)^2, y=ax^2+q, y=a(x-p)^2+q, y=ax^2+bx+c 그래프와 성질, 표를 이용한 y=ax^2 그래프 그리기를 다루는 성취수준 맥락",,prerequisite_ref;textbook_page_refs,Find textbook sequencing or prior-knowledge evidence for the prerequisite relation.,pending_textbook_pdf,,,,,,,,,,
4,중3(교육과정 학년군: 중1-3),변화와 관계,이차함수와 그 그래프,m1_quad_func_quadratic_function__prerequisite_for__m1_quad_func_graph,intra_unit,m1_quad_func_quadratic_function,이차함수,이차함수와 그 그래프,m1_quad_func_graph,이차함수의 그래프,이차함수와 그 그래프,prerequisite_for,high,4,"curriculum_math_2022: printed p. 35; [9수02-22]; achievement_standard; 이차함수의 그래프를 그리고 그 성질을 설명하는 성취기준 | curriculum_math_2022: printed p. 36; terms and symbols for 변화와 관계; term_list; 대입, 다항식, 항, 단항식, 상수항, 계수, 차수, 일차식, 동류항, 등식, 방정식, 미지수, 해, 근, 항등식, 이항, 일차방정식, 변수, 좌표, 그래프, 인수, 인수분해, 완전제곱식, 이차방정식, 중근, 근의 공식, 이차함수, 포물선, 축, 꼭짓점, 최댓값, 최솟값 등을 다룸 | achievement_math_2022: 이차함수와 그 그래프 section; [9수02-22] achievement levels; achievement_level; y=ax^2, y=a(x-p)^2+q, y=ax^2+bx+c 꼴의 이차함수 그래프를 그리고 성질을 설명하는 수준을 구분 | achievement_research_report_2022: 연구보고서 p. 220; 이차함수와 그 그래프 성취기준별 성취수준; research_report_achievement_level_context; 이차함수 개념, 이차함수인지 판단하기, 상황을 식으로 나타내기, y=ax^2, y=a(x-p)^2, y=ax^2+q, y=a(x-p)^2+q, y=ax^2+bx+c 그래프와 성질, 표를 이용한 y=ax^2 그래프 그리기를 다루는 성취수준 맥락",,prerequisite_ref;textbook_page_refs,Find textbook sequencing or prior-knowledge evidence for the prerequisite relation.,pending_textbook_pdf,,,,,,,,,,
4,중3(교육과정 학년군: 중1-3),변화와 관계,이차함수와 그 그래프,m1_quad_func_quadratic_function__prerequisite_for__m1_quad_func_identifying_quadratic_function,intra_unit,m1_quad_func_quadratic_function,이차함수,이차함수와 그 그래프,m1_quad_func_identifying_quadratic_function,이차함수 판별하기,이차함수와 그 그래프,prerequisite_for,high,3,"curriculum_math_2022: printed p. 35; [9수02-21]; achievement_standard; 이차함수의 개념을 이해하는 성취기준 | achievement_math_2022: 이차함수와 그 그래프 section; [9수02-21] achievement levels; achievement_level; 주어진 상황을 식으로 나타내어 이차함수인지 판단하거나 주어진 함수 중 이차함수를 찾는 수준을 구분 | achievement_research_report_2022: 연구보고서 p. 220; 이차함수와 그 그래프 성취기준별 성취수준; research_report_achievement_level_context; 이차함수 개념, 이차함수인지 판단하기, 상황을 식으로 나타내기, y=ax^2, y=a(x-p)^2, y=ax^2+q, y=a(x-p)^2+q, y=ax^2+bx+c 그래프와 성질, 표를 이용한 y=ax^2 그래프 그리기를 다루는 성취수준 맥락",,prerequisite_ref;textbook_page_refs,Find textbook sequencing or prior-knowledge evidence for the prerequisite relation.,pending_textbook_pdf,,,,,,,,,,
4,중3(교육과정 학년군: 중1-3),변화와 관계,이차함수와 그 그래프,m1_quad_func_vertex_coordinates__prerequisite_for__m1_quad_func_vertex_form_graph_reading,intra_unit,m1_quad_func_vertex_coordinates,꼭짓점 좌표,이차함수와 그 그래프,m1_quad_func_vertex_form_graph_reading,꼭짓점형에서 그래프 성질 읽기,이차함수와 그 그래프,prerequisite_for,medium,2,"achievement_math_2022: 이차함수와 그 그래프 section; [9수02-22] achievement levels; achievement_level; y=ax^2, y=a(x-p)^2+q, y=ax^2+bx+c 꼴의 이차함수 그래프를 그리고 성질을 설명하는 수준을 구분 | achievement_research_report_2022: 연구보고서 p. 220; 이차함수와 그 그래프 성취기준별 성취수준; research_report_achievement_level_context; 이차함수 개념, 이차함수인지 판단하기, 상황을 식으로 나타내기, y=ax^2, y=a(x-p)^2, y=ax^2+q, y=a(x-p)^2+q, y=ax^2+bx+c 그래프와 성질, 표를 이용한 y=ax^2 그래프 그리기를 다루는 성취수준 맥락",,prerequisite_ref;textbook_page_refs,Find textbook sequencing or prior-knowledge evidence for the prerequisite relation.,pending_textbook_pdf,,,,,,,,,,
4,중3(교육과정 학년군: 중1-3),변화와 관계,이차함수와 그 그래프,m1_quad_func_vertex_form__prerequisite_for__m1_quad_func_axis_equation,intra_unit,m1_quad_func_vertex_form,y=a(x-p)^2+q 꼴,이차함수와 그 그래프,m1_quad_func_axis_equation,축의 방정식,이차함수와 그 그래프,prerequisite_for,medium,4,"curriculum_math_2022: printed p. 36; terms and symbols for 변화와 관계; term_list; 대입, 다항식, 항, 단항식, 상수항, 계수, 차수, 일차식, 동류항, 등식, 방정식, 미지수, 해, 근, 항등식, 이항, 일차방정식, 변수, 좌표, 그래프, 인수, 인수분해, 완전제곱식, 이차방정식, 중근, 근의 공식, 이차함수, 포물선, 축, 꼭짓점, 최댓값, 최솟값 등을 다룸 | curriculum_math_2022: printed p. 35; [9수02-22]; achievement_standard; 이차함수의 그래프를 그리고 그 성질을 설명하는 성취기준 | achievement_math_2022: 이차함수와 그 그래프 section; [9수02-22] achievement levels; achievement_level; y=ax^2, y=a(x-p)^2+q, y=ax^2+bx+c 꼴의 이차함수 그래프를 그리고 성질을 설명하는 수준을 구분 | achievement_research_report_2022: 연구보고서 p. 220; 이차함수와 그 그래프 성취기준별 성취수준; research_report_achievement_level_context; 이차함수 개념, 이차함수인지 판단하기, 상황을 식으로 나타내기, y=ax^2, y=a(x-p)^2, y=ax^2+q, y=a(x-p)^2+q, y=ax^2+bx+c 그래프와 성질, 표를 이용한 y=ax^2 그래프 그리기를 다루는 성취수준 맥락",,prerequisite_ref;textbook_page_refs,Find textbook sequencing or prior-knowledge evidence for the prerequisite relation.,pending_textbook_pdf,,,,,,,,,,
4,중3(교육과정 학년군: 중1-3),변화와 관계,이차함수와 그 그래프,m1_quad_func_vertex_form__prerequisite_for__m1_quad_func_vertex_coordinates,intra_unit,m1_quad_func_vertex_form,y=a(x-p)^2+q 꼴,이차함수와 그 그래프,m1_quad_func_vertex_coordinates,꼭짓점 좌표,이차함수와 그 그래프,prerequisite_for,medium,4,"curriculum_math_2022: printed p. 36; terms and symbols for 변화와 관계; term_list; 대입, 다항식, 항, 단항식, 상수항, 계수, 차수, 일차식, 동류항, 등식, 방정식, 미지수, 해, 근, 항등식, 이항, 일차방정식, 변수, 좌표, 그래프, 인수, 인수분해, 완전제곱식, 이차방정식, 중근, 근의 공식, 이차함수, 포물선, 축, 꼭짓점, 최댓값, 최솟값 등을 다룸 | curriculum_math_2022: printed p. 35; [9수02-22]; achievement_standard; 이차함수의 그래프를 그리고 그 성질을 설명하는 성취기준 | achievement_math_2022: 이차함수와 그 그래프 section; [9수02-22] achievement levels; achievement_level; y=ax^2, y=a(x-p)^2+q, y=ax^2+bx+c 꼴의 이차함수 그래프를 그리고 성질을 설명하는 수준을 구분 | achievement_research_report_2022: 연구보고서 p. 220; 이차함수와 그 그래프 성취기준별 성취수준; research_report_achievement_level_context; 이차함수 개념, 이차함수인지 판단하기, 상황을 식으로 나타내기, y=ax^2, y=a(x-p)^2, y=ax^2+q, y=a(x-p)^2+q, y=ax^2+bx+c 그래프와 성질, 표를 이용한 y=ax^2 그래프 그리기를 다루는 성취수준 맥락",,prerequisite_ref;textbook_page_refs,Find textbook sequencing or prior-knowledge evidence for the prerequisite relation.,pending_textbook_pdf,,,,,,,,,,
4,중3(교육과정 학년군: 중1-3),변화와 관계,이차함수와 그 그래프,m1_quad_func_vertex_form__prerequisite_for__m1_quad_func_vertex_form_graph_reading,intra_unit,m1_quad_func_vertex_form,y=a(x-p)^2+q 꼴,이차함수와 그 그래프,m1_quad_func_vertex_form_graph_reading,꼭짓점형에서 그래프 성질 읽기,이차함수와 그 그래프,prerequisite_for,medium,2,"achievement_math_2022: 이차함수와 그 그래프 section; [9수02-22] achievement levels; achievement_level; y=ax^2, y=a(x-p)^2+q, y=ax^2+bx+c 꼴의 이차함수 그래프를 그리고 성질을 설명하는 수준을 구분 | achievement_research_report_2022: 연구보고서 p. 220; 이차함수와 그 그래프 성취기준별 성취수준; research_report_achievement_level_context; 이차함수 개념, 이차함수인지 판단하기, 상황을 식으로 나타내기, y=ax^2, y=a(x-p)^2, y=ax^2+q, y=a(x-p)^2+q, y=ax^2+bx+c 그래프와 성질, 표를 이용한 y=ax^2 그래프 그리기를 다루는 성취수준 맥락",,prerequisite_ref;textbook_page_refs,Find textbook sequencing or prior-knowledge evidence for the prerequisite relation.,pending_textbook_pdf,,,,,,,,,,
4,중3(교육과정 학년군: 중1-3),변화와 관계,이차함수와 그 그래프,m1_quad_func_y_ax2_form__prerequisite_for__m1_quad_func_shifted_square_form,intra_unit,m1_quad_func_y_ax2_form,y=ax^2 꼴,이차함수와 그 그래프,m1_quad_func_shifted_square_form,y=a(x-p)^2 꼴,이차함수와 그 그래프,prerequisite_for,medium,2,"achievement_math_2022: 이차함수와 그 그래프 section; [9수02-22] achievement levels; achievement_level; y=ax^2, y=a(x-p)^2+q, y=ax^2+bx+c 꼴의 이차함수 그래프를 그리고 성질을 설명하는 수준을 구분 | achievement_research_report_2022: 연구보고서 p. 220; 이차함수와 그 그래프 성취기준별 성취수준; research_report_achievement_level_context; 이차함수 개념, 이차함수인지 판단하기, 상황을 식으로 나타내기, y=ax^2, y=a(x-p)^2, y=ax^2+q, y=a(x-p)^2+q, y=ax^2+bx+c 그래프와 성질, 표를 이용한 y=ax^2 그래프 그리기를 다루는 성취수준 맥락",,prerequisite_ref;textbook_page_refs,Find textbook sequencing or prior-knowledge evidence for the prerequisite relation.,pending_textbook_pdf,,,,,,,,,,
4,중3(교육과정 학년군: 중1-3),변화와 관계,이차함수와 그 그래프,m1_quad_func_y_ax2_form__prerequisite_for__m1_quad_func_vertical_shift_form,intra_unit,m1_quad_func_y_ax2_form,y=ax^2 꼴,이차함수와 그 그래프,m1_quad_func_vertical_shift_form,y=ax^2+q 꼴,이차함수와 그 그래프,prerequisite_for,medium,2,"achievement_math_2022: 이차함수와 그 그래프 section; [9수02-22] achievement levels; achievement_level; y=ax^2, y=a(x-p)^2+q, y=ax^2+bx+c 꼴의 이차함수 그래프를 그리고 성질을 설명하는 수준을 구분 | achievement_research_report_2022: 연구보고서 p. 220; 이차함수와 그 그래프 성취기준별 성취수준; research_report_achievement_level_context; 이차함수 개념, 이차함수인지 판단하기, 상황을 식으로 나타내기, y=ax^2, y=a(x-p)^2, y=ax^2+q, y=a(x-p)^2+q, y=ax^2+bx+c 그래프와 성질, 표를 이용한 y=ax^2 그래프 그리기를 다루는 성취수준 맥락",,prerequisite_ref;textbook_page_refs,Find textbook sequencing or prior-knowledge evidence for the prerequisite relation.,pending_textbook_pdf,,,,,,,,,,
4,중3(교육과정 학년군: 중1-3),변화와 관계,이차함수와 그 그래프,m1_quad_func_y_ax2_form__prerequisite_for__m1_quad_func_y_ax2_graph,intra_unit,m1_quad_func_y_ax2_form,y=ax^2 꼴,이차함수와 그 그래프,m1_quad_func_y_ax2_graph,y=ax^2 그래프,이차함수와 그 그래프,prerequisite_for,medium,2,"achievement_math_2022: 이차함수와 그 그래프 section; [9수02-22] achievement levels; achievement_level; y=ax^2, y=a(x-p)^2+q, y=ax^2+bx+c 꼴의 이차함수 그래프를 그리고 성질을 설명하는 수준을 구분 | achievement_research_report_2022: 연구보고서 p. 220; 이차함수와 그 그래프 성취기준별 성취수준; research_report_achievement_level_context; 이차함수 개념, 이차함수인지 판단하기, 상황을 식으로 나타내기, y=ax^2, y=a(x-p)^2, y=ax^2+q, y=a(x-p)^2+q, y=ax^2+bx+c 그래프와 성질, 표를 이용한 y=ax^2 그래프 그리기를 다루는 성취수준 맥락",,prerequisite_ref;textbook_page_refs,Find textbook sequencing or prior-knowledge evidence for the prerequisite relation.,pending_textbook_pdf,,,,,,,,,,
4,중3(교육과정 학년군: 중1-3),변화와 관계,이차함수와 그 그래프,m1_quad_func_y_fx__prerequisite_for__m1_quad_func_value_table,intra_unit,m1_quad_func_y_fx,y=f(x),이차함수와 그 그래프,m1_quad_func_value_table,이차함수의 값의 표,이차함수와 그 그래프,prerequisite_for,medium,2,"achievement_math_2022: 이차함수와 그 그래프 section; [9수02-22] achievement levels; achievement_level; y=ax^2, y=a(x-p)^2+q, y=ax^2+bx+c 꼴의 이차함수 그래프를 그리고 성질을 설명하는 수준을 구분 | achievement_research_report_2022: 연구보고서 p. 220; 이차함수와 그 그래프 성취기준별 성취수준; research_report_achievement_level_context; 이차함수 개념, 이차함수인지 판단하기, 상황을 식으로 나타내기, y=ax^2, y=a(x-p)^2, y=ax^2+q, y=a(x-p)^2+q, y=ax^2+bx+c 그래프와 성질, 표를 이용한 y=ax^2 그래프 그리기를 다루는 성취수준 맥락",,prerequisite_ref;textbook_page_refs,Find textbook sequencing or prior-knowledge evidence for the prerequisite relation.,pending_textbook_pdf,,,,,,,,,,
4,중3(교육과정 학년군: 중1-3),변화와 관계,이차함수와 그 그래프,m1_quad_func_axis__represented_by__m1_quad_func_axis_equation,intra_unit,m1_quad_func_axis,축,이차함수와 그 그래프,m1_quad_func_axis_equation,축의 방정식,이차함수와 그 그래프,represented_by,medium,2,"curriculum_math_2022: printed p. 36; terms and symbols for 변화와 관계; term_list; 대입, 다항식, 항, 단항식, 상수항, 계수, 차수, 일차식, 동류항, 등식, 방정식, 미지수, 해, 근, 항등식, 이항, 일차방정식, 변수, 좌표, 그래프, 인수, 인수분해, 완전제곱식, 이차방정식, 중근, 근의 공식, 이차함수, 포물선, 축, 꼭짓점, 최댓값, 최솟값 등을 다룸 | achievement_math_2022: 이차함수와 그 그래프 section; [9수02-22] achievement levels; achievement_level; y=ax^2, y=a(x-p)^2+q, y=ax^2+bx+c 꼴의 이차함수 그래프를 그리고 성질을 설명하는 수준을 구분",,representation_ref;textbook_page_refs,"Find textbook representation evidence such as a table, graph, expression, or diagram.",pending_textbook_pdf,,,,,,,,,,
4,중3(교육과정 학년군: 중1-3),변화와 관계,이차함수와 그 그래프,m1_quad_func_formula__represented_by__m1_quad_func_y_fx,intra_unit,m1_quad_func_formula,이차함수의 식,이차함수와 그 그래프,m1_quad_func_y_fx,y=f(x),이차함수와 그 그래프,represented_by,high,2,"curriculum_math_2022: printed p. 36; terms and symbols for 변화와 관계; term_list; 대입, 다항식, 항, 단항식, 상수항, 계수, 차수, 일차식, 동류항, 등식, 방정식, 미지수, 해, 근, 항등식, 이항, 일차방정식, 변수, 좌표, 그래프, 인수, 인수분해, 완전제곱식, 이차방정식, 중근, 근의 공식, 이차함수, 포물선, 축, 꼭짓점, 최댓값, 최솟값 등을 다룸 | curriculum_math_2022: printed p. 35; [9수02-22]; achievement_standard; 이차함수의 그래프를 그리고 그 성질을 설명하는 성취기준",,representation_ref;textbook_page_refs,"Find textbook representation evidence such as a table, graph, expression, or diagram.",pending_textbook_pdf,,,,,,,,,,
4,중3(교육과정 학년군: 중1-3),변화와 관계,이차함수와 그 그래프,m1_quad_func_graph__represented_by__m1_quad_func_parabola,intra_unit,m1_quad_func_graph,이차함수의 그래프,이차함수와 그 그래프,m1_quad_func_parabola,포물선,이차함수와 그 그래프,represented_by,medium,3,"curriculum_math_2022: printed p. 36; terms and symbols for 변화와 관계; term_list; 대입, 다항식, 항, 단항식, 상수항, 계수, 차수, 일차식, 동류항, 등식, 방정식, 미지수, 해, 근, 항등식, 이항, 일차방정식, 변수, 좌표, 그래프, 인수, 인수분해, 완전제곱식, 이차방정식, 중근, 근의 공식, 이차함수, 포물선, 축, 꼭짓점, 최댓값, 최솟값 등을 다룸 | curriculum_math_2022: printed p. 35; [9수02-22]; achievement_standard; 이차함수의 그래프를 그리고 그 성질을 설명하는 성취기준 | achievement_math_2022: 이차함수와 그 그래프 section; [9수02-22] achievement levels; achievement_level; y=ax^2, y=a(x-p)^2+q, y=ax^2+bx+c 꼴의 이차함수 그래프를 그리고 성질을 설명하는 수준을 구분",A quadratic-function graph is represented as a parabola in this unit.,representation_ref;textbook_page_refs,"Find textbook representation evidence such as a table, graph, expression, or diagram.",pending_textbook_pdf,,,,,,,,,,
4,중3(교육과정 학년군: 중1-3),변화와 관계,이차함수와 그 그래프,m1_quad_func_quadratic_function__represented_by__m1_quad_func_formula,intra_unit,m1_quad_func_quadratic_function,이차함수,이차함수와 그 그래프,m1_quad_func_formula,이차함수의 식,이차함수와 그 그래프,represented_by,high,4,"curriculum_math_2022: printed p. 35; [9수02-21]; achievement_standard; 이차함수의 개념을 이해하는 성취기준 | achievement_math_2022: 이차함수와 그 그래프 section; [9수02-21] achievement levels; achievement_level; 주어진 상황을 식으로 나타내어 이차함수인지 판단하거나 주어진 함수 중 이차함수를 찾는 수준을 구분 | achievement_math_2022: 이차함수와 그 그래프 section; [9수02-22] achievement levels; achievement_level; y=ax^2, y=a(x-p)^2+q, y=ax^2+bx+c 꼴의 이차함수 그래프를 그리고 성질을 설명하는 수준을 구분 | achievement_research_report_2022: 연구보고서 p. 220; 이차함수와 그 그래프 성취기준별 성취수준; research_report_achievement_level_context; 이차함수 개념, 이차함수인지 판단하기, 상황을 식으로 나타내기, y=ax^2, y=a(x-p)^2, y=ax^2+q, y=a(x-p)^2+q, y=ax^2+bx+c 그래프와 성질, 표를 이용한 y=ax^2 그래프 그리기를 다루는 성취수준 맥락",,representation_ref;textbook_page_refs,"Find textbook representation evidence such as a table, graph, expression, or diagram.",pending_textbook_pdf,,,,,,,,,,
4,중3(교육과정 학년군: 중1-3),변화와 관계,이차함수와 그 그래프,m1_quad_func_quadratic_function__represented_by__m1_quad_func_graph,intra_unit,m1_quad_func_quadratic_function,이차함수,이차함수와 그 그래프,m1_quad_func_graph,이차함수의 그래프,이차함수와 그 그래프,represented_by,high,3,"curriculum_math_2022: printed p. 35; [9수02-22]; achievement_standard; 이차함수의 그래프를 그리고 그 성질을 설명하는 성취기준 | achievement_math_2022: 이차함수와 그 그래프 section; [9수02-22] achievement levels; achievement_level; y=ax^2, y=a(x-p)^2+q, y=ax^2+bx+c 꼴의 이차함수 그래프를 그리고 성질을 설명하는 수준을 구분 | achievement_research_report_2022: 연구보고서 p. 220; 이차함수와 그 그래프 성취기준별 성취수준; research_report_achievement_level_context; 이차함수 개념, 이차함수인지 판단하기, 상황을 식으로 나타내기, y=ax^2, y=a(x-p)^2, y=ax^2+q, y=a(x-p)^2+q, y=ax^2+bx+c 그래프와 성질, 표를 이용한 y=ax^2 그래프 그리기를 다루는 성취수준 맥락",,representation_ref;textbook_page_refs,"Find textbook representation evidence such as a table, graph, expression, or diagram.",pending_textbook_pdf,,,,,,,,,,
4,중3(교육과정 학년군: 중1-3),변화와 관계,이차함수와 그 그래프,m1_quad_func_shifted_square_form__represented_by__m1_quad_func_axis_equation,intra_unit,m1_quad_func_shifted_square_form,y=a(x-p)^2 꼴,이차함수와 그 그래프,m1_quad_func_axis_equation,축의 방정식,이차함수와 그 그래프,represented_by,medium,2,"achievement_math_2022: 이차함수와 그 그래프 section; [9수02-22] achievement levels; achievement_level; y=ax^2, y=a(x-p)^2+q, y=ax^2+bx+c 꼴의 이차함수 그래프를 그리고 성질을 설명하는 수준을 구분 | achievement_research_report_2022: 연구보고서 p. 220; 이차함수와 그 그래프 성취기준별 성취수준; research_report_achievement_level_context; 이차함수 개념, 이차함수인지 판단하기, 상황을 식으로 나타내기, y=ax^2, y=a(x-p)^2, y=ax^2+q, y=a(x-p)^2+q, y=ax^2+bx+c 그래프와 성질, 표를 이용한 y=ax^2 그래프 그리기를 다루는 성취수준 맥락","In y=a(x-p)^2, the parameter p supports reading the axis equation.",representation_ref;textbook_page_refs,"Find textbook representation evidence such as a table, graph, expression, or diagram.",pending_textbook_pdf,,,,,,,,,,
4,중3(교육과정 학년군: 중1-3),변화와 관계,이차함수와 그 그래프,m1_quad_func_shifted_square_form__represented_by__m1_quad_func_vertex_coordinates,intra_unit,m1_quad_func_shifted_square_form,y=a(x-p)^2 꼴,이차함수와 그 그래프,m1_quad_func_vertex_coordinates,꼭짓점 좌표,이차함수와 그 그래프,represented_by,medium,2,"achievement_math_2022: 이차함수와 그 그래프 section; [9수02-22] achievement levels; achievement_level; y=ax^2, y=a(x-p)^2+q, y=ax^2+bx+c 꼴의 이차함수 그래프를 그리고 성질을 설명하는 수준을 구분 | achievement_research_report_2022: 연구보고서 p. 220; 이차함수와 그 그래프 성취기준별 성취수준; research_report_achievement_level_context; 이차함수 개념, 이차함수인지 판단하기, 상황을 식으로 나타내기, y=ax^2, y=a(x-p)^2, y=ax^2+q, y=a(x-p)^2+q, y=ax^2+bx+c 그래프와 성질, 표를 이용한 y=ax^2 그래프 그리기를 다루는 성취수준 맥락","In y=a(x-p)^2, the vertex can be read as a special case of vertex coordinates.",representation_ref;textbook_page_refs,"Find textbook representation evidence such as a table, graph, expression, or diagram.",pending_textbook_pdf,,,,,,,,,,
4,중3(교육과정 학년군: 중1-3),변화와 관계,이차함수와 그 그래프,m1_quad_func_vertex__represented_by__m1_quad_func_vertex_coordinates,intra_unit,m1_quad_func_vertex,꼭짓점,이차함수와 그 그래프,m1_quad_func_vertex_coordinates,꼭짓점 좌표,이차함수와 그 그래프,represented_by,medium,2,"curriculum_math_2022: printed p. 36; terms and symbols for 변화와 관계; term_list; 대입, 다항식, 항, 단항식, 상수항, 계수, 차수, 일차식, 동류항, 등식, 방정식, 미지수, 해, 근, 항등식, 이항, 일차방정식, 변수, 좌표, 그래프, 인수, 인수분해, 완전제곱식, 이차방정식, 중근, 근의 공식, 이차함수, 포물선, 축, 꼭짓점, 최댓값, 최솟값 등을 다룸 | achievement_math_2022: 이차함수와 그 그래프 section; [9수02-22] achievement levels; achievement_level; y=ax^2, y=a(x-p)^2+q, y=ax^2+bx+c 꼴의 이차함수 그래프를 그리고 성질을 설명하는 수준을 구분",,representation_ref;textbook_page_refs,"Find textbook representation evidence such as a table, graph, expression, or diagram.",pending_textbook_pdf,,,,,,,,,,
4,중3(교육과정 학년군: 중1-3),변화와 관계,이차함수와 그 그래프,m1_quad_func_vertex_form__represented_by__m1_quad_func_axis,intra_unit,m1_quad_func_vertex_form,y=a(x-p)^2+q 꼴,이차함수와 그 그래프,m1_quad_func_axis,축,이차함수와 그 그래프,represented_by,medium,2,"achievement_math_2022: 이차함수와 그 그래프 section; [9수02-22] achievement levels; achievement_level; y=ax^2, y=a(x-p)^2+q, y=ax^2+bx+c 꼴의 이차함수 그래프를 그리고 성질을 설명하는 수준을 구분 | achievement_research_report_2022: 연구보고서 p. 220; 이차함수와 그 그래프 성취기준별 성취수준; research_report_achievement_level_context; 이차함수 개념, 이차함수인지 판단하기, 상황을 식으로 나타내기, y=ax^2, y=a(x-p)^2, y=ax^2+q, y=a(x-p)^2+q, y=ax^2+bx+c 그래프와 성질, 표를 이용한 y=ax^2 그래프 그리기를 다루는 성취수준 맥락",The vertex form y=a(x-p)^2+q directly represents the axis of symmetry.,representation_ref;textbook_page_refs,"Find textbook representation evidence such as a table, graph, expression, or diagram.",pending_textbook_pdf,,,,,,,,,,
4,중3(교육과정 학년군: 중1-3),변화와 관계,이차함수와 그 그래프,m1_quad_func_vertex_form__represented_by__m1_quad_func_axis_equation,intra_unit,m1_quad_func_vertex_form,y=a(x-p)^2+q 꼴,이차함수와 그 그래프,m1_quad_func_axis_equation,축의 방정식,이차함수와 그 그래프,represented_by,medium,2,"achievement_math_2022: 이차함수와 그 그래프 section; [9수02-22] achievement levels; achievement_level; y=ax^2, y=a(x-p)^2+q, y=ax^2+bx+c 꼴의 이차함수 그래프를 그리고 성질을 설명하는 수준을 구분 | achievement_research_report_2022: 연구보고서 p. 220; 이차함수와 그 그래프 성취기준별 성취수준; research_report_achievement_level_context; 이차함수 개념, 이차함수인지 판단하기, 상황을 식으로 나타내기, y=ax^2, y=a(x-p)^2, y=ax^2+q, y=a(x-p)^2+q, y=ax^2+bx+c 그래프와 성질, 표를 이용한 y=ax^2 그래프 그리기를 다루는 성취수준 맥락",The vertex form directly represents the axis equation.,representation_ref;textbook_page_refs,"Find textbook representation evidence such as a table, graph, expression, or diagram.",pending_textbook_pdf,,,,,,,,,,
4,중3(교육과정 학년군: 중1-3),변화와 관계,이차함수와 그 그래프,m1_quad_func_vertex_form__represented_by__m1_quad_func_vertex,intra_unit,m1_quad_func_vertex_form,y=a(x-p)^2+q 꼴,이차함수와 그 그래프,m1_quad_func_vertex,꼭짓점,이차함수와 그 그래프,represented_by,medium,2,"achievement_math_2022: 이차함수와 그 그래프 section; [9수02-22] achievement levels; achievement_level; y=ax^2, y=a(x-p)^2+q, y=ax^2+bx+c 꼴의 이차함수 그래프를 그리고 성질을 설명하는 수준을 구분 | achievement_research_report_2022: 연구보고서 p. 220; 이차함수와 그 그래프 성취기준별 성취수준; research_report_achievement_level_context; 이차함수 개념, 이차함수인지 판단하기, 상황을 식으로 나타내기, y=ax^2, y=a(x-p)^2, y=ax^2+q, y=a(x-p)^2+q, y=ax^2+bx+c 그래프와 성질, 표를 이용한 y=ax^2 그래프 그리기를 다루는 성취수준 맥락",The vertex form y=a(x-p)^2+q directly represents the vertex.,representation_ref;textbook_page_refs,"Find textbook representation evidence such as a table, graph, expression, or diagram.",pending_textbook_pdf,,,,,,,,,,
4,중3(교육과정 학년군: 중1-3),변화와 관계,이차함수와 그 그래프,m1_quad_func_vertex_form__represented_by__m1_quad_func_vertex_coordinates,intra_unit,m1_quad_func_vertex_form,y=a(x-p)^2+q 꼴,이차함수와 그 그래프,m1_quad_func_vertex_coordinates,꼭짓점 좌표,이차함수와 그 그래프,represented_by,medium,2,"achievement_math_2022: 이차함수와 그 그래프 section; [9수02-22] achievement levels; achievement_level; y=ax^2, y=a(x-p)^2+q, y=ax^2+bx+c 꼴의 이차함수 그래프를 그리고 성질을 설명하는 수준을 구분 | achievement_research_report_2022: 연구보고서 p. 220; 이차함수와 그 그래프 성취기준별 성취수준; research_report_achievement_level_context; 이차함수 개념, 이차함수인지 판단하기, 상황을 식으로 나타내기, y=ax^2, y=a(x-p)^2, y=ax^2+q, y=a(x-p)^2+q, y=ax^2+bx+c 그래프와 성질, 표를 이용한 y=ax^2 그래프 그리기를 다루는 성취수준 맥락",The vertex form directly represents the vertex coordinates.,representation_ref;textbook_page_refs,"Find textbook representation evidence such as a table, graph, expression, or diagram.",pending_textbook_pdf,,,,,,,,,,
4,중3(교육과정 학년군: 중1-3),변화와 관계,이차함수와 그 그래프,m1_quad_func_vertical_shift_form__represented_by__m1_quad_func_axis_equation,intra_unit,m1_quad_func_vertical_shift_form,y=ax^2+q 꼴,이차함수와 그 그래프,m1_quad_func_axis_equation,축의 방정식,이차함수와 그 그래프,represented_by,medium,2,"achievement_math_2022: 이차함수와 그 그래프 section; [9수02-22] achievement levels; achievement_level; y=ax^2, y=a(x-p)^2+q, y=ax^2+bx+c 꼴의 이차함수 그래프를 그리고 성질을 설명하는 수준을 구분 | achievement_research_report_2022: 연구보고서 p. 220; 이차함수와 그 그래프 성취기준별 성취수준; research_report_achievement_level_context; 이차함수 개념, 이차함수인지 판단하기, 상황을 식으로 나타내기, y=ax^2, y=a(x-p)^2, y=ax^2+q, y=a(x-p)^2+q, y=ax^2+bx+c 그래프와 성질, 표를 이용한 y=ax^2 그래프 그리기를 다루는 성취수준 맥락","In y=ax^2+q, the axis remains readable from the shifted form.",representation_ref;textbook_page_refs,"Find textbook representation evidence such as a table, graph, expression, or diagram.",pending_textbook_pdf,,,,,,,,,,
4,중3(교육과정 학년군: 중1-3),변화와 관계,이차함수와 그 그래프,m1_quad_func_vertical_shift_form__represented_by__m1_quad_func_vertex_coordinates,intra_unit,m1_quad_func_vertical_shift_form,y=ax^2+q 꼴,이차함수와 그 그래프,m1_quad_func_vertex_coordinates,꼭짓점 좌표,이차함수와 그 그래프,represented_by,medium,2,"achievement_math_2022: 이차함수와 그 그래프 section; [9수02-22] achievement levels; achievement_level; y=ax^2, y=a(x-p)^2+q, y=ax^2+bx+c 꼴의 이차함수 그래프를 그리고 성질을 설명하는 수준을 구분 | achievement_research_report_2022: 연구보고서 p. 220; 이차함수와 그 그래프 성취기준별 성취수준; research_report_achievement_level_context; 이차함수 개념, 이차함수인지 판단하기, 상황을 식으로 나타내기, y=ax^2, y=a(x-p)^2, y=ax^2+q, y=a(x-p)^2+q, y=ax^2+bx+c 그래프와 성질, 표를 이용한 y=ax^2 그래프 그리기를 다루는 성취수준 맥락","In y=ax^2+q, the vertex coordinates can be read as a special case.",representation_ref;textbook_page_refs,"Find textbook representation evidence such as a table, graph, expression, or diagram.",pending_textbook_pdf,,,,,,,,,,
4,중3(교육과정 학년군: 중1-3),변화와 관계,이차함수와 그 그래프,m1_quad_func_y_ax2_form__represented_by__m1_quad_func_y_ax2_graph,intra_unit,m1_quad_func_y_ax2_form,y=ax^2 꼴,이차함수와 그 그래프,m1_quad_func_y_ax2_graph,y=ax^2 그래프,이차함수와 그 그래프,represented_by,medium,2,"achievement_math_2022: 이차함수와 그 그래프 section; [9수02-22] achievement levels; achievement_level; y=ax^2, y=a(x-p)^2+q, y=ax^2+bx+c 꼴의 이차함수 그래프를 그리고 성질을 설명하는 수준을 구분 | achievement_research_report_2022: 연구보고서 p. 220; 이차함수와 그 그래프 성취기준별 성취수준; research_report_achievement_level_context; 이차함수 개념, 이차함수인지 판단하기, 상황을 식으로 나타내기, y=ax^2, y=a(x-p)^2, y=ax^2+q, y=a(x-p)^2+q, y=ax^2+bx+c 그래프와 성질, 표를 이용한 y=ax^2 그래프 그리기를 다루는 성취수준 맥락",,representation_ref;textbook_page_refs,"Find textbook representation evidence such as a table, graph, expression, or diagram.",pending_textbook_pdf,,,,,,,,,,
4,중3(교육과정 학년군: 중1-3),변화와 관계,이차함수와 그 그래프,m1_quad_func_axis_equation__used_in__m1_quad_func_vertex_form_graph_reading,intra_unit,m1_quad_func_axis_equation,축의 방정식,이차함수와 그 그래프,m1_quad_func_vertex_form_graph_reading,꼭짓점형에서 그래프 성질 읽기,이차함수와 그 그래프,used_in,medium,2,"achievement_math_2022: 이차함수와 그 그래프 section; [9수02-22] achievement levels; achievement_level; y=ax^2, y=a(x-p)^2+q, y=ax^2+bx+c 꼴의 이차함수 그래프를 그리고 성질을 설명하는 수준을 구분 | achievement_research_report_2022: 연구보고서 p. 220; 이차함수와 그 그래프 성취기준별 성취수준; research_report_achievement_level_context; 이차함수 개념, 이차함수인지 판단하기, 상황을 식으로 나타내기, y=ax^2, y=a(x-p)^2, y=ax^2+q, y=a(x-p)^2+q, y=ax^2+bx+c 그래프와 성질, 표를 이용한 y=ax^2 그래프 그리기를 다루는 성취수준 맥락",,procedure_ref;textbook_page_refs,"Find a worked example, procedure, or application where this source concept is used.",pending_textbook_pdf,,,,,,,,,,
4,중3(교육과정 학년군: 중1-3),변화와 관계,이차함수와 그 그래프,m1_quad_func_formula__used_in__m1_quad_func_situation_to_formula,intra_unit,m1_quad_func_formula,이차함수의 식,이차함수와 그 그래프,m1_quad_func_situation_to_formula,상황을 이차함수 식으로 나타내기,이차함수와 그 그래프,used_in,high,3,"curriculum_math_2022: printed p. 35; [9수02-21]; achievement_standard; 이차함수의 개념을 이해하는 성취기준 | achievement_math_2022: 이차함수와 그 그래프 section; [9수02-21] achievement levels; achievement_level; 주어진 상황을 식으로 나타내어 이차함수인지 판단하거나 주어진 함수 중 이차함수를 찾는 수준을 구분 | achievement_research_report_2022: 연구보고서 p. 220; 이차함수와 그 그래프 성취기준별 성취수준; research_report_achievement_level_context; 이차함수 개념, 이차함수인지 판단하기, 상황을 식으로 나타내기, y=ax^2, y=a(x-p)^2, y=ax^2+q, y=a(x-p)^2+q, y=ax^2+bx+c 그래프와 성질, 표를 이용한 y=ax^2 그래프 그리기를 다루는 성취수준 맥락",,procedure_ref;textbook_page_refs,"Find a worked example, procedure, or application where this source concept is used.",pending_textbook_pdf,,,,,,,,,,
4,중3(교육과정 학년군: 중1-3),변화와 관계,이차함수와 그 그래프,m1_quad_func_general_form__used_in__m1_quad_func_graph_properties,intra_unit,m1_quad_func_general_form,y=ax^2+bx+c 꼴,이차함수와 그 그래프,m1_quad_func_graph_properties,이차함수 그래프의 성질,이차함수와 그 그래프,used_in,medium,2,"achievement_math_2022: 이차함수와 그 그래프 section; [9수02-22] achievement levels; achievement_level; y=ax^2, y=a(x-p)^2+q, y=ax^2+bx+c 꼴의 이차함수 그래프를 그리고 성질을 설명하는 수준을 구분 | achievement_research_report_2022: 연구보고서 p. 220; 이차함수와 그 그래프 성취기준별 성취수준; research_report_achievement_level_context; 이차함수 개념, 이차함수인지 판단하기, 상황을 식으로 나타내기, y=ax^2, y=a(x-p)^2, y=ax^2+q, y=a(x-p)^2+q, y=ax^2+bx+c 그래프와 성질, 표를 이용한 y=ax^2 그래프 그리기를 다루는 성취수준 맥락",,procedure_ref;textbook_page_refs,"Find a worked example, procedure, or application where this source concept is used.",pending_textbook_pdf,,,,,,,,,,
4,중3(교육과정 학년군: 중1-3),변화와 관계,이차함수와 그 그래프,m1_quad_func_graph__used_in__m1_quad_func_graph_drawing,intra_unit,m1_quad_func_graph,이차함수의 그래프,이차함수와 그 그래프,m1_quad_func_graph_drawing,이차함수 그래프 그리기,이차함수와 그 그래프,used_in,high,3,"curriculum_math_2022: printed p. 35; [9수02-22]; achievement_standard; 이차함수의 그래프를 그리고 그 성질을 설명하는 성취기준 | achievement_math_2022: 이차함수와 그 그래프 section; [9수02-22] achievement levels; achievement_level; y=ax^2, y=a(x-p)^2+q, y=ax^2+bx+c 꼴의 이차함수 그래프를 그리고 성질을 설명하는 수준을 구분 | achievement_research_report_2022: 연구보고서 p. 220; 이차함수와 그 그래프 성취기준별 성취수준; research_report_achievement_level_context; 이차함수 개념, 이차함수인지 판단하기, 상황을 식으로 나타내기, y=ax^2, y=a(x-p)^2, y=ax^2+q, y=a(x-p)^2+q, y=ax^2+bx+c 그래프와 성질, 표를 이용한 y=ax^2 그래프 그리기를 다루는 성취수준 맥락",,procedure_ref;textbook_page_refs,"Find a worked example, procedure, or application where this source concept is used.",pending_textbook_pdf,,,,,,,,,,
4,중3(교육과정 학년군: 중1-3),변화와 관계,이차함수와 그 그래프,m1_quad_func_graph__used_in__m1_quad_func_graph_properties,intra_unit,m1_quad_func_graph,이차함수의 그래프,이차함수와 그 그래프,m1_quad_func_graph_properties,이차함수 그래프의 성질,이차함수와 그 그래프,used_in,high,3,"curriculum_math_2022: printed p. 35; [9수02-22]; achievement_standard; 이차함수의 그래프를 그리고 그 성질을 설명하는 성취기준 | achievement_math_2022: 이차함수와 그 그래프 section; [9수02-22] achievement levels; achievement_level; y=ax^2, y=a(x-p)^2+q, y=ax^2+bx+c 꼴의 이차함수 그래프를 그리고 성질을 설명하는 수준을 구분 | achievement_research_report_2022: 연구보고서 p. 220; 이차함수와 그 그래프 성취기준별 성취수준; research_report_achievement_level_context; 이차함수 개념, 이차함수인지 판단하기, 상황을 식으로 나타내기, y=ax^2, y=a(x-p)^2, y=ax^2+q, y=a(x-p)^2+q, y=ax^2+bx+c 그래프와 성질, 표를 이용한 y=ax^2 그래프 그리기를 다루는 성취수준 맥락",,procedure_ref;textbook_page_refs,"Find a worked example, procedure, or application where this source concept is used.",pending_textbook_pdf,,,,,,,,,,
4,중3(교육과정 학년군: 중1-3),변화와 관계,이차함수와 그 그래프,m1_quad_func_graph_properties__used_in__m1_quad_func_graph_drawing,intra_unit,m1_quad_func_graph_properties,이차함수 그래프의 성질,이차함수와 그 그래프,m1_quad_func_graph_drawing,이차함수 그래프 그리기,이차함수와 그 그래프,used_in,medium,3,"curriculum_math_2022: printed p. 35; [9수02-22]; achievement_standard; 이차함수의 그래프를 그리고 그 성질을 설명하는 성취기준 | achievement_math_2022: 이차함수와 그 그래프 section; [9수02-22] achievement levels; achievement_level; y=ax^2, y=a(x-p)^2+q, y=ax^2+bx+c 꼴의 이차함수 그래프를 그리고 성질을 설명하는 수준을 구분 | achievement_research_report_2022: 연구보고서 p. 220; 이차함수와 그 그래프 성취기준별 성취수준; research_report_achievement_level_context; 이차함수 개념, 이차함수인지 판단하기, 상황을 식으로 나타내기, y=ax^2, y=a(x-p)^2, y=ax^2+q, y=a(x-p)^2+q, y=ax^2+bx+c 그래프와 성질, 표를 이용한 y=ax^2 그래프 그리기를 다루는 성취수준 맥락","Axis, vertex, and other graph properties support drawing quadratic-function graphs.",procedure_ref;textbook_page_refs,"Find a worked example, procedure, or application where this source concept is used.",pending_textbook_pdf,,,,,,,,,,
4,중3(교육과정 학년군: 중1-3),변화와 관계,이차함수와 그 그래프,m1_quad_func_opening_direction__used_in__m1_quad_func_graph_properties,intra_unit,m1_quad_func_opening_direction,위로 열린 그래프와 아래로 열린 그래프,이차함수와 그 그래프,m1_quad_func_graph_properties,이차함수 그래프의 성질,이차함수와 그 그래프,used_in,medium,2,"achievement_math_2022: 이차함수와 그 그래프 section; [9수02-22] achievement levels; achievement_level; y=ax^2, y=a(x-p)^2+q, y=ax^2+bx+c 꼴의 이차함수 그래프를 그리고 성질을 설명하는 수준을 구분 | achievement_research_report_2022: 연구보고서 p. 220; 이차함수와 그 그래프 성취기준별 성취수준; research_report_achievement_level_context; 이차함수 개념, 이차함수인지 판단하기, 상황을 식으로 나타내기, y=ax^2, y=a(x-p)^2, y=ax^2+q, y=a(x-p)^2+q, y=ax^2+bx+c 그래프와 성질, 표를 이용한 y=ax^2 그래프 그리기를 다루는 성취수준 맥락",,procedure_ref;textbook_page_refs,"Find a worked example, procedure, or application where this source concept is used.",pending_textbook_pdf,,,,,,,,,,
4,중3(교육과정 학년군: 중1-3),변화와 관계,이차함수와 그 그래프,m1_quad_func_quadratic_function__used_in__m1_quad_func_identifying_quadratic_function,intra_unit,m1_quad_func_quadratic_function,이차함수,이차함수와 그 그래프,m1_quad_func_identifying_quadratic_function,이차함수 판별하기,이차함수와 그 그래프,used_in,high,3,"curriculum_math_2022: printed p. 35; [9수02-21]; achievement_standard; 이차함수의 개념을 이해하는 성취기준 | achievement_math_2022: 이차함수와 그 그래프 section; [9수02-21] achievement levels; achievement_level; 주어진 상황을 식으로 나타내어 이차함수인지 판단하거나 주어진 함수 중 이차함수를 찾는 수준을 구분 | achievement_research_report_2022: 연구보고서 p. 220; 이차함수와 그 그래프 성취기준별 성취수준; research_report_achievement_level_context; 이차함수 개념, 이차함수인지 판단하기, 상황을 식으로 나타내기, y=ax^2, y=a(x-p)^2, y=ax^2+q, y=a(x-p)^2+q, y=ax^2+bx+c 그래프와 성질, 표를 이용한 y=ax^2 그래프 그리기를 다루는 성취수준 맥락",,procedure_ref;textbook_page_refs,"Find a worked example, procedure, or application where this source concept is used.",pending_textbook_pdf,,,,,,,,,,
4,중3(교육과정 학년군: 중1-3),변화와 관계,이차함수와 그 그래프,m1_quad_func_quadratic_function__used_in__m1_quad_func_situation_to_formula,intra_unit,m1_quad_func_quadratic_function,이차함수,이차함수와 그 그래프,m1_quad_func_situation_to_formula,상황을 이차함수 식으로 나타내기,이차함수와 그 그래프,used_in,medium,3,"curriculum_math_2022: printed p. 35; [9수02-21]; achievement_standard; 이차함수의 개념을 이해하는 성취기준 | achievement_math_2022: 이차함수와 그 그래프 section; [9수02-21] achievement levels; achievement_level; 주어진 상황을 식으로 나타내어 이차함수인지 판단하거나 주어진 함수 중 이차함수를 찾는 수준을 구분 | achievement_research_report_2022: 연구보고서 p. 220; 이차함수와 그 그래프 성취기준별 성취수준; research_report_achievement_level_context; 이차함수 개념, 이차함수인지 판단하기, 상황을 식으로 나타내기, y=ax^2, y=a(x-p)^2, y=ax^2+q, y=a(x-p)^2+q, y=ax^2+bx+c 그래프와 성질, 표를 이용한 y=ax^2 그래프 그리기를 다루는 성취수준 맥락",,procedure_ref;textbook_page_refs,"Find a worked example, procedure, or application where this source concept is used.",pending_textbook_pdf,,,,,,,,,,
4,중3(교육과정 학년군: 중1-3),변화와 관계,이차함수와 그 그래프,m1_quad_func_situation_to_formula__used_in__m1_quad_func_identifying_quadratic_function,intra_unit,m1_quad_func_situation_to_formula,상황을 이차함수 식으로 나타내기,이차함수와 그 그래프,m1_quad_func_identifying_quadratic_function,이차함수 판별하기,이차함수와 그 그래프,used_in,high,3,"curriculum_math_2022: printed p. 35; [9수02-21]; achievement_standard; 이차함수의 개념을 이해하는 성취기준 | achievement_math_2022: 이차함수와 그 그래프 section; [9수02-21] achievement levels; achievement_level; 주어진 상황을 식으로 나타내어 이차함수인지 판단하거나 주어진 함수 중 이차함수를 찾는 수준을 구분 | achievement_research_report_2022: 연구보고서 p. 220; 이차함수와 그 그래프 성취기준별 성취수준; research_report_achievement_level_context; 이차함수 개념, 이차함수인지 판단하기, 상황을 식으로 나타내기, y=ax^2, y=a(x-p)^2, y=ax^2+q, y=a(x-p)^2+q, y=ax^2+bx+c 그래프와 성질, 표를 이용한 y=ax^2 그래프 그리기를 다루는 성취수준 맥락",,procedure_ref;textbook_page_refs,"Find a worked example, procedure, or application where this source concept is used.",pending_textbook_pdf,,,,,,,,,,
4,중3(교육과정 학년군: 중1-3),변화와 관계,이차함수와 그 그래프,m1_quad_func_tech_tool_graph__used_in__m1_quad_func_graph_properties,intra_unit,m1_quad_func_tech_tool_graph,공학 도구로 이차함수 그래프 탐구하기,이차함수와 그 그래프,m1_quad_func_graph_properties,이차함수 그래프의 성질,이차함수와 그 그래프,used_in,medium,2,"curriculum_math_2022: printed p. 36; achievement-standard considerations; teaching_note; 함수의 개념은 한 양이 변함에 따라 다른 양이 하나씩 정해지는 두 양 사이의 대응 관계로 도입하고, 공학 도구로 함수의 그래프와 성질을 탐구하게 함 | curriculum_math_2022: printed p. 35; [9수02-22]; achievement_standard; 이차함수의 그래프를 그리고 그 성질을 설명하는 성취기준",,procedure_ref;textbook_page_refs,"Find a worked example, procedure, or application where this source concept is used.",pending_textbook_pdf,,,,,,,,,,
4,중3(교육과정 학년군: 중1-3),변화와 관계,이차함수와 그 그래프,m1_quad_func_value_table__used_in__m1_quad_func_graph,intra_unit,m1_quad_func_value_table,이차함수의 값의 표,이차함수와 그 그래프,m1_quad_func_graph,이차함수의 그래프,이차함수와 그 그래프,used_in,medium,2,"achievement_math_2022: 이차함수와 그 그래프 section; [9수02-22] achievement levels; achievement_level; y=ax^2, y=a(x-p)^2+q, y=ax^2+bx+c 꼴의 이차함수 그래프를 그리고 성질을 설명하는 수준을 구분 | achievement_research_report_2022: 연구보고서 p. 220; 이차함수와 그 그래프 성취기준별 성취수준; research_report_achievement_level_context; 이차함수 개념, 이차함수인지 판단하기, 상황을 식으로 나타내기, y=ax^2, y=a(x-p)^2, y=ax^2+q, y=a(x-p)^2+q, y=ax^2+bx+c 그래프와 성질, 표를 이용한 y=ax^2 그래프 그리기를 다루는 성취수준 맥락",,procedure_ref;textbook_page_refs,"Find a worked example, procedure, or application where this source concept is used.",pending_textbook_pdf,,,,,,,,,,
4,중3(교육과정 학년군: 중1-3),변화와 관계,이차함수와 그 그래프,m1_quad_func_value_table__used_in__m1_quad_func_y_ax2_graph,intra_unit,m1_quad_func_value_table,이차함수의 값의 표,이차함수와 그 그래프,m1_quad_func_y_ax2_graph,y=ax^2 그래프,이차함수와 그 그래프,used_in,medium,2,"achievement_math_2022: 이차함수와 그 그래프 section; [9수02-22] achievement levels; achievement_level; y=ax^2, y=a(x-p)^2+q, y=ax^2+bx+c 꼴의 이차함수 그래프를 그리고 성질을 설명하는 수준을 구분 | achievement_research_report_2022: 연구보고서 p. 220; 이차함수와 그 그래프 성취기준별 성취수준; research_report_achievement_level_context; 이차함수 개념, 이차함수인지 판단하기, 상황을 식으로 나타내기, y=ax^2, y=a(x-p)^2, y=ax^2+q, y=a(x-p)^2+q, y=ax^2+bx+c 그래프와 성질, 표를 이용한 y=ax^2 그래프 그리기를 다루는 성취수준 맥락",,procedure_ref;textbook_page_refs,"Find a worked example, procedure, or application where this source concept is used.",pending_textbook_pdf,,,,,,,,,,
4,중3(교육과정 학년군: 중1-3),변화와 관계,이차함수와 그 그래프,m1_quad_func_vertex__used_in__m1_quad_func_maximum,intra_unit,m1_quad_func_vertex,꼭짓점,이차함수와 그 그래프,m1_quad_func_maximum,최댓값,이차함수와 그 그래프,used_in,medium,2,"curriculum_math_2022: printed p. 36; achievement-standard considerations; teaching_note; 이차함수의 최댓값과 최솟값은 x의 범위가 실수 전체인 경우만 다루고, 이차방정식은 해가 실수인 경우만 다루며 근과 계수와의 관계는 다루지 않음 | achievement_math_2022: 이차함수와 그 그래프 section; [9수02-22] achievement levels; achievement_level; y=ax^2, y=a(x-p)^2+q, y=ax^2+bx+c 꼴의 이차함수 그래프를 그리고 성질을 설명하는 수준을 구분",,procedure_ref;textbook_page_refs,"Find a worked example, procedure, or application where this source concept is used.",pending_textbook_pdf,,,,,,,,,,
4,중3(교육과정 학년군: 중1-3),변화와 관계,이차함수와 그 그래프,m1_quad_func_vertex__used_in__m1_quad_func_minimum,intra_unit,m1_quad_func_vertex,꼭짓점,이차함수와 그 그래프,m1_quad_func_minimum,최솟값,이차함수와 그 그래프,used_in,medium,2,"curriculum_math_2022: printed p. 36; achievement-standard considerations; teaching_note; 이차함수의 최댓값과 최솟값은 x의 범위가 실수 전체인 경우만 다루고, 이차방정식은 해가 실수인 경우만 다루며 근과 계수와의 관계는 다루지 않음 | achievement_math_2022: 이차함수와 그 그래프 section; [9수02-22] achievement levels; achievement_level; y=ax^2, y=a(x-p)^2+q, y=ax^2+bx+c 꼴의 이차함수 그래프를 그리고 성질을 설명하는 수준을 구분",,procedure_ref;textbook_page_refs,"Find a worked example, procedure, or application where this source concept is used.",pending_textbook_pdf,,,,,,,,,,
4,중3(교육과정 학년군: 중1-3),변화와 관계,이차함수와 그 그래프,m1_quad_func_vertex_coordinates__used_in__m1_quad_func_vertex_form_graph_reading,intra_unit,m1_quad_func_vertex_coordinates,꼭짓점 좌표,이차함수와 그 그래프,m1_quad_func_vertex_form_graph_reading,꼭짓점형에서 그래프 성질 읽기,이차함수와 그 그래프,used_in,medium,2,"achievement_math_2022: 이차함수와 그 그래프 section; [9수02-22] achievement levels; achievement_level; y=ax^2, y=a(x-p)^2+q, y=ax^2+bx+c 꼴의 이차함수 그래프를 그리고 성질을 설명하는 수준을 구분 | achievement_research_report_2022: 연구보고서 p. 220; 이차함수와 그 그래프 성취기준별 성취수준; research_report_achievement_level_context; 이차함수 개념, 이차함수인지 판단하기, 상황을 식으로 나타내기, y=ax^2, y=a(x-p)^2, y=ax^2+q, y=a(x-p)^2+q, y=ax^2+bx+c 그래프와 성질, 표를 이용한 y=ax^2 그래프 그리기를 다루는 성취수준 맥락",,procedure_ref;textbook_page_refs,"Find a worked example, procedure, or application where this source concept is used.",pending_textbook_pdf,,,,,,,,,,
4,중3(교육과정 학년군: 중1-3),변화와 관계,이차함수와 그 그래프,m1_quad_func_vertex_form__used_in__m1_quad_func_graph_drawing,intra_unit,m1_quad_func_vertex_form,y=a(x-p)^2+q 꼴,이차함수와 그 그래프,m1_quad_func_graph_drawing,이차함수 그래프 그리기,이차함수와 그 그래프,used_in,medium,2,"achievement_math_2022: 이차함수와 그 그래프 section; [9수02-22] achievement levels; achievement_level; y=ax^2, y=a(x-p)^2+q, y=ax^2+bx+c 꼴의 이차함수 그래프를 그리고 성질을 설명하는 수준을 구분 | achievement_research_report_2022: 연구보고서 p. 220; 이차함수와 그 그래프 성취기준별 성취수준; research_report_achievement_level_context; 이차함수 개념, 이차함수인지 판단하기, 상황을 식으로 나타내기, y=ax^2, y=a(x-p)^2, y=ax^2+q, y=a(x-p)^2+q, y=ax^2+bx+c 그래프와 성질, 표를 이용한 y=ax^2 그래프 그리기를 다루는 성취수준 맥락",,procedure_ref;textbook_page_refs,"Find a worked example, procedure, or application where this source concept is used.",pending_textbook_pdf,,,,,,,,,,
4,중3(교육과정 학년군: 중1-3),변화와 관계,이차함수와 그 그래프,m1_quad_func_vertex_form_graph_reading__used_in__m1_quad_func_graph_drawing,intra_unit,m1_quad_func_vertex_form_graph_reading,꼭짓점형에서 그래프 성질 읽기,이차함수와 그 그래프,m1_quad_func_graph_drawing,이차함수 그래프 그리기,이차함수와 그 그래프,used_in,medium,2,"achievement_math_2022: 이차함수와 그 그래프 section; [9수02-22] achievement levels; achievement_level; y=ax^2, y=a(x-p)^2+q, y=ax^2+bx+c 꼴의 이차함수 그래프를 그리고 성질을 설명하는 수준을 구분 | achievement_research_report_2022: 연구보고서 p. 220; 이차함수와 그 그래프 성취기준별 성취수준; research_report_achievement_level_context; 이차함수 개념, 이차함수인지 판단하기, 상황을 식으로 나타내기, y=ax^2, y=a(x-p)^2, y=ax^2+q, y=a(x-p)^2+q, y=ax^2+bx+c 그래프와 성질, 표를 이용한 y=ax^2 그래프 그리기를 다루는 성취수준 맥락",,procedure_ref;textbook_page_refs,"Find a worked example, procedure, or application where this source concept is used.",pending_textbook_pdf,,,,,,,,,,
4,중3(교육과정 학년군: 중1-3),변화와 관계,이차함수와 그 그래프,m1_quad_func_vertex_form_graph_reading__used_in__m1_quad_func_graph_properties,intra_unit,m1_quad_func_vertex_form_graph_reading,꼭짓점형에서 그래프 성질 읽기,이차함수와 그 그래프,m1_quad_func_graph_properties,이차함수 그래프의 성질,이차함수와 그 그래프,used_in,medium,2,"achievement_math_2022: 이차함수와 그 그래프 section; [9수02-22] achievement levels; achievement_level; y=ax^2, y=a(x-p)^2+q, y=ax^2+bx+c 꼴의 이차함수 그래프를 그리고 성질을 설명하는 수준을 구분 | achievement_research_report_2022: 연구보고서 p. 220; 이차함수와 그 그래프 성취기준별 성취수준; research_report_achievement_level_context; 이차함수 개념, 이차함수인지 판단하기, 상황을 식으로 나타내기, y=ax^2, y=a(x-p)^2, y=ax^2+q, y=a(x-p)^2+q, y=ax^2+bx+c 그래프와 성질, 표를 이용한 y=ax^2 그래프 그리기를 다루는 성취수준 맥락",,procedure_ref;textbook_page_refs,"Find a worked example, procedure, or application where this source concept is used.",pending_textbook_pdf,,,,,,,,,,
4,중3(교육과정 학년군: 중1-3),변화와 관계,이차함수와 그 그래프,m1_quad_func_y_ax2_graph__used_in__m1_quad_func_graph_drawing,intra_unit,m1_quad_func_y_ax2_graph,y=ax^2 그래프,이차함수와 그 그래프,m1_quad_func_graph_drawing,이차함수 그래프 그리기,이차함수와 그 그래프,used_in,medium,2,"achievement_math_2022: 이차함수와 그 그래프 section; [9수02-22] achievement levels; achievement_level; y=ax^2, y=a(x-p)^2+q, y=ax^2+bx+c 꼴의 이차함수 그래프를 그리고 성질을 설명하는 수준을 구분 | achievement_research_report_2022: 연구보고서 p. 220; 이차함수와 그 그래프 성취기준별 성취수준; research_report_achievement_level_context; 이차함수 개념, 이차함수인지 판단하기, 상황을 식으로 나타내기, y=ax^2, y=a(x-p)^2, y=ax^2+q, y=a(x-p)^2+q, y=ax^2+bx+c 그래프와 성질, 표를 이용한 y=ax^2 그래프 그리기를 다루는 성취수준 맥락",,procedure_ref;textbook_page_refs,"Find a worked example, procedure, or application where this source concept is used.",pending_textbook_pdf,,,,,,,,,,
4,중3(교육과정 학년군: 중1-3),변화와 관계,이차함수와 그 그래프,m1_quad_func_axis__contrasts_with__m1_quad_func_vertex,intra_unit,m1_quad_func_axis,축,이차함수와 그 그래프,m1_quad_func_vertex,꼭짓점,이차함수와 그 그래프,contrasts_with,medium,2,"curriculum_math_2022: printed p. 36; terms and symbols for 변화와 관계; term_list; 대입, 다항식, 항, 단항식, 상수항, 계수, 차수, 일차식, 동류항, 등식, 방정식, 미지수, 해, 근, 항등식, 이항, 일차방정식, 변수, 좌표, 그래프, 인수, 인수분해, 완전제곱식, 이차방정식, 중근, 근의 공식, 이차함수, 포물선, 축, 꼭짓점, 최댓값, 최솟값 등을 다룸 | achievement_math_2022: 이차함수와 그 그래프 section; [9수02-22] achievement levels; achievement_level; y=ax^2, y=a(x-p)^2+q, y=ax^2+bx+c 꼴의 이차함수 그래프를 그리고 성질을 설명하는 수준을 구분","The axis is a line, while the vertex is a point.",contrast_ref;textbook_page_refs,Find textbook wording or examples that distinguish the two concepts.,pending_textbook_pdf,,,,,,,,,,
4,중3(교육과정 학년군: 중1-3),변화와 관계,이차함수와 그 그래프,m1_quad_func_maximum__contrasts_with__m1_quad_func_minimum,intra_unit,m1_quad_func_maximum,최댓값,이차함수와 그 그래프,m1_quad_func_minimum,최솟값,이차함수와 그 그래프,contrasts_with,high,2,"curriculum_math_2022: printed p. 36; terms and symbols for 변화와 관계; term_list; 대입, 다항식, 항, 단항식, 상수항, 계수, 차수, 일차식, 동류항, 등식, 방정식, 미지수, 해, 근, 항등식, 이항, 일차방정식, 변수, 좌표, 그래프, 인수, 인수분해, 완전제곱식, 이차방정식, 중근, 근의 공식, 이차함수, 포물선, 축, 꼭짓점, 최댓값, 최솟값 등을 다룸 | curriculum_math_2022: printed p. 36; achievement-standard considerations; teaching_note; 이차함수의 최댓값과 최솟값은 x의 범위가 실수 전체인 경우만 다루고, 이차방정식은 해가 실수인 경우만 다루며 근과 계수와의 관계는 다루지 않음",,contrast_ref;textbook_page_refs,Find textbook wording or examples that distinguish the two concepts.,pending_textbook_pdf,,,,,,,,,,
4,중3(교육과정 학년군: 중1-3),변화와 관계,이차함수와 그 그래프,m1_quad_func_minimum__contrasts_with__m1_quad_func_maximum,intra_unit,m1_quad_func_minimum,최솟값,이차함수와 그 그래프,m1_quad_func_maximum,최댓값,이차함수와 그 그래프,contrasts_with,high,2,"curriculum_math_2022: printed p. 36; terms and symbols for 변화와 관계; term_list; 대입, 다항식, 항, 단항식, 상수항, 계수, 차수, 일차식, 동류항, 등식, 방정식, 미지수, 해, 근, 항등식, 이항, 일차방정식, 변수, 좌표, 그래프, 인수, 인수분해, 완전제곱식, 이차방정식, 중근, 근의 공식, 이차함수, 포물선, 축, 꼭짓점, 최댓값, 최솟값 등을 다룸 | curriculum_math_2022: printed p. 36; achievement-standard considerations; teaching_note; 이차함수의 최댓값과 최솟값은 x의 범위가 실수 전체인 경우만 다루고, 이차방정식은 해가 실수인 경우만 다루며 근과 계수와의 관계는 다루지 않음",,contrast_ref;textbook_page_refs,Find textbook wording or examples that distinguish the two concepts.,pending_textbook_pdf,,,,,,,,,,
4,중3(교육과정 학년군: 중1-3),변화와 관계,이차함수와 그 그래프,m1_quad_func_vertex__contrasts_with__m1_quad_func_axis,intra_unit,m1_quad_func_vertex,꼭짓점,이차함수와 그 그래프,m1_quad_func_axis,축,이차함수와 그 그래프,contrasts_with,medium,2,"curriculum_math_2022: printed p. 36; terms and symbols for 변화와 관계; term_list; 대입, 다항식, 항, 단항식, 상수항, 계수, 차수, 일차식, 동류항, 등식, 방정식, 미지수, 해, 근, 항등식, 이항, 일차방정식, 변수, 좌표, 그래프, 인수, 인수분해, 완전제곱식, 이차방정식, 중근, 근의 공식, 이차함수, 포물선, 축, 꼭짓점, 최댓값, 최솟값 등을 다룸 | achievement_math_2022: 이차함수와 그 그래프 section; [9수02-22] achievement levels; achievement_level; y=ax^2, y=a(x-p)^2+q, y=ax^2+bx+c 꼴의 이차함수 그래프를 그리고 성질을 설명하는 수준을 구분","The vertex is a point, while the axis is a line.",contrast_ref;textbook_page_refs,Find textbook wording or examples that distinguish the two concepts.,pending_textbook_pdf,,,,,,,,,,
4,중3(교육과정 학년군: 중1-3),변화와 관계,이차함수와 그 그래프,m1_quad_func_axis__related_to__m1_quad_func_vertex,intra_unit,m1_quad_func_axis,축,이차함수와 그 그래프,m1_quad_func_vertex,꼭짓점,이차함수와 그 그래프,related_to,high,2,"curriculum_math_2022: printed p. 36; terms and symbols for 변화와 관계; term_list; 대입, 다항식, 항, 단항식, 상수항, 계수, 차수, 일차식, 동류항, 등식, 방정식, 미지수, 해, 근, 항등식, 이항, 일차방정식, 변수, 좌표, 그래프, 인수, 인수분해, 완전제곱식, 이차방정식, 중근, 근의 공식, 이차함수, 포물선, 축, 꼭짓점, 최댓값, 최솟값 등을 다룸 | achievement_math_2022: 이차함수와 그 그래프 section; [9수02-22] achievement levels; achievement_level; y=ax^2, y=a(x-p)^2+q, y=ax^2+bx+c 꼴의 이차함수 그래프를 그리고 성질을 설명하는 수준을 구분",,related_ref;textbook_page_refs,Find textbook wording or examples that justify keeping these concepts linked.,pending_textbook_pdf,,,,,,,,,,
4,중3(교육과정 학년군: 중1-3),변화와 관계,이차함수와 그 그래프,m1_quad_func_axis_equation__related_to__m1_quad_func_vertex_coordinates,intra_unit,m1_quad_func_axis_equation,축의 방정식,이차함수와 그 그래프,m1_quad_func_vertex_coordinates,꼭짓점 좌표,이차함수와 그 그래프,related_to,medium,3,"curriculum_math_2022: printed p. 36; terms and symbols for 변화와 관계; term_list; 대입, 다항식, 항, 단항식, 상수항, 계수, 차수, 일차식, 동류항, 등식, 방정식, 미지수, 해, 근, 항등식, 이항, 일차방정식, 변수, 좌표, 그래프, 인수, 인수분해, 완전제곱식, 이차방정식, 중근, 근의 공식, 이차함수, 포물선, 축, 꼭짓점, 최댓값, 최솟값 등을 다룸 | achievement_math_2022: 이차함수와 그 그래프 section; [9수02-22] achievement levels; achievement_level; y=ax^2, y=a(x-p)^2+q, y=ax^2+bx+c 꼴의 이차함수 그래프를 그리고 성질을 설명하는 수준을 구분 | achievement_research_report_2022: 연구보고서 p. 220; 이차함수와 그 그래프 성취기준별 성취수준; research_report_achievement_level_context; 이차함수 개념, 이차함수인지 판단하기, 상황을 식으로 나타내기, y=ax^2, y=a(x-p)^2, y=ax^2+q, y=a(x-p)^2+q, y=ax^2+bx+c 그래프와 성질, 표를 이용한 y=ax^2 그래프 그리기를 다루는 성취수준 맥락",The axis equation and vertex coordinates are read together when interpreting vertex form.,related_ref;textbook_page_refs,Find textbook wording or examples that justify keeping these concepts linked.,pending_textbook_pdf,,,,,,,,,,
4,중3(교육과정 학년군: 중1-3),변화와 관계,이차함수와 그 그래프,m1_quad_func_opening_direction__related_to__m1_quad_func_maximum,intra_unit,m1_quad_func_opening_direction,위로 열린 그래프와 아래로 열린 그래프,이차함수와 그 그래프,m1_quad_func_maximum,최댓값,이차함수와 그 그래프,related_to,medium,2,"achievement_math_2022: 이차함수와 그 그래프 section; [9수02-22] achievement levels; achievement_level; y=ax^2, y=a(x-p)^2+q, y=ax^2+bx+c 꼴의 이차함수 그래프를 그리고 성질을 설명하는 수준을 구분 | achievement_research_report_2022: 연구보고서 p. 220; 이차함수와 그 그래프 성취기준별 성취수준; research_report_achievement_level_context; 이차함수 개념, 이차함수인지 판단하기, 상황을 식으로 나타내기, y=ax^2, y=a(x-p)^2, y=ax^2+q, y=a(x-p)^2+q, y=ax^2+bx+c 그래프와 성질, 표를 이용한 y=ax^2 그래프 그리기를 다루는 성취수준 맥락",,related_ref;textbook_page_refs,Find textbook wording or examples that justify keeping these concepts linked.,pending_textbook_pdf,,,,,,,,,,
4,중3(교육과정 학년군: 중1-3),변화와 관계,이차함수와 그 그래프,m1_quad_func_opening_direction__related_to__m1_quad_func_minimum,intra_unit,m1_quad_func_opening_direction,위로 열린 그래프와 아래로 열린 그래프,이차함수와 그 그래프,m1_quad_func_minimum,최솟값,이차함수와 그 그래프,related_to,medium,2,"achievement_math_2022: 이차함수와 그 그래프 section; [9수02-22] achievement levels; achievement_level; y=ax^2, y=a(x-p)^2+q, y=ax^2+bx+c 꼴의 이차함수 그래프를 그리고 성질을 설명하는 수준을 구분 | achievement_research_report_2022: 연구보고서 p. 220; 이차함수와 그 그래프 성취기준별 성취수준; research_report_achievement_level_context; 이차함수 개념, 이차함수인지 판단하기, 상황을 식으로 나타내기, y=ax^2, y=a(x-p)^2, y=ax^2+q, y=a(x-p)^2+q, y=ax^2+bx+c 그래프와 성질, 표를 이용한 y=ax^2 그래프 그리기를 다루는 성취수준 맥락",,related_ref;textbook_page_refs,Find textbook wording or examples that justify keeping these concepts linked.,pending_textbook_pdf,,,,,,,,,,
4,중3(교육과정 학년군: 중1-3),변화와 관계,이차함수와 그 그래프,m1_quad_func_opening_direction__related_to__m1_quad_func_y_ax2_graph,intra_unit,m1_quad_func_opening_direction,위로 열린 그래프와 아래로 열린 그래프,이차함수와 그 그래프,m1_quad_func_y_ax2_graph,y=ax^2 그래프,이차함수와 그 그래프,related_to,medium,2,"achievement_math_2022: 이차함수와 그 그래프 section; [9수02-22] achievement levels; achievement_level; y=ax^2, y=a(x-p)^2+q, y=ax^2+bx+c 꼴의 이차함수 그래프를 그리고 성질을 설명하는 수준을 구분 | achievement_research_report_2022: 연구보고서 p. 220; 이차함수와 그 그래프 성취기준별 성취수준; research_report_achievement_level_context; 이차함수 개념, 이차함수인지 판단하기, 상황을 식으로 나타내기, y=ax^2, y=a(x-p)^2, y=ax^2+q, y=a(x-p)^2+q, y=ax^2+bx+c 그래프와 성질, 표를 이용한 y=ax^2 그래프 그리기를 다루는 성취수준 맥락",,related_ref;textbook_page_refs,Find textbook wording or examples that justify keeping these concepts linked.,pending_textbook_pdf,,,,,,,,,,
4,중3(교육과정 학년군: 중1-3),변화와 관계,이차함수와 그 그래프,m1_quad_func_shifted_square_form__related_to__m1_quad_func_vertex_form,intra_unit,m1_quad_func_shifted_square_form,y=a(x-p)^2 꼴,이차함수와 그 그래프,m1_quad_func_vertex_form,y=a(x-p)^2+q 꼴,이차함수와 그 그래프,related_to,medium,2,"achievement_math_2022: 이차함수와 그 그래프 section; [9수02-22] achievement levels; achievement_level; y=ax^2, y=a(x-p)^2+q, y=ax^2+bx+c 꼴의 이차함수 그래프를 그리고 성질을 설명하는 수준을 구분 | achievement_research_report_2022: 연구보고서 p. 220; 이차함수와 그 그래프 성취기준별 성취수준; research_report_achievement_level_context; 이차함수 개념, 이차함수인지 판단하기, 상황을 식으로 나타내기, y=ax^2, y=a(x-p)^2, y=ax^2+q, y=a(x-p)^2+q, y=ax^2+bx+c 그래프와 성질, 표를 이용한 y=ax^2 그래프 그리기를 다루는 성취수준 맥락",,related_ref;textbook_page_refs,Find textbook wording or examples that justify keeping these concepts linked.,pending_textbook_pdf,,,,,,,,,,
4,중3(교육과정 학년군: 중1-3),변화와 관계,이차함수와 그 그래프,m1_quad_func_vertex_form__related_to__m1_quad_func_general_form,intra_unit,m1_quad_func_vertex_form,y=a(x-p)^2+q 꼴,이차함수와 그 그래프,m1_quad_func_general_form,y=ax^2+bx+c 꼴,이차함수와 그 그래프,related_to,medium,2,"achievement_math_2022: 이차함수와 그 그래프 section; [9수02-22] achievement levels; achievement_level; y=ax^2, y=a(x-p)^2+q, y=ax^2+bx+c 꼴의 이차함수 그래프를 그리고 성질을 설명하는 수준을 구분 | achievement_research_report_2022: 연구보고서 p. 220; 이차함수와 그 그래프 성취기준별 성취수준; research_report_achievement_level_context; 이차함수 개념, 이차함수인지 판단하기, 상황을 식으로 나타내기, y=ax^2, y=a(x-p)^2, y=ax^2+q, y=a(x-p)^2+q, y=ax^2+bx+c 그래프와 성질, 표를 이용한 y=ax^2 그래프 그리기를 다루는 성취수준 맥락",이차함수의 꼭짓점형과 일반형은 같은 이차함수 식 표현군에서 그래프 해석에 함께 쓰인다.,related_ref;textbook_page_refs,Find textbook wording or examples that justify keeping these concepts linked.,pending_textbook_pdf,,,,,,,,,,
4,중3(교육과정 학년군: 중1-3),변화와 관계,이차함수와 그 그래프,m1_quad_func_vertical_shift_form__related_to__m1_quad_func_vertex_form,intra_unit,m1_quad_func_vertical_shift_form,y=ax^2+q 꼴,이차함수와 그 그래프,m1_quad_func_vertex_form,y=a(x-p)^2+q 꼴,이차함수와 그 그래프,related_to,medium,2,"achievement_math_2022: 이차함수와 그 그래프 section; [9수02-22] achievement levels; achievement_level; y=ax^2, y=a(x-p)^2+q, y=ax^2+bx+c 꼴의 이차함수 그래프를 그리고 성질을 설명하는 수준을 구분 | achievement_research_report_2022: 연구보고서 p. 220; 이차함수와 그 그래프 성취기준별 성취수준; research_report_achievement_level_context; 이차함수 개념, 이차함수인지 판단하기, 상황을 식으로 나타내기, y=ax^2, y=a(x-p)^2, y=ax^2+q, y=a(x-p)^2+q, y=ax^2+bx+c 그래프와 성질, 표를 이용한 y=ax^2 그래프 그리기를 다루는 성취수준 맥락",,related_ref;textbook_page_refs,Find textbook wording or examples that justify keeping these concepts linked.,pending_textbook_pdf,,,,,,,,,,
4,중3(교육과정 학년군: 중1-3),변화와 관계,이차함수와 그 그래프,m1_quad_func_y_ax2_form__related_to__m1_quad_func_shifted_square_form,intra_unit,m1_quad_func_y_ax2_form,y=ax^2 꼴,이차함수와 그 그래프,m1_quad_func_shifted_square_form,y=a(x-p)^2 꼴,이차함수와 그 그래프,related_to,medium,2,"achievement_math_2022: 이차함수와 그 그래프 section; [9수02-22] achievement levels; achievement_level; y=ax^2, y=a(x-p)^2+q, y=ax^2+bx+c 꼴의 이차함수 그래프를 그리고 성질을 설명하는 수준을 구분 | achievement_research_report_2022: 연구보고서 p. 220; 이차함수와 그 그래프 성취기준별 성취수준; research_report_achievement_level_context; 이차함수 개념, 이차함수인지 판단하기, 상황을 식으로 나타내기, y=ax^2, y=a(x-p)^2, y=ax^2+q, y=a(x-p)^2+q, y=ax^2+bx+c 그래프와 성질, 표를 이용한 y=ax^2 그래프 그리기를 다루는 성취수준 맥락",The shifted square form extends the base y=ax^2 form by horizontal translation.,related_ref;textbook_page_refs,Find textbook wording or examples that justify keeping these concepts linked.,pending_textbook_pdf,,,,,,,,,,
4,중3(교육과정 학년군: 중1-3),변화와 관계,이차함수와 그 그래프,m1_quad_func_y_ax2_form__related_to__m1_quad_func_vertex_form,intra_unit,m1_quad_func_y_ax2_form,y=ax^2 꼴,이차함수와 그 그래프,m1_quad_func_vertex_form,y=a(x-p)^2+q 꼴,이차함수와 그 그래프,related_to,medium,2,"achievement_math_2022: 이차함수와 그 그래프 section; [9수02-22] achievement levels; achievement_level; y=ax^2, y=a(x-p)^2+q, y=ax^2+bx+c 꼴의 이차함수 그래프를 그리고 성질을 설명하는 수준을 구분 | achievement_research_report_2022: 연구보고서 p. 220; 이차함수와 그 그래프 성취기준별 성취수준; research_report_achievement_level_context; 이차함수 개념, 이차함수인지 판단하기, 상황을 식으로 나타내기, y=ax^2, y=a(x-p)^2, y=ax^2+q, y=a(x-p)^2+q, y=ax^2+bx+c 그래프와 성질, 표를 이용한 y=ax^2 그래프 그리기를 다루는 성취수준 맥락",The vertex form is a combined translation form related to the base y=ax^2 expression.,related_ref;textbook_page_refs,Find textbook wording or examples that justify keeping these concepts linked.,pending_textbook_pdf,,,,,,,,,,
4,중3(교육과정 학년군: 중1-3),변화와 관계,이차함수와 그 그래프,m1_quad_func_y_ax2_form__related_to__m1_quad_func_vertical_shift_form,intra_unit,m1_quad_func_y_ax2_form,y=ax^2 꼴,이차함수와 그 그래프,m1_quad_func_vertical_shift_form,y=ax^2+q 꼴,이차함수와 그 그래프,related_to,medium,2,"achievement_math_2022: 이차함수와 그 그래프 section; [9수02-22] achievement levels; achievement_level; y=ax^2, y=a(x-p)^2+q, y=ax^2+bx+c 꼴의 이차함수 그래프를 그리고 성질을 설명하는 수준을 구분 | achievement_research_report_2022: 연구보고서 p. 220; 이차함수와 그 그래프 성취기준별 성취수준; research_report_achievement_level_context; 이차함수 개념, 이차함수인지 판단하기, 상황을 식으로 나타내기, y=ax^2, y=a(x-p)^2, y=ax^2+q, y=a(x-p)^2+q, y=ax^2+bx+c 그래프와 성질, 표를 이용한 y=ax^2 그래프 그리기를 다루는 성취수준 맥락",The vertical-shift form extends the base y=ax^2 form by vertical translation.,related_ref;textbook_page_refs,Find textbook wording or examples that justify keeping these concepts linked.,pending_textbook_pdf,,,,,,,,,,
4,중3(교육과정 학년군: 중1-3),변화와 관계,이차함수와 그 그래프,m1_quad_func_y_ax2_graph__related_to__m1_quad_func_vertex_form,intra_unit,m1_quad_func_y_ax2_graph,y=ax^2 그래프,이차함수와 그 그래프,m1_quad_func_vertex_form,y=a(x-p)^2+q 꼴,이차함수와 그 그래프,related_to,medium,2,"achievement_math_2022: 이차함수와 그 그래프 section; [9수02-22] achievement levels; achievement_level; y=ax^2, y=a(x-p)^2+q, y=ax^2+bx+c 꼴의 이차함수 그래프를 그리고 성질을 설명하는 수준을 구분 | achievement_research_report_2022: 연구보고서 p. 220; 이차함수와 그 그래프 성취기준별 성취수준; research_report_achievement_level_context; 이차함수 개념, 이차함수인지 판단하기, 상황을 식으로 나타내기, y=ax^2, y=a(x-p)^2, y=ax^2+q, y=a(x-p)^2+q, y=ax^2+bx+c 그래프와 성질, 표를 이용한 y=ax^2 그래프 그리기를 다루는 성취수준 맥락",The graph of y=ax^2 is the base graph connected to interpreting vertex form.,related_ref;textbook_page_refs,Find textbook wording or examples that justify keeping these concepts linked.,pending_textbook_pdf,,,,,,,,,,
4,중3(교육과정 학년군: 중1-3),변화와 관계,이차함수와 그 그래프,m1_coord_coordinate__prerequisite_for__m1_quad_func_vertex_coordinates,cross_unit,m1_coord_coordinate,좌표,좌표평면과 그래프,m1_quad_func_vertex_coordinates,꼭짓점 좌표,이차함수와 그 그래프,prerequisite_for,medium,4,"curriculum_math_2022: printed p. 36; terms and symbols for 변화와 관계; term_list; 대입, 다항식, 항, 단항식, 상수항, 계수, 차수, 일차식, 동류항, 등식, 방정식, 미지수, 해, 근, 항등식, 이항, 일차방정식, 변수, 좌표, 그래프, 인수, 인수분해, 완전제곱식, 이차방정식, 중근, 근의 공식, 이차함수, 포물선, 축, 꼭짓점, 최댓값, 최솟값 등을 다룸 | curriculum_math_2022: printed p. 35; [9수02-22]; achievement_standard; 이차함수의 그래프를 그리고 그 성질을 설명하는 성취기준 | achievement_math_2022: 이차함수와 그 그래프 section; [9수02-22] achievement levels; achievement_level; y=ax^2, y=a(x-p)^2+q, y=ax^2+bx+c 꼴의 이차함수 그래프를 그리고 성질을 설명하는 수준을 구분 | achievement_research_report_2022: 연구보고서 p. 220; 이차함수와 그 그래프 성취기준별 성취수준; research_report_achievement_level_context; 이차함수 개념, 이차함수인지 판단하기, 상황을 식으로 나타내기, y=ax^2, y=a(x-p)^2, y=ax^2+q, y=a(x-p)^2+q, y=ax^2+bx+c 그래프와 성질, 표를 이용한 y=ax^2 그래프 그리기를 다루는 성취수준 맥락",,prerequisite_ref;textbook_page_refs,Find textbook sequencing or prior-knowledge evidence for the prerequisite relation.,pending_textbook_pdf,,,,,,,,,,
4,중3(교육과정 학년군: 중1-3),변화와 관계,이차함수와 그 그래프,m1_coord_coordinate_plane__prerequisite_for__m1_quad_func_graph,cross_unit,m1_coord_coordinate_plane,좌표평면,좌표평면과 그래프,m1_quad_func_graph,이차함수의 그래프,이차함수와 그 그래프,prerequisite_for,high,4,"curriculum_math_2022: printed p. 35; [9수02-22]; achievement_standard; 이차함수의 그래프를 그리고 그 성질을 설명하는 성취기준 | curriculum_math_2022: printed p. 36; terms and symbols for 변화와 관계; term_list; 대입, 다항식, 항, 단항식, 상수항, 계수, 차수, 일차식, 동류항, 등식, 방정식, 미지수, 해, 근, 항등식, 이항, 일차방정식, 변수, 좌표, 그래프, 인수, 인수분해, 완전제곱식, 이차방정식, 중근, 근의 공식, 이차함수, 포물선, 축, 꼭짓점, 최댓값, 최솟값 등을 다룸 | achievement_math_2022: 이차함수와 그 그래프 section; [9수02-22] achievement levels; achievement_level; y=ax^2, y=a(x-p)^2+q, y=ax^2+bx+c 꼴의 이차함수 그래프를 그리고 성질을 설명하는 수준을 구분 | achievement_research_report_2022: 연구보고서 p. 220; 이차함수와 그 그래프 성취기준별 성취수준; research_report_achievement_level_context; 이차함수 개념, 이차함수인지 판단하기, 상황을 식으로 나타내기, y=ax^2, y=a(x-p)^2, y=ax^2+q, y=a(x-p)^2+q, y=ax^2+bx+c 그래프와 성질, 표를 이용한 y=ax^2 그래프 그리기를 다루는 성취수준 맥락",,prerequisite_ref;textbook_page_refs,Find textbook sequencing or prior-knowledge evidence for the prerequisite relation.,pending_textbook_pdf,,,,,,,,,,
4,중3(교육과정 학년군: 중1-3),변화와 관계,이차함수와 그 그래프,m1_coord_coordinate_plane__prerequisite_for__m1_quad_func_graph_drawing,cross_unit,m1_coord_coordinate_plane,좌표평면,좌표평면과 그래프,m1_quad_func_graph_drawing,이차함수 그래프 그리기,이차함수와 그 그래프,prerequisite_for,high,3,"curriculum_math_2022: printed p. 35; [9수02-22]; achievement_standard; 이차함수의 그래프를 그리고 그 성질을 설명하는 성취기준 | achievement_math_2022: 이차함수와 그 그래프 section; [9수02-22] achievement levels; achievement_level; y=ax^2, y=a(x-p)^2+q, y=ax^2+bx+c 꼴의 이차함수 그래프를 그리고 성질을 설명하는 수준을 구분 | achievement_research_report_2022: 연구보고서 p. 220; 이차함수와 그 그래프 성취기준별 성취수준; research_report_achievement_level_context; 이차함수 개념, 이차함수인지 판단하기, 상황을 식으로 나타내기, y=ax^2, y=a(x-p)^2, y=ax^2+q, y=a(x-p)^2+q, y=ax^2+bx+c 그래프와 성질, 표를 이용한 y=ax^2 그래프 그리기를 다루는 성취수준 맥락",,prerequisite_ref;textbook_page_refs,Find textbook sequencing or prior-knowledge evidence for the prerequisite relation.,pending_textbook_pdf,,,,,,,,,,
4,중3(교육과정 학년군: 중1-3),변화와 관계,이차함수와 그 그래프,m1_coord_graph_unit__prerequisite_for__m1_quad_func_unit,cross_unit,m1_coord_graph_unit,좌표평면과 그래프,좌표평면과 그래프,m1_quad_func_unit,이차함수와 그 그래프,이차함수와 그 그래프,prerequisite_for,high,4,"curriculum_math_2022: printed p. 34; [9수02-05]; achievement_standard; 순서쌍과 좌표를 이해하고 편리함을 인식하는 성취기준 | curriculum_math_2022: printed p. 34; [9수02-06]; achievement_standard; 다양한 상황을 그래프로 나타내고 주어진 그래프를 해석하는 성취기준 | curriculum_math_2022: printed p. 35; [9수02-22]; achievement_standard; 이차함수의 그래프를 그리고 그 성질을 설명하는 성취기준 | achievement_math_2022: 이차함수와 그 그래프 section; [9수02-22] achievement levels; achievement_level; y=ax^2, y=a(x-p)^2+q, y=ax^2+bx+c 꼴의 이차함수 그래프를 그리고 성질을 설명하는 수준을 구분",,prerequisite_ref;textbook_page_refs,Find textbook sequencing or prior-knowledge evidence for the prerequisite relation.,pending_textbook_pdf,,,,,,,,,,
4,중3(교육과정 학년군: 중1-3),변화와 관계,이차함수와 그 그래프,m1_factor_quadratic_expression__prerequisite_for__m1_quad_func_formula,cross_unit,m1_factor_quadratic_expression,이차식,다항식의 곱셈과 인수분해,m1_quad_func_formula,이차함수의 식,이차함수와 그 그래프,prerequisite_for,high,4,"curriculum_math_2022: printed p. 35; [9수02-21]; achievement_standard; 이차함수의 개념을 이해하는 성취기준 | achievement_math_2022: 이차함수와 그 그래프 section; [9수02-21] achievement levels; achievement_level; 주어진 상황을 식으로 나타내어 이차함수인지 판단하거나 주어진 함수 중 이차함수를 찾는 수준을 구분 | achievement_math_2022: 이차함수와 그 그래프 section; [9수02-22] achievement levels; achievement_level; y=ax^2, y=a(x-p)^2+q, y=ax^2+bx+c 꼴의 이차함수 그래프를 그리고 성질을 설명하는 수준을 구분 | achievement_research_report_2022: 연구보고서 p. 220; 이차함수와 그 그래프 성취기준별 성취수준; research_report_achievement_level_context; 이차함수 개념, 이차함수인지 판단하기, 상황을 식으로 나타내기, y=ax^2, y=a(x-p)^2, y=ax^2+q, y=a(x-p)^2+q, y=ax^2+bx+c 그래프와 성질, 표를 이용한 y=ax^2 그래프 그리기를 다루는 성취수준 맥락",,prerequisite_ref;textbook_page_refs,Find textbook sequencing or prior-knowledge evidence for the prerequisite relation.,pending_textbook_pdf,,,,,,,,,,
4,중3(교육과정 학년군: 중1-3),변화와 관계,이차함수와 그 그래프,m1_factor_quadratic_expression__prerequisite_for__m1_quad_func_general_form,cross_unit,m1_factor_quadratic_expression,이차식,다항식의 곱셈과 인수분해,m1_quad_func_general_form,y=ax^2+bx+c 꼴,이차함수와 그 그래프,prerequisite_for,medium,2,"achievement_math_2022: 이차함수와 그 그래프 section; [9수02-22] achievement levels; achievement_level; y=ax^2, y=a(x-p)^2+q, y=ax^2+bx+c 꼴의 이차함수 그래프를 그리고 성질을 설명하는 수준을 구분 | achievement_research_report_2022: 연구보고서 p. 220; 이차함수와 그 그래프 성취기준별 성취수준; research_report_achievement_level_context; 이차함수 개념, 이차함수인지 판단하기, 상황을 식으로 나타내기, y=ax^2, y=a(x-p)^2, y=ax^2+q, y=a(x-p)^2+q, y=ax^2+bx+c 그래프와 성질, 표를 이용한 y=ax^2 그래프 그리기를 다루는 성취수준 맥락",,prerequisite_ref;textbook_page_refs,Find textbook sequencing or prior-knowledge evidence for the prerequisite relation.,pending_textbook_pdf,,,,,,,,,,
4,중3(교육과정 학년군: 중1-3),변화와 관계,이차함수와 그 그래프,m1_factor_quadratic_expression__prerequisite_for__m1_quad_func_quadratic_function,cross_unit,m1_factor_quadratic_expression,이차식,다항식의 곱셈과 인수분해,m1_quad_func_quadratic_function,이차함수,이차함수와 그 그래프,prerequisite_for,high,4,"curriculum_math_2022: printed p. 35; [9수02-21]; achievement_standard; 이차함수의 개념을 이해하는 성취기준 | curriculum_math_2022: printed p. 36; terms and symbols for 변화와 관계; term_list; 대입, 다항식, 항, 단항식, 상수항, 계수, 차수, 일차식, 동류항, 등식, 방정식, 미지수, 해, 근, 항등식, 이항, 일차방정식, 변수, 좌표, 그래프, 인수, 인수분해, 완전제곱식, 이차방정식, 중근, 근의 공식, 이차함수, 포물선, 축, 꼭짓점, 최댓값, 최솟값 등을 다룸 | achievement_math_2022: 이차함수와 그 그래프 section; [9수02-21] achievement levels; achievement_level; 주어진 상황을 식으로 나타내어 이차함수인지 판단하거나 주어진 함수 중 이차함수를 찾는 수준을 구분 | achievement_research_report_2022: 연구보고서 p. 220; 이차함수와 그 그래프 성취기준별 성취수준; research_report_achievement_level_context; 이차함수 개념, 이차함수인지 판단하기, 상황을 식으로 나타내기, y=ax^2, y=a(x-p)^2, y=ax^2+q, y=a(x-p)^2+q, y=ax^2+bx+c 그래프와 성질, 표를 이용한 y=ax^2 그래프 그리기를 다루는 성취수준 맥락",,prerequisite_ref;textbook_page_refs,Find textbook sequencing or prior-knowledge evidence for the prerequisite relation.,pending_textbook_pdf,,,,,,,,,,
4,중3(교육과정 학년군: 중1-3),변화와 관계,이차함수와 그 그래프,m1_factor_quadratic_expression__prerequisite_for__m1_quad_func_situation_to_formula,cross_unit,m1_factor_quadratic_expression,이차식,다항식의 곱셈과 인수분해,m1_quad_func_situation_to_formula,상황을 이차함수 식으로 나타내기,이차함수와 그 그래프,prerequisite_for,high,3,"curriculum_math_2022: printed p. 35; [9수02-21]; achievement_standard; 이차함수의 개념을 이해하는 성취기준 | achievement_math_2022: 이차함수와 그 그래프 section; [9수02-21] achievement levels; achievement_level; 주어진 상황을 식으로 나타내어 이차함수인지 판단하거나 주어진 함수 중 이차함수를 찾는 수준을 구분 | achievement_research_report_2022: 연구보고서 p. 220; 이차함수와 그 그래프 성취기준별 성취수준; research_report_achievement_level_context; 이차함수 개념, 이차함수인지 판단하기, 상황을 식으로 나타내기, y=ax^2, y=a(x-p)^2, y=ax^2+q, y=a(x-p)^2+q, y=ax^2+bx+c 그래프와 성질, 표를 이용한 y=ax^2 그래프 그리기를 다루는 성취수준 맥락",,prerequisite_ref;textbook_page_refs,Find textbook sequencing or prior-knowledge evidence for the prerequisite relation.,pending_textbook_pdf,,,,,,,,,,
4,중3(교육과정 학년군: 중1-3),변화와 관계,이차함수와 그 그래프,m1_func_function__prerequisite_for__m1_quad_func_quadratic_function,cross_unit,m1_func_function,함수,일차함수와 그 그래프,m1_quad_func_quadratic_function,이차함수,이차함수와 그 그래프,prerequisite_for,high,4,curriculum_math_2022: printed p. 35; [9수02-14]; achievement_standard; 함수의 개념을 이해하고 함숫값을 구하는 성취기준 | curriculum_math_2022: printed p. 35; [9수02-21]; achievement_standard; 이차함수의 개념을 이해하는 성취기준 | achievement_math_2022: 일차함수와 그 그래프 section; [9수02-14] achievement levels; achievement_level; 두 양 사이의 관계가 함수인지 판단하고 함숫값을 구하는 수행 수준을 구분 | achievement_math_2022: 이차함수와 그 그래프 section; [9수02-21] achievement levels; achievement_level; 주어진 상황을 식으로 나타내어 이차함수인지 판단하거나 주어진 함수 중 이차함수를 찾는 수준을 구분,,prerequisite_ref;textbook_page_refs,Find textbook sequencing or prior-knowledge evidence for the prerequisite relation.,pending_textbook_pdf,,,,,,,,,,
4,중3(교육과정 학년군: 중1-3),변화와 관계,이차함수와 그 그래프,m1_func_function__prerequisite_for__m1_quad_func_situation_to_formula,cross_unit,m1_func_function,함수,일차함수와 그 그래프,m1_quad_func_situation_to_formula,상황을 이차함수 식으로 나타내기,이차함수와 그 그래프,prerequisite_for,high,3,"curriculum_math_2022: printed p. 35; [9수02-21]; achievement_standard; 이차함수의 개념을 이해하는 성취기준 | achievement_math_2022: 이차함수와 그 그래프 section; [9수02-21] achievement levels; achievement_level; 주어진 상황을 식으로 나타내어 이차함수인지 판단하거나 주어진 함수 중 이차함수를 찾는 수준을 구분 | achievement_research_report_2022: 연구보고서 p. 220; 이차함수와 그 그래프 성취기준별 성취수준; research_report_achievement_level_context; 이차함수 개념, 이차함수인지 판단하기, 상황을 식으로 나타내기, y=ax^2, y=a(x-p)^2, y=ax^2+q, y=a(x-p)^2+q, y=ax^2+bx+c 그래프와 성질, 표를 이용한 y=ax^2 그래프 그리기를 다루는 성취수준 맥락",,prerequisite_ref;textbook_page_refs,Find textbook sequencing or prior-knowledge evidence for the prerequisite relation.,pending_textbook_pdf,,,,,,,,,,
4,중3(교육과정 학년군: 중1-3),변화와 관계,이차함수와 그 그래프,m1_func_parallel_translation__prerequisite_for__m1_quad_func_shifted_square_form,cross_unit,m1_func_parallel_translation,평행이동,일차함수와 그 그래프,m1_quad_func_shifted_square_form,y=a(x-p)^2 꼴,이차함수와 그 그래프,prerequisite_for,medium,2,"achievement_math_2022: 이차함수와 그 그래프 section; [9수02-22] achievement levels; achievement_level; y=ax^2, y=a(x-p)^2+q, y=ax^2+bx+c 꼴의 이차함수 그래프를 그리고 성질을 설명하는 수준을 구분 | achievement_research_report_2022: 연구보고서 p. 220; 이차함수와 그 그래프 성취기준별 성취수준; research_report_achievement_level_context; 이차함수 개념, 이차함수인지 판단하기, 상황을 식으로 나타내기, y=ax^2, y=a(x-p)^2, y=ax^2+q, y=a(x-p)^2+q, y=ax^2+bx+c 그래프와 성질, 표를 이용한 y=ax^2 그래프 그리기를 다루는 성취수준 맥락",,prerequisite_ref;textbook_page_refs,Find textbook sequencing or prior-knowledge evidence for the prerequisite relation.,pending_textbook_pdf,,,,,,,,,,
4,중3(교육과정 학년군: 중1-3),변화와 관계,이차함수와 그 그래프,m1_func_parallel_translation__prerequisite_for__m1_quad_func_vertex_form,cross_unit,m1_func_parallel_translation,평행이동,일차함수와 그 그래프,m1_quad_func_vertex_form,y=a(x-p)^2+q 꼴,이차함수와 그 그래프,prerequisite_for,medium,2,"achievement_math_2022: 이차함수와 그 그래프 section; [9수02-22] achievement levels; achievement_level; y=ax^2, y=a(x-p)^2+q, y=ax^2+bx+c 꼴의 이차함수 그래프를 그리고 성질을 설명하는 수준을 구분 | achievement_research_report_2022: 연구보고서 p. 220; 이차함수와 그 그래프 성취기준별 성취수준; research_report_achievement_level_context; 이차함수 개념, 이차함수인지 판단하기, 상황을 식으로 나타내기, y=ax^2, y=a(x-p)^2, y=ax^2+q, y=a(x-p)^2+q, y=ax^2+bx+c 그래프와 성질, 표를 이용한 y=ax^2 그래프 그리기를 다루는 성취수준 맥락",,prerequisite_ref;textbook_page_refs,Find textbook sequencing or prior-knowledge evidence for the prerequisite relation.,pending_textbook_pdf,,,,,,,,,,
4,중3(교육과정 학년군: 중1-3),변화와 관계,이차함수와 그 그래프,m1_func_parallel_translation__prerequisite_for__m1_quad_func_vertical_shift_form,cross_unit,m1_func_parallel_translation,평행이동,일차함수와 그 그래프,m1_quad_func_vertical_shift_form,y=ax^2+q 꼴,이차함수와 그 그래프,prerequisite_for,medium,2,"achievement_math_2022: 이차함수와 그 그래프 section; [9수02-22] achievement levels; achievement_level; y=ax^2, y=a(x-p)^2+q, y=ax^2+bx+c 꼴의 이차함수 그래프를 그리고 성질을 설명하는 수준을 구분 | achievement_research_report_2022: 연구보고서 p. 220; 이차함수와 그 그래프 성취기준별 성취수준; research_report_achievement_level_context; 이차함수 개념, 이차함수인지 판단하기, 상황을 식으로 나타내기, y=ax^2, y=a(x-p)^2, y=ax^2+q, y=a(x-p)^2+q, y=ax^2+bx+c 그래프와 성질, 표를 이용한 y=ax^2 그래프 그리기를 다루는 성취수준 맥락",,prerequisite_ref;textbook_page_refs,Find textbook sequencing or prior-knowledge evidence for the prerequisite relation.,pending_textbook_pdf,,,,,,,,,,
4,중3(교육과정 학년군: 중1-3),변화와 관계,이차함수와 그 그래프,m1_func_unit__prerequisite_for__m1_quad_func_unit,cross_unit,m1_func_unit,일차함수와 그 그래프,일차함수와 그 그래프,m1_quad_func_unit,이차함수와 그 그래프,이차함수와 그 그래프,prerequisite_for,high,4,curriculum_math_2022: printed p. 35; [9수02-14]; achievement_standard; 함수의 개념을 이해하고 함숫값을 구하는 성취기준 | curriculum_math_2022: printed p. 35; [9수02-21]; achievement_standard; 이차함수의 개념을 이해하는 성취기준 | achievement_math_2022: 일차함수와 그 그래프 section; [9수02-14] achievement levels; achievement_level; 두 양 사이의 관계가 함수인지 판단하고 함숫값을 구하는 수행 수준을 구분 | achievement_math_2022: 이차함수와 그 그래프 section; [9수02-21] achievement levels; achievement_level; 주어진 상황을 식으로 나타내어 이차함수인지 판단하거나 주어진 함수 중 이차함수를 찾는 수준을 구분,,prerequisite_ref;textbook_page_refs,Find textbook sequencing or prior-knowledge evidence for the prerequisite relation.,pending_textbook_pdf,,,,,,,,,,
4,중3(교육과정 학년군: 중1-3),변화와 관계,이차함수와 그 그래프,m1_func_value__prerequisite_for__m1_quad_func_maximum,cross_unit,m1_func_value,함숫값,일차함수와 그 그래프,m1_quad_func_maximum,최댓값,이차함수와 그 그래프,prerequisite_for,high,3,"curriculum_math_2022: printed p. 36; terms and symbols for 변화와 관계; term_list; 대입, 다항식, 항, 단항식, 상수항, 계수, 차수, 일차식, 동류항, 등식, 방정식, 미지수, 해, 근, 항등식, 이항, 일차방정식, 변수, 좌표, 그래프, 인수, 인수분해, 완전제곱식, 이차방정식, 중근, 근의 공식, 이차함수, 포물선, 축, 꼭짓점, 최댓값, 최솟값 등을 다룸 | curriculum_math_2022: printed p. 36; achievement-standard considerations; teaching_note; 이차함수의 최댓값과 최솟값은 x의 범위가 실수 전체인 경우만 다루고, 이차방정식은 해가 실수인 경우만 다루며 근과 계수와의 관계는 다루지 않음 | achievement_math_2022: 이차함수와 그 그래프 section; [9수02-22] achievement levels; achievement_level; y=ax^2, y=a(x-p)^2+q, y=ax^2+bx+c 꼴의 이차함수 그래프를 그리고 성질을 설명하는 수준을 구분",,prerequisite_ref;textbook_page_refs,Find textbook sequencing or prior-knowledge evidence for the prerequisite relation.,pending_textbook_pdf,,,,,,,,,,
4,중3(교육과정 학년군: 중1-3),변화와 관계,이차함수와 그 그래프,m1_func_value__prerequisite_for__m1_quad_func_minimum,cross_unit,m1_func_value,함숫값,일차함수와 그 그래프,m1_quad_func_minimum,최솟값,이차함수와 그 그래프,prerequisite_for,high,3,"curriculum_math_2022: printed p. 36; terms and symbols for 변화와 관계; term_list; 대입, 다항식, 항, 단항식, 상수항, 계수, 차수, 일차식, 동류항, 등식, 방정식, 미지수, 해, 근, 항등식, 이항, 일차방정식, 변수, 좌표, 그래프, 인수, 인수분해, 완전제곱식, 이차방정식, 중근, 근의 공식, 이차함수, 포물선, 축, 꼭짓점, 최댓값, 최솟값 등을 다룸 | curriculum_math_2022: printed p. 36; achievement-standard considerations; teaching_note; 이차함수의 최댓값과 최솟값은 x의 범위가 실수 전체인 경우만 다루고, 이차방정식은 해가 실수인 경우만 다루며 근과 계수와의 관계는 다루지 않음 | achievement_math_2022: 이차함수와 그 그래프 section; [9수02-22] achievement levels; achievement_level; y=ax^2, y=a(x-p)^2+q, y=ax^2+bx+c 꼴의 이차함수 그래프를 그리고 성질을 설명하는 수준을 구분",,prerequisite_ref;textbook_page_refs,Find textbook sequencing or prior-knowledge evidence for the prerequisite relation.,pending_textbook_pdf,,,,,,,,,,
4,중3(교육과정 학년군: 중1-3),변화와 관계,이차함수와 그 그래프,m1_func_value__prerequisite_for__m1_quad_func_value_table,cross_unit,m1_func_value,함숫값,일차함수와 그 그래프,m1_quad_func_value_table,이차함수의 값의 표,이차함수와 그 그래프,prerequisite_for,medium,2,"achievement_math_2022: 이차함수와 그 그래프 section; [9수02-22] achievement levels; achievement_level; y=ax^2, y=a(x-p)^2+q, y=ax^2+bx+c 꼴의 이차함수 그래프를 그리고 성질을 설명하는 수준을 구분 | achievement_research_report_2022: 연구보고서 p. 220; 이차함수와 그 그래프 성취기준별 성취수준; research_report_achievement_level_context; 이차함수 개념, 이차함수인지 판단하기, 상황을 식으로 나타내기, y=ax^2, y=a(x-p)^2, y=ax^2+q, y=a(x-p)^2+q, y=ax^2+bx+c 그래프와 성질, 표를 이용한 y=ax^2 그래프 그리기를 다루는 성취수준 맥락",,prerequisite_ref;textbook_page_refs,Find textbook sequencing or prior-knowledge evidence for the prerequisite relation.,pending_textbook_pdf,,,,,,,,,,
4,중3(교육과정 학년군: 중1-3),변화와 관계,이차함수와 그 그래프,m1_func_value__prerequisite_for__m1_quad_func_y_fx,cross_unit,m1_func_value,함숫값,일차함수와 그 그래프,m1_quad_func_y_fx,y=f(x),이차함수와 그 그래프,prerequisite_for,high,2,"curriculum_math_2022: printed p. 36; terms and symbols for 변화와 관계; term_list; 대입, 다항식, 항, 단항식, 상수항, 계수, 차수, 일차식, 동류항, 등식, 방정식, 미지수, 해, 근, 항등식, 이항, 일차방정식, 변수, 좌표, 그래프, 인수, 인수분해, 완전제곱식, 이차방정식, 중근, 근의 공식, 이차함수, 포물선, 축, 꼭짓점, 최댓값, 최솟값 등을 다룸 | curriculum_math_2022: printed p. 35; [9수02-22]; achievement_standard; 이차함수의 그래프를 그리고 그 성질을 설명하는 성취기준",,prerequisite_ref;textbook_page_refs,Find textbook sequencing or prior-knowledge evidence for the prerequisite relation.,pending_textbook_pdf,,,,,,,,,,
4,중3(교육과정 학년군: 중1-3),변화와 관계,이차함수와 그 그래프,m1_graph_graph__prerequisite_for__m1_quad_func_graph,cross_unit,m1_graph_graph,그래프,좌표평면과 그래프,m1_quad_func_graph,이차함수의 그래프,이차함수와 그 그래프,prerequisite_for,medium,3,"curriculum_math_2022: printed p. 34; [9수02-06]; achievement_standard; 다양한 상황을 그래프로 나타내고 주어진 그래프를 해석하는 성취기준 | curriculum_math_2022: printed p. 35; [9수02-22]; achievement_standard; 이차함수의 그래프를 그리고 그 성질을 설명하는 성취기준 | achievement_math_2022: 이차함수와 그 그래프 section; [9수02-22] achievement levels; achievement_level; y=ax^2, y=a(x-p)^2+q, y=ax^2+bx+c 꼴의 이차함수 그래프를 그리고 성질을 설명하는 수준을 구분",,prerequisite_ref;textbook_page_refs,Find textbook sequencing or prior-knowledge evidence for the prerequisite relation.,pending_textbook_pdf,,,,,,,,,,
4,중3(교육과정 학년군: 중1-3),변화와 관계,이차함수와 그 그래프,m1_quad_eq_unit__prerequisite_for__m1_quad_func_unit,cross_unit,m1_quad_eq_unit,이차방정식,이차방정식,m1_quad_func_unit,이차함수와 그 그래프,이차함수와 그 그래프,prerequisite_for,medium,3,curriculum_math_2022: printed p. 35; [9수02-20]; achievement_standard; 이차방정식을 풀고 활용하여 문제를 해결하는 성취기준 | curriculum_math_2022: printed p. 35; [9수02-21]; achievement_standard; 이차함수의 개념을 이해하는 성취기준 | curriculum_math_2022: printed p. 35; [9수02-22]; achievement_standard; 이차함수의 그래프를 그리고 그 성질을 설명하는 성취기준,이차식과 이차방정식의 식 처리 경험이 이차함수 식과 그래프 이해를 받친다.,prerequisite_ref;textbook_page_refs,Find textbook sequencing or prior-knowledge evidence for the prerequisite relation.,pending_textbook_pdf,,,,,,,,,,
4,중3(교육과정 학년군: 중1-3),변화와 관계,이차함수와 그 그래프,m1_coord_coordinate_plane__used_in__m1_quad_func_graph,cross_unit,m1_coord_coordinate_plane,좌표평면,좌표평면과 그래프,m1_quad_func_graph,이차함수의 그래프,이차함수와 그 그래프,used_in,high,2,"curriculum_math_2022: printed p. 35; [9수02-22]; achievement_standard; 이차함수의 그래프를 그리고 그 성질을 설명하는 성취기준 | achievement_math_2022: 이차함수와 그 그래프 section; [9수02-22] achievement levels; achievement_level; y=ax^2, y=a(x-p)^2+q, y=ax^2+bx+c 꼴의 이차함수 그래프를 그리고 성질을 설명하는 수준을 구분",,procedure_ref;textbook_page_refs,"Find a worked example, procedure, or application where this source concept is used.",pending_textbook_pdf,,,,,,,,,,
4,중3(교육과정 학년군: 중1-3),변화와 관계,이차함수와 그 그래프,m1_factor_quadratic_expression__used_in__m1_quad_func_formula,cross_unit,m1_factor_quadratic_expression,이차식,다항식의 곱셈과 인수분해,m1_quad_func_formula,이차함수의 식,이차함수와 그 그래프,used_in,medium,2,curriculum_math_2022: printed p. 35; [9수02-21]; achievement_standard; 이차함수의 개념을 이해하는 성취기준 | achievement_math_2022: 이차함수와 그 그래프 section; [9수02-21] achievement levels; achievement_level; 주어진 상황을 식으로 나타내어 이차함수인지 판단하거나 주어진 함수 중 이차함수를 찾는 수준을 구분,,procedure_ref;textbook_page_refs,"Find a worked example, procedure, or application where this source concept is used.",pending_textbook_pdf,,,,,,,,,,
4,중3(교육과정 학년군: 중1-3),변화와 관계,이차함수와 그 그래프,m1_func_parallel_translation__used_in__m1_quad_func_vertex_form,cross_unit,m1_func_parallel_translation,평행이동,일차함수와 그 그래프,m1_quad_func_vertex_form,y=a(x-p)^2+q 꼴,이차함수와 그 그래프,used_in,medium,2,"achievement_math_2022: 이차함수와 그 그래프 section; [9수02-22] achievement levels; achievement_level; y=ax^2, y=a(x-p)^2+q, y=ax^2+bx+c 꼴의 이차함수 그래프를 그리고 성질을 설명하는 수준을 구분 | achievement_research_report_2022: 연구보고서 p. 220; 이차함수와 그 그래프 성취기준별 성취수준; research_report_achievement_level_context; 이차함수 개념, 이차함수인지 판단하기, 상황을 식으로 나타내기, y=ax^2, y=a(x-p)^2, y=ax^2+q, y=a(x-p)^2+q, y=ax^2+bx+c 그래프와 성질, 표를 이용한 y=ax^2 그래프 그리기를 다루는 성취수준 맥락",,procedure_ref;textbook_page_refs,"Find a worked example, procedure, or application where this source concept is used.",pending_textbook_pdf,,,,,,,,,,
4,중3(교육과정 학년군: 중1-3),변화와 관계,이차함수와 그 그래프,m1_func_tech_tool_graph__used_in__m1_quad_func_tech_tool_graph,cross_unit,m1_func_tech_tool_graph,공학 도구로 함수 그래프 탐구하기,일차함수와 그 그래프,m1_quad_func_tech_tool_graph,공학 도구로 이차함수 그래프 탐구하기,이차함수와 그 그래프,used_in,medium,4,"curriculum_math_2022: printed p. 36; achievement-standard considerations; teaching_note; 함수의 개념은 한 양이 변함에 따라 다른 양이 하나씩 정해지는 두 양 사이의 대응 관계로 도입하고, 공학 도구로 함수의 그래프와 성질을 탐구하게 함 | curriculum_math_2022: printed p. 35; [9수02-22]; achievement_standard; 이차함수의 그래프를 그리고 그 성질을 설명하는 성취기준 | achievement_math_2022: 일차함수와 그 그래프 section; [9수02-15] achievement levels; achievement_level; 일차함수인지 판단하고 기울기, x절편, y절편, 평행이동 등을 이용하여 그래프를 그리는 수행 수준을 구분 | achievement_math_2022: 이차함수와 그 그래프 section; [9수02-22] achievement levels; achievement_level; y=ax^2, y=a(x-p)^2+q, y=ax^2+bx+c 꼴의 이차함수 그래프를 그리고 성질을 설명하는 수준을 구분",General technology-supported graph exploration is reused for quadratic-function graph exploration.,procedure_ref;textbook_page_refs,"Find a worked example, procedure, or application where this source concept is used.",pending_textbook_pdf,,,,,,,,,,
