packet_rank,grade,domain,unit,edge_id,edge_scope,source_id,source_label_ko,source_unit,target_id,target_label_ko,target_unit,relationship_type,confidence,source_ref_count,current_source_refs,notes,required_evidence_fields,evidence_focus,extraction_status,structure_ref,prerequisite_ref,representation_ref,procedure_ref,contrast_ref,misconception_ref,problem_pattern_ref,related_ref,textbook_page_refs,extraction_notes
10,중1(교육과정 학년군: 중1-3),도형과 측정,기본 도형,m1_geo_basic_unit__contains__m1_geo_coplanar_condition,intra_unit,m1_geo_basic_unit,기본 도형,기본 도형,m1_geo_coplanar_condition,한 평면 위에 있음,기본 도형,contains,low,2,"curriculum_math_2022: printed p. 37; [9수03-01]; achievement_standard; 점, 선, 면, 각을 이해하고 점, 직선, 평면의 위치 관계를 설명하는 성취기준 | achievement_math_2022: 기본 도형 section; [9수03-01] achievement levels; achievement_level; 점, 선, 면, 각 관련 용어와 기호를 이해하고 점, 직선, 평면의 위치 관계를 설명하는 수준을 구분",,structure_ref;textbook_page_refs;extraction_notes,Find textbook structure evidence for the containment relation.,pending_textbook_pdf,,,,,,,,,,
10,중1(교육과정 학년군: 중1-3),도형과 측정,기본 도형,m1_geo_basic_unit__contains__m1_geo_line_segment,intra_unit,m1_geo_basic_unit,기본 도형,기본 도형,m1_geo_line_segment,선분,기본 도형,contains,low,2,"curriculum_math_2022: printed p. 37; [9수03-01]; achievement_standard; 점, 선, 면, 각을 이해하고 점, 직선, 평면의 위치 관계를 설명하는 성취기준 | achievement_math_2022: 기본 도형 section; [9수03-01] achievement levels; achievement_level; 점, 선, 면, 각 관련 용어와 기호를 이해하고 점, 직선, 평면의 위치 관계를 설명하는 수준을 구분",,structure_ref;textbook_page_refs;extraction_notes,Find textbook structure evidence for the containment relation.,pending_textbook_pdf,,,,,,,,,,
10,중1(교육과정 학년군: 중1-3),도형과 측정,기본 도형,m1_geo_basic_unit__contains__m1_geo_ray,intra_unit,m1_geo_basic_unit,기본 도형,기본 도형,m1_geo_ray,반직선,기본 도형,contains,low,2,"curriculum_math_2022: printed p. 37; [9수03-01]; achievement_standard; 점, 선, 면, 각을 이해하고 점, 직선, 평면의 위치 관계를 설명하는 성취기준 | achievement_math_2022: 기본 도형 section; [9수03-01] achievement levels; achievement_level; 점, 선, 면, 각 관련 용어와 기호를 이해하고 점, 직선, 평면의 위치 관계를 설명하는 수준을 구분",,structure_ref;textbook_page_refs;extraction_notes,Find textbook structure evidence for the containment relation.,pending_textbook_pdf,,,,,,,,,,
10,중1(교육과정 학년군: 중1-3),도형과 측정,기본 도형,m1_geo_basic_unit__contains__m1_mis_corresponding_alternate_angles,intra_unit,m1_geo_basic_unit,기본 도형,기본 도형,m1_mis_corresponding_alternate_angles,동위각과 엇각의 위치를 혼동하는 오류,기본 도형,contains,low,2,curriculum_math_2022: printed p. 37; [9수03-02]; achievement_standard; 평행선에서 동위각과 엇각의 성질을 이해하고 설명하는 성취기준 | achievement_math_2022: 기본 도형 section; [9수03-02] achievement levels; achievement_level; 평행선에서 동위각과 엇각을 찾고 각의 크기를 구하거나 성질을 설명하는 수준을 구분,,structure_ref;textbook_page_refs;extraction_notes,Find textbook structure evidence for the containment relation.,pending_textbook_pdf,,,,,,,,,,
10,중1(교육과정 학년군: 중1-3),도형과 측정,기본 도형,m1_geo_basic_unit__contains__m1_mis_skew_parallel_lines,intra_unit,m1_geo_basic_unit,기본 도형,기본 도형,m1_mis_skew_parallel_lines,꼬인 위치와 평행을 같은 관계로 보는 오류,기본 도형,contains,low,3,"curriculum_math_2022: printed p. 37; [9수03-01]; achievement_standard; 점, 선, 면, 각을 이해하고 점, 직선, 평면의 위치 관계를 설명하는 성취기준 | curriculum_math_2022: printed pp. 38-39; terms and symbols for 도형과 측정; term_list; 교점, 교선, 두 점 사이의 거리, 중점, 수직이등분선, 꼬인 위치, 교각, 맞꼭지각, 엇각, 동위각, 평각, 직교, 수선의 발, 작도, 대변, 대각, 삼각형의 합동 조건, 내각, 외각, 부채꼴, 중심각, 호, 현, 활꼴, 할선, 다면체, 각뿔대, 정다면체, 회전체, 회전축, 원뿔대, 증명, 접선, 접점, 접한다, 외심, 외접, 외접원, 내심, 내접, 내접원, 중선, 무게중심, 닮음, 닮음비, 삼각형의 닮음 조건, 피타고라스 정리, 삼각비, 사인, 코사인, 탄젠트, 원주각 등을 다룸 | achievement_math_2022: 기본 도형 section; [9수03-01] achievement levels; achievement_level; 점, 선, 면, 각 관련 용어와 기호를 이해하고 점, 직선, 평면의 위치 관계를 설명하는 수준을 구분",,structure_ref;textbook_page_refs;extraction_notes,Find textbook structure evidence for the containment relation.,pending_textbook_pdf,,,,,,,,,,
10,중1(교육과정 학년군: 중1-3),도형과 측정,기본 도형,m1_geo_line__prerequisite_for__m1_geo_coplanar_condition,intra_unit,m1_geo_line,직선,기본 도형,m1_geo_coplanar_condition,한 평면 위에 있음,기본 도형,prerequisite_for,low,2,"curriculum_math_2022: printed p. 37; [9수03-01]; achievement_standard; 점, 선, 면, 각을 이해하고 점, 직선, 평면의 위치 관계를 설명하는 성취기준 | achievement_math_2022: 기본 도형 section; [9수03-01] achievement levels; achievement_level; 점, 선, 면, 각 관련 용어와 기호를 이해하고 점, 직선, 평면의 위치 관계를 설명하는 수준을 구분",,prerequisite_ref;textbook_page_refs;extraction_notes,Find textbook sequencing or prior-knowledge evidence for the prerequisite relation.,pending_textbook_pdf,,,,,,,,,,
10,중1(교육과정 학년군: 중1-3),도형과 측정,기본 도형,m1_geo_line__prerequisite_for__m1_geo_line_segment,intra_unit,m1_geo_line,직선,기본 도형,m1_geo_line_segment,선분,기본 도형,prerequisite_for,low,2,"curriculum_math_2022: printed p. 37; [9수03-01]; achievement_standard; 점, 선, 면, 각을 이해하고 점, 직선, 평면의 위치 관계를 설명하는 성취기준 | achievement_math_2022: 기본 도형 section; [9수03-01] achievement levels; achievement_level; 점, 선, 면, 각 관련 용어와 기호를 이해하고 점, 직선, 평면의 위치 관계를 설명하는 수준을 구분",,prerequisite_ref;textbook_page_refs;extraction_notes,Find textbook sequencing or prior-knowledge evidence for the prerequisite relation.,pending_textbook_pdf,,,,,,,,,,
10,중1(교육과정 학년군: 중1-3),도형과 측정,기본 도형,m1_geo_line__prerequisite_for__m1_geo_ray,intra_unit,m1_geo_line,직선,기본 도형,m1_geo_ray,반직선,기본 도형,prerequisite_for,low,2,"curriculum_math_2022: printed p. 37; [9수03-01]; achievement_standard; 점, 선, 면, 각을 이해하고 점, 직선, 평면의 위치 관계를 설명하는 성취기준 | achievement_math_2022: 기본 도형 section; [9수03-01] achievement levels; achievement_level; 점, 선, 면, 각 관련 용어와 기호를 이해하고 점, 직선, 평면의 위치 관계를 설명하는 수준을 구분",,prerequisite_ref;textbook_page_refs;extraction_notes,Find textbook sequencing or prior-knowledge evidence for the prerequisite relation.,pending_textbook_pdf,,,,,,,,,,
10,중1(교육과정 학년군: 중1-3),도형과 측정,기본 도형,m1_geo_plane__prerequisite_for__m1_geo_coplanar_condition,intra_unit,m1_geo_plane,평면,기본 도형,m1_geo_coplanar_condition,한 평면 위에 있음,기본 도형,prerequisite_for,low,2,"curriculum_math_2022: printed p. 37; [9수03-01]; achievement_standard; 점, 선, 면, 각을 이해하고 점, 직선, 평면의 위치 관계를 설명하는 성취기준 | achievement_math_2022: 기본 도형 section; [9수03-01] achievement levels; achievement_level; 점, 선, 면, 각 관련 용어와 기호를 이해하고 점, 직선, 평면의 위치 관계를 설명하는 수준을 구분",,prerequisite_ref;textbook_page_refs;extraction_notes,Find textbook sequencing or prior-knowledge evidence for the prerequisite relation.,pending_textbook_pdf,,,,,,,,,,
10,중1(교육과정 학년군: 중1-3),도형과 측정,기본 도형,m1_geo_point__prerequisite_for__m1_geo_line_segment,intra_unit,m1_geo_point,점,기본 도형,m1_geo_line_segment,선분,기본 도형,prerequisite_for,low,2,"curriculum_math_2022: printed p. 37; [9수03-01]; achievement_standard; 점, 선, 면, 각을 이해하고 점, 직선, 평면의 위치 관계를 설명하는 성취기준 | achievement_math_2022: 기본 도형 section; [9수03-01] achievement levels; achievement_level; 점, 선, 면, 각 관련 용어와 기호를 이해하고 점, 직선, 평면의 위치 관계를 설명하는 수준을 구분",,prerequisite_ref;textbook_page_refs;extraction_notes,Find textbook sequencing or prior-knowledge evidence for the prerequisite relation.,pending_textbook_pdf,,,,,,,,,,
10,중1(교육과정 학년군: 중1-3),도형과 측정,기본 도형,m1_geo_point__prerequisite_for__m1_geo_ray,intra_unit,m1_geo_point,점,기본 도형,m1_geo_ray,반직선,기본 도형,prerequisite_for,low,2,"curriculum_math_2022: printed p. 37; [9수03-01]; achievement_standard; 점, 선, 면, 각을 이해하고 점, 직선, 평면의 위치 관계를 설명하는 성취기준 | achievement_math_2022: 기본 도형 section; [9수03-01] achievement levels; achievement_level; 점, 선, 면, 각 관련 용어와 기호를 이해하고 점, 직선, 평면의 위치 관계를 설명하는 수준을 구분",,prerequisite_ref;textbook_page_refs;extraction_notes,Find textbook sequencing or prior-knowledge evidence for the prerequisite relation.,pending_textbook_pdf,,,,,,,,,,
10,중1(교육과정 학년군: 중1-3),도형과 측정,기본 도형,m1_geo_coplanar_condition__used_in__m1_geo_parallel_lines,intra_unit,m1_geo_coplanar_condition,한 평면 위에 있음,기본 도형,m1_geo_parallel_lines,평행선,기본 도형,used_in,low,2,"curriculum_math_2022: printed p. 37; [9수03-01]; achievement_standard; 점, 선, 면, 각을 이해하고 점, 직선, 평면의 위치 관계를 설명하는 성취기준 | achievement_math_2022: 기본 도형 section; [9수03-01] achievement levels; achievement_level; 점, 선, 면, 각 관련 용어와 기호를 이해하고 점, 직선, 평면의 위치 관계를 설명하는 수준을 구분",,procedure_ref;textbook_page_refs;extraction_notes,"Find a worked example, procedure, or application where this source concept is used.",pending_textbook_pdf,,,,,,,,,,
10,중1(교육과정 학년군: 중1-3),도형과 측정,기본 도형,m1_geo_coplanar_condition__used_in__m1_geo_skew_lines,intra_unit,m1_geo_coplanar_condition,한 평면 위에 있음,기본 도형,m1_geo_skew_lines,꼬인 위치,기본 도형,used_in,low,2,"curriculum_math_2022: printed p. 37; [9수03-01]; achievement_standard; 점, 선, 면, 각을 이해하고 점, 직선, 평면의 위치 관계를 설명하는 성취기준 | achievement_math_2022: 기본 도형 section; [9수03-01] achievement levels; achievement_level; 점, 선, 면, 각 관련 용어와 기호를 이해하고 점, 직선, 평면의 위치 관계를 설명하는 수준을 구분",,procedure_ref;textbook_page_refs;extraction_notes,"Find a worked example, procedure, or application where this source concept is used.",pending_textbook_pdf,,,,,,,,,,
10,중1(교육과정 학년군: 중1-3),도형과 측정,기본 도형,m1_geo_line_segment__used_in__m1_geo_distance_between_two_points,intra_unit,m1_geo_line_segment,선분,기본 도형,m1_geo_distance_between_two_points,두 점 사이의 거리,기본 도형,used_in,low,2,"curriculum_math_2022: printed p. 37; [9수03-01]; achievement_standard; 점, 선, 면, 각을 이해하고 점, 직선, 평면의 위치 관계를 설명하는 성취기준 | achievement_math_2022: 기본 도형 section; [9수03-01] achievement levels; achievement_level; 점, 선, 면, 각 관련 용어와 기호를 이해하고 점, 직선, 평면의 위치 관계를 설명하는 수준을 구분",,procedure_ref;textbook_page_refs;extraction_notes,"Find a worked example, procedure, or application where this source concept is used.",pending_textbook_pdf,,,,,,,,,,
10,중1(교육과정 학년군: 중1-3),도형과 측정,기본 도형,m1_geo_line_segment__used_in__m1_geo_midpoint,intra_unit,m1_geo_line_segment,선분,기본 도형,m1_geo_midpoint,중점,기본 도형,used_in,low,2,"curriculum_math_2022: printed p. 37; [9수03-01]; achievement_standard; 점, 선, 면, 각을 이해하고 점, 직선, 평면의 위치 관계를 설명하는 성취기준 | achievement_math_2022: 기본 도형 section; [9수03-01] achievement levels; achievement_level; 점, 선, 면, 각 관련 용어와 기호를 이해하고 점, 직선, 평면의 위치 관계를 설명하는 수준을 구분",,procedure_ref;textbook_page_refs;extraction_notes,"Find a worked example, procedure, or application where this source concept is used.",pending_textbook_pdf,,,,,,,,,,
10,중1(교육과정 학년군: 중1-3),도형과 측정,기본 도형,m1_geo_line_segment__used_in__m1_geo_perpendicular_bisector,intra_unit,m1_geo_line_segment,선분,기본 도형,m1_geo_perpendicular_bisector,수직이등분선,기본 도형,used_in,low,2,"curriculum_math_2022: printed p. 37; [9수03-01]; achievement_standard; 점, 선, 면, 각을 이해하고 점, 직선, 평면의 위치 관계를 설명하는 성취기준 | achievement_math_2022: 기본 도형 section; [9수03-01] achievement levels; achievement_level; 점, 선, 면, 각 관련 용어와 기호를 이해하고 점, 직선, 평면의 위치 관계를 설명하는 수준을 구분",,procedure_ref;textbook_page_refs;extraction_notes,"Find a worked example, procedure, or application where this source concept is used.",pending_textbook_pdf,,,,,,,,,,
10,중1(교육과정 학년군: 중1-3),도형과 측정,기본 도형,m1_geo_ray__used_in__m1_geo_angle,intra_unit,m1_geo_ray,반직선,기본 도형,m1_geo_angle,각,기본 도형,used_in,low,2,"curriculum_math_2022: printed p. 37; [9수03-01]; achievement_standard; 점, 선, 면, 각을 이해하고 점, 직선, 평면의 위치 관계를 설명하는 성취기준 | achievement_math_2022: 기본 도형 section; [9수03-01] achievement levels; achievement_level; 점, 선, 면, 각 관련 용어와 기호를 이해하고 점, 직선, 평면의 위치 관계를 설명하는 수준을 구분",,procedure_ref;textbook_page_refs;extraction_notes,"Find a worked example, procedure, or application where this source concept is used.",pending_textbook_pdf,,,,,,,,,,
10,중1(교육과정 학년군: 중1-3),도형과 측정,기본 도형,m1_geo_coplanar_condition__contrasts_with__m1_geo_skew_lines,intra_unit,m1_geo_coplanar_condition,한 평면 위에 있음,기본 도형,m1_geo_skew_lines,꼬인 위치,기본 도형,contrasts_with,low,2,"curriculum_math_2022: printed p. 37; [9수03-01]; achievement_standard; 점, 선, 면, 각을 이해하고 점, 직선, 평면의 위치 관계를 설명하는 성취기준 | achievement_math_2022: 기본 도형 section; [9수03-01] achievement levels; achievement_level; 점, 선, 면, 각 관련 용어와 기호를 이해하고 점, 직선, 평면의 위치 관계를 설명하는 수준을 구분",Skew lines are distinguished from parallel lines by the same-plane condition.,contrast_ref;textbook_page_refs;extraction_notes,Find textbook wording or examples that distinguish the two concepts.,pending_textbook_pdf,,,,,,,,,,
10,중1(교육과정 학년군: 중1-3),도형과 측정,기본 도형,m1_mis_corresponding_alternate_angles__often_confused_with__m1_geo_alternate_interior_angles,intra_unit,m1_mis_corresponding_alternate_angles,동위각과 엇각의 위치를 혼동하는 오류,기본 도형,m1_geo_alternate_interior_angles,엇각,기본 도형,often_confused_with,low,2,curriculum_math_2022: printed p. 37; [9수03-02]; achievement_standard; 평행선에서 동위각과 엇각의 성질을 이해하고 설명하는 성취기준 | achievement_math_2022: 기본 도형 section; [9수03-02] achievement levels; achievement_level; 평행선에서 동위각과 엇각을 찾고 각의 크기를 구하거나 성질을 설명하는 수준을 구분,,misconception_ref;problem_pattern_ref;textbook_page_refs;extraction_notes,"Find misconception, caution, example, or problem-pattern evidence for the confusion risk.",pending_textbook_pdf,,,,,,,,,,
10,중1(교육과정 학년군: 중1-3),도형과 측정,기본 도형,m1_mis_corresponding_alternate_angles__often_confused_with__m1_geo_corresponding_angles,intra_unit,m1_mis_corresponding_alternate_angles,동위각과 엇각의 위치를 혼동하는 오류,기본 도형,m1_geo_corresponding_angles,동위각,기본 도형,often_confused_with,low,2,curriculum_math_2022: printed p. 37; [9수03-02]; achievement_standard; 평행선에서 동위각과 엇각의 성질을 이해하고 설명하는 성취기준 | achievement_math_2022: 기본 도형 section; [9수03-02] achievement levels; achievement_level; 평행선에서 동위각과 엇각을 찾고 각의 크기를 구하거나 성질을 설명하는 수준을 구분,,misconception_ref;problem_pattern_ref;textbook_page_refs;extraction_notes,"Find misconception, caution, example, or problem-pattern evidence for the confusion risk.",pending_textbook_pdf,,,,,,,,,,
10,중1(교육과정 학년군: 중1-3),도형과 측정,기본 도형,m1_mis_corresponding_alternate_angles__often_confused_with__m1_geo_identify_corresponding_alternate_angles,intra_unit,m1_mis_corresponding_alternate_angles,동위각과 엇각의 위치를 혼동하는 오류,기본 도형,m1_geo_identify_corresponding_alternate_angles,동위각과 엇각 찾기,기본 도형,often_confused_with,low,2,curriculum_math_2022: printed p. 37; [9수03-02]; achievement_standard; 평행선에서 동위각과 엇각의 성질을 이해하고 설명하는 성취기준 | achievement_math_2022: 기본 도형 section; [9수03-02] achievement levels; achievement_level; 평행선에서 동위각과 엇각을 찾고 각의 크기를 구하거나 성질을 설명하는 수준을 구분,related_ids에서 확인된 오개념 위험 연결을 낮은 신뢰도 edge로 보강. 교과서 근거 확인 후 유지 또는 조정.,misconception_ref;problem_pattern_ref;textbook_page_refs;extraction_notes,"Find misconception, caution, example, or problem-pattern evidence for the confusion risk.",pending_textbook_pdf,,,,,,,,,,
10,중1(교육과정 학년군: 중1-3),도형과 측정,기본 도형,m1_mis_corresponding_alternate_angles__often_confused_with__m1_geo_parallel_angle_properties,intra_unit,m1_mis_corresponding_alternate_angles,동위각과 엇각의 위치를 혼동하는 오류,기본 도형,m1_geo_parallel_angle_properties,평행선에서 동위각과 엇각의 성질,기본 도형,often_confused_with,low,2,curriculum_math_2022: printed p. 37; [9수03-02]; achievement_standard; 평행선에서 동위각과 엇각의 성질을 이해하고 설명하는 성취기준 | achievement_math_2022: 기본 도형 section; [9수03-02] achievement levels; achievement_level; 평행선에서 동위각과 엇각을 찾고 각의 크기를 구하거나 성질을 설명하는 수준을 구분,related_ids에서 확인된 오개념 위험 연결을 낮은 신뢰도 edge로 보강. 교과서 근거 확인 후 유지 또는 조정.,misconception_ref;problem_pattern_ref;textbook_page_refs;extraction_notes,"Find misconception, caution, example, or problem-pattern evidence for the confusion risk.",pending_textbook_pdf,,,,,,,,,,
10,중1(교육과정 학년군: 중1-3),도형과 측정,기본 도형,m1_mis_skew_parallel_lines__often_confused_with__m1_geo_coplanar_condition,intra_unit,m1_mis_skew_parallel_lines,꼬인 위치와 평행을 같은 관계로 보는 오류,기본 도형,m1_geo_coplanar_condition,한 평면 위에 있음,기본 도형,often_confused_with,low,3,"curriculum_math_2022: printed p. 37; [9수03-01]; achievement_standard; 점, 선, 면, 각을 이해하고 점, 직선, 평면의 위치 관계를 설명하는 성취기준 | curriculum_math_2022: printed pp. 38-39; terms and symbols for 도형과 측정; term_list; 교점, 교선, 두 점 사이의 거리, 중점, 수직이등분선, 꼬인 위치, 교각, 맞꼭지각, 엇각, 동위각, 평각, 직교, 수선의 발, 작도, 대변, 대각, 삼각형의 합동 조건, 내각, 외각, 부채꼴, 중심각, 호, 현, 활꼴, 할선, 다면체, 각뿔대, 정다면체, 회전체, 회전축, 원뿔대, 증명, 접선, 접점, 접한다, 외심, 외접, 외접원, 내심, 내접, 내접원, 중선, 무게중심, 닮음, 닮음비, 삼각형의 닮음 조건, 피타고라스 정리, 삼각비, 사인, 코사인, 탄젠트, 원주각 등을 다룸 | achievement_math_2022: 기본 도형 section; [9수03-01] achievement levels; achievement_level; 점, 선, 면, 각 관련 용어와 기호를 이해하고 점, 직선, 평면의 위치 관계를 설명하는 수준을 구분",related_ids에서 확인된 오개념 위험 연결을 낮은 신뢰도 edge로 보강. 교과서 근거 확인 후 유지 또는 조정.,misconception_ref;problem_pattern_ref;textbook_page_refs;extraction_notes,"Find misconception, caution, example, or problem-pattern evidence for the confusion risk.",pending_textbook_pdf,,,,,,,,,,
10,중1(교육과정 학년군: 중1-3),도형과 측정,기본 도형,m1_mis_skew_parallel_lines__often_confused_with__m1_geo_parallel_lines,intra_unit,m1_mis_skew_parallel_lines,꼬인 위치와 평행을 같은 관계로 보는 오류,기본 도형,m1_geo_parallel_lines,평행선,기본 도형,often_confused_with,low,2,"curriculum_math_2022: printed p. 37; [9수03-01]; achievement_standard; 점, 선, 면, 각을 이해하고 점, 직선, 평면의 위치 관계를 설명하는 성취기준 | achievement_math_2022: 기본 도형 section; [9수03-01] achievement levels; achievement_level; 점, 선, 면, 각 관련 용어와 기호를 이해하고 점, 직선, 평면의 위치 관계를 설명하는 수준을 구분",,misconception_ref;problem_pattern_ref;textbook_page_refs;extraction_notes,"Find misconception, caution, example, or problem-pattern evidence for the confusion risk.",pending_textbook_pdf,,,,,,,,,,
10,중1(교육과정 학년군: 중1-3),도형과 측정,기본 도형,m1_mis_skew_parallel_lines__often_confused_with__m1_geo_position_relation,intra_unit,m1_mis_skew_parallel_lines,꼬인 위치와 평행을 같은 관계로 보는 오류,기본 도형,m1_geo_position_relation,"점, 직선, 평면의 위치 관계",기본 도형,often_confused_with,low,3,"curriculum_math_2022: printed p. 37; [9수03-01]; achievement_standard; 점, 선, 면, 각을 이해하고 점, 직선, 평면의 위치 관계를 설명하는 성취기준 | curriculum_math_2022: printed pp. 38-39; terms and symbols for 도형과 측정; term_list; 교점, 교선, 두 점 사이의 거리, 중점, 수직이등분선, 꼬인 위치, 교각, 맞꼭지각, 엇각, 동위각, 평각, 직교, 수선의 발, 작도, 대변, 대각, 삼각형의 합동 조건, 내각, 외각, 부채꼴, 중심각, 호, 현, 활꼴, 할선, 다면체, 각뿔대, 정다면체, 회전체, 회전축, 원뿔대, 증명, 접선, 접점, 접한다, 외심, 외접, 외접원, 내심, 내접, 내접원, 중선, 무게중심, 닮음, 닮음비, 삼각형의 닮음 조건, 피타고라스 정리, 삼각비, 사인, 코사인, 탄젠트, 원주각 등을 다룸 | achievement_math_2022: 기본 도형 section; [9수03-01] achievement levels; achievement_level; 점, 선, 면, 각 관련 용어와 기호를 이해하고 점, 직선, 평면의 위치 관계를 설명하는 수준을 구분",related_ids에서 확인된 오개념 위험 연결을 낮은 신뢰도 edge로 보강. 교과서 근거 확인 후 유지 또는 조정.,misconception_ref;problem_pattern_ref;textbook_page_refs;extraction_notes,"Find misconception, caution, example, or problem-pattern evidence for the confusion risk.",pending_textbook_pdf,,,,,,,,,,
10,중1(교육과정 학년군: 중1-3),도형과 측정,기본 도형,m1_mis_skew_parallel_lines__often_confused_with__m1_geo_skew_lines,intra_unit,m1_mis_skew_parallel_lines,꼬인 위치와 평행을 같은 관계로 보는 오류,기본 도형,m1_geo_skew_lines,꼬인 위치,기본 도형,often_confused_with,low,2,"curriculum_math_2022: printed p. 37; [9수03-01]; achievement_standard; 점, 선, 면, 각을 이해하고 점, 직선, 평면의 위치 관계를 설명하는 성취기준 | achievement_math_2022: 기본 도형 section; [9수03-01] achievement levels; achievement_level; 점, 선, 면, 각 관련 용어와 기호를 이해하고 점, 직선, 평면의 위치 관계를 설명하는 수준을 구분",,misconception_ref;problem_pattern_ref;textbook_page_refs;extraction_notes,"Find misconception, caution, example, or problem-pattern evidence for the confusion risk.",pending_textbook_pdf,,,,,,,,,,
10,중1(교육과정 학년군: 중1-3),도형과 측정,기본 도형,m1_geo_parallel_angle_property_explanation__related_to__m1_geo_polygon_angle_sum,cross_unit,m1_geo_parallel_angle_property_explanation,평행선에서 동위각과 엇각의 성질 설명하기,기본 도형,m1_geo_polygon_angle_sum,다각형의 내각과 외각의 크기,평면도형의 성질,related_to,low,4,"curriculum_math_2022: printed p. 37; [9수03-02]; achievement_standard; 평행선에서 동위각과 엇각의 성질을 이해하고 설명하는 성취기준 | curriculum_math_2022: printed pp. 37-38; [9수03-05]; achievement_standard; 다각형의 성질을 이해하고 설명하는 성취기준 | achievement_math_2022: 기본 도형 section; [9수03-02] achievement levels; achievement_level; 평행선에서 동위각과 엇각을 찾고 각의 크기를 구하거나 성질을 설명하는 수준을 구분 | achievement_math_2022: 평면도형의 성질 section; [9수03-05] achievement levels; achievement_level; 다각형의 내각과 외각의 크기, 다각형의 대각선 개수 등 성질 이해 수준을 구분","Parallel-line angle reasoning is later reused around polygon angle sums, but textbook sequence evidence is still needed.",related_ref;textbook_page_refs;extraction_notes,Find textbook wording or examples that justify keeping these concepts linked.,pending_textbook_pdf,,,,,,,,,,
10,중1(교육과정 학년군: 중1-3),도형과 측정,기본 도형,m1_geo_point__related_to__m1_coord_point_location,cross_unit,m1_geo_point,점,기본 도형,m1_coord_point_location,점의 위치,좌표평면과 그래프,related_to,low,5,"curriculum_math_2022: printed p. 37; [9수03-01]; achievement_standard; 점, 선, 면, 각을 이해하고 점, 직선, 평면의 위치 관계를 설명하는 성취기준 | curriculum_math_2022: printed pp. 38-39; terms and symbols for 도형과 측정; term_list; 교점, 교선, 두 점 사이의 거리, 중점, 수직이등분선, 꼬인 위치, 교각, 맞꼭지각, 엇각, 동위각, 평각, 직교, 수선의 발, 작도, 대변, 대각, 삼각형의 합동 조건, 내각, 외각, 부채꼴, 중심각, 호, 현, 활꼴, 할선, 다면체, 각뿔대, 정다면체, 회전체, 회전축, 원뿔대, 증명, 접선, 접점, 접한다, 외심, 외접, 외접원, 내심, 내접, 내접원, 중선, 무게중심, 닮음, 닮음비, 삼각형의 닮음 조건, 피타고라스 정리, 삼각비, 사인, 코사인, 탄젠트, 원주각 등을 다룸 | curriculum_math_2022: printed p. 34; [9수02-05]; achievement_standard; 순서쌍과 좌표를 이해하고 편리함을 인식하는 성취기준 | achievement_math_2022: 기본 도형 section; [9수03-01] achievement levels; achievement_level; 점, 선, 면, 각 관련 용어와 기호를 이해하고 점, 직선, 평면의 위치 관계를 설명하는 수준을 구분 | achievement_math_2022: 좌표평면과 그래프 section; [9수02-05] achievement levels; achievement_level; 수직선과 좌표평면 위의 점을 좌표로 나타내거나 주어진 좌표를 점으로 나타내는 수행을 구분",A geometric point and locating a point on the coordinate plane share point language but belong to different representation contexts.,related_ref;textbook_page_refs;extraction_notes,Find textbook wording or examples that justify keeping these concepts linked.,pending_textbook_pdf,,,,,,,,,,
10,중1(교육과정 학년군: 중1-3),도형과 측정,기본 도형,m1_num_absolute_value__related_to__m1_geo_distance_between_two_points,cross_unit,m1_num_absolute_value,절댓값,정수와 유리수,m1_geo_distance_between_two_points,두 점 사이의 거리,기본 도형,related_to,low,6,"curriculum_math_2022: printed p. 34; terms and symbols for 수와 연산; term_list; 소수, 합성수, 거듭제곱, 지수, 밑, 소인수, 소인수분해, 서로소, 양수, 음수, 정수, 수직선, 유리수, 절댓값, 교환법칙, 결합법칙, 분배법칙, 역수, 유한소수, 무한소수, 순환소수, 순환마디, 제곱근, 근호, 무리수, 실수, 분모의 유리화 등을 다룸 | curriculum_math_2022: printed p. 33; [9수01-04]; achievement_standard; 정수와 유리수의 대소 관계를 판단하는 성취기준 | curriculum_math_2022: printed pp. 38-39; terms and symbols for 도형과 측정; term_list; 교점, 교선, 두 점 사이의 거리, 중점, 수직이등분선, 꼬인 위치, 교각, 맞꼭지각, 엇각, 동위각, 평각, 직교, 수선의 발, 작도, 대변, 대각, 삼각형의 합동 조건, 내각, 외각, 부채꼴, 중심각, 호, 현, 활꼴, 할선, 다면체, 각뿔대, 정다면체, 회전체, 회전축, 원뿔대, 증명, 접선, 접점, 접한다, 외심, 외접, 외접원, 내심, 내접, 내접원, 중선, 무게중심, 닮음, 닮음비, 삼각형의 닮음 조건, 피타고라스 정리, 삼각비, 사인, 코사인, 탄젠트, 원주각 등을 다룸 | curriculum_math_2022: printed p. 37; [9수03-01]; achievement_standard; 점, 선, 면, 각을 이해하고 점, 직선, 평면의 위치 관계를 설명하는 성취기준 | achievement_math_2022: 정수와 유리수 section; [9수01-04] achievement levels; achievement_level; 정수와 유리수의 대소 관계를 판단하고 수직선 위에서 비교하는 수준을 구분 | achievement_math_2022: 기본 도형 section; [9수03-01] achievement levels; achievement_level; 점, 선, 면, 각 관련 용어와 기호를 이해하고 점, 직선, 평면의 위치 관계를 설명하는 수준을 구분",Absolute value and distance both express nonnegative magnitude; coordinate or textbook page evidence is needed before making this a stronger prerequisite or procedure edge.,related_ref;textbook_page_refs;extraction_notes,Find textbook wording or examples that justify keeping these concepts linked.,pending_textbook_pdf,,,,,,,,,,
10,중1(교육과정 학년군: 중1-3),도형과 측정,기본 도형,m1_geo_basic_unit__contains__m1_geo_alternate_interior_angles,intra_unit,m1_geo_basic_unit,기본 도형,기본 도형,m1_geo_alternate_interior_angles,엇각,기본 도형,contains,high,3,"curriculum_math_2022: printed pp. 38-39; terms and symbols for 도형과 측정; term_list; 교점, 교선, 두 점 사이의 거리, 중점, 수직이등분선, 꼬인 위치, 교각, 맞꼭지각, 엇각, 동위각, 평각, 직교, 수선의 발, 작도, 대변, 대각, 삼각형의 합동 조건, 내각, 외각, 부채꼴, 중심각, 호, 현, 활꼴, 할선, 다면체, 각뿔대, 정다면체, 회전체, 회전축, 원뿔대, 증명, 접선, 접점, 접한다, 외심, 외접, 외접원, 내심, 내접, 내접원, 중선, 무게중심, 닮음, 닮음비, 삼각형의 닮음 조건, 피타고라스 정리, 삼각비, 사인, 코사인, 탄젠트, 원주각 등을 다룸 | curriculum_math_2022: printed p. 37; [9수03-02]; achievement_standard; 평행선에서 동위각과 엇각의 성질을 이해하고 설명하는 성취기준 | achievement_math_2022: 기본 도형 section; [9수03-02] achievement levels; achievement_level; 평행선에서 동위각과 엇각을 찾고 각의 크기를 구하거나 성질을 설명하는 수준을 구분",,structure_ref;textbook_page_refs,Find textbook structure evidence for the containment relation.,pending_textbook_pdf,,,,,,,,,,
10,중1(교육과정 학년군: 중1-3),도형과 측정,기본 도형,m1_geo_basic_unit__contains__m1_geo_alternate_interior_angles_equal,intra_unit,m1_geo_basic_unit,기본 도형,기본 도형,m1_geo_alternate_interior_angles_equal,평행선에서 엇각의 크기가 같음,기본 도형,contains,high,2,curriculum_math_2022: printed p. 37; [9수03-02]; achievement_standard; 평행선에서 동위각과 엇각의 성질을 이해하고 설명하는 성취기준 | achievement_math_2022: 기본 도형 section; [9수03-02] achievement levels; achievement_level; 평행선에서 동위각과 엇각을 찾고 각의 크기를 구하거나 성질을 설명하는 수준을 구분,,structure_ref;textbook_page_refs,Find textbook structure evidence for the containment relation.,pending_textbook_pdf,,,,,,,,,,
10,중1(교육과정 학년군: 중1-3),도형과 측정,기본 도형,m1_geo_basic_unit__contains__m1_geo_angle,intra_unit,m1_geo_basic_unit,기본 도형,기본 도형,m1_geo_angle,각,기본 도형,contains,high,2,"curriculum_math_2022: printed p. 37; [9수03-01]; achievement_standard; 점, 선, 면, 각을 이해하고 점, 직선, 평면의 위치 관계를 설명하는 성취기준 | achievement_math_2022: 기본 도형 section; [9수03-01] achievement levels; achievement_level; 점, 선, 면, 각 관련 용어와 기호를 이해하고 점, 직선, 평면의 위치 관계를 설명하는 수준을 구분",,structure_ref;textbook_page_refs,Find textbook structure evidence for the containment relation.,pending_textbook_pdf,,,,,,,,,,
10,중1(교육과정 학년군: 중1-3),도형과 측정,기본 도형,m1_geo_basic_unit__contains__m1_geo_angle_measure,intra_unit,m1_geo_basic_unit,기본 도형,기본 도형,m1_geo_angle_measure,각의 크기,기본 도형,contains,high,2,curriculum_math_2022: printed p. 37; [9수03-02]; achievement_standard; 평행선에서 동위각과 엇각의 성질을 이해하고 설명하는 성취기준 | achievement_math_2022: 기본 도형 section; [9수03-02] achievement levels; achievement_level; 평행선에서 동위각과 엇각을 찾고 각의 크기를 구하거나 성질을 설명하는 수준을 구분,,structure_ref;textbook_page_refs,Find textbook structure evidence for the containment relation.,pending_textbook_pdf,,,,,,,,,,
10,중1(교육과정 학년군: 중1-3),도형과 측정,기본 도형,m1_geo_basic_unit__contains__m1_geo_basic_figure_notation,intra_unit,m1_geo_basic_unit,기본 도형,기본 도형,m1_geo_basic_figure_notation,점·선·면·각의 용어와 기호,기본 도형,contains,medium,3,"curriculum_math_2022: printed p. 37; [9수03-01]; achievement_standard; 점, 선, 면, 각을 이해하고 점, 직선, 평면의 위치 관계를 설명하는 성취기준 | curriculum_math_2022: printed pp. 38-39; geometry achievement-standard explanation and considerations; teaching_note; 점, 선, 면, 각 관련 용어는 직관적으로 이해하게 하고, 합동과 닮음은 교구나 공학 도구를 이용하여 의미를 이해하게 함 | achievement_math_2022: 기본 도형 section; [9수03-01] achievement levels; achievement_level; 점, 선, 면, 각 관련 용어와 기호를 이해하고 점, 직선, 평면의 위치 관계를 설명하는 수준을 구분",,structure_ref;textbook_page_refs,Find textbook structure evidence for the containment relation.,pending_textbook_pdf,,,,,,,,,,
10,중1(교육과정 학년군: 중1-3),도형과 측정,기본 도형,m1_geo_basic_unit__contains__m1_geo_corresponding_angles,intra_unit,m1_geo_basic_unit,기본 도형,기본 도형,m1_geo_corresponding_angles,동위각,기본 도형,contains,high,3,"curriculum_math_2022: printed pp. 38-39; terms and symbols for 도형과 측정; term_list; 교점, 교선, 두 점 사이의 거리, 중점, 수직이등분선, 꼬인 위치, 교각, 맞꼭지각, 엇각, 동위각, 평각, 직교, 수선의 발, 작도, 대변, 대각, 삼각형의 합동 조건, 내각, 외각, 부채꼴, 중심각, 호, 현, 활꼴, 할선, 다면체, 각뿔대, 정다면체, 회전체, 회전축, 원뿔대, 증명, 접선, 접점, 접한다, 외심, 외접, 외접원, 내심, 내접, 내접원, 중선, 무게중심, 닮음, 닮음비, 삼각형의 닮음 조건, 피타고라스 정리, 삼각비, 사인, 코사인, 탄젠트, 원주각 등을 다룸 | curriculum_math_2022: printed p. 37; [9수03-02]; achievement_standard; 평행선에서 동위각과 엇각의 성질을 이해하고 설명하는 성취기준 | achievement_math_2022: 기본 도형 section; [9수03-02] achievement levels; achievement_level; 평행선에서 동위각과 엇각을 찾고 각의 크기를 구하거나 성질을 설명하는 수준을 구분",,structure_ref;textbook_page_refs,Find textbook structure evidence for the containment relation.,pending_textbook_pdf,,,,,,,,,,
10,중1(교육과정 학년군: 중1-3),도형과 측정,기본 도형,m1_geo_basic_unit__contains__m1_geo_corresponding_angles_equal,intra_unit,m1_geo_basic_unit,기본 도형,기본 도형,m1_geo_corresponding_angles_equal,평행선에서 동위각의 크기가 같음,기본 도형,contains,high,2,curriculum_math_2022: printed p. 37; [9수03-02]; achievement_standard; 평행선에서 동위각과 엇각의 성질을 이해하고 설명하는 성취기준 | achievement_math_2022: 기본 도형 section; [9수03-02] achievement levels; achievement_level; 평행선에서 동위각과 엇각을 찾고 각의 크기를 구하거나 성질을 설명하는 수준을 구분,,structure_ref;textbook_page_refs,Find textbook structure evidence for the containment relation.,pending_textbook_pdf,,,,,,,,,,
10,중1(교육과정 학년군: 중1-3),도형과 측정,기본 도형,m1_geo_basic_unit__contains__m1_geo_distance_between_two_points,intra_unit,m1_geo_basic_unit,기본 도형,기본 도형,m1_geo_distance_between_two_points,두 점 사이의 거리,기본 도형,contains,high,3,"curriculum_math_2022: printed pp. 38-39; terms and symbols for 도형과 측정; term_list; 교점, 교선, 두 점 사이의 거리, 중점, 수직이등분선, 꼬인 위치, 교각, 맞꼭지각, 엇각, 동위각, 평각, 직교, 수선의 발, 작도, 대변, 대각, 삼각형의 합동 조건, 내각, 외각, 부채꼴, 중심각, 호, 현, 활꼴, 할선, 다면체, 각뿔대, 정다면체, 회전체, 회전축, 원뿔대, 증명, 접선, 접점, 접한다, 외심, 외접, 외접원, 내심, 내접, 내접원, 중선, 무게중심, 닮음, 닮음비, 삼각형의 닮음 조건, 피타고라스 정리, 삼각비, 사인, 코사인, 탄젠트, 원주각 등을 다룸 | curriculum_math_2022: printed p. 37; [9수03-01]; achievement_standard; 점, 선, 면, 각을 이해하고 점, 직선, 평면의 위치 관계를 설명하는 성취기준 | achievement_math_2022: 기본 도형 section; [9수03-01] achievement levels; achievement_level; 점, 선, 면, 각 관련 용어와 기호를 이해하고 점, 직선, 평면의 위치 관계를 설명하는 수준을 구분",,structure_ref;textbook_page_refs,Find textbook structure evidence for the containment relation.,pending_textbook_pdf,,,,,,,,,,
10,중1(교육과정 학년군: 중1-3),도형과 측정,기본 도형,m1_geo_basic_unit__contains__m1_geo_foot_of_perpendicular,intra_unit,m1_geo_basic_unit,기본 도형,기본 도형,m1_geo_foot_of_perpendicular,수선의 발,기본 도형,contains,high,3,"curriculum_math_2022: printed pp. 38-39; terms and symbols for 도형과 측정; term_list; 교점, 교선, 두 점 사이의 거리, 중점, 수직이등분선, 꼬인 위치, 교각, 맞꼭지각, 엇각, 동위각, 평각, 직교, 수선의 발, 작도, 대변, 대각, 삼각형의 합동 조건, 내각, 외각, 부채꼴, 중심각, 호, 현, 활꼴, 할선, 다면체, 각뿔대, 정다면체, 회전체, 회전축, 원뿔대, 증명, 접선, 접점, 접한다, 외심, 외접, 외접원, 내심, 내접, 내접원, 중선, 무게중심, 닮음, 닮음비, 삼각형의 닮음 조건, 피타고라스 정리, 삼각비, 사인, 코사인, 탄젠트, 원주각 등을 다룸 | curriculum_math_2022: printed p. 37; [9수03-01]; achievement_standard; 점, 선, 면, 각을 이해하고 점, 직선, 평면의 위치 관계를 설명하는 성취기준 | achievement_math_2022: 기본 도형 section; [9수03-01] achievement levels; achievement_level; 점, 선, 면, 각 관련 용어와 기호를 이해하고 점, 직선, 평면의 위치 관계를 설명하는 수준을 구분",,structure_ref;textbook_page_refs,Find textbook structure evidence for the containment relation.,pending_textbook_pdf,,,,,,,,,,
10,중1(교육과정 학년군: 중1-3),도형과 측정,기본 도형,m1_geo_basic_unit__contains__m1_geo_identify_corresponding_alternate_angles,intra_unit,m1_geo_basic_unit,기본 도형,기본 도형,m1_geo_identify_corresponding_alternate_angles,동위각과 엇각 찾기,기본 도형,contains,high,2,curriculum_math_2022: printed p. 37; [9수03-02]; achievement_standard; 평행선에서 동위각과 엇각의 성질을 이해하고 설명하는 성취기준 | achievement_math_2022: 기본 도형 section; [9수03-02] achievement levels; achievement_level; 평행선에서 동위각과 엇각을 찾고 각의 크기를 구하거나 성질을 설명하는 수준을 구분,,structure_ref;textbook_page_refs,Find textbook structure evidence for the containment relation.,pending_textbook_pdf,,,,,,,,,,
10,중1(교육과정 학년군: 중1-3),도형과 측정,기본 도형,m1_geo_basic_unit__contains__m1_geo_intersection_line,intra_unit,m1_geo_basic_unit,기본 도형,기본 도형,m1_geo_intersection_line,교선,기본 도형,contains,high,3,"curriculum_math_2022: printed pp. 38-39; terms and symbols for 도형과 측정; term_list; 교점, 교선, 두 점 사이의 거리, 중점, 수직이등분선, 꼬인 위치, 교각, 맞꼭지각, 엇각, 동위각, 평각, 직교, 수선의 발, 작도, 대변, 대각, 삼각형의 합동 조건, 내각, 외각, 부채꼴, 중심각, 호, 현, 활꼴, 할선, 다면체, 각뿔대, 정다면체, 회전체, 회전축, 원뿔대, 증명, 접선, 접점, 접한다, 외심, 외접, 외접원, 내심, 내접, 내접원, 중선, 무게중심, 닮음, 닮음비, 삼각형의 닮음 조건, 피타고라스 정리, 삼각비, 사인, 코사인, 탄젠트, 원주각 등을 다룸 | curriculum_math_2022: printed p. 37; [9수03-01]; achievement_standard; 점, 선, 면, 각을 이해하고 점, 직선, 평면의 위치 관계를 설명하는 성취기준 | achievement_math_2022: 기본 도형 section; [9수03-01] achievement levels; achievement_level; 점, 선, 면, 각 관련 용어와 기호를 이해하고 점, 직선, 평면의 위치 관계를 설명하는 수준을 구분",,structure_ref;textbook_page_refs,Find textbook structure evidence for the containment relation.,pending_textbook_pdf,,,,,,,,,,
10,중1(교육과정 학년군: 중1-3),도형과 측정,기본 도형,m1_geo_basic_unit__contains__m1_geo_intersection_point,intra_unit,m1_geo_basic_unit,기본 도형,기본 도형,m1_geo_intersection_point,교점,기본 도형,contains,high,3,"curriculum_math_2022: printed pp. 38-39; terms and symbols for 도형과 측정; term_list; 교점, 교선, 두 점 사이의 거리, 중점, 수직이등분선, 꼬인 위치, 교각, 맞꼭지각, 엇각, 동위각, 평각, 직교, 수선의 발, 작도, 대변, 대각, 삼각형의 합동 조건, 내각, 외각, 부채꼴, 중심각, 호, 현, 활꼴, 할선, 다면체, 각뿔대, 정다면체, 회전체, 회전축, 원뿔대, 증명, 접선, 접점, 접한다, 외심, 외접, 외접원, 내심, 내접, 내접원, 중선, 무게중심, 닮음, 닮음비, 삼각형의 닮음 조건, 피타고라스 정리, 삼각비, 사인, 코사인, 탄젠트, 원주각 등을 다룸 | curriculum_math_2022: printed p. 37; [9수03-01]; achievement_standard; 점, 선, 면, 각을 이해하고 점, 직선, 평면의 위치 관계를 설명하는 성취기준 | achievement_math_2022: 기본 도형 section; [9수03-01] achievement levels; achievement_level; 점, 선, 면, 각 관련 용어와 기호를 이해하고 점, 직선, 평면의 위치 관계를 설명하는 수준을 구분",,structure_ref;textbook_page_refs,Find textbook structure evidence for the containment relation.,pending_textbook_pdf,,,,,,,,,,
10,중1(교육과정 학년군: 중1-3),도형과 측정,기본 도형,m1_geo_basic_unit__contains__m1_geo_line,intra_unit,m1_geo_basic_unit,기본 도형,기본 도형,m1_geo_line,직선,기본 도형,contains,high,2,"curriculum_math_2022: printed p. 37; [9수03-01]; achievement_standard; 점, 선, 면, 각을 이해하고 점, 직선, 평면의 위치 관계를 설명하는 성취기준 | achievement_math_2022: 기본 도형 section; [9수03-01] achievement levels; achievement_level; 점, 선, 면, 각 관련 용어와 기호를 이해하고 점, 직선, 평면의 위치 관계를 설명하는 수준을 구분",,structure_ref;textbook_page_refs,Find textbook structure evidence for the containment relation.,pending_textbook_pdf,,,,,,,,,,
10,중1(교육과정 학년군: 중1-3),도형과 측정,기본 도형,m1_geo_basic_unit__contains__m1_geo_midpoint,intra_unit,m1_geo_basic_unit,기본 도형,기본 도형,m1_geo_midpoint,중점,기본 도형,contains,high,3,"curriculum_math_2022: printed pp. 38-39; terms and symbols for 도형과 측정; term_list; 교점, 교선, 두 점 사이의 거리, 중점, 수직이등분선, 꼬인 위치, 교각, 맞꼭지각, 엇각, 동위각, 평각, 직교, 수선의 발, 작도, 대변, 대각, 삼각형의 합동 조건, 내각, 외각, 부채꼴, 중심각, 호, 현, 활꼴, 할선, 다면체, 각뿔대, 정다면체, 회전체, 회전축, 원뿔대, 증명, 접선, 접점, 접한다, 외심, 외접, 외접원, 내심, 내접, 내접원, 중선, 무게중심, 닮음, 닮음비, 삼각형의 닮음 조건, 피타고라스 정리, 삼각비, 사인, 코사인, 탄젠트, 원주각 등을 다룸 | curriculum_math_2022: printed p. 37; [9수03-01]; achievement_standard; 점, 선, 면, 각을 이해하고 점, 직선, 평면의 위치 관계를 설명하는 성취기준 | achievement_math_2022: 기본 도형 section; [9수03-01] achievement levels; achievement_level; 점, 선, 면, 각 관련 용어와 기호를 이해하고 점, 직선, 평면의 위치 관계를 설명하는 수준을 구분",,structure_ref;textbook_page_refs,Find textbook structure evidence for the containment relation.,pending_textbook_pdf,,,,,,,,,,
10,중1(교육과정 학년군: 중1-3),도형과 측정,기본 도형,m1_geo_basic_unit__contains__m1_geo_parallel_angle_measure_calculation,intra_unit,m1_geo_basic_unit,기본 도형,기본 도형,m1_geo_parallel_angle_measure_calculation,평행선에서 각의 크기 구하기,기본 도형,contains,high,2,curriculum_math_2022: printed p. 37; [9수03-02]; achievement_standard; 평행선에서 동위각과 엇각의 성질을 이해하고 설명하는 성취기준 | achievement_math_2022: 기본 도형 section; [9수03-02] achievement levels; achievement_level; 평행선에서 동위각과 엇각을 찾고 각의 크기를 구하거나 성질을 설명하는 수준을 구분,,structure_ref;textbook_page_refs,Find textbook structure evidence for the containment relation.,pending_textbook_pdf,,,,,,,,,,
10,중1(교육과정 학년군: 중1-3),도형과 측정,기본 도형,m1_geo_basic_unit__contains__m1_geo_parallel_angle_properties,intra_unit,m1_geo_basic_unit,기본 도형,기본 도형,m1_geo_parallel_angle_properties,평행선에서 동위각과 엇각의 성질,기본 도형,contains,high,2,curriculum_math_2022: printed p. 37; [9수03-02]; achievement_standard; 평행선에서 동위각과 엇각의 성질을 이해하고 설명하는 성취기준 | achievement_math_2022: 기본 도형 section; [9수03-02] achievement levels; achievement_level; 평행선에서 동위각과 엇각을 찾고 각의 크기를 구하거나 성질을 설명하는 수준을 구분,,structure_ref;textbook_page_refs,Find textbook structure evidence for the containment relation.,pending_textbook_pdf,,,,,,,,,,
10,중1(교육과정 학년군: 중1-3),도형과 측정,기본 도형,m1_geo_basic_unit__contains__m1_geo_parallel_angle_property_explanation,intra_unit,m1_geo_basic_unit,기본 도형,기본 도형,m1_geo_parallel_angle_property_explanation,평행선에서 동위각과 엇각의 성질 설명하기,기본 도형,contains,medium,2,curriculum_math_2022: printed p. 37; [9수03-02]; achievement_standard; 평행선에서 동위각과 엇각의 성질을 이해하고 설명하는 성취기준 | achievement_math_2022: 기본 도형 section; [9수03-02] achievement levels; achievement_level; 평행선에서 동위각과 엇각을 찾고 각의 크기를 구하거나 성질을 설명하는 수준을 구분,,structure_ref;textbook_page_refs,Find textbook structure evidence for the containment relation.,pending_textbook_pdf,,,,,,,,,,
10,중1(교육과정 학년군: 중1-3),도형과 측정,기본 도형,m1_geo_basic_unit__contains__m1_geo_parallel_lines,intra_unit,m1_geo_basic_unit,기본 도형,기본 도형,m1_geo_parallel_lines,평행선,기본 도형,contains,high,2,curriculum_math_2022: printed p. 37; [9수03-02]; achievement_standard; 평행선에서 동위각과 엇각의 성질을 이해하고 설명하는 성취기준 | achievement_math_2022: 기본 도형 section; [9수03-02] achievement levels; achievement_level; 평행선에서 동위각과 엇각을 찾고 각의 크기를 구하거나 성질을 설명하는 수준을 구분,,structure_ref;textbook_page_refs,Find textbook structure evidence for the containment relation.,pending_textbook_pdf,,,,,,,,,,
10,중1(교육과정 학년군: 중1-3),도형과 측정,기본 도형,m1_geo_basic_unit__contains__m1_geo_perpendicular,intra_unit,m1_geo_basic_unit,기본 도형,기본 도형,m1_geo_perpendicular,직교,기본 도형,contains,high,3,"curriculum_math_2022: printed pp. 38-39; terms and symbols for 도형과 측정; term_list; 교점, 교선, 두 점 사이의 거리, 중점, 수직이등분선, 꼬인 위치, 교각, 맞꼭지각, 엇각, 동위각, 평각, 직교, 수선의 발, 작도, 대변, 대각, 삼각형의 합동 조건, 내각, 외각, 부채꼴, 중심각, 호, 현, 활꼴, 할선, 다면체, 각뿔대, 정다면체, 회전체, 회전축, 원뿔대, 증명, 접선, 접점, 접한다, 외심, 외접, 외접원, 내심, 내접, 내접원, 중선, 무게중심, 닮음, 닮음비, 삼각형의 닮음 조건, 피타고라스 정리, 삼각비, 사인, 코사인, 탄젠트, 원주각 등을 다룸 | curriculum_math_2022: printed p. 37; [9수03-01]; achievement_standard; 점, 선, 면, 각을 이해하고 점, 직선, 평면의 위치 관계를 설명하는 성취기준 | achievement_math_2022: 기본 도형 section; [9수03-01] achievement levels; achievement_level; 점, 선, 면, 각 관련 용어와 기호를 이해하고 점, 직선, 평면의 위치 관계를 설명하는 수준을 구분",,structure_ref;textbook_page_refs,Find textbook structure evidence for the containment relation.,pending_textbook_pdf,,,,,,,,,,
10,중1(교육과정 학년군: 중1-3),도형과 측정,기본 도형,m1_geo_basic_unit__contains__m1_geo_perpendicular_bisector,intra_unit,m1_geo_basic_unit,기본 도형,기본 도형,m1_geo_perpendicular_bisector,수직이등분선,기본 도형,contains,high,3,"curriculum_math_2022: printed pp. 38-39; terms and symbols for 도형과 측정; term_list; 교점, 교선, 두 점 사이의 거리, 중점, 수직이등분선, 꼬인 위치, 교각, 맞꼭지각, 엇각, 동위각, 평각, 직교, 수선의 발, 작도, 대변, 대각, 삼각형의 합동 조건, 내각, 외각, 부채꼴, 중심각, 호, 현, 활꼴, 할선, 다면체, 각뿔대, 정다면체, 회전체, 회전축, 원뿔대, 증명, 접선, 접점, 접한다, 외심, 외접, 외접원, 내심, 내접, 내접원, 중선, 무게중심, 닮음, 닮음비, 삼각형의 닮음 조건, 피타고라스 정리, 삼각비, 사인, 코사인, 탄젠트, 원주각 등을 다룸 | curriculum_math_2022: printed p. 37; [9수03-01]; achievement_standard; 점, 선, 면, 각을 이해하고 점, 직선, 평면의 위치 관계를 설명하는 성취기준 | achievement_math_2022: 기본 도형 section; [9수03-01] achievement levels; achievement_level; 점, 선, 면, 각 관련 용어와 기호를 이해하고 점, 직선, 평면의 위치 관계를 설명하는 수준을 구분",,structure_ref;textbook_page_refs,Find textbook structure evidence for the containment relation.,pending_textbook_pdf,,,,,,,,,,
10,중1(교육과정 학년군: 중1-3),도형과 측정,기본 도형,m1_geo_basic_unit__contains__m1_geo_plane,intra_unit,m1_geo_basic_unit,기본 도형,기본 도형,m1_geo_plane,평면,기본 도형,contains,high,2,"curriculum_math_2022: printed p. 37; [9수03-01]; achievement_standard; 점, 선, 면, 각을 이해하고 점, 직선, 평면의 위치 관계를 설명하는 성취기준 | achievement_math_2022: 기본 도형 section; [9수03-01] achievement levels; achievement_level; 점, 선, 면, 각 관련 용어와 기호를 이해하고 점, 직선, 평면의 위치 관계를 설명하는 수준을 구분",,structure_ref;textbook_page_refs,Find textbook structure evidence for the containment relation.,pending_textbook_pdf,,,,,,,,,,
10,중1(교육과정 학년군: 중1-3),도형과 측정,기본 도형,m1_geo_basic_unit__contains__m1_geo_point,intra_unit,m1_geo_basic_unit,기본 도형,기본 도형,m1_geo_point,점,기본 도형,contains,high,2,"curriculum_math_2022: printed p. 37; [9수03-01]; achievement_standard; 점, 선, 면, 각을 이해하고 점, 직선, 평면의 위치 관계를 설명하는 성취기준 | achievement_math_2022: 기본 도형 section; [9수03-01] achievement levels; achievement_level; 점, 선, 면, 각 관련 용어와 기호를 이해하고 점, 직선, 평면의 위치 관계를 설명하는 수준을 구분",,structure_ref;textbook_page_refs,Find textbook structure evidence for the containment relation.,pending_textbook_pdf,,,,,,,,,,
10,중1(교육과정 학년군: 중1-3),도형과 측정,기본 도형,m1_geo_basic_unit__contains__m1_geo_position_relation,intra_unit,m1_geo_basic_unit,기본 도형,기본 도형,m1_geo_position_relation,"점, 직선, 평면의 위치 관계",기본 도형,contains,high,2,"curriculum_math_2022: printed p. 37; [9수03-01]; achievement_standard; 점, 선, 면, 각을 이해하고 점, 직선, 평면의 위치 관계를 설명하는 성취기준 | achievement_math_2022: 기본 도형 section; [9수03-01] achievement levels; achievement_level; 점, 선, 면, 각 관련 용어와 기호를 이해하고 점, 직선, 평면의 위치 관계를 설명하는 수준을 구분",,structure_ref;textbook_page_refs,Find textbook structure evidence for the containment relation.,pending_textbook_pdf,,,,,,,,,,
10,중1(교육과정 학년군: 중1-3),도형과 측정,기본 도형,m1_geo_basic_unit__contains__m1_geo_position_relation_explanation,intra_unit,m1_geo_basic_unit,기본 도형,기본 도형,m1_geo_position_relation_explanation,점·직선·평면의 위치 관계 설명하기,기본 도형,contains,high,2,"curriculum_math_2022: printed p. 37; [9수03-01]; achievement_standard; 점, 선, 면, 각을 이해하고 점, 직선, 평면의 위치 관계를 설명하는 성취기준 | achievement_math_2022: 기본 도형 section; [9수03-01] achievement levels; achievement_level; 점, 선, 면, 각 관련 용어와 기호를 이해하고 점, 직선, 평면의 위치 관계를 설명하는 수준을 구분",,structure_ref;textbook_page_refs,Find textbook structure evidence for the containment relation.,pending_textbook_pdf,,,,,,,,,,
10,중1(교육과정 학년군: 중1-3),도형과 측정,기본 도형,m1_geo_basic_unit__contains__m1_geo_skew_lines,intra_unit,m1_geo_basic_unit,기본 도형,기본 도형,m1_geo_skew_lines,꼬인 위치,기본 도형,contains,high,3,"curriculum_math_2022: printed pp. 38-39; terms and symbols for 도형과 측정; term_list; 교점, 교선, 두 점 사이의 거리, 중점, 수직이등분선, 꼬인 위치, 교각, 맞꼭지각, 엇각, 동위각, 평각, 직교, 수선의 발, 작도, 대변, 대각, 삼각형의 합동 조건, 내각, 외각, 부채꼴, 중심각, 호, 현, 활꼴, 할선, 다면체, 각뿔대, 정다면체, 회전체, 회전축, 원뿔대, 증명, 접선, 접점, 접한다, 외심, 외접, 외접원, 내심, 내접, 내접원, 중선, 무게중심, 닮음, 닮음비, 삼각형의 닮음 조건, 피타고라스 정리, 삼각비, 사인, 코사인, 탄젠트, 원주각 등을 다룸 | curriculum_math_2022: printed p. 37; [9수03-01]; achievement_standard; 점, 선, 면, 각을 이해하고 점, 직선, 평면의 위치 관계를 설명하는 성취기준 | achievement_math_2022: 기본 도형 section; [9수03-01] achievement levels; achievement_level; 점, 선, 면, 각 관련 용어와 기호를 이해하고 점, 직선, 평면의 위치 관계를 설명하는 수준을 구분",,structure_ref;textbook_page_refs,Find textbook structure evidence for the containment relation.,pending_textbook_pdf,,,,,,,,,,
10,중1(교육과정 학년군: 중1-3),도형과 측정,기본 도형,m1_geo_basic_unit__contains__m1_geo_straight_angle,intra_unit,m1_geo_basic_unit,기본 도형,기본 도형,m1_geo_straight_angle,평각,기본 도형,contains,high,3,"curriculum_math_2022: printed pp. 38-39; terms and symbols for 도형과 측정; term_list; 교점, 교선, 두 점 사이의 거리, 중점, 수직이등분선, 꼬인 위치, 교각, 맞꼭지각, 엇각, 동위각, 평각, 직교, 수선의 발, 작도, 대변, 대각, 삼각형의 합동 조건, 내각, 외각, 부채꼴, 중심각, 호, 현, 활꼴, 할선, 다면체, 각뿔대, 정다면체, 회전체, 회전축, 원뿔대, 증명, 접선, 접점, 접한다, 외심, 외접, 외접원, 내심, 내접, 내접원, 중선, 무게중심, 닮음, 닮음비, 삼각형의 닮음 조건, 피타고라스 정리, 삼각비, 사인, 코사인, 탄젠트, 원주각 등을 다룸 | curriculum_math_2022: printed p. 37; [9수03-01]; achievement_standard; 점, 선, 면, 각을 이해하고 점, 직선, 평면의 위치 관계를 설명하는 성취기준 | achievement_math_2022: 기본 도형 section; [9수03-01] achievement levels; achievement_level; 점, 선, 면, 각 관련 용어와 기호를 이해하고 점, 직선, 평면의 위치 관계를 설명하는 수준을 구분",,structure_ref;textbook_page_refs,Find textbook structure evidence for the containment relation.,pending_textbook_pdf,,,,,,,,,,
10,중1(교육과정 학년군: 중1-3),도형과 측정,기본 도형,m1_geo_basic_unit__contains__m1_geo_transversal_line_context,intra_unit,m1_geo_basic_unit,기본 도형,기본 도형,m1_geo_transversal_line_context,두 직선을 만나는 한 직선,기본 도형,contains,medium,2,curriculum_math_2022: printed p. 37; [9수03-02]; achievement_standard; 평행선에서 동위각과 엇각의 성질을 이해하고 설명하는 성취기준 | achievement_math_2022: 기본 도형 section; [9수03-02] achievement levels; achievement_level; 평행선에서 동위각과 엇각을 찾고 각의 크기를 구하거나 성질을 설명하는 수준을 구분,,structure_ref;textbook_page_refs,Find textbook structure evidence for the containment relation.,pending_textbook_pdf,,,,,,,,,,
10,중1(교육과정 학년군: 중1-3),도형과 측정,기본 도형,m1_geo_basic_unit__contains__m1_geo_vertical_angles,intra_unit,m1_geo_basic_unit,기본 도형,기본 도형,m1_geo_vertical_angles,맞꼭지각,기본 도형,contains,high,3,"curriculum_math_2022: printed pp. 38-39; terms and symbols for 도형과 측정; term_list; 교점, 교선, 두 점 사이의 거리, 중점, 수직이등분선, 꼬인 위치, 교각, 맞꼭지각, 엇각, 동위각, 평각, 직교, 수선의 발, 작도, 대변, 대각, 삼각형의 합동 조건, 내각, 외각, 부채꼴, 중심각, 호, 현, 활꼴, 할선, 다면체, 각뿔대, 정다면체, 회전체, 회전축, 원뿔대, 증명, 접선, 접점, 접한다, 외심, 외접, 외접원, 내심, 내접, 내접원, 중선, 무게중심, 닮음, 닮음비, 삼각형의 닮음 조건, 피타고라스 정리, 삼각비, 사인, 코사인, 탄젠트, 원주각 등을 다룸 | curriculum_math_2022: printed p. 37; [9수03-01]; achievement_standard; 점, 선, 면, 각을 이해하고 점, 직선, 평면의 위치 관계를 설명하는 성취기준 | achievement_math_2022: 기본 도형 section; [9수03-01] achievement levels; achievement_level; 점, 선, 면, 각 관련 용어와 기호를 이해하고 점, 직선, 평면의 위치 관계를 설명하는 수준을 구분",,structure_ref;textbook_page_refs,Find textbook structure evidence for the containment relation.,pending_textbook_pdf,,,,,,,,,,
10,중1(교육과정 학년군: 중1-3),도형과 측정,기본 도형,m1_geo_parallel_angle_properties__contains__m1_geo_alternate_interior_angles_equal,intra_unit,m1_geo_parallel_angle_properties,평행선에서 동위각과 엇각의 성질,기본 도형,m1_geo_alternate_interior_angles_equal,평행선에서 엇각의 크기가 같음,기본 도형,contains,high,2,curriculum_math_2022: printed p. 37; [9수03-02]; achievement_standard; 평행선에서 동위각과 엇각의 성질을 이해하고 설명하는 성취기준 | achievement_math_2022: 기본 도형 section; [9수03-02] achievement levels; achievement_level; 평행선에서 동위각과 엇각을 찾고 각의 크기를 구하거나 성질을 설명하는 수준을 구분,,structure_ref;textbook_page_refs,Find textbook structure evidence for the containment relation.,pending_textbook_pdf,,,,,,,,,,
10,중1(교육과정 학년군: 중1-3),도형과 측정,기본 도형,m1_geo_parallel_angle_properties__contains__m1_geo_corresponding_angles_equal,intra_unit,m1_geo_parallel_angle_properties,평행선에서 동위각과 엇각의 성질,기본 도형,m1_geo_corresponding_angles_equal,평행선에서 동위각의 크기가 같음,기본 도형,contains,high,2,curriculum_math_2022: printed p. 37; [9수03-02]; achievement_standard; 평행선에서 동위각과 엇각의 성질을 이해하고 설명하는 성취기준 | achievement_math_2022: 기본 도형 section; [9수03-02] achievement levels; achievement_level; 평행선에서 동위각과 엇각을 찾고 각의 크기를 구하거나 성질을 설명하는 수준을 구분,,structure_ref;textbook_page_refs,Find textbook structure evidence for the containment relation.,pending_textbook_pdf,,,,,,,,,,
10,중1(교육과정 학년군: 중1-3),도형과 측정,기본 도형,m1_geo_alternate_interior_angles__prerequisite_for__m1_geo_alternate_interior_angles_equal,intra_unit,m1_geo_alternate_interior_angles,엇각,기본 도형,m1_geo_alternate_interior_angles_equal,평행선에서 엇각의 크기가 같음,기본 도형,prerequisite_for,high,2,curriculum_math_2022: printed p. 37; [9수03-02]; achievement_standard; 평행선에서 동위각과 엇각의 성질을 이해하고 설명하는 성취기준 | achievement_math_2022: 기본 도형 section; [9수03-02] achievement levels; achievement_level; 평행선에서 동위각과 엇각을 찾고 각의 크기를 구하거나 성질을 설명하는 수준을 구분,,prerequisite_ref;textbook_page_refs,Find textbook sequencing or prior-knowledge evidence for the prerequisite relation.,pending_textbook_pdf,,,,,,,,,,
10,중1(교육과정 학년군: 중1-3),도형과 측정,기본 도형,m1_geo_alternate_interior_angles__prerequisite_for__m1_geo_identify_corresponding_alternate_angles,intra_unit,m1_geo_alternate_interior_angles,엇각,기본 도형,m1_geo_identify_corresponding_alternate_angles,동위각과 엇각 찾기,기본 도형,prerequisite_for,high,2,curriculum_math_2022: printed p. 37; [9수03-02]; achievement_standard; 평행선에서 동위각과 엇각의 성질을 이해하고 설명하는 성취기준 | achievement_math_2022: 기본 도형 section; [9수03-02] achievement levels; achievement_level; 평행선에서 동위각과 엇각을 찾고 각의 크기를 구하거나 성질을 설명하는 수준을 구분,,prerequisite_ref;textbook_page_refs,Find textbook sequencing or prior-knowledge evidence for the prerequisite relation.,pending_textbook_pdf,,,,,,,,,,
10,중1(교육과정 학년군: 중1-3),도형과 측정,기본 도형,m1_geo_alternate_interior_angles__prerequisite_for__m1_geo_parallel_angle_measure_calculation,intra_unit,m1_geo_alternate_interior_angles,엇각,기본 도형,m1_geo_parallel_angle_measure_calculation,평행선에서 각의 크기 구하기,기본 도형,prerequisite_for,high,2,curriculum_math_2022: printed p. 37; [9수03-02]; achievement_standard; 평행선에서 동위각과 엇각의 성질을 이해하고 설명하는 성취기준 | achievement_math_2022: 기본 도형 section; [9수03-02] achievement levels; achievement_level; 평행선에서 동위각과 엇각을 찾고 각의 크기를 구하거나 성질을 설명하는 수준을 구분,,prerequisite_ref;textbook_page_refs,Find textbook sequencing or prior-knowledge evidence for the prerequisite relation.,pending_textbook_pdf,,,,,,,,,,
10,중1(교육과정 학년군: 중1-3),도형과 측정,기본 도형,m1_geo_alternate_interior_angles__prerequisite_for__m1_geo_parallel_angle_properties,intra_unit,m1_geo_alternate_interior_angles,엇각,기본 도형,m1_geo_parallel_angle_properties,평행선에서 동위각과 엇각의 성질,기본 도형,prerequisite_for,high,2,curriculum_math_2022: printed p. 37; [9수03-02]; achievement_standard; 평행선에서 동위각과 엇각의 성질을 이해하고 설명하는 성취기준 | achievement_math_2022: 기본 도형 section; [9수03-02] achievement levels; achievement_level; 평행선에서 동위각과 엇각을 찾고 각의 크기를 구하거나 성질을 설명하는 수준을 구분,,prerequisite_ref;textbook_page_refs,Find textbook sequencing or prior-knowledge evidence for the prerequisite relation.,pending_textbook_pdf,,,,,,,,,,
10,중1(교육과정 학년군: 중1-3),도형과 측정,기본 도형,m1_geo_angle__prerequisite_for__m1_geo_alternate_interior_angles,intra_unit,m1_geo_angle,각,기본 도형,m1_geo_alternate_interior_angles,엇각,기본 도형,prerequisite_for,high,3,"curriculum_math_2022: printed pp. 38-39; terms and symbols for 도형과 측정; term_list; 교점, 교선, 두 점 사이의 거리, 중점, 수직이등분선, 꼬인 위치, 교각, 맞꼭지각, 엇각, 동위각, 평각, 직교, 수선의 발, 작도, 대변, 대각, 삼각형의 합동 조건, 내각, 외각, 부채꼴, 중심각, 호, 현, 활꼴, 할선, 다면체, 각뿔대, 정다면체, 회전체, 회전축, 원뿔대, 증명, 접선, 접점, 접한다, 외심, 외접, 외접원, 내심, 내접, 내접원, 중선, 무게중심, 닮음, 닮음비, 삼각형의 닮음 조건, 피타고라스 정리, 삼각비, 사인, 코사인, 탄젠트, 원주각 등을 다룸 | curriculum_math_2022: printed p. 37; [9수03-02]; achievement_standard; 평행선에서 동위각과 엇각의 성질을 이해하고 설명하는 성취기준 | achievement_math_2022: 기본 도형 section; [9수03-02] achievement levels; achievement_level; 평행선에서 동위각과 엇각을 찾고 각의 크기를 구하거나 성질을 설명하는 수준을 구분",,prerequisite_ref;textbook_page_refs,Find textbook sequencing or prior-knowledge evidence for the prerequisite relation.,pending_textbook_pdf,,,,,,,,,,
10,중1(교육과정 학년군: 중1-3),도형과 측정,기본 도형,m1_geo_angle__prerequisite_for__m1_geo_angle_measure,intra_unit,m1_geo_angle,각,기본 도형,m1_geo_angle_measure,각의 크기,기본 도형,prerequisite_for,high,2,curriculum_math_2022: printed p. 37; [9수03-02]; achievement_standard; 평행선에서 동위각과 엇각의 성질을 이해하고 설명하는 성취기준 | achievement_math_2022: 기본 도형 section; [9수03-02] achievement levels; achievement_level; 평행선에서 동위각과 엇각을 찾고 각의 크기를 구하거나 성질을 설명하는 수준을 구분,,prerequisite_ref;textbook_page_refs,Find textbook sequencing or prior-knowledge evidence for the prerequisite relation.,pending_textbook_pdf,,,,,,,,,,
10,중1(교육과정 학년군: 중1-3),도형과 측정,기본 도형,m1_geo_angle__prerequisite_for__m1_geo_basic_figure_notation,intra_unit,m1_geo_angle,각,기본 도형,m1_geo_basic_figure_notation,점·선·면·각의 용어와 기호,기본 도형,prerequisite_for,medium,3,"curriculum_math_2022: printed p. 37; [9수03-01]; achievement_standard; 점, 선, 면, 각을 이해하고 점, 직선, 평면의 위치 관계를 설명하는 성취기준 | curriculum_math_2022: printed pp. 38-39; geometry achievement-standard explanation and considerations; teaching_note; 점, 선, 면, 각 관련 용어는 직관적으로 이해하게 하고, 합동과 닮음은 교구나 공학 도구를 이용하여 의미를 이해하게 함 | achievement_math_2022: 기본 도형 section; [9수03-01] achievement levels; achievement_level; 점, 선, 면, 각 관련 용어와 기호를 이해하고 점, 직선, 평면의 위치 관계를 설명하는 수준을 구분",,prerequisite_ref;textbook_page_refs,Find textbook sequencing or prior-knowledge evidence for the prerequisite relation.,pending_textbook_pdf,,,,,,,,,,
10,중1(교육과정 학년군: 중1-3),도형과 측정,기본 도형,m1_geo_angle__prerequisite_for__m1_geo_corresponding_angles,intra_unit,m1_geo_angle,각,기본 도형,m1_geo_corresponding_angles,동위각,기본 도형,prerequisite_for,high,3,"curriculum_math_2022: printed pp. 38-39; terms and symbols for 도형과 측정; term_list; 교점, 교선, 두 점 사이의 거리, 중점, 수직이등분선, 꼬인 위치, 교각, 맞꼭지각, 엇각, 동위각, 평각, 직교, 수선의 발, 작도, 대변, 대각, 삼각형의 합동 조건, 내각, 외각, 부채꼴, 중심각, 호, 현, 활꼴, 할선, 다면체, 각뿔대, 정다면체, 회전체, 회전축, 원뿔대, 증명, 접선, 접점, 접한다, 외심, 외접, 외접원, 내심, 내접, 내접원, 중선, 무게중심, 닮음, 닮음비, 삼각형의 닮음 조건, 피타고라스 정리, 삼각비, 사인, 코사인, 탄젠트, 원주각 등을 다룸 | curriculum_math_2022: printed p. 37; [9수03-02]; achievement_standard; 평행선에서 동위각과 엇각의 성질을 이해하고 설명하는 성취기준 | achievement_math_2022: 기본 도형 section; [9수03-02] achievement levels; achievement_level; 평행선에서 동위각과 엇각을 찾고 각의 크기를 구하거나 성질을 설명하는 수준을 구분",,prerequisite_ref;textbook_page_refs,Find textbook sequencing or prior-knowledge evidence for the prerequisite relation.,pending_textbook_pdf,,,,,,,,,,
10,중1(교육과정 학년군: 중1-3),도형과 측정,기본 도형,m1_geo_angle__prerequisite_for__m1_geo_perpendicular,intra_unit,m1_geo_angle,각,기본 도형,m1_geo_perpendicular,직교,기본 도형,prerequisite_for,high,3,"curriculum_math_2022: printed pp. 38-39; terms and symbols for 도형과 측정; term_list; 교점, 교선, 두 점 사이의 거리, 중점, 수직이등분선, 꼬인 위치, 교각, 맞꼭지각, 엇각, 동위각, 평각, 직교, 수선의 발, 작도, 대변, 대각, 삼각형의 합동 조건, 내각, 외각, 부채꼴, 중심각, 호, 현, 활꼴, 할선, 다면체, 각뿔대, 정다면체, 회전체, 회전축, 원뿔대, 증명, 접선, 접점, 접한다, 외심, 외접, 외접원, 내심, 내접, 내접원, 중선, 무게중심, 닮음, 닮음비, 삼각형의 닮음 조건, 피타고라스 정리, 삼각비, 사인, 코사인, 탄젠트, 원주각 등을 다룸 | curriculum_math_2022: printed p. 37; [9수03-01]; achievement_standard; 점, 선, 면, 각을 이해하고 점, 직선, 평면의 위치 관계를 설명하는 성취기준 | achievement_math_2022: 기본 도형 section; [9수03-01] achievement levels; achievement_level; 점, 선, 면, 각 관련 용어와 기호를 이해하고 점, 직선, 평면의 위치 관계를 설명하는 수준을 구분",,prerequisite_ref;textbook_page_refs,Find textbook sequencing or prior-knowledge evidence for the prerequisite relation.,pending_textbook_pdf,,,,,,,,,,
10,중1(교육과정 학년군: 중1-3),도형과 측정,기본 도형,m1_geo_angle__prerequisite_for__m1_geo_straight_angle,intra_unit,m1_geo_angle,각,기본 도형,m1_geo_straight_angle,평각,기본 도형,prerequisite_for,high,3,"curriculum_math_2022: printed pp. 38-39; terms and symbols for 도형과 측정; term_list; 교점, 교선, 두 점 사이의 거리, 중점, 수직이등분선, 꼬인 위치, 교각, 맞꼭지각, 엇각, 동위각, 평각, 직교, 수선의 발, 작도, 대변, 대각, 삼각형의 합동 조건, 내각, 외각, 부채꼴, 중심각, 호, 현, 활꼴, 할선, 다면체, 각뿔대, 정다면체, 회전체, 회전축, 원뿔대, 증명, 접선, 접점, 접한다, 외심, 외접, 외접원, 내심, 내접, 내접원, 중선, 무게중심, 닮음, 닮음비, 삼각형의 닮음 조건, 피타고라스 정리, 삼각비, 사인, 코사인, 탄젠트, 원주각 등을 다룸 | curriculum_math_2022: printed p. 37; [9수03-01]; achievement_standard; 점, 선, 면, 각을 이해하고 점, 직선, 평면의 위치 관계를 설명하는 성취기준 | achievement_math_2022: 기본 도형 section; [9수03-01] achievement levels; achievement_level; 점, 선, 면, 각 관련 용어와 기호를 이해하고 점, 직선, 평면의 위치 관계를 설명하는 수준을 구분",,prerequisite_ref;textbook_page_refs,Find textbook sequencing or prior-knowledge evidence for the prerequisite relation.,pending_textbook_pdf,,,,,,,,,,
10,중1(교육과정 학년군: 중1-3),도형과 측정,기본 도형,m1_geo_angle__prerequisite_for__m1_geo_vertical_angles,intra_unit,m1_geo_angle,각,기본 도형,m1_geo_vertical_angles,맞꼭지각,기본 도형,prerequisite_for,high,3,"curriculum_math_2022: printed pp. 38-39; terms and symbols for 도형과 측정; term_list; 교점, 교선, 두 점 사이의 거리, 중점, 수직이등분선, 꼬인 위치, 교각, 맞꼭지각, 엇각, 동위각, 평각, 직교, 수선의 발, 작도, 대변, 대각, 삼각형의 합동 조건, 내각, 외각, 부채꼴, 중심각, 호, 현, 활꼴, 할선, 다면체, 각뿔대, 정다면체, 회전체, 회전축, 원뿔대, 증명, 접선, 접점, 접한다, 외심, 외접, 외접원, 내심, 내접, 내접원, 중선, 무게중심, 닮음, 닮음비, 삼각형의 닮음 조건, 피타고라스 정리, 삼각비, 사인, 코사인, 탄젠트, 원주각 등을 다룸 | curriculum_math_2022: printed p. 37; [9수03-01]; achievement_standard; 점, 선, 면, 각을 이해하고 점, 직선, 평면의 위치 관계를 설명하는 성취기준 | achievement_math_2022: 기본 도형 section; [9수03-01] achievement levels; achievement_level; 점, 선, 면, 각 관련 용어와 기호를 이해하고 점, 직선, 평면의 위치 관계를 설명하는 수준을 구분",,prerequisite_ref;textbook_page_refs,Find textbook sequencing or prior-knowledge evidence for the prerequisite relation.,pending_textbook_pdf,,,,,,,,,,
10,중1(교육과정 학년군: 중1-3),도형과 측정,기본 도형,m1_geo_angle_measure__prerequisite_for__m1_geo_parallel_angle_measure_calculation,intra_unit,m1_geo_angle_measure,각의 크기,기본 도형,m1_geo_parallel_angle_measure_calculation,평행선에서 각의 크기 구하기,기본 도형,prerequisite_for,high,2,curriculum_math_2022: printed p. 37; [9수03-02]; achievement_standard; 평행선에서 동위각과 엇각의 성질을 이해하고 설명하는 성취기준 | achievement_math_2022: 기본 도형 section; [9수03-02] achievement levels; achievement_level; 평행선에서 동위각과 엇각을 찾고 각의 크기를 구하거나 성질을 설명하는 수준을 구분,,prerequisite_ref;textbook_page_refs,Find textbook sequencing or prior-knowledge evidence for the prerequisite relation.,pending_textbook_pdf,,,,,,,,,,
10,중1(교육과정 학년군: 중1-3),도형과 측정,기본 도형,m1_geo_corresponding_angles__prerequisite_for__m1_geo_corresponding_angles_equal,intra_unit,m1_geo_corresponding_angles,동위각,기본 도형,m1_geo_corresponding_angles_equal,평행선에서 동위각의 크기가 같음,기본 도형,prerequisite_for,high,2,curriculum_math_2022: printed p. 37; [9수03-02]; achievement_standard; 평행선에서 동위각과 엇각의 성질을 이해하고 설명하는 성취기준 | achievement_math_2022: 기본 도형 section; [9수03-02] achievement levels; achievement_level; 평행선에서 동위각과 엇각을 찾고 각의 크기를 구하거나 성질을 설명하는 수준을 구분,,prerequisite_ref;textbook_page_refs,Find textbook sequencing or prior-knowledge evidence for the prerequisite relation.,pending_textbook_pdf,,,,,,,,,,
10,중1(교육과정 학년군: 중1-3),도형과 측정,기본 도형,m1_geo_corresponding_angles__prerequisite_for__m1_geo_identify_corresponding_alternate_angles,intra_unit,m1_geo_corresponding_angles,동위각,기본 도형,m1_geo_identify_corresponding_alternate_angles,동위각과 엇각 찾기,기본 도형,prerequisite_for,high,2,curriculum_math_2022: printed p. 37; [9수03-02]; achievement_standard; 평행선에서 동위각과 엇각의 성질을 이해하고 설명하는 성취기준 | achievement_math_2022: 기본 도형 section; [9수03-02] achievement levels; achievement_level; 평행선에서 동위각과 엇각을 찾고 각의 크기를 구하거나 성질을 설명하는 수준을 구분,,prerequisite_ref;textbook_page_refs,Find textbook sequencing or prior-knowledge evidence for the prerequisite relation.,pending_textbook_pdf,,,,,,,,,,
10,중1(교육과정 학년군: 중1-3),도형과 측정,기본 도형,m1_geo_corresponding_angles__prerequisite_for__m1_geo_parallel_angle_measure_calculation,intra_unit,m1_geo_corresponding_angles,동위각,기본 도형,m1_geo_parallel_angle_measure_calculation,평행선에서 각의 크기 구하기,기본 도형,prerequisite_for,high,2,curriculum_math_2022: printed p. 37; [9수03-02]; achievement_standard; 평행선에서 동위각과 엇각의 성질을 이해하고 설명하는 성취기준 | achievement_math_2022: 기본 도형 section; [9수03-02] achievement levels; achievement_level; 평행선에서 동위각과 엇각을 찾고 각의 크기를 구하거나 성질을 설명하는 수준을 구분,,prerequisite_ref;textbook_page_refs,Find textbook sequencing or prior-knowledge evidence for the prerequisite relation.,pending_textbook_pdf,,,,,,,,,,
10,중1(교육과정 학년군: 중1-3),도형과 측정,기본 도형,m1_geo_corresponding_angles__prerequisite_for__m1_geo_parallel_angle_properties,intra_unit,m1_geo_corresponding_angles,동위각,기본 도형,m1_geo_parallel_angle_properties,평행선에서 동위각과 엇각의 성질,기본 도형,prerequisite_for,high,2,curriculum_math_2022: printed p. 37; [9수03-02]; achievement_standard; 평행선에서 동위각과 엇각의 성질을 이해하고 설명하는 성취기준 | achievement_math_2022: 기본 도형 section; [9수03-02] achievement levels; achievement_level; 평행선에서 동위각과 엇각을 찾고 각의 크기를 구하거나 성질을 설명하는 수준을 구분,,prerequisite_ref;textbook_page_refs,Find textbook sequencing or prior-knowledge evidence for the prerequisite relation.,pending_textbook_pdf,,,,,,,,,,
10,중1(교육과정 학년군: 중1-3),도형과 측정,기본 도형,m1_geo_distance_between_two_points__prerequisite_for__m1_geo_midpoint,intra_unit,m1_geo_distance_between_two_points,두 점 사이의 거리,기본 도형,m1_geo_midpoint,중점,기본 도형,prerequisite_for,high,3,"curriculum_math_2022: printed pp. 38-39; terms and symbols for 도형과 측정; term_list; 교점, 교선, 두 점 사이의 거리, 중점, 수직이등분선, 꼬인 위치, 교각, 맞꼭지각, 엇각, 동위각, 평각, 직교, 수선의 발, 작도, 대변, 대각, 삼각형의 합동 조건, 내각, 외각, 부채꼴, 중심각, 호, 현, 활꼴, 할선, 다면체, 각뿔대, 정다면체, 회전체, 회전축, 원뿔대, 증명, 접선, 접점, 접한다, 외심, 외접, 외접원, 내심, 내접, 내접원, 중선, 무게중심, 닮음, 닮음비, 삼각형의 닮음 조건, 피타고라스 정리, 삼각비, 사인, 코사인, 탄젠트, 원주각 등을 다룸 | curriculum_math_2022: printed p. 37; [9수03-01]; achievement_standard; 점, 선, 면, 각을 이해하고 점, 직선, 평면의 위치 관계를 설명하는 성취기준 | achievement_math_2022: 기본 도형 section; [9수03-01] achievement levels; achievement_level; 점, 선, 면, 각 관련 용어와 기호를 이해하고 점, 직선, 평면의 위치 관계를 설명하는 수준을 구분",,prerequisite_ref;textbook_page_refs,Find textbook sequencing or prior-knowledge evidence for the prerequisite relation.,pending_textbook_pdf,,,,,,,,,,
10,중1(교육과정 학년군: 중1-3),도형과 측정,기본 도형,m1_geo_intersection_point__prerequisite_for__m1_geo_transversal_line_context,intra_unit,m1_geo_intersection_point,교점,기본 도형,m1_geo_transversal_line_context,두 직선을 만나는 한 직선,기본 도형,prerequisite_for,medium,2,curriculum_math_2022: printed p. 37; [9수03-02]; achievement_standard; 평행선에서 동위각과 엇각의 성질을 이해하고 설명하는 성취기준 | achievement_math_2022: 기본 도형 section; [9수03-02] achievement levels; achievement_level; 평행선에서 동위각과 엇각을 찾고 각의 크기를 구하거나 성질을 설명하는 수준을 구분,,prerequisite_ref;textbook_page_refs,Find textbook sequencing or prior-knowledge evidence for the prerequisite relation.,pending_textbook_pdf,,,,,,,,,,
10,중1(교육과정 학년군: 중1-3),도형과 측정,기본 도형,m1_geo_intersection_point__prerequisite_for__m1_geo_vertical_angles,intra_unit,m1_geo_intersection_point,교점,기본 도형,m1_geo_vertical_angles,맞꼭지각,기본 도형,prerequisite_for,high,3,"curriculum_math_2022: printed pp. 38-39; terms and symbols for 도형과 측정; term_list; 교점, 교선, 두 점 사이의 거리, 중점, 수직이등분선, 꼬인 위치, 교각, 맞꼭지각, 엇각, 동위각, 평각, 직교, 수선의 발, 작도, 대변, 대각, 삼각형의 합동 조건, 내각, 외각, 부채꼴, 중심각, 호, 현, 활꼴, 할선, 다면체, 각뿔대, 정다면체, 회전체, 회전축, 원뿔대, 증명, 접선, 접점, 접한다, 외심, 외접, 외접원, 내심, 내접, 내접원, 중선, 무게중심, 닮음, 닮음비, 삼각형의 닮음 조건, 피타고라스 정리, 삼각비, 사인, 코사인, 탄젠트, 원주각 등을 다룸 | curriculum_math_2022: printed p. 37; [9수03-01]; achievement_standard; 점, 선, 면, 각을 이해하고 점, 직선, 평면의 위치 관계를 설명하는 성취기준 | achievement_math_2022: 기본 도형 section; [9수03-01] achievement levels; achievement_level; 점, 선, 면, 각 관련 용어와 기호를 이해하고 점, 직선, 평면의 위치 관계를 설명하는 수준을 구분",,prerequisite_ref;textbook_page_refs,Find textbook sequencing or prior-knowledge evidence for the prerequisite relation.,pending_textbook_pdf,,,,,,,,,,
10,중1(교육과정 학년군: 중1-3),도형과 측정,기본 도형,m1_geo_line__prerequisite_for__m1_geo_basic_figure_notation,intra_unit,m1_geo_line,직선,기본 도형,m1_geo_basic_figure_notation,점·선·면·각의 용어와 기호,기본 도형,prerequisite_for,medium,3,"curriculum_math_2022: printed p. 37; [9수03-01]; achievement_standard; 점, 선, 면, 각을 이해하고 점, 직선, 평면의 위치 관계를 설명하는 성취기준 | curriculum_math_2022: printed pp. 38-39; geometry achievement-standard explanation and considerations; teaching_note; 점, 선, 면, 각 관련 용어는 직관적으로 이해하게 하고, 합동과 닮음은 교구나 공학 도구를 이용하여 의미를 이해하게 함 | achievement_math_2022: 기본 도형 section; [9수03-01] achievement levels; achievement_level; 점, 선, 면, 각 관련 용어와 기호를 이해하고 점, 직선, 평면의 위치 관계를 설명하는 수준을 구분",,prerequisite_ref;textbook_page_refs,Find textbook sequencing or prior-knowledge evidence for the prerequisite relation.,pending_textbook_pdf,,,,,,,,,,
10,중1(교육과정 학년군: 중1-3),도형과 측정,기본 도형,m1_geo_line__prerequisite_for__m1_geo_intersection_line,intra_unit,m1_geo_line,직선,기본 도형,m1_geo_intersection_line,교선,기본 도형,prerequisite_for,high,3,"curriculum_math_2022: printed pp. 38-39; terms and symbols for 도형과 측정; term_list; 교점, 교선, 두 점 사이의 거리, 중점, 수직이등분선, 꼬인 위치, 교각, 맞꼭지각, 엇각, 동위각, 평각, 직교, 수선의 발, 작도, 대변, 대각, 삼각형의 합동 조건, 내각, 외각, 부채꼴, 중심각, 호, 현, 활꼴, 할선, 다면체, 각뿔대, 정다면체, 회전체, 회전축, 원뿔대, 증명, 접선, 접점, 접한다, 외심, 외접, 외접원, 내심, 내접, 내접원, 중선, 무게중심, 닮음, 닮음비, 삼각형의 닮음 조건, 피타고라스 정리, 삼각비, 사인, 코사인, 탄젠트, 원주각 등을 다룸 | curriculum_math_2022: printed p. 37; [9수03-01]; achievement_standard; 점, 선, 면, 각을 이해하고 점, 직선, 평면의 위치 관계를 설명하는 성취기준 | achievement_math_2022: 기본 도형 section; [9수03-01] achievement levels; achievement_level; 점, 선, 면, 각 관련 용어와 기호를 이해하고 점, 직선, 평면의 위치 관계를 설명하는 수준을 구분",,prerequisite_ref;textbook_page_refs,Find textbook sequencing or prior-knowledge evidence for the prerequisite relation.,pending_textbook_pdf,,,,,,,,,,
10,중1(교육과정 학년군: 중1-3),도형과 측정,기본 도형,m1_geo_line__prerequisite_for__m1_geo_intersection_point,intra_unit,m1_geo_line,직선,기본 도형,m1_geo_intersection_point,교점,기본 도형,prerequisite_for,high,3,"curriculum_math_2022: printed pp. 38-39; terms and symbols for 도형과 측정; term_list; 교점, 교선, 두 점 사이의 거리, 중점, 수직이등분선, 꼬인 위치, 교각, 맞꼭지각, 엇각, 동위각, 평각, 직교, 수선의 발, 작도, 대변, 대각, 삼각형의 합동 조건, 내각, 외각, 부채꼴, 중심각, 호, 현, 활꼴, 할선, 다면체, 각뿔대, 정다면체, 회전체, 회전축, 원뿔대, 증명, 접선, 접점, 접한다, 외심, 외접, 외접원, 내심, 내접, 내접원, 중선, 무게중심, 닮음, 닮음비, 삼각형의 닮음 조건, 피타고라스 정리, 삼각비, 사인, 코사인, 탄젠트, 원주각 등을 다룸 | curriculum_math_2022: printed p. 37; [9수03-01]; achievement_standard; 점, 선, 면, 각을 이해하고 점, 직선, 평면의 위치 관계를 설명하는 성취기준 | achievement_math_2022: 기본 도형 section; [9수03-01] achievement levels; achievement_level; 점, 선, 면, 각 관련 용어와 기호를 이해하고 점, 직선, 평면의 위치 관계를 설명하는 수준을 구분",,prerequisite_ref;textbook_page_refs,Find textbook sequencing or prior-knowledge evidence for the prerequisite relation.,pending_textbook_pdf,,,,,,,,,,
10,중1(교육과정 학년군: 중1-3),도형과 측정,기본 도형,m1_geo_line__prerequisite_for__m1_geo_parallel_lines,intra_unit,m1_geo_line,직선,기본 도형,m1_geo_parallel_lines,평행선,기본 도형,prerequisite_for,high,2,curriculum_math_2022: printed p. 37; [9수03-02]; achievement_standard; 평행선에서 동위각과 엇각의 성질을 이해하고 설명하는 성취기준 | achievement_math_2022: 기본 도형 section; [9수03-02] achievement levels; achievement_level; 평행선에서 동위각과 엇각을 찾고 각의 크기를 구하거나 성질을 설명하는 수준을 구분,,prerequisite_ref;textbook_page_refs,Find textbook sequencing or prior-knowledge evidence for the prerequisite relation.,pending_textbook_pdf,,,,,,,,,,
10,중1(교육과정 학년군: 중1-3),도형과 측정,기본 도형,m1_geo_line__prerequisite_for__m1_geo_perpendicular,intra_unit,m1_geo_line,직선,기본 도형,m1_geo_perpendicular,직교,기본 도형,prerequisite_for,high,3,"curriculum_math_2022: printed pp. 38-39; terms and symbols for 도형과 측정; term_list; 교점, 교선, 두 점 사이의 거리, 중점, 수직이등분선, 꼬인 위치, 교각, 맞꼭지각, 엇각, 동위각, 평각, 직교, 수선의 발, 작도, 대변, 대각, 삼각형의 합동 조건, 내각, 외각, 부채꼴, 중심각, 호, 현, 활꼴, 할선, 다면체, 각뿔대, 정다면체, 회전체, 회전축, 원뿔대, 증명, 접선, 접점, 접한다, 외심, 외접, 외접원, 내심, 내접, 내접원, 중선, 무게중심, 닮음, 닮음비, 삼각형의 닮음 조건, 피타고라스 정리, 삼각비, 사인, 코사인, 탄젠트, 원주각 등을 다룸 | curriculum_math_2022: printed p. 37; [9수03-01]; achievement_standard; 점, 선, 면, 각을 이해하고 점, 직선, 평면의 위치 관계를 설명하는 성취기준 | achievement_math_2022: 기본 도형 section; [9수03-01] achievement levels; achievement_level; 점, 선, 면, 각 관련 용어와 기호를 이해하고 점, 직선, 평면의 위치 관계를 설명하는 수준을 구분",,prerequisite_ref;textbook_page_refs,Find textbook sequencing or prior-knowledge evidence for the prerequisite relation.,pending_textbook_pdf,,,,,,,,,,
10,중1(교육과정 학년군: 중1-3),도형과 측정,기본 도형,m1_geo_line__prerequisite_for__m1_geo_position_relation,intra_unit,m1_geo_line,직선,기본 도형,m1_geo_position_relation,"점, 직선, 평면의 위치 관계",기본 도형,prerequisite_for,high,2,"curriculum_math_2022: printed p. 37; [9수03-01]; achievement_standard; 점, 선, 면, 각을 이해하고 점, 직선, 평면의 위치 관계를 설명하는 성취기준 | achievement_math_2022: 기본 도형 section; [9수03-01] achievement levels; achievement_level; 점, 선, 면, 각 관련 용어와 기호를 이해하고 점, 직선, 평면의 위치 관계를 설명하는 수준을 구분",,prerequisite_ref;textbook_page_refs,Find textbook sequencing or prior-knowledge evidence for the prerequisite relation.,pending_textbook_pdf,,,,,,,,,,
10,중1(교육과정 학년군: 중1-3),도형과 측정,기본 도형,m1_geo_line__prerequisite_for__m1_geo_position_relation_explanation,intra_unit,m1_geo_line,직선,기본 도형,m1_geo_position_relation_explanation,점·직선·평면의 위치 관계 설명하기,기본 도형,prerequisite_for,high,2,"curriculum_math_2022: printed p. 37; [9수03-01]; achievement_standard; 점, 선, 면, 각을 이해하고 점, 직선, 평면의 위치 관계를 설명하는 성취기준 | achievement_math_2022: 기본 도형 section; [9수03-01] achievement levels; achievement_level; 점, 선, 면, 각 관련 용어와 기호를 이해하고 점, 직선, 평면의 위치 관계를 설명하는 수준을 구분",,prerequisite_ref;textbook_page_refs,Find textbook sequencing or prior-knowledge evidence for the prerequisite relation.,pending_textbook_pdf,,,,,,,,,,
10,중1(교육과정 학년군: 중1-3),도형과 측정,기본 도형,m1_geo_line__prerequisite_for__m1_geo_skew_lines,intra_unit,m1_geo_line,직선,기본 도형,m1_geo_skew_lines,꼬인 위치,기본 도형,prerequisite_for,high,3,"curriculum_math_2022: printed pp. 38-39; terms and symbols for 도형과 측정; term_list; 교점, 교선, 두 점 사이의 거리, 중점, 수직이등분선, 꼬인 위치, 교각, 맞꼭지각, 엇각, 동위각, 평각, 직교, 수선의 발, 작도, 대변, 대각, 삼각형의 합동 조건, 내각, 외각, 부채꼴, 중심각, 호, 현, 활꼴, 할선, 다면체, 각뿔대, 정다면체, 회전체, 회전축, 원뿔대, 증명, 접선, 접점, 접한다, 외심, 외접, 외접원, 내심, 내접, 내접원, 중선, 무게중심, 닮음, 닮음비, 삼각형의 닮음 조건, 피타고라스 정리, 삼각비, 사인, 코사인, 탄젠트, 원주각 등을 다룸 | curriculum_math_2022: printed p. 37; [9수03-01]; achievement_standard; 점, 선, 면, 각을 이해하고 점, 직선, 평면의 위치 관계를 설명하는 성취기준 | achievement_math_2022: 기본 도형 section; [9수03-01] achievement levels; achievement_level; 점, 선, 면, 각 관련 용어와 기호를 이해하고 점, 직선, 평면의 위치 관계를 설명하는 수준을 구분",,prerequisite_ref;textbook_page_refs,Find textbook sequencing or prior-knowledge evidence for the prerequisite relation.,pending_textbook_pdf,,,,,,,,,,
10,중1(교육과정 학년군: 중1-3),도형과 측정,기본 도형,m1_geo_line__prerequisite_for__m1_geo_straight_angle,intra_unit,m1_geo_line,직선,기본 도형,m1_geo_straight_angle,평각,기본 도형,prerequisite_for,high,3,"curriculum_math_2022: printed pp. 38-39; terms and symbols for 도형과 측정; term_list; 교점, 교선, 두 점 사이의 거리, 중점, 수직이등분선, 꼬인 위치, 교각, 맞꼭지각, 엇각, 동위각, 평각, 직교, 수선의 발, 작도, 대변, 대각, 삼각형의 합동 조건, 내각, 외각, 부채꼴, 중심각, 호, 현, 활꼴, 할선, 다면체, 각뿔대, 정다면체, 회전체, 회전축, 원뿔대, 증명, 접선, 접점, 접한다, 외심, 외접, 외접원, 내심, 내접, 내접원, 중선, 무게중심, 닮음, 닮음비, 삼각형의 닮음 조건, 피타고라스 정리, 삼각비, 사인, 코사인, 탄젠트, 원주각 등을 다룸 | curriculum_math_2022: printed p. 37; [9수03-01]; achievement_standard; 점, 선, 면, 각을 이해하고 점, 직선, 평면의 위치 관계를 설명하는 성취기준 | achievement_math_2022: 기본 도형 section; [9수03-01] achievement levels; achievement_level; 점, 선, 면, 각 관련 용어와 기호를 이해하고 점, 직선, 평면의 위치 관계를 설명하는 수준을 구분",,prerequisite_ref;textbook_page_refs,Find textbook sequencing or prior-knowledge evidence for the prerequisite relation.,pending_textbook_pdf,,,,,,,,,,
10,중1(교육과정 학년군: 중1-3),도형과 측정,기본 도형,m1_geo_line__prerequisite_for__m1_geo_transversal_line_context,intra_unit,m1_geo_line,직선,기본 도형,m1_geo_transversal_line_context,두 직선을 만나는 한 직선,기본 도형,prerequisite_for,medium,2,curriculum_math_2022: printed p. 37; [9수03-02]; achievement_standard; 평행선에서 동위각과 엇각의 성질을 이해하고 설명하는 성취기준 | achievement_math_2022: 기본 도형 section; [9수03-02] achievement levels; achievement_level; 평행선에서 동위각과 엇각을 찾고 각의 크기를 구하거나 성질을 설명하는 수준을 구분,,prerequisite_ref;textbook_page_refs,Find textbook sequencing or prior-knowledge evidence for the prerequisite relation.,pending_textbook_pdf,,,,,,,,,,
10,중1(교육과정 학년군: 중1-3),도형과 측정,기본 도형,m1_geo_midpoint__prerequisite_for__m1_geo_perpendicular_bisector,intra_unit,m1_geo_midpoint,중점,기본 도형,m1_geo_perpendicular_bisector,수직이등분선,기본 도형,prerequisite_for,high,3,"curriculum_math_2022: printed pp. 38-39; terms and symbols for 도형과 측정; term_list; 교점, 교선, 두 점 사이의 거리, 중점, 수직이등분선, 꼬인 위치, 교각, 맞꼭지각, 엇각, 동위각, 평각, 직교, 수선의 발, 작도, 대변, 대각, 삼각형의 합동 조건, 내각, 외각, 부채꼴, 중심각, 호, 현, 활꼴, 할선, 다면체, 각뿔대, 정다면체, 회전체, 회전축, 원뿔대, 증명, 접선, 접점, 접한다, 외심, 외접, 외접원, 내심, 내접, 내접원, 중선, 무게중심, 닮음, 닮음비, 삼각형의 닮음 조건, 피타고라스 정리, 삼각비, 사인, 코사인, 탄젠트, 원주각 등을 다룸 | curriculum_math_2022: printed p. 37; [9수03-01]; achievement_standard; 점, 선, 면, 각을 이해하고 점, 직선, 평면의 위치 관계를 설명하는 성취기준 | achievement_math_2022: 기본 도형 section; [9수03-01] achievement levels; achievement_level; 점, 선, 면, 각 관련 용어와 기호를 이해하고 점, 직선, 평면의 위치 관계를 설명하는 수준을 구분",,prerequisite_ref;textbook_page_refs,Find textbook sequencing or prior-knowledge evidence for the prerequisite relation.,pending_textbook_pdf,,,,,,,,,,
10,중1(교육과정 학년군: 중1-3),도형과 측정,기본 도형,m1_geo_parallel_angle_properties__prerequisite_for__m1_geo_parallel_angle_measure_calculation,intra_unit,m1_geo_parallel_angle_properties,평행선에서 동위각과 엇각의 성질,기본 도형,m1_geo_parallel_angle_measure_calculation,평행선에서 각의 크기 구하기,기본 도형,prerequisite_for,high,2,curriculum_math_2022: printed p. 37; [9수03-02]; achievement_standard; 평행선에서 동위각과 엇각의 성질을 이해하고 설명하는 성취기준 | achievement_math_2022: 기본 도형 section; [9수03-02] achievement levels; achievement_level; 평행선에서 동위각과 엇각을 찾고 각의 크기를 구하거나 성질을 설명하는 수준을 구분,,prerequisite_ref;textbook_page_refs,Find textbook sequencing or prior-knowledge evidence for the prerequisite relation.,pending_textbook_pdf,,,,,,,,,,
10,중1(교육과정 학년군: 중1-3),도형과 측정,기본 도형,m1_geo_parallel_angle_properties__prerequisite_for__m1_geo_parallel_angle_property_explanation,intra_unit,m1_geo_parallel_angle_properties,평행선에서 동위각과 엇각의 성질,기본 도형,m1_geo_parallel_angle_property_explanation,평행선에서 동위각과 엇각의 성질 설명하기,기본 도형,prerequisite_for,medium,2,curriculum_math_2022: printed p. 37; [9수03-02]; achievement_standard; 평행선에서 동위각과 엇각의 성질을 이해하고 설명하는 성취기준 | achievement_math_2022: 기본 도형 section; [9수03-02] achievement levels; achievement_level; 평행선에서 동위각과 엇각을 찾고 각의 크기를 구하거나 성질을 설명하는 수준을 구분,,prerequisite_ref;textbook_page_refs,Find textbook sequencing or prior-knowledge evidence for the prerequisite relation.,pending_textbook_pdf,,,,,,,,,,
10,중1(교육과정 학년군: 중1-3),도형과 측정,기본 도형,m1_geo_parallel_lines__prerequisite_for__m1_geo_alternate_interior_angles_equal,intra_unit,m1_geo_parallel_lines,평행선,기본 도형,m1_geo_alternate_interior_angles_equal,평행선에서 엇각의 크기가 같음,기본 도형,prerequisite_for,high,2,curriculum_math_2022: printed p. 37; [9수03-02]; achievement_standard; 평행선에서 동위각과 엇각의 성질을 이해하고 설명하는 성취기준 | achievement_math_2022: 기본 도형 section; [9수03-02] achievement levels; achievement_level; 평행선에서 동위각과 엇각을 찾고 각의 크기를 구하거나 성질을 설명하는 수준을 구분,,prerequisite_ref;textbook_page_refs,Find textbook sequencing or prior-knowledge evidence for the prerequisite relation.,pending_textbook_pdf,,,,,,,,,,
10,중1(교육과정 학년군: 중1-3),도형과 측정,기본 도형,m1_geo_parallel_lines__prerequisite_for__m1_geo_corresponding_angles_equal,intra_unit,m1_geo_parallel_lines,평행선,기본 도형,m1_geo_corresponding_angles_equal,평행선에서 동위각의 크기가 같음,기본 도형,prerequisite_for,high,2,curriculum_math_2022: printed p. 37; [9수03-02]; achievement_standard; 평행선에서 동위각과 엇각의 성질을 이해하고 설명하는 성취기준 | achievement_math_2022: 기본 도형 section; [9수03-02] achievement levels; achievement_level; 평행선에서 동위각과 엇각을 찾고 각의 크기를 구하거나 성질을 설명하는 수준을 구분,,prerequisite_ref;textbook_page_refs,Find textbook sequencing or prior-knowledge evidence for the prerequisite relation.,pending_textbook_pdf,,,,,,,,,,
10,중1(교육과정 학년군: 중1-3),도형과 측정,기본 도형,m1_geo_parallel_lines__prerequisite_for__m1_geo_identify_corresponding_alternate_angles,intra_unit,m1_geo_parallel_lines,평행선,기본 도형,m1_geo_identify_corresponding_alternate_angles,동위각과 엇각 찾기,기본 도형,prerequisite_for,high,2,curriculum_math_2022: printed p. 37; [9수03-02]; achievement_standard; 평행선에서 동위각과 엇각의 성질을 이해하고 설명하는 성취기준 | achievement_math_2022: 기본 도형 section; [9수03-02] achievement levels; achievement_level; 평행선에서 동위각과 엇각을 찾고 각의 크기를 구하거나 성질을 설명하는 수준을 구분,,prerequisite_ref;textbook_page_refs,Find textbook sequencing or prior-knowledge evidence for the prerequisite relation.,pending_textbook_pdf,,,,,,,,,,
10,중1(교육과정 학년군: 중1-3),도형과 측정,기본 도형,m1_geo_parallel_lines__prerequisite_for__m1_geo_parallel_angle_properties,intra_unit,m1_geo_parallel_lines,평행선,기본 도형,m1_geo_parallel_angle_properties,평행선에서 동위각과 엇각의 성질,기본 도형,prerequisite_for,high,2,curriculum_math_2022: printed p. 37; [9수03-02]; achievement_standard; 평행선에서 동위각과 엇각의 성질을 이해하고 설명하는 성취기준 | achievement_math_2022: 기본 도형 section; [9수03-02] achievement levels; achievement_level; 평행선에서 동위각과 엇각을 찾고 각의 크기를 구하거나 성질을 설명하는 수준을 구분,,prerequisite_ref;textbook_page_refs,Find textbook sequencing or prior-knowledge evidence for the prerequisite relation.,pending_textbook_pdf,,,,,,,,,,
10,중1(교육과정 학년군: 중1-3),도형과 측정,기본 도형,m1_geo_perpendicular__prerequisite_for__m1_geo_foot_of_perpendicular,intra_unit,m1_geo_perpendicular,직교,기본 도형,m1_geo_foot_of_perpendicular,수선의 발,기본 도형,prerequisite_for,high,3,"curriculum_math_2022: printed pp. 38-39; terms and symbols for 도형과 측정; term_list; 교점, 교선, 두 점 사이의 거리, 중점, 수직이등분선, 꼬인 위치, 교각, 맞꼭지각, 엇각, 동위각, 평각, 직교, 수선의 발, 작도, 대변, 대각, 삼각형의 합동 조건, 내각, 외각, 부채꼴, 중심각, 호, 현, 활꼴, 할선, 다면체, 각뿔대, 정다면체, 회전체, 회전축, 원뿔대, 증명, 접선, 접점, 접한다, 외심, 외접, 외접원, 내심, 내접, 내접원, 중선, 무게중심, 닮음, 닮음비, 삼각형의 닮음 조건, 피타고라스 정리, 삼각비, 사인, 코사인, 탄젠트, 원주각 등을 다룸 | curriculum_math_2022: printed p. 37; [9수03-01]; achievement_standard; 점, 선, 면, 각을 이해하고 점, 직선, 평면의 위치 관계를 설명하는 성취기준 | achievement_math_2022: 기본 도형 section; [9수03-01] achievement levels; achievement_level; 점, 선, 면, 각 관련 용어와 기호를 이해하고 점, 직선, 평면의 위치 관계를 설명하는 수준을 구분",,prerequisite_ref;textbook_page_refs,Find textbook sequencing or prior-knowledge evidence for the prerequisite relation.,pending_textbook_pdf,,,,,,,,,,
10,중1(교육과정 학년군: 중1-3),도형과 측정,기본 도형,m1_geo_perpendicular__prerequisite_for__m1_geo_perpendicular_bisector,intra_unit,m1_geo_perpendicular,직교,기본 도형,m1_geo_perpendicular_bisector,수직이등분선,기본 도형,prerequisite_for,high,3,"curriculum_math_2022: printed pp. 38-39; terms and symbols for 도형과 측정; term_list; 교점, 교선, 두 점 사이의 거리, 중점, 수직이등분선, 꼬인 위치, 교각, 맞꼭지각, 엇각, 동위각, 평각, 직교, 수선의 발, 작도, 대변, 대각, 삼각형의 합동 조건, 내각, 외각, 부채꼴, 중심각, 호, 현, 활꼴, 할선, 다면체, 각뿔대, 정다면체, 회전체, 회전축, 원뿔대, 증명, 접선, 접점, 접한다, 외심, 외접, 외접원, 내심, 내접, 내접원, 중선, 무게중심, 닮음, 닮음비, 삼각형의 닮음 조건, 피타고라스 정리, 삼각비, 사인, 코사인, 탄젠트, 원주각 등을 다룸 | curriculum_math_2022: printed p. 37; [9수03-01]; achievement_standard; 점, 선, 면, 각을 이해하고 점, 직선, 평면의 위치 관계를 설명하는 성취기준 | achievement_math_2022: 기본 도형 section; [9수03-01] achievement levels; achievement_level; 점, 선, 면, 각 관련 용어와 기호를 이해하고 점, 직선, 평면의 위치 관계를 설명하는 수준을 구분",,prerequisite_ref;textbook_page_refs,Find textbook sequencing or prior-knowledge evidence for the prerequisite relation.,pending_textbook_pdf,,,,,,,,,,
10,중1(교육과정 학년군: 중1-3),도형과 측정,기본 도형,m1_geo_plane__prerequisite_for__m1_geo_basic_figure_notation,intra_unit,m1_geo_plane,평면,기본 도형,m1_geo_basic_figure_notation,점·선·면·각의 용어와 기호,기본 도형,prerequisite_for,medium,3,"curriculum_math_2022: printed p. 37; [9수03-01]; achievement_standard; 점, 선, 면, 각을 이해하고 점, 직선, 평면의 위치 관계를 설명하는 성취기준 | curriculum_math_2022: printed pp. 38-39; geometry achievement-standard explanation and considerations; teaching_note; 점, 선, 면, 각 관련 용어는 직관적으로 이해하게 하고, 합동과 닮음은 교구나 공학 도구를 이용하여 의미를 이해하게 함 | achievement_math_2022: 기본 도형 section; [9수03-01] achievement levels; achievement_level; 점, 선, 면, 각 관련 용어와 기호를 이해하고 점, 직선, 평면의 위치 관계를 설명하는 수준을 구분",,prerequisite_ref;textbook_page_refs,Find textbook sequencing or prior-knowledge evidence for the prerequisite relation.,pending_textbook_pdf,,,,,,,,,,
10,중1(교육과정 학년군: 중1-3),도형과 측정,기본 도형,m1_geo_plane__prerequisite_for__m1_geo_intersection_line,intra_unit,m1_geo_plane,평면,기본 도형,m1_geo_intersection_line,교선,기본 도형,prerequisite_for,high,3,"curriculum_math_2022: printed pp. 38-39; terms and symbols for 도형과 측정; term_list; 교점, 교선, 두 점 사이의 거리, 중점, 수직이등분선, 꼬인 위치, 교각, 맞꼭지각, 엇각, 동위각, 평각, 직교, 수선의 발, 작도, 대변, 대각, 삼각형의 합동 조건, 내각, 외각, 부채꼴, 중심각, 호, 현, 활꼴, 할선, 다면체, 각뿔대, 정다면체, 회전체, 회전축, 원뿔대, 증명, 접선, 접점, 접한다, 외심, 외접, 외접원, 내심, 내접, 내접원, 중선, 무게중심, 닮음, 닮음비, 삼각형의 닮음 조건, 피타고라스 정리, 삼각비, 사인, 코사인, 탄젠트, 원주각 등을 다룸 | curriculum_math_2022: printed p. 37; [9수03-01]; achievement_standard; 점, 선, 면, 각을 이해하고 점, 직선, 평면의 위치 관계를 설명하는 성취기준 | achievement_math_2022: 기본 도형 section; [9수03-01] achievement levels; achievement_level; 점, 선, 면, 각 관련 용어와 기호를 이해하고 점, 직선, 평면의 위치 관계를 설명하는 수준을 구분",,prerequisite_ref;textbook_page_refs,Find textbook sequencing or prior-knowledge evidence for the prerequisite relation.,pending_textbook_pdf,,,,,,,,,,
10,중1(교육과정 학년군: 중1-3),도형과 측정,기본 도형,m1_geo_plane__prerequisite_for__m1_geo_parallel_lines,intra_unit,m1_geo_plane,평면,기본 도형,m1_geo_parallel_lines,평행선,기본 도형,prerequisite_for,high,2,curriculum_math_2022: printed p. 37; [9수03-02]; achievement_standard; 평행선에서 동위각과 엇각의 성질을 이해하고 설명하는 성취기준 | achievement_math_2022: 기본 도형 section; [9수03-02] achievement levels; achievement_level; 평행선에서 동위각과 엇각을 찾고 각의 크기를 구하거나 성질을 설명하는 수준을 구분,,prerequisite_ref;textbook_page_refs,Find textbook sequencing or prior-knowledge evidence for the prerequisite relation.,pending_textbook_pdf,,,,,,,,,,
10,중1(교육과정 학년군: 중1-3),도형과 측정,기본 도형,m1_geo_plane__prerequisite_for__m1_geo_position_relation,intra_unit,m1_geo_plane,평면,기본 도형,m1_geo_position_relation,"점, 직선, 평면의 위치 관계",기본 도형,prerequisite_for,high,2,"curriculum_math_2022: printed p. 37; [9수03-01]; achievement_standard; 점, 선, 면, 각을 이해하고 점, 직선, 평면의 위치 관계를 설명하는 성취기준 | achievement_math_2022: 기본 도형 section; [9수03-01] achievement levels; achievement_level; 점, 선, 면, 각 관련 용어와 기호를 이해하고 점, 직선, 평면의 위치 관계를 설명하는 수준을 구분",,prerequisite_ref;textbook_page_refs,Find textbook sequencing or prior-knowledge evidence for the prerequisite relation.,pending_textbook_pdf,,,,,,,,,,
10,중1(교육과정 학년군: 중1-3),도형과 측정,기본 도형,m1_geo_plane__prerequisite_for__m1_geo_position_relation_explanation,intra_unit,m1_geo_plane,평면,기본 도형,m1_geo_position_relation_explanation,점·직선·평면의 위치 관계 설명하기,기본 도형,prerequisite_for,high,2,"curriculum_math_2022: printed p. 37; [9수03-01]; achievement_standard; 점, 선, 면, 각을 이해하고 점, 직선, 평면의 위치 관계를 설명하는 성취기준 | achievement_math_2022: 기본 도형 section; [9수03-01] achievement levels; achievement_level; 점, 선, 면, 각 관련 용어와 기호를 이해하고 점, 직선, 평면의 위치 관계를 설명하는 수준을 구분",,prerequisite_ref;textbook_page_refs,Find textbook sequencing or prior-knowledge evidence for the prerequisite relation.,pending_textbook_pdf,,,,,,,,,,
10,중1(교육과정 학년군: 중1-3),도형과 측정,기본 도형,m1_geo_plane__prerequisite_for__m1_geo_skew_lines,intra_unit,m1_geo_plane,평면,기본 도형,m1_geo_skew_lines,꼬인 위치,기본 도형,prerequisite_for,high,3,"curriculum_math_2022: printed pp. 38-39; terms and symbols for 도형과 측정; term_list; 교점, 교선, 두 점 사이의 거리, 중점, 수직이등분선, 꼬인 위치, 교각, 맞꼭지각, 엇각, 동위각, 평각, 직교, 수선의 발, 작도, 대변, 대각, 삼각형의 합동 조건, 내각, 외각, 부채꼴, 중심각, 호, 현, 활꼴, 할선, 다면체, 각뿔대, 정다면체, 회전체, 회전축, 원뿔대, 증명, 접선, 접점, 접한다, 외심, 외접, 외접원, 내심, 내접, 내접원, 중선, 무게중심, 닮음, 닮음비, 삼각형의 닮음 조건, 피타고라스 정리, 삼각비, 사인, 코사인, 탄젠트, 원주각 등을 다룸 | curriculum_math_2022: printed p. 37; [9수03-01]; achievement_standard; 점, 선, 면, 각을 이해하고 점, 직선, 평면의 위치 관계를 설명하는 성취기준 | achievement_math_2022: 기본 도형 section; [9수03-01] achievement levels; achievement_level; 점, 선, 면, 각 관련 용어와 기호를 이해하고 점, 직선, 평면의 위치 관계를 설명하는 수준을 구분",,prerequisite_ref;textbook_page_refs,Find textbook sequencing or prior-knowledge evidence for the prerequisite relation.,pending_textbook_pdf,,,,,,,,,,
10,중1(교육과정 학년군: 중1-3),도형과 측정,기본 도형,m1_geo_point__prerequisite_for__m1_geo_basic_figure_notation,intra_unit,m1_geo_point,점,기본 도형,m1_geo_basic_figure_notation,점·선·면·각의 용어와 기호,기본 도형,prerequisite_for,medium,3,"curriculum_math_2022: printed p. 37; [9수03-01]; achievement_standard; 점, 선, 면, 각을 이해하고 점, 직선, 평면의 위치 관계를 설명하는 성취기준 | curriculum_math_2022: printed pp. 38-39; geometry achievement-standard explanation and considerations; teaching_note; 점, 선, 면, 각 관련 용어는 직관적으로 이해하게 하고, 합동과 닮음은 교구나 공학 도구를 이용하여 의미를 이해하게 함 | achievement_math_2022: 기본 도형 section; [9수03-01] achievement levels; achievement_level; 점, 선, 면, 각 관련 용어와 기호를 이해하고 점, 직선, 평면의 위치 관계를 설명하는 수준을 구분",,prerequisite_ref;textbook_page_refs,Find textbook sequencing or prior-knowledge evidence for the prerequisite relation.,pending_textbook_pdf,,,,,,,,,,
10,중1(교육과정 학년군: 중1-3),도형과 측정,기본 도형,m1_geo_point__prerequisite_for__m1_geo_distance_between_two_points,intra_unit,m1_geo_point,점,기본 도형,m1_geo_distance_between_two_points,두 점 사이의 거리,기본 도형,prerequisite_for,high,3,"curriculum_math_2022: printed pp. 38-39; terms and symbols for 도형과 측정; term_list; 교점, 교선, 두 점 사이의 거리, 중점, 수직이등분선, 꼬인 위치, 교각, 맞꼭지각, 엇각, 동위각, 평각, 직교, 수선의 발, 작도, 대변, 대각, 삼각형의 합동 조건, 내각, 외각, 부채꼴, 중심각, 호, 현, 활꼴, 할선, 다면체, 각뿔대, 정다면체, 회전체, 회전축, 원뿔대, 증명, 접선, 접점, 접한다, 외심, 외접, 외접원, 내심, 내접, 내접원, 중선, 무게중심, 닮음, 닮음비, 삼각형의 닮음 조건, 피타고라스 정리, 삼각비, 사인, 코사인, 탄젠트, 원주각 등을 다룸 | curriculum_math_2022: printed p. 37; [9수03-01]; achievement_standard; 점, 선, 면, 각을 이해하고 점, 직선, 평면의 위치 관계를 설명하는 성취기준 | achievement_math_2022: 기본 도형 section; [9수03-01] achievement levels; achievement_level; 점, 선, 면, 각 관련 용어와 기호를 이해하고 점, 직선, 평면의 위치 관계를 설명하는 수준을 구분",,prerequisite_ref;textbook_page_refs,Find textbook sequencing or prior-knowledge evidence for the prerequisite relation.,pending_textbook_pdf,,,,,,,,,,
10,중1(교육과정 학년군: 중1-3),도형과 측정,기본 도형,m1_geo_point__prerequisite_for__m1_geo_foot_of_perpendicular,intra_unit,m1_geo_point,점,기본 도형,m1_geo_foot_of_perpendicular,수선의 발,기본 도형,prerequisite_for,high,3,"curriculum_math_2022: printed pp. 38-39; terms and symbols for 도형과 측정; term_list; 교점, 교선, 두 점 사이의 거리, 중점, 수직이등분선, 꼬인 위치, 교각, 맞꼭지각, 엇각, 동위각, 평각, 직교, 수선의 발, 작도, 대변, 대각, 삼각형의 합동 조건, 내각, 외각, 부채꼴, 중심각, 호, 현, 활꼴, 할선, 다면체, 각뿔대, 정다면체, 회전체, 회전축, 원뿔대, 증명, 접선, 접점, 접한다, 외심, 외접, 외접원, 내심, 내접, 내접원, 중선, 무게중심, 닮음, 닮음비, 삼각형의 닮음 조건, 피타고라스 정리, 삼각비, 사인, 코사인, 탄젠트, 원주각 등을 다룸 | curriculum_math_2022: printed p. 37; [9수03-01]; achievement_standard; 점, 선, 면, 각을 이해하고 점, 직선, 평면의 위치 관계를 설명하는 성취기준 | achievement_math_2022: 기본 도형 section; [9수03-01] achievement levels; achievement_level; 점, 선, 면, 각 관련 용어와 기호를 이해하고 점, 직선, 평면의 위치 관계를 설명하는 수준을 구분",,prerequisite_ref;textbook_page_refs,Find textbook sequencing or prior-knowledge evidence for the prerequisite relation.,pending_textbook_pdf,,,,,,,,,,
10,중1(교육과정 학년군: 중1-3),도형과 측정,기본 도형,m1_geo_point__prerequisite_for__m1_geo_intersection_point,intra_unit,m1_geo_point,점,기본 도형,m1_geo_intersection_point,교점,기본 도형,prerequisite_for,high,3,"curriculum_math_2022: printed pp. 38-39; terms and symbols for 도형과 측정; term_list; 교점, 교선, 두 점 사이의 거리, 중점, 수직이등분선, 꼬인 위치, 교각, 맞꼭지각, 엇각, 동위각, 평각, 직교, 수선의 발, 작도, 대변, 대각, 삼각형의 합동 조건, 내각, 외각, 부채꼴, 중심각, 호, 현, 활꼴, 할선, 다면체, 각뿔대, 정다면체, 회전체, 회전축, 원뿔대, 증명, 접선, 접점, 접한다, 외심, 외접, 외접원, 내심, 내접, 내접원, 중선, 무게중심, 닮음, 닮음비, 삼각형의 닮음 조건, 피타고라스 정리, 삼각비, 사인, 코사인, 탄젠트, 원주각 등을 다룸 | curriculum_math_2022: printed p. 37; [9수03-01]; achievement_standard; 점, 선, 면, 각을 이해하고 점, 직선, 평면의 위치 관계를 설명하는 성취기준 | achievement_math_2022: 기본 도형 section; [9수03-01] achievement levels; achievement_level; 점, 선, 면, 각 관련 용어와 기호를 이해하고 점, 직선, 평면의 위치 관계를 설명하는 수준을 구분",,prerequisite_ref;textbook_page_refs,Find textbook sequencing or prior-knowledge evidence for the prerequisite relation.,pending_textbook_pdf,,,,,,,,,,
10,중1(교육과정 학년군: 중1-3),도형과 측정,기본 도형,m1_geo_point__prerequisite_for__m1_geo_position_relation,intra_unit,m1_geo_point,점,기본 도형,m1_geo_position_relation,"점, 직선, 평면의 위치 관계",기본 도형,prerequisite_for,high,2,"curriculum_math_2022: printed p. 37; [9수03-01]; achievement_standard; 점, 선, 면, 각을 이해하고 점, 직선, 평면의 위치 관계를 설명하는 성취기준 | achievement_math_2022: 기본 도형 section; [9수03-01] achievement levels; achievement_level; 점, 선, 면, 각 관련 용어와 기호를 이해하고 점, 직선, 평면의 위치 관계를 설명하는 수준을 구분",,prerequisite_ref;textbook_page_refs,Find textbook sequencing or prior-knowledge evidence for the prerequisite relation.,pending_textbook_pdf,,,,,,,,,,
10,중1(교육과정 학년군: 중1-3),도형과 측정,기본 도형,m1_geo_point__prerequisite_for__m1_geo_position_relation_explanation,intra_unit,m1_geo_point,점,기본 도형,m1_geo_position_relation_explanation,점·직선·평면의 위치 관계 설명하기,기본 도형,prerequisite_for,high,2,"curriculum_math_2022: printed p. 37; [9수03-01]; achievement_standard; 점, 선, 면, 각을 이해하고 점, 직선, 평면의 위치 관계를 설명하는 성취기준 | achievement_math_2022: 기본 도형 section; [9수03-01] achievement levels; achievement_level; 점, 선, 면, 각 관련 용어와 기호를 이해하고 점, 직선, 평면의 위치 관계를 설명하는 수준을 구분",,prerequisite_ref;textbook_page_refs,Find textbook sequencing or prior-knowledge evidence for the prerequisite relation.,pending_textbook_pdf,,,,,,,,,,
10,중1(교육과정 학년군: 중1-3),도형과 측정,기본 도형,m1_geo_position_relation__prerequisite_for__m1_geo_position_relation_explanation,intra_unit,m1_geo_position_relation,"점, 직선, 평면의 위치 관계",기본 도형,m1_geo_position_relation_explanation,점·직선·평면의 위치 관계 설명하기,기본 도형,prerequisite_for,high,2,"curriculum_math_2022: printed p. 37; [9수03-01]; achievement_standard; 점, 선, 면, 각을 이해하고 점, 직선, 평면의 위치 관계를 설명하는 성취기준 | achievement_math_2022: 기본 도형 section; [9수03-01] achievement levels; achievement_level; 점, 선, 면, 각 관련 용어와 기호를 이해하고 점, 직선, 평면의 위치 관계를 설명하는 수준을 구분",,prerequisite_ref;textbook_page_refs,Find textbook sequencing or prior-knowledge evidence for the prerequisite relation.,pending_textbook_pdf,,,,,,,,,,
10,중1(교육과정 학년군: 중1-3),도형과 측정,기본 도형,m1_geo_transversal_line_context__prerequisite_for__m1_geo_alternate_interior_angles,intra_unit,m1_geo_transversal_line_context,두 직선을 만나는 한 직선,기본 도형,m1_geo_alternate_interior_angles,엇각,기본 도형,prerequisite_for,high,3,"curriculum_math_2022: printed pp. 38-39; terms and symbols for 도형과 측정; term_list; 교점, 교선, 두 점 사이의 거리, 중점, 수직이등분선, 꼬인 위치, 교각, 맞꼭지각, 엇각, 동위각, 평각, 직교, 수선의 발, 작도, 대변, 대각, 삼각형의 합동 조건, 내각, 외각, 부채꼴, 중심각, 호, 현, 활꼴, 할선, 다면체, 각뿔대, 정다면체, 회전체, 회전축, 원뿔대, 증명, 접선, 접점, 접한다, 외심, 외접, 외접원, 내심, 내접, 내접원, 중선, 무게중심, 닮음, 닮음비, 삼각형의 닮음 조건, 피타고라스 정리, 삼각비, 사인, 코사인, 탄젠트, 원주각 등을 다룸 | curriculum_math_2022: printed p. 37; [9수03-02]; achievement_standard; 평행선에서 동위각과 엇각의 성질을 이해하고 설명하는 성취기준 | achievement_math_2022: 기본 도형 section; [9수03-02] achievement levels; achievement_level; 평행선에서 동위각과 엇각을 찾고 각의 크기를 구하거나 성질을 설명하는 수준을 구분",,prerequisite_ref;textbook_page_refs,Find textbook sequencing or prior-knowledge evidence for the prerequisite relation.,pending_textbook_pdf,,,,,,,,,,
10,중1(교육과정 학년군: 중1-3),도형과 측정,기본 도형,m1_geo_transversal_line_context__prerequisite_for__m1_geo_corresponding_angles,intra_unit,m1_geo_transversal_line_context,두 직선을 만나는 한 직선,기본 도형,m1_geo_corresponding_angles,동위각,기본 도형,prerequisite_for,high,3,"curriculum_math_2022: printed pp. 38-39; terms and symbols for 도형과 측정; term_list; 교점, 교선, 두 점 사이의 거리, 중점, 수직이등분선, 꼬인 위치, 교각, 맞꼭지각, 엇각, 동위각, 평각, 직교, 수선의 발, 작도, 대변, 대각, 삼각형의 합동 조건, 내각, 외각, 부채꼴, 중심각, 호, 현, 활꼴, 할선, 다면체, 각뿔대, 정다면체, 회전체, 회전축, 원뿔대, 증명, 접선, 접점, 접한다, 외심, 외접, 외접원, 내심, 내접, 내접원, 중선, 무게중심, 닮음, 닮음비, 삼각형의 닮음 조건, 피타고라스 정리, 삼각비, 사인, 코사인, 탄젠트, 원주각 등을 다룸 | curriculum_math_2022: printed p. 37; [9수03-02]; achievement_standard; 평행선에서 동위각과 엇각의 성질을 이해하고 설명하는 성취기준 | achievement_math_2022: 기본 도형 section; [9수03-02] achievement levels; achievement_level; 평행선에서 동위각과 엇각을 찾고 각의 크기를 구하거나 성질을 설명하는 수준을 구분",,prerequisite_ref;textbook_page_refs,Find textbook sequencing or prior-knowledge evidence for the prerequisite relation.,pending_textbook_pdf,,,,,,,,,,
10,중1(교육과정 학년군: 중1-3),도형과 측정,기본 도형,m1_geo_transversal_line_context__prerequisite_for__m1_geo_identify_corresponding_alternate_angles,intra_unit,m1_geo_transversal_line_context,두 직선을 만나는 한 직선,기본 도형,m1_geo_identify_corresponding_alternate_angles,동위각과 엇각 찾기,기본 도형,prerequisite_for,high,2,curriculum_math_2022: printed p. 37; [9수03-02]; achievement_standard; 평행선에서 동위각과 엇각의 성질을 이해하고 설명하는 성취기준 | achievement_math_2022: 기본 도형 section; [9수03-02] achievement levels; achievement_level; 평행선에서 동위각과 엇각을 찾고 각의 크기를 구하거나 성질을 설명하는 수준을 구분,,prerequisite_ref;textbook_page_refs,Find textbook sequencing or prior-knowledge evidence for the prerequisite relation.,pending_textbook_pdf,,,,,,,,,,
10,중1(교육과정 학년군: 중1-3),도형과 측정,기본 도형,m1_geo_basic_unit__represented_by__m1_geo_basic_figure_notation,intra_unit,m1_geo_basic_unit,기본 도형,기본 도형,m1_geo_basic_figure_notation,점·선·면·각의 용어와 기호,기본 도형,represented_by,medium,3,"curriculum_math_2022: printed p. 37; [9수03-01]; achievement_standard; 점, 선, 면, 각을 이해하고 점, 직선, 평면의 위치 관계를 설명하는 성취기준 | curriculum_math_2022: printed pp. 38-39; geometry achievement-standard explanation and considerations; teaching_note; 점, 선, 면, 각 관련 용어는 직관적으로 이해하게 하고, 합동과 닮음은 교구나 공학 도구를 이용하여 의미를 이해하게 함 | achievement_math_2022: 기본 도형 section; [9수03-01] achievement levels; achievement_level; 점, 선, 면, 각 관련 용어와 기호를 이해하고 점, 직선, 평면의 위치 관계를 설명하는 수준을 구분",,representation_ref;textbook_page_refs,"Find textbook representation evidence such as a table, graph, expression, or diagram.",pending_textbook_pdf,,,,,,,,,,
10,중1(교육과정 학년군: 중1-3),도형과 측정,기본 도형,m1_geo_position_relation__represented_by__m1_geo_basic_figure_notation,intra_unit,m1_geo_position_relation,"점, 직선, 평면의 위치 관계",기본 도형,m1_geo_basic_figure_notation,점·선·면·각의 용어와 기호,기본 도형,represented_by,medium,2,"curriculum_math_2022: printed p. 37; [9수03-01]; achievement_standard; 점, 선, 면, 각을 이해하고 점, 직선, 평면의 위치 관계를 설명하는 성취기준 | achievement_math_2022: 기본 도형 section; [9수03-01] achievement levels; achievement_level; 점, 선, 면, 각 관련 용어와 기호를 이해하고 점, 직선, 평면의 위치 관계를 설명하는 수준을 구분",,representation_ref;textbook_page_refs,"Find textbook representation evidence such as a table, graph, expression, or diagram.",pending_textbook_pdf,,,,,,,,,,
10,중1(교육과정 학년군: 중1-3),도형과 측정,기본 도형,m1_geo_alternate_interior_angles__used_in__m1_geo_alternate_interior_angles_equal,intra_unit,m1_geo_alternate_interior_angles,엇각,기본 도형,m1_geo_alternate_interior_angles_equal,평행선에서 엇각의 크기가 같음,기본 도형,used_in,high,2,curriculum_math_2022: printed p. 37; [9수03-02]; achievement_standard; 평행선에서 동위각과 엇각의 성질을 이해하고 설명하는 성취기준 | achievement_math_2022: 기본 도형 section; [9수03-02] achievement levels; achievement_level; 평행선에서 동위각과 엇각을 찾고 각의 크기를 구하거나 성질을 설명하는 수준을 구분,,procedure_ref;textbook_page_refs,"Find a worked example, procedure, or application where this source concept is used.",pending_textbook_pdf,,,,,,,,,,
10,중1(교육과정 학년군: 중1-3),도형과 측정,기본 도형,m1_geo_alternate_interior_angles__used_in__m1_geo_identify_corresponding_alternate_angles,intra_unit,m1_geo_alternate_interior_angles,엇각,기본 도형,m1_geo_identify_corresponding_alternate_angles,동위각과 엇각 찾기,기본 도형,used_in,high,2,curriculum_math_2022: printed p. 37; [9수03-02]; achievement_standard; 평행선에서 동위각과 엇각의 성질을 이해하고 설명하는 성취기준 | achievement_math_2022: 기본 도형 section; [9수03-02] achievement levels; achievement_level; 평행선에서 동위각과 엇각을 찾고 각의 크기를 구하거나 성질을 설명하는 수준을 구분,,procedure_ref;textbook_page_refs,"Find a worked example, procedure, or application where this source concept is used.",pending_textbook_pdf,,,,,,,,,,
10,중1(교육과정 학년군: 중1-3),도형과 측정,기본 도형,m1_geo_alternate_interior_angles__used_in__m1_geo_parallel_angle_properties,intra_unit,m1_geo_alternate_interior_angles,엇각,기본 도형,m1_geo_parallel_angle_properties,평행선에서 동위각과 엇각의 성질,기본 도형,used_in,high,2,curriculum_math_2022: printed p. 37; [9수03-02]; achievement_standard; 평행선에서 동위각과 엇각의 성질을 이해하고 설명하는 성취기준 | achievement_math_2022: 기본 도형 section; [9수03-02] achievement levels; achievement_level; 평행선에서 동위각과 엇각을 찾고 각의 크기를 구하거나 성질을 설명하는 수준을 구분,,procedure_ref;textbook_page_refs,"Find a worked example, procedure, or application where this source concept is used.",pending_textbook_pdf,,,,,,,,,,
10,중1(교육과정 학년군: 중1-3),도형과 측정,기본 도형,m1_geo_alternate_interior_angles_equal__used_in__m1_geo_parallel_angle_measure_calculation,intra_unit,m1_geo_alternate_interior_angles_equal,평행선에서 엇각의 크기가 같음,기본 도형,m1_geo_parallel_angle_measure_calculation,평행선에서 각의 크기 구하기,기본 도형,used_in,high,2,curriculum_math_2022: printed p. 37; [9수03-02]; achievement_standard; 평행선에서 동위각과 엇각의 성질을 이해하고 설명하는 성취기준 | achievement_math_2022: 기본 도형 section; [9수03-02] achievement levels; achievement_level; 평행선에서 동위각과 엇각을 찾고 각의 크기를 구하거나 성질을 설명하는 수준을 구분,,procedure_ref;textbook_page_refs,"Find a worked example, procedure, or application where this source concept is used.",pending_textbook_pdf,,,,,,,,,,
10,중1(교육과정 학년군: 중1-3),도형과 측정,기본 도형,m1_geo_alternate_interior_angles_equal__used_in__m1_geo_parallel_angle_properties,intra_unit,m1_geo_alternate_interior_angles_equal,평행선에서 엇각의 크기가 같음,기본 도형,m1_geo_parallel_angle_properties,평행선에서 동위각과 엇각의 성질,기본 도형,used_in,high,2,curriculum_math_2022: printed p. 37; [9수03-02]; achievement_standard; 평행선에서 동위각과 엇각의 성질을 이해하고 설명하는 성취기준 | achievement_math_2022: 기본 도형 section; [9수03-02] achievement levels; achievement_level; 평행선에서 동위각과 엇각을 찾고 각의 크기를 구하거나 성질을 설명하는 수준을 구분,,procedure_ref;textbook_page_refs,"Find a worked example, procedure, or application where this source concept is used.",pending_textbook_pdf,,,,,,,,,,
10,중1(교육과정 학년군: 중1-3),도형과 측정,기본 도형,m1_geo_angle__used_in__m1_geo_angle_measure,intra_unit,m1_geo_angle,각,기본 도형,m1_geo_angle_measure,각의 크기,기본 도형,used_in,high,2,curriculum_math_2022: printed p. 37; [9수03-02]; achievement_standard; 평행선에서 동위각과 엇각의 성질을 이해하고 설명하는 성취기준 | achievement_math_2022: 기본 도형 section; [9수03-02] achievement levels; achievement_level; 평행선에서 동위각과 엇각을 찾고 각의 크기를 구하거나 성질을 설명하는 수준을 구분,,procedure_ref;textbook_page_refs,"Find a worked example, procedure, or application where this source concept is used.",pending_textbook_pdf,,,,,,,,,,
10,중1(교육과정 학년군: 중1-3),도형과 측정,기본 도형,m1_geo_angle__used_in__m1_geo_basic_figure_notation,intra_unit,m1_geo_angle,각,기본 도형,m1_geo_basic_figure_notation,점·선·면·각의 용어와 기호,기본 도형,used_in,medium,2,"curriculum_math_2022: printed p. 37; [9수03-01]; achievement_standard; 점, 선, 면, 각을 이해하고 점, 직선, 평면의 위치 관계를 설명하는 성취기준 | achievement_math_2022: 기본 도형 section; [9수03-01] achievement levels; achievement_level; 점, 선, 면, 각 관련 용어와 기호를 이해하고 점, 직선, 평면의 위치 관계를 설명하는 수준을 구분",,procedure_ref;textbook_page_refs,"Find a worked example, procedure, or application where this source concept is used.",pending_textbook_pdf,,,,,,,,,,
10,중1(교육과정 학년군: 중1-3),도형과 측정,기본 도형,m1_geo_angle__used_in__m1_geo_parallel_angle_properties,intra_unit,m1_geo_angle,각,기본 도형,m1_geo_parallel_angle_properties,평행선에서 동위각과 엇각의 성질,기본 도형,used_in,medium,4,"curriculum_math_2022: printed p. 37; [9수03-01]; achievement_standard; 점, 선, 면, 각을 이해하고 점, 직선, 평면의 위치 관계를 설명하는 성취기준 | curriculum_math_2022: printed p. 37; [9수03-02]; achievement_standard; 평행선에서 동위각과 엇각의 성질을 이해하고 설명하는 성취기준 | curriculum_math_2022: printed pp. 38-39; terms and symbols for 도형과 측정; term_list; 교점, 교선, 두 점 사이의 거리, 중점, 수직이등분선, 꼬인 위치, 교각, 맞꼭지각, 엇각, 동위각, 평각, 직교, 수선의 발, 작도, 대변, 대각, 삼각형의 합동 조건, 내각, 외각, 부채꼴, 중심각, 호, 현, 활꼴, 할선, 다면체, 각뿔대, 정다면체, 회전체, 회전축, 원뿔대, 증명, 접선, 접점, 접한다, 외심, 외접, 외접원, 내심, 내접, 내접원, 중선, 무게중심, 닮음, 닮음비, 삼각형의 닮음 조건, 피타고라스 정리, 삼각비, 사인, 코사인, 탄젠트, 원주각 등을 다룸 | achievement_math_2022: 기본 도형 section; [9수03-02] achievement levels; achievement_level; 평행선에서 동위각과 엇각을 찾고 각의 크기를 구하거나 성질을 설명하는 수준을 구분",Parallel-line angle properties are stated through angle concepts such as corresponding and alternate interior angles.,procedure_ref;textbook_page_refs,"Find a worked example, procedure, or application where this source concept is used.",pending_textbook_pdf,,,,,,,,,,
10,중1(교육과정 학년군: 중1-3),도형과 측정,기본 도형,m1_geo_angle__used_in__m1_geo_straight_angle,intra_unit,m1_geo_angle,각,기본 도형,m1_geo_straight_angle,평각,기본 도형,used_in,high,2,"curriculum_math_2022: printed pp. 38-39; terms and symbols for 도형과 측정; term_list; 교점, 교선, 두 점 사이의 거리, 중점, 수직이등분선, 꼬인 위치, 교각, 맞꼭지각, 엇각, 동위각, 평각, 직교, 수선의 발, 작도, 대변, 대각, 삼각형의 합동 조건, 내각, 외각, 부채꼴, 중심각, 호, 현, 활꼴, 할선, 다면체, 각뿔대, 정다면체, 회전체, 회전축, 원뿔대, 증명, 접선, 접점, 접한다, 외심, 외접, 외접원, 내심, 내접, 내접원, 중선, 무게중심, 닮음, 닮음비, 삼각형의 닮음 조건, 피타고라스 정리, 삼각비, 사인, 코사인, 탄젠트, 원주각 등을 다룸 | achievement_math_2022: 기본 도형 section; [9수03-01] achievement levels; achievement_level; 점, 선, 면, 각 관련 용어와 기호를 이해하고 점, 직선, 평면의 위치 관계를 설명하는 수준을 구분",,procedure_ref;textbook_page_refs,"Find a worked example, procedure, or application where this source concept is used.",pending_textbook_pdf,,,,,,,,,,
10,중1(교육과정 학년군: 중1-3),도형과 측정,기본 도형,m1_geo_angle__used_in__m1_geo_vertical_angles,intra_unit,m1_geo_angle,각,기본 도형,m1_geo_vertical_angles,맞꼭지각,기본 도형,used_in,high,2,"curriculum_math_2022: printed pp. 38-39; terms and symbols for 도형과 측정; term_list; 교점, 교선, 두 점 사이의 거리, 중점, 수직이등분선, 꼬인 위치, 교각, 맞꼭지각, 엇각, 동위각, 평각, 직교, 수선의 발, 작도, 대변, 대각, 삼각형의 합동 조건, 내각, 외각, 부채꼴, 중심각, 호, 현, 활꼴, 할선, 다면체, 각뿔대, 정다면체, 회전체, 회전축, 원뿔대, 증명, 접선, 접점, 접한다, 외심, 외접, 외접원, 내심, 내접, 내접원, 중선, 무게중심, 닮음, 닮음비, 삼각형의 닮음 조건, 피타고라스 정리, 삼각비, 사인, 코사인, 탄젠트, 원주각 등을 다룸 | achievement_math_2022: 기본 도형 section; [9수03-01] achievement levels; achievement_level; 점, 선, 면, 각 관련 용어와 기호를 이해하고 점, 직선, 평면의 위치 관계를 설명하는 수준을 구분",,procedure_ref;textbook_page_refs,"Find a worked example, procedure, or application where this source concept is used.",pending_textbook_pdf,,,,,,,,,,
10,중1(교육과정 학년군: 중1-3),도형과 측정,기본 도형,m1_geo_angle_measure__used_in__m1_geo_parallel_angle_measure_calculation,intra_unit,m1_geo_angle_measure,각의 크기,기본 도형,m1_geo_parallel_angle_measure_calculation,평행선에서 각의 크기 구하기,기본 도형,used_in,high,2,curriculum_math_2022: printed p. 37; [9수03-02]; achievement_standard; 평행선에서 동위각과 엇각의 성질을 이해하고 설명하는 성취기준 | achievement_math_2022: 기본 도형 section; [9수03-02] achievement levels; achievement_level; 평행선에서 동위각과 엇각을 찾고 각의 크기를 구하거나 성질을 설명하는 수준을 구분,,procedure_ref;textbook_page_refs,"Find a worked example, procedure, or application where this source concept is used.",pending_textbook_pdf,,,,,,,,,,
10,중1(교육과정 학년군: 중1-3),도형과 측정,기본 도형,m1_geo_corresponding_angles__used_in__m1_geo_corresponding_angles_equal,intra_unit,m1_geo_corresponding_angles,동위각,기본 도형,m1_geo_corresponding_angles_equal,평행선에서 동위각의 크기가 같음,기본 도형,used_in,high,2,curriculum_math_2022: printed p. 37; [9수03-02]; achievement_standard; 평행선에서 동위각과 엇각의 성질을 이해하고 설명하는 성취기준 | achievement_math_2022: 기본 도형 section; [9수03-02] achievement levels; achievement_level; 평행선에서 동위각과 엇각을 찾고 각의 크기를 구하거나 성질을 설명하는 수준을 구분,,procedure_ref;textbook_page_refs,"Find a worked example, procedure, or application where this source concept is used.",pending_textbook_pdf,,,,,,,,,,
10,중1(교육과정 학년군: 중1-3),도형과 측정,기본 도형,m1_geo_corresponding_angles__used_in__m1_geo_identify_corresponding_alternate_angles,intra_unit,m1_geo_corresponding_angles,동위각,기본 도형,m1_geo_identify_corresponding_alternate_angles,동위각과 엇각 찾기,기본 도형,used_in,high,2,curriculum_math_2022: printed p. 37; [9수03-02]; achievement_standard; 평행선에서 동위각과 엇각의 성질을 이해하고 설명하는 성취기준 | achievement_math_2022: 기본 도형 section; [9수03-02] achievement levels; achievement_level; 평행선에서 동위각과 엇각을 찾고 각의 크기를 구하거나 성질을 설명하는 수준을 구분,,procedure_ref;textbook_page_refs,"Find a worked example, procedure, or application where this source concept is used.",pending_textbook_pdf,,,,,,,,,,
10,중1(교육과정 학년군: 중1-3),도형과 측정,기본 도형,m1_geo_corresponding_angles__used_in__m1_geo_parallel_angle_properties,intra_unit,m1_geo_corresponding_angles,동위각,기본 도형,m1_geo_parallel_angle_properties,평행선에서 동위각과 엇각의 성질,기본 도형,used_in,high,2,curriculum_math_2022: printed p. 37; [9수03-02]; achievement_standard; 평행선에서 동위각과 엇각의 성질을 이해하고 설명하는 성취기준 | achievement_math_2022: 기본 도형 section; [9수03-02] achievement levels; achievement_level; 평행선에서 동위각과 엇각을 찾고 각의 크기를 구하거나 성질을 설명하는 수준을 구분,,procedure_ref;textbook_page_refs,"Find a worked example, procedure, or application where this source concept is used.",pending_textbook_pdf,,,,,,,,,,
10,중1(교육과정 학년군: 중1-3),도형과 측정,기본 도형,m1_geo_corresponding_angles_equal__used_in__m1_geo_parallel_angle_measure_calculation,intra_unit,m1_geo_corresponding_angles_equal,평행선에서 동위각의 크기가 같음,기본 도형,m1_geo_parallel_angle_measure_calculation,평행선에서 각의 크기 구하기,기본 도형,used_in,high,2,curriculum_math_2022: printed p. 37; [9수03-02]; achievement_standard; 평행선에서 동위각과 엇각의 성질을 이해하고 설명하는 성취기준 | achievement_math_2022: 기본 도형 section; [9수03-02] achievement levels; achievement_level; 평행선에서 동위각과 엇각을 찾고 각의 크기를 구하거나 성질을 설명하는 수준을 구분,,procedure_ref;textbook_page_refs,"Find a worked example, procedure, or application where this source concept is used.",pending_textbook_pdf,,,,,,,,,,
10,중1(교육과정 학년군: 중1-3),도형과 측정,기본 도형,m1_geo_corresponding_angles_equal__used_in__m1_geo_parallel_angle_properties,intra_unit,m1_geo_corresponding_angles_equal,평행선에서 동위각의 크기가 같음,기본 도형,m1_geo_parallel_angle_properties,평행선에서 동위각과 엇각의 성질,기본 도형,used_in,high,2,curriculum_math_2022: printed p. 37; [9수03-02]; achievement_standard; 평행선에서 동위각과 엇각의 성질을 이해하고 설명하는 성취기준 | achievement_math_2022: 기본 도형 section; [9수03-02] achievement levels; achievement_level; 평행선에서 동위각과 엇각을 찾고 각의 크기를 구하거나 성질을 설명하는 수준을 구분,,procedure_ref;textbook_page_refs,"Find a worked example, procedure, or application where this source concept is used.",pending_textbook_pdf,,,,,,,,,,
10,중1(교육과정 학년군: 중1-3),도형과 측정,기본 도형,m1_geo_distance_between_two_points__used_in__m1_geo_midpoint,intra_unit,m1_geo_distance_between_two_points,두 점 사이의 거리,기본 도형,m1_geo_midpoint,중점,기본 도형,used_in,high,2,"curriculum_math_2022: printed pp. 38-39; terms and symbols for 도형과 측정; term_list; 교점, 교선, 두 점 사이의 거리, 중점, 수직이등분선, 꼬인 위치, 교각, 맞꼭지각, 엇각, 동위각, 평각, 직교, 수선의 발, 작도, 대변, 대각, 삼각형의 합동 조건, 내각, 외각, 부채꼴, 중심각, 호, 현, 활꼴, 할선, 다면체, 각뿔대, 정다면체, 회전체, 회전축, 원뿔대, 증명, 접선, 접점, 접한다, 외심, 외접, 외접원, 내심, 내접, 내접원, 중선, 무게중심, 닮음, 닮음비, 삼각형의 닮음 조건, 피타고라스 정리, 삼각비, 사인, 코사인, 탄젠트, 원주각 등을 다룸 | achievement_math_2022: 기본 도형 section; [9수03-01] achievement levels; achievement_level; 점, 선, 면, 각 관련 용어와 기호를 이해하고 점, 직선, 평면의 위치 관계를 설명하는 수준을 구분",,procedure_ref;textbook_page_refs,"Find a worked example, procedure, or application where this source concept is used.",pending_textbook_pdf,,,,,,,,,,
10,중1(교육과정 학년군: 중1-3),도형과 측정,기본 도형,m1_geo_identify_corresponding_alternate_angles__used_in__m1_geo_parallel_angle_measure_calculation,intra_unit,m1_geo_identify_corresponding_alternate_angles,동위각과 엇각 찾기,기본 도형,m1_geo_parallel_angle_measure_calculation,평행선에서 각의 크기 구하기,기본 도형,used_in,high,2,curriculum_math_2022: printed p. 37; [9수03-02]; achievement_standard; 평행선에서 동위각과 엇각의 성질을 이해하고 설명하는 성취기준 | achievement_math_2022: 기본 도형 section; [9수03-02] achievement levels; achievement_level; 평행선에서 동위각과 엇각을 찾고 각의 크기를 구하거나 성질을 설명하는 수준을 구분,,procedure_ref;textbook_page_refs,"Find a worked example, procedure, or application where this source concept is used.",pending_textbook_pdf,,,,,,,,,,
10,중1(교육과정 학년군: 중1-3),도형과 측정,기본 도형,m1_geo_intersection_line__used_in__m1_geo_position_relation,intra_unit,m1_geo_intersection_line,교선,기본 도형,m1_geo_position_relation,"점, 직선, 평면의 위치 관계",기본 도형,used_in,high,3,"curriculum_math_2022: printed p. 37; [9수03-01]; achievement_standard; 점, 선, 면, 각을 이해하고 점, 직선, 평면의 위치 관계를 설명하는 성취기준 | curriculum_math_2022: printed pp. 38-39; terms and symbols for 도형과 측정; term_list; 교점, 교선, 두 점 사이의 거리, 중점, 수직이등분선, 꼬인 위치, 교각, 맞꼭지각, 엇각, 동위각, 평각, 직교, 수선의 발, 작도, 대변, 대각, 삼각형의 합동 조건, 내각, 외각, 부채꼴, 중심각, 호, 현, 활꼴, 할선, 다면체, 각뿔대, 정다면체, 회전체, 회전축, 원뿔대, 증명, 접선, 접점, 접한다, 외심, 외접, 외접원, 내심, 내접, 내접원, 중선, 무게중심, 닮음, 닮음비, 삼각형의 닮음 조건, 피타고라스 정리, 삼각비, 사인, 코사인, 탄젠트, 원주각 등을 다룸 | achievement_math_2022: 기본 도형 section; [9수03-01] achievement levels; achievement_level; 점, 선, 면, 각 관련 용어와 기호를 이해하고 점, 직선, 평면의 위치 관계를 설명하는 수준을 구분",,procedure_ref;textbook_page_refs,"Find a worked example, procedure, or application where this source concept is used.",pending_textbook_pdf,,,,,,,,,,
10,중1(교육과정 학년군: 중1-3),도형과 측정,기본 도형,m1_geo_intersection_line__used_in__m1_geo_position_relation_explanation,intra_unit,m1_geo_intersection_line,교선,기본 도형,m1_geo_position_relation_explanation,점·직선·평면의 위치 관계 설명하기,기본 도형,used_in,high,3,"curriculum_math_2022: printed p. 37; [9수03-01]; achievement_standard; 점, 선, 면, 각을 이해하고 점, 직선, 평면의 위치 관계를 설명하는 성취기준 | curriculum_math_2022: printed pp. 38-39; terms and symbols for 도형과 측정; term_list; 교점, 교선, 두 점 사이의 거리, 중점, 수직이등분선, 꼬인 위치, 교각, 맞꼭지각, 엇각, 동위각, 평각, 직교, 수선의 발, 작도, 대변, 대각, 삼각형의 합동 조건, 내각, 외각, 부채꼴, 중심각, 호, 현, 활꼴, 할선, 다면체, 각뿔대, 정다면체, 회전체, 회전축, 원뿔대, 증명, 접선, 접점, 접한다, 외심, 외접, 외접원, 내심, 내접, 내접원, 중선, 무게중심, 닮음, 닮음비, 삼각형의 닮음 조건, 피타고라스 정리, 삼각비, 사인, 코사인, 탄젠트, 원주각 등을 다룸 | achievement_math_2022: 기본 도형 section; [9수03-01] achievement levels; achievement_level; 점, 선, 면, 각 관련 용어와 기호를 이해하고 점, 직선, 평면의 위치 관계를 설명하는 수준을 구분",,procedure_ref;textbook_page_refs,"Find a worked example, procedure, or application where this source concept is used.",pending_textbook_pdf,,,,,,,,,,
10,중1(교육과정 학년군: 중1-3),도형과 측정,기본 도형,m1_geo_intersection_point__used_in__m1_geo_position_relation,intra_unit,m1_geo_intersection_point,교점,기본 도형,m1_geo_position_relation,"점, 직선, 평면의 위치 관계",기본 도형,used_in,high,2,"curriculum_math_2022: printed p. 37; [9수03-01]; achievement_standard; 점, 선, 면, 각을 이해하고 점, 직선, 평면의 위치 관계를 설명하는 성취기준 | achievement_math_2022: 기본 도형 section; [9수03-01] achievement levels; achievement_level; 점, 선, 면, 각 관련 용어와 기호를 이해하고 점, 직선, 평면의 위치 관계를 설명하는 수준을 구분",,procedure_ref;textbook_page_refs,"Find a worked example, procedure, or application where this source concept is used.",pending_textbook_pdf,,,,,,,,,,
10,중1(교육과정 학년군: 중1-3),도형과 측정,기본 도형,m1_geo_intersection_point__used_in__m1_geo_position_relation_explanation,intra_unit,m1_geo_intersection_point,교점,기본 도형,m1_geo_position_relation_explanation,점·직선·평면의 위치 관계 설명하기,기본 도형,used_in,high,2,"curriculum_math_2022: printed p. 37; [9수03-01]; achievement_standard; 점, 선, 면, 각을 이해하고 점, 직선, 평면의 위치 관계를 설명하는 성취기준 | achievement_math_2022: 기본 도형 section; [9수03-01] achievement levels; achievement_level; 점, 선, 면, 각 관련 용어와 기호를 이해하고 점, 직선, 평면의 위치 관계를 설명하는 수준을 구분",,procedure_ref;textbook_page_refs,"Find a worked example, procedure, or application where this source concept is used.",pending_textbook_pdf,,,,,,,,,,
10,중1(교육과정 학년군: 중1-3),도형과 측정,기본 도형,m1_geo_line__used_in__m1_geo_basic_figure_notation,intra_unit,m1_geo_line,직선,기본 도형,m1_geo_basic_figure_notation,점·선·면·각의 용어와 기호,기본 도형,used_in,medium,2,"curriculum_math_2022: printed p. 37; [9수03-01]; achievement_standard; 점, 선, 면, 각을 이해하고 점, 직선, 평면의 위치 관계를 설명하는 성취기준 | achievement_math_2022: 기본 도형 section; [9수03-01] achievement levels; achievement_level; 점, 선, 면, 각 관련 용어와 기호를 이해하고 점, 직선, 평면의 위치 관계를 설명하는 수준을 구분",,procedure_ref;textbook_page_refs,"Find a worked example, procedure, or application where this source concept is used.",pending_textbook_pdf,,,,,,,,,,
10,중1(교육과정 학년군: 중1-3),도형과 측정,기본 도형,m1_geo_midpoint__used_in__m1_geo_perpendicular_bisector,intra_unit,m1_geo_midpoint,중점,기본 도형,m1_geo_perpendicular_bisector,수직이등분선,기본 도형,used_in,high,2,"curriculum_math_2022: printed pp. 38-39; terms and symbols for 도형과 측정; term_list; 교점, 교선, 두 점 사이의 거리, 중점, 수직이등분선, 꼬인 위치, 교각, 맞꼭지각, 엇각, 동위각, 평각, 직교, 수선의 발, 작도, 대변, 대각, 삼각형의 합동 조건, 내각, 외각, 부채꼴, 중심각, 호, 현, 활꼴, 할선, 다면체, 각뿔대, 정다면체, 회전체, 회전축, 원뿔대, 증명, 접선, 접점, 접한다, 외심, 외접, 외접원, 내심, 내접, 내접원, 중선, 무게중심, 닮음, 닮음비, 삼각형의 닮음 조건, 피타고라스 정리, 삼각비, 사인, 코사인, 탄젠트, 원주각 등을 다룸 | achievement_math_2022: 기본 도형 section; [9수03-01] achievement levels; achievement_level; 점, 선, 면, 각 관련 용어와 기호를 이해하고 점, 직선, 평면의 위치 관계를 설명하는 수준을 구분",,procedure_ref;textbook_page_refs,"Find a worked example, procedure, or application where this source concept is used.",pending_textbook_pdf,,,,,,,,,,
10,중1(교육과정 학년군: 중1-3),도형과 측정,기본 도형,m1_geo_parallel_angle_properties__used_in__m1_geo_parallel_angle_measure_calculation,intra_unit,m1_geo_parallel_angle_properties,평행선에서 동위각과 엇각의 성질,기본 도형,m1_geo_parallel_angle_measure_calculation,평행선에서 각의 크기 구하기,기본 도형,used_in,high,2,curriculum_math_2022: printed p. 37; [9수03-02]; achievement_standard; 평행선에서 동위각과 엇각의 성질을 이해하고 설명하는 성취기준 | achievement_math_2022: 기본 도형 section; [9수03-02] achievement levels; achievement_level; 평행선에서 동위각과 엇각을 찾고 각의 크기를 구하거나 성질을 설명하는 수준을 구분,,procedure_ref;textbook_page_refs,"Find a worked example, procedure, or application where this source concept is used.",pending_textbook_pdf,,,,,,,,,,
10,중1(교육과정 학년군: 중1-3),도형과 측정,기본 도형,m1_geo_parallel_angle_properties__used_in__m1_geo_parallel_angle_property_explanation,intra_unit,m1_geo_parallel_angle_properties,평행선에서 동위각과 엇각의 성질,기본 도형,m1_geo_parallel_angle_property_explanation,평행선에서 동위각과 엇각의 성질 설명하기,기본 도형,used_in,medium,2,curriculum_math_2022: printed p. 37; [9수03-02]; achievement_standard; 평행선에서 동위각과 엇각의 성질을 이해하고 설명하는 성취기준 | achievement_math_2022: 기본 도형 section; [9수03-02] achievement levels; achievement_level; 평행선에서 동위각과 엇각을 찾고 각의 크기를 구하거나 성질을 설명하는 수준을 구분,,procedure_ref;textbook_page_refs,"Find a worked example, procedure, or application where this source concept is used.",pending_textbook_pdf,,,,,,,,,,
10,중1(교육과정 학년군: 중1-3),도형과 측정,기본 도형,m1_geo_parallel_lines__used_in__m1_geo_alternate_interior_angles_equal,intra_unit,m1_geo_parallel_lines,평행선,기본 도형,m1_geo_alternate_interior_angles_equal,평행선에서 엇각의 크기가 같음,기본 도형,used_in,high,2,curriculum_math_2022: printed p. 37; [9수03-02]; achievement_standard; 평행선에서 동위각과 엇각의 성질을 이해하고 설명하는 성취기준 | achievement_math_2022: 기본 도형 section; [9수03-02] achievement levels; achievement_level; 평행선에서 동위각과 엇각을 찾고 각의 크기를 구하거나 성질을 설명하는 수준을 구분,,procedure_ref;textbook_page_refs,"Find a worked example, procedure, or application where this source concept is used.",pending_textbook_pdf,,,,,,,,,,
10,중1(교육과정 학년군: 중1-3),도형과 측정,기본 도형,m1_geo_parallel_lines__used_in__m1_geo_corresponding_angles_equal,intra_unit,m1_geo_parallel_lines,평행선,기본 도형,m1_geo_corresponding_angles_equal,평행선에서 동위각의 크기가 같음,기본 도형,used_in,high,2,curriculum_math_2022: printed p. 37; [9수03-02]; achievement_standard; 평행선에서 동위각과 엇각의 성질을 이해하고 설명하는 성취기준 | achievement_math_2022: 기본 도형 section; [9수03-02] achievement levels; achievement_level; 평행선에서 동위각과 엇각을 찾고 각의 크기를 구하거나 성질을 설명하는 수준을 구분,,procedure_ref;textbook_page_refs,"Find a worked example, procedure, or application where this source concept is used.",pending_textbook_pdf,,,,,,,,,,
10,중1(교육과정 학년군: 중1-3),도형과 측정,기본 도형,m1_geo_parallel_lines__used_in__m1_geo_parallel_angle_properties,intra_unit,m1_geo_parallel_lines,평행선,기본 도형,m1_geo_parallel_angle_properties,평행선에서 동위각과 엇각의 성질,기본 도형,used_in,high,2,curriculum_math_2022: printed p. 37; [9수03-02]; achievement_standard; 평행선에서 동위각과 엇각의 성질을 이해하고 설명하는 성취기준 | achievement_math_2022: 기본 도형 section; [9수03-02] achievement levels; achievement_level; 평행선에서 동위각과 엇각을 찾고 각의 크기를 구하거나 성질을 설명하는 수준을 구분,,procedure_ref;textbook_page_refs,"Find a worked example, procedure, or application where this source concept is used.",pending_textbook_pdf,,,,,,,,,,
10,중1(교육과정 학년군: 중1-3),도형과 측정,기본 도형,m1_geo_perpendicular__used_in__m1_geo_foot_of_perpendicular,intra_unit,m1_geo_perpendicular,직교,기본 도형,m1_geo_foot_of_perpendicular,수선의 발,기본 도형,used_in,high,2,"curriculum_math_2022: printed pp. 38-39; terms and symbols for 도형과 측정; term_list; 교점, 교선, 두 점 사이의 거리, 중점, 수직이등분선, 꼬인 위치, 교각, 맞꼭지각, 엇각, 동위각, 평각, 직교, 수선의 발, 작도, 대변, 대각, 삼각형의 합동 조건, 내각, 외각, 부채꼴, 중심각, 호, 현, 활꼴, 할선, 다면체, 각뿔대, 정다면체, 회전체, 회전축, 원뿔대, 증명, 접선, 접점, 접한다, 외심, 외접, 외접원, 내심, 내접, 내접원, 중선, 무게중심, 닮음, 닮음비, 삼각형의 닮음 조건, 피타고라스 정리, 삼각비, 사인, 코사인, 탄젠트, 원주각 등을 다룸 | achievement_math_2022: 기본 도형 section; [9수03-01] achievement levels; achievement_level; 점, 선, 면, 각 관련 용어와 기호를 이해하고 점, 직선, 평면의 위치 관계를 설명하는 수준을 구분",,procedure_ref;textbook_page_refs,"Find a worked example, procedure, or application where this source concept is used.",pending_textbook_pdf,,,,,,,,,,
10,중1(교육과정 학년군: 중1-3),도형과 측정,기본 도형,m1_geo_plane__used_in__m1_geo_basic_figure_notation,intra_unit,m1_geo_plane,평면,기본 도형,m1_geo_basic_figure_notation,점·선·면·각의 용어와 기호,기본 도형,used_in,medium,2,"curriculum_math_2022: printed p. 37; [9수03-01]; achievement_standard; 점, 선, 면, 각을 이해하고 점, 직선, 평면의 위치 관계를 설명하는 성취기준 | achievement_math_2022: 기본 도형 section; [9수03-01] achievement levels; achievement_level; 점, 선, 면, 각 관련 용어와 기호를 이해하고 점, 직선, 평면의 위치 관계를 설명하는 수준을 구분",,procedure_ref;textbook_page_refs,"Find a worked example, procedure, or application where this source concept is used.",pending_textbook_pdf,,,,,,,,,,
10,중1(교육과정 학년군: 중1-3),도형과 측정,기본 도형,m1_geo_point__used_in__m1_geo_basic_figure_notation,intra_unit,m1_geo_point,점,기본 도형,m1_geo_basic_figure_notation,점·선·면·각의 용어와 기호,기본 도형,used_in,medium,2,"curriculum_math_2022: printed p. 37; [9수03-01]; achievement_standard; 점, 선, 면, 각을 이해하고 점, 직선, 평면의 위치 관계를 설명하는 성취기준 | achievement_math_2022: 기본 도형 section; [9수03-01] achievement levels; achievement_level; 점, 선, 면, 각 관련 용어와 기호를 이해하고 점, 직선, 평면의 위치 관계를 설명하는 수준을 구분",,procedure_ref;textbook_page_refs,"Find a worked example, procedure, or application where this source concept is used.",pending_textbook_pdf,,,,,,,,,,
10,중1(교육과정 학년군: 중1-3),도형과 측정,기본 도형,m1_geo_position_relation__used_in__m1_geo_position_relation_explanation,intra_unit,m1_geo_position_relation,"점, 직선, 평면의 위치 관계",기본 도형,m1_geo_position_relation_explanation,점·직선·평면의 위치 관계 설명하기,기본 도형,used_in,high,2,"curriculum_math_2022: printed p. 37; [9수03-01]; achievement_standard; 점, 선, 면, 각을 이해하고 점, 직선, 평면의 위치 관계를 설명하는 성취기준 | achievement_math_2022: 기본 도형 section; [9수03-01] achievement levels; achievement_level; 점, 선, 면, 각 관련 용어와 기호를 이해하고 점, 직선, 평면의 위치 관계를 설명하는 수준을 구분",,procedure_ref;textbook_page_refs,"Find a worked example, procedure, or application where this source concept is used.",pending_textbook_pdf,,,,,,,,,,
10,중1(교육과정 학년군: 중1-3),도형과 측정,기본 도형,m1_geo_skew_lines__used_in__m1_geo_position_relation,intra_unit,m1_geo_skew_lines,꼬인 위치,기본 도형,m1_geo_position_relation,"점, 직선, 평면의 위치 관계",기본 도형,used_in,high,3,"curriculum_math_2022: printed p. 37; [9수03-01]; achievement_standard; 점, 선, 면, 각을 이해하고 점, 직선, 평면의 위치 관계를 설명하는 성취기준 | curriculum_math_2022: printed pp. 38-39; terms and symbols for 도형과 측정; term_list; 교점, 교선, 두 점 사이의 거리, 중점, 수직이등분선, 꼬인 위치, 교각, 맞꼭지각, 엇각, 동위각, 평각, 직교, 수선의 발, 작도, 대변, 대각, 삼각형의 합동 조건, 내각, 외각, 부채꼴, 중심각, 호, 현, 활꼴, 할선, 다면체, 각뿔대, 정다면체, 회전체, 회전축, 원뿔대, 증명, 접선, 접점, 접한다, 외심, 외접, 외접원, 내심, 내접, 내접원, 중선, 무게중심, 닮음, 닮음비, 삼각형의 닮음 조건, 피타고라스 정리, 삼각비, 사인, 코사인, 탄젠트, 원주각 등을 다룸 | achievement_math_2022: 기본 도형 section; [9수03-01] achievement levels; achievement_level; 점, 선, 면, 각 관련 용어와 기호를 이해하고 점, 직선, 평면의 위치 관계를 설명하는 수준을 구분",,procedure_ref;textbook_page_refs,"Find a worked example, procedure, or application where this source concept is used.",pending_textbook_pdf,,,,,,,,,,
10,중1(교육과정 학년군: 중1-3),도형과 측정,기본 도형,m1_geo_skew_lines__used_in__m1_geo_position_relation_explanation,intra_unit,m1_geo_skew_lines,꼬인 위치,기본 도형,m1_geo_position_relation_explanation,점·직선·평면의 위치 관계 설명하기,기본 도형,used_in,high,3,"curriculum_math_2022: printed p. 37; [9수03-01]; achievement_standard; 점, 선, 면, 각을 이해하고 점, 직선, 평면의 위치 관계를 설명하는 성취기준 | curriculum_math_2022: printed pp. 38-39; terms and symbols for 도형과 측정; term_list; 교점, 교선, 두 점 사이의 거리, 중점, 수직이등분선, 꼬인 위치, 교각, 맞꼭지각, 엇각, 동위각, 평각, 직교, 수선의 발, 작도, 대변, 대각, 삼각형의 합동 조건, 내각, 외각, 부채꼴, 중심각, 호, 현, 활꼴, 할선, 다면체, 각뿔대, 정다면체, 회전체, 회전축, 원뿔대, 증명, 접선, 접점, 접한다, 외심, 외접, 외접원, 내심, 내접, 내접원, 중선, 무게중심, 닮음, 닮음비, 삼각형의 닮음 조건, 피타고라스 정리, 삼각비, 사인, 코사인, 탄젠트, 원주각 등을 다룸 | achievement_math_2022: 기본 도형 section; [9수03-01] achievement levels; achievement_level; 점, 선, 면, 각 관련 용어와 기호를 이해하고 점, 직선, 평면의 위치 관계를 설명하는 수준을 구분",,procedure_ref;textbook_page_refs,"Find a worked example, procedure, or application where this source concept is used.",pending_textbook_pdf,,,,,,,,,,
10,중1(교육과정 학년군: 중1-3),도형과 측정,기본 도형,m1_geo_transversal_line_context__used_in__m1_geo_alternate_interior_angles,intra_unit,m1_geo_transversal_line_context,두 직선을 만나는 한 직선,기본 도형,m1_geo_alternate_interior_angles,엇각,기본 도형,used_in,medium,2,curriculum_math_2022: printed p. 37; [9수03-02]; achievement_standard; 평행선에서 동위각과 엇각의 성질을 이해하고 설명하는 성취기준 | achievement_math_2022: 기본 도형 section; [9수03-02] achievement levels; achievement_level; 평행선에서 동위각과 엇각을 찾고 각의 크기를 구하거나 성질을 설명하는 수준을 구분,,procedure_ref;textbook_page_refs,"Find a worked example, procedure, or application where this source concept is used.",pending_textbook_pdf,,,,,,,,,,
10,중1(교육과정 학년군: 중1-3),도형과 측정,기본 도형,m1_geo_transversal_line_context__used_in__m1_geo_corresponding_angles,intra_unit,m1_geo_transversal_line_context,두 직선을 만나는 한 직선,기본 도형,m1_geo_corresponding_angles,동위각,기본 도형,used_in,medium,2,curriculum_math_2022: printed p. 37; [9수03-02]; achievement_standard; 평행선에서 동위각과 엇각의 성질을 이해하고 설명하는 성취기준 | achievement_math_2022: 기본 도형 section; [9수03-02] achievement levels; achievement_level; 평행선에서 동위각과 엇각을 찾고 각의 크기를 구하거나 성질을 설명하는 수준을 구분,,procedure_ref;textbook_page_refs,"Find a worked example, procedure, or application where this source concept is used.",pending_textbook_pdf,,,,,,,,,,
10,중1(교육과정 학년군: 중1-3),도형과 측정,기본 도형,m1_geo_transversal_line_context__used_in__m1_geo_parallel_angle_properties,intra_unit,m1_geo_transversal_line_context,두 직선을 만나는 한 직선,기본 도형,m1_geo_parallel_angle_properties,평행선에서 동위각과 엇각의 성질,기본 도형,used_in,medium,2,curriculum_math_2022: printed p. 37; [9수03-02]; achievement_standard; 평행선에서 동위각과 엇각의 성질을 이해하고 설명하는 성취기준 | achievement_math_2022: 기본 도형 section; [9수03-02] achievement levels; achievement_level; 평행선에서 동위각과 엇각을 찾고 각의 크기를 구하거나 성질을 설명하는 수준을 구분,,procedure_ref;textbook_page_refs,"Find a worked example, procedure, or application where this source concept is used.",pending_textbook_pdf,,,,,,,,,,
10,중1(교육과정 학년군: 중1-3),도형과 측정,기본 도형,m1_geo_vertical_angles__used_in__m1_geo_parallel_angle_measure_calculation,intra_unit,m1_geo_vertical_angles,맞꼭지각,기본 도형,m1_geo_parallel_angle_measure_calculation,평행선에서 각의 크기 구하기,기본 도형,used_in,medium,4,"curriculum_math_2022: printed p. 37; [9수03-01]; achievement_standard; 점, 선, 면, 각을 이해하고 점, 직선, 평면의 위치 관계를 설명하는 성취기준 | curriculum_math_2022: printed p. 37; [9수03-02]; achievement_standard; 평행선에서 동위각과 엇각의 성질을 이해하고 설명하는 성취기준 | achievement_math_2022: 기본 도형 section; [9수03-01] achievement levels; achievement_level; 점, 선, 면, 각 관련 용어와 기호를 이해하고 점, 직선, 평면의 위치 관계를 설명하는 수준을 구분 | achievement_math_2022: 기본 도형 section; [9수03-02] achievement levels; achievement_level; 평행선에서 동위각과 엇각을 찾고 각의 크기를 구하거나 성질을 설명하는 수준을 구분",,procedure_ref;textbook_page_refs,"Find a worked example, procedure, or application where this source concept is used.",pending_textbook_pdf,,,,,,,,,,
10,중1(교육과정 학년군: 중1-3),도형과 측정,기본 도형,m1_geo_alternate_interior_angles__contrasts_with__m1_geo_corresponding_angles,intra_unit,m1_geo_alternate_interior_angles,엇각,기본 도형,m1_geo_corresponding_angles,동위각,기본 도형,contrasts_with,high,2,"curriculum_math_2022: printed pp. 38-39; terms and symbols for 도형과 측정; term_list; 교점, 교선, 두 점 사이의 거리, 중점, 수직이등분선, 꼬인 위치, 교각, 맞꼭지각, 엇각, 동위각, 평각, 직교, 수선의 발, 작도, 대변, 대각, 삼각형의 합동 조건, 내각, 외각, 부채꼴, 중심각, 호, 현, 활꼴, 할선, 다면체, 각뿔대, 정다면체, 회전체, 회전축, 원뿔대, 증명, 접선, 접점, 접한다, 외심, 외접, 외접원, 내심, 내접, 내접원, 중선, 무게중심, 닮음, 닮음비, 삼각형의 닮음 조건, 피타고라스 정리, 삼각비, 사인, 코사인, 탄젠트, 원주각 등을 다룸 | achievement_math_2022: 기본 도형 section; [9수03-02] achievement levels; achievement_level; 평행선에서 동위각과 엇각을 찾고 각의 크기를 구하거나 성질을 설명하는 수준을 구분",,contrast_ref;textbook_page_refs,Find textbook wording or examples that distinguish the two concepts.,pending_textbook_pdf,,,,,,,,,,
10,중1(교육과정 학년군: 중1-3),도형과 측정,기본 도형,m1_geo_corresponding_angles__contrasts_with__m1_geo_alternate_interior_angles,intra_unit,m1_geo_corresponding_angles,동위각,기본 도형,m1_geo_alternate_interior_angles,엇각,기본 도형,contrasts_with,high,2,"curriculum_math_2022: printed pp. 38-39; terms and symbols for 도형과 측정; term_list; 교점, 교선, 두 점 사이의 거리, 중점, 수직이등분선, 꼬인 위치, 교각, 맞꼭지각, 엇각, 동위각, 평각, 직교, 수선의 발, 작도, 대변, 대각, 삼각형의 합동 조건, 내각, 외각, 부채꼴, 중심각, 호, 현, 활꼴, 할선, 다면체, 각뿔대, 정다면체, 회전체, 회전축, 원뿔대, 증명, 접선, 접점, 접한다, 외심, 외접, 외접원, 내심, 내접, 내접원, 중선, 무게중심, 닮음, 닮음비, 삼각형의 닮음 조건, 피타고라스 정리, 삼각비, 사인, 코사인, 탄젠트, 원주각 등을 다룸 | achievement_math_2022: 기본 도형 section; [9수03-02] achievement levels; achievement_level; 평행선에서 동위각과 엇각을 찾고 각의 크기를 구하거나 성질을 설명하는 수준을 구분",,contrast_ref;textbook_page_refs,Find textbook wording or examples that distinguish the two concepts.,pending_textbook_pdf,,,,,,,,,,
10,중1(교육과정 학년군: 중1-3),도형과 측정,기본 도형,m1_geo_line__contrasts_with__m1_geo_plane,intra_unit,m1_geo_line,직선,기본 도형,m1_geo_plane,평면,기본 도형,contrasts_with,medium,2,"curriculum_math_2022: printed p. 37; [9수03-01]; achievement_standard; 점, 선, 면, 각을 이해하고 점, 직선, 평면의 위치 관계를 설명하는 성취기준 | achievement_math_2022: 기본 도형 section; [9수03-01] achievement levels; achievement_level; 점, 선, 면, 각 관련 용어와 기호를 이해하고 점, 직선, 평면의 위치 관계를 설명하는 수준을 구분","점, 직선, 평면은 기본 도형의 차원이 다른 대상이다.",contrast_ref;textbook_page_refs,Find textbook wording or examples that distinguish the two concepts.,pending_textbook_pdf,,,,,,,,,,
10,중1(교육과정 학년군: 중1-3),도형과 측정,기본 도형,m1_geo_parallel_lines__contrasts_with__m1_geo_skew_lines,intra_unit,m1_geo_parallel_lines,평행선,기본 도형,m1_geo_skew_lines,꼬인 위치,기본 도형,contrasts_with,high,3,"curriculum_math_2022: printed p. 37; [9수03-01]; achievement_standard; 점, 선, 면, 각을 이해하고 점, 직선, 평면의 위치 관계를 설명하는 성취기준 | curriculum_math_2022: printed pp. 38-39; terms and symbols for 도형과 측정; term_list; 교점, 교선, 두 점 사이의 거리, 중점, 수직이등분선, 꼬인 위치, 교각, 맞꼭지각, 엇각, 동위각, 평각, 직교, 수선의 발, 작도, 대변, 대각, 삼각형의 합동 조건, 내각, 외각, 부채꼴, 중심각, 호, 현, 활꼴, 할선, 다면체, 각뿔대, 정다면체, 회전체, 회전축, 원뿔대, 증명, 접선, 접점, 접한다, 외심, 외접, 외접원, 내심, 내접, 내접원, 중선, 무게중심, 닮음, 닮음비, 삼각형의 닮음 조건, 피타고라스 정리, 삼각비, 사인, 코사인, 탄젠트, 원주각 등을 다룸 | achievement_math_2022: 기본 도형 section; [9수03-01] achievement levels; achievement_level; 점, 선, 면, 각 관련 용어와 기호를 이해하고 점, 직선, 평면의 위치 관계를 설명하는 수준을 구분",,contrast_ref;textbook_page_refs,Find textbook wording or examples that distinguish the two concepts.,pending_textbook_pdf,,,,,,,,,,
10,중1(교육과정 학년군: 중1-3),도형과 측정,기본 도형,m1_geo_point__contrasts_with__m1_geo_line,intra_unit,m1_geo_point,점,기본 도형,m1_geo_line,직선,기본 도형,contrasts_with,medium,2,"curriculum_math_2022: printed p. 37; [9수03-01]; achievement_standard; 점, 선, 면, 각을 이해하고 점, 직선, 평면의 위치 관계를 설명하는 성취기준 | achievement_math_2022: 기본 도형 section; [9수03-01] achievement levels; achievement_level; 점, 선, 면, 각 관련 용어와 기호를 이해하고 점, 직선, 평면의 위치 관계를 설명하는 수준을 구분","점, 직선, 평면은 기본 도형의 차원이 다른 대상이다.",contrast_ref;textbook_page_refs,Find textbook wording or examples that distinguish the two concepts.,pending_textbook_pdf,,,,,,,,,,
10,중1(교육과정 학년군: 중1-3),도형과 측정,기본 도형,m1_geo_point__contrasts_with__m1_geo_plane,intra_unit,m1_geo_point,점,기본 도형,m1_geo_plane,평면,기본 도형,contrasts_with,medium,2,"curriculum_math_2022: printed p. 37; [9수03-01]; achievement_standard; 점, 선, 면, 각을 이해하고 점, 직선, 평면의 위치 관계를 설명하는 성취기준 | achievement_math_2022: 기본 도형 section; [9수03-01] achievement levels; achievement_level; 점, 선, 면, 각 관련 용어와 기호를 이해하고 점, 직선, 평면의 위치 관계를 설명하는 수준을 구분","점, 직선, 평면은 기본 도형의 차원이 다른 대상이다.",contrast_ref;textbook_page_refs,Find textbook wording or examples that distinguish the two concepts.,pending_textbook_pdf,,,,,,,,,,
10,중1(교육과정 학년군: 중1-3),도형과 측정,기본 도형,m1_geo_skew_lines__contrasts_with__m1_geo_parallel_lines,intra_unit,m1_geo_skew_lines,꼬인 위치,기본 도형,m1_geo_parallel_lines,평행선,기본 도형,contrasts_with,high,3,"curriculum_math_2022: printed p. 37; [9수03-01]; achievement_standard; 점, 선, 면, 각을 이해하고 점, 직선, 평면의 위치 관계를 설명하는 성취기준 | curriculum_math_2022: printed pp. 38-39; terms and symbols for 도형과 측정; term_list; 교점, 교선, 두 점 사이의 거리, 중점, 수직이등분선, 꼬인 위치, 교각, 맞꼭지각, 엇각, 동위각, 평각, 직교, 수선의 발, 작도, 대변, 대각, 삼각형의 합동 조건, 내각, 외각, 부채꼴, 중심각, 호, 현, 활꼴, 할선, 다면체, 각뿔대, 정다면체, 회전체, 회전축, 원뿔대, 증명, 접선, 접점, 접한다, 외심, 외접, 외접원, 내심, 내접, 내접원, 중선, 무게중심, 닮음, 닮음비, 삼각형의 닮음 조건, 피타고라스 정리, 삼각비, 사인, 코사인, 탄젠트, 원주각 등을 다룸 | achievement_math_2022: 기본 도형 section; [9수03-01] achievement levels; achievement_level; 점, 선, 면, 각 관련 용어와 기호를 이해하고 점, 직선, 평면의 위치 관계를 설명하는 수준을 구분",,contrast_ref;textbook_page_refs,Find textbook wording or examples that distinguish the two concepts.,pending_textbook_pdf,,,,,,,,,,
10,중1(교육과정 학년군: 중1-3),도형과 측정,기본 도형,m1_geo_straight_angle__contrasts_with__m1_geo_vertical_angles,intra_unit,m1_geo_straight_angle,평각,기본 도형,m1_geo_vertical_angles,맞꼭지각,기본 도형,contrasts_with,medium,2,"curriculum_math_2022: printed pp. 38-39; terms and symbols for 도형과 측정; term_list; 교점, 교선, 두 점 사이의 거리, 중점, 수직이등분선, 꼬인 위치, 교각, 맞꼭지각, 엇각, 동위각, 평각, 직교, 수선의 발, 작도, 대변, 대각, 삼각형의 합동 조건, 내각, 외각, 부채꼴, 중심각, 호, 현, 활꼴, 할선, 다면체, 각뿔대, 정다면체, 회전체, 회전축, 원뿔대, 증명, 접선, 접점, 접한다, 외심, 외접, 외접원, 내심, 내접, 내접원, 중선, 무게중심, 닮음, 닮음비, 삼각형의 닮음 조건, 피타고라스 정리, 삼각비, 사인, 코사인, 탄젠트, 원주각 등을 다룸 | achievement_math_2022: 기본 도형 section; [9수03-01] achievement levels; achievement_level; 점, 선, 면, 각 관련 용어와 기호를 이해하고 점, 직선, 평면의 위치 관계를 설명하는 수준을 구분",A straight angle and vertical angles name different angle situations in the basic-figure vocabulary.,contrast_ref;textbook_page_refs,Find textbook wording or examples that distinguish the two concepts.,pending_textbook_pdf,,,,,,,,,,
10,중1(교육과정 학년군: 중1-3),도형과 측정,기본 도형,m1_geo_intersection_line__related_to__m1_geo_intersection_point,intra_unit,m1_geo_intersection_line,교선,기본 도형,m1_geo_intersection_point,교점,기본 도형,related_to,medium,3,"curriculum_math_2022: printed p. 37; [9수03-01]; achievement_standard; 점, 선, 면, 각을 이해하고 점, 직선, 평면의 위치 관계를 설명하는 성취기준 | curriculum_math_2022: printed pp. 38-39; terms and symbols for 도형과 측정; term_list; 교점, 교선, 두 점 사이의 거리, 중점, 수직이등분선, 꼬인 위치, 교각, 맞꼭지각, 엇각, 동위각, 평각, 직교, 수선의 발, 작도, 대변, 대각, 삼각형의 합동 조건, 내각, 외각, 부채꼴, 중심각, 호, 현, 활꼴, 할선, 다면체, 각뿔대, 정다면체, 회전체, 회전축, 원뿔대, 증명, 접선, 접점, 접한다, 외심, 외접, 외접원, 내심, 내접, 내접원, 중선, 무게중심, 닮음, 닮음비, 삼각형의 닮음 조건, 피타고라스 정리, 삼각비, 사인, 코사인, 탄젠트, 원주각 등을 다룸 | achievement_math_2022: 기본 도형 section; [9수03-01] achievement levels; achievement_level; 점, 선, 면, 각 관련 용어와 기호를 이해하고 점, 직선, 평면의 위치 관계를 설명하는 수준을 구분",교점과 교선은 교차 상황에서 생기는 대상이지만 차원이 달라 함께 구별한다.,related_ref;textbook_page_refs,Find textbook wording or examples that justify keeping these concepts linked.,pending_textbook_pdf,,,,,,,,,,
10,중1(교육과정 학년군: 중1-3),도형과 측정,기본 도형,m1_geo_vertical_angles__related_to__m1_geo_parallel_angle_properties,intra_unit,m1_geo_vertical_angles,맞꼭지각,기본 도형,m1_geo_parallel_angle_properties,평행선에서 동위각과 엇각의 성질,기본 도형,related_to,medium,5,"curriculum_math_2022: printed p. 37; [9수03-01]; achievement_standard; 점, 선, 면, 각을 이해하고 점, 직선, 평면의 위치 관계를 설명하는 성취기준 | curriculum_math_2022: printed p. 37; [9수03-02]; achievement_standard; 평행선에서 동위각과 엇각의 성질을 이해하고 설명하는 성취기준 | curriculum_math_2022: printed pp. 38-39; terms and symbols for 도형과 측정; term_list; 교점, 교선, 두 점 사이의 거리, 중점, 수직이등분선, 꼬인 위치, 교각, 맞꼭지각, 엇각, 동위각, 평각, 직교, 수선의 발, 작도, 대변, 대각, 삼각형의 합동 조건, 내각, 외각, 부채꼴, 중심각, 호, 현, 활꼴, 할선, 다면체, 각뿔대, 정다면체, 회전체, 회전축, 원뿔대, 증명, 접선, 접점, 접한다, 외심, 외접, 외접원, 내심, 내접, 내접원, 중선, 무게중심, 닮음, 닮음비, 삼각형의 닮음 조건, 피타고라스 정리, 삼각비, 사인, 코사인, 탄젠트, 원주각 등을 다룸 | achievement_math_2022: 기본 도형 section; [9수03-01] achievement levels; achievement_level; 점, 선, 면, 각 관련 용어와 기호를 이해하고 점, 직선, 평면의 위치 관계를 설명하는 수준을 구분 | achievement_math_2022: 기본 도형 section; [9수03-02] achievement levels; achievement_level; 평행선에서 동위각과 엇각을 찾고 각의 크기를 구하거나 성질을 설명하는 수준을 구분",Vertical angles and parallel-line angle properties are adjacent angle-relation topics in the basic-figure unit.,related_ref;textbook_page_refs,Find textbook wording or examples that justify keeping these concepts linked.,pending_textbook_pdf,,,,,,,,,,
10,중1(교육과정 학년군: 중1-3),도형과 측정,기본 도형,m1_geo_domain__contains__m1_geo_basic_unit,cross_unit,m1_geo_domain,도형과 측정,도형과 측정,m1_geo_basic_unit,기본 도형,기본 도형,contains,high,5,"curriculum_math_2022: printed p. 37; [9수03-01]; achievement_standard; 점, 선, 면, 각을 이해하고 점, 직선, 평면의 위치 관계를 설명하는 성취기준 | curriculum_math_2022: printed p. 37; [9수03-02]; achievement_standard; 평행선에서 동위각과 엇각의 성질을 이해하고 설명하는 성취기준 | curriculum_math_2022: printed pp. 38-39; geometry achievement-standard explanation and considerations; teaching_note; 점, 선, 면, 각 관련 용어는 직관적으로 이해하게 하고, 합동과 닮음은 교구나 공학 도구를 이용하여 의미를 이해하게 함 | achievement_math_2022: 기본 도형 section; [9수03-01] achievement levels; achievement_level; 점, 선, 면, 각 관련 용어와 기호를 이해하고 점, 직선, 평면의 위치 관계를 설명하는 수준을 구분 | achievement_math_2022: 기본 도형 section; [9수03-02] achievement levels; achievement_level; 평행선에서 동위각과 엇각을 찾고 각의 크기를 구하거나 성질을 설명하는 수준을 구분",,structure_ref;textbook_page_refs,Find textbook structure evidence for the containment relation.,pending_textbook_pdf,,,,,,,,,,
10,중1(교육과정 학년군: 중1-3),도형과 측정,기본 도형,m1_geo_angle__prerequisite_for__m1_geo_angle_bisector,cross_unit,m1_geo_angle,각,기본 도형,m1_geo_angle_bisector,각의 이등분선,삼각형과 사각형의 성질,prerequisite_for,medium,2,"curriculum_math_2022: printed p. 38; [9수03-10]; achievement_standard; 삼각형의 외심과 내심의 성질을 이해하고 정당화하는 성취기준 | achievement_math_2022: 삼각형과 사각형의 성질 section; [9수03-09]~[9수03-11] achievement levels; achievement_level; 이등변삼각형, 삼각형의 외심과 내심, 사각형의 성질과 여러 사각형 사이의 관계를 이해하고 정당화하는 수준을 구분",,prerequisite_ref;textbook_page_refs,Find textbook sequencing or prior-knowledge evidence for the prerequisite relation.,pending_textbook_pdf,,,,,,,,,,
10,중1(교육과정 학년군: 중1-3),도형과 측정,기본 도형,m1_geo_angle__prerequisite_for__m1_geo_central_angle,cross_unit,m1_geo_angle,각,기본 도형,m1_geo_central_angle,중심각,평면도형의 성질,prerequisite_for,high,3,"curriculum_math_2022: printed pp. 38-39; terms and symbols for 도형과 측정; term_list; 교점, 교선, 두 점 사이의 거리, 중점, 수직이등분선, 꼬인 위치, 교각, 맞꼭지각, 엇각, 동위각, 평각, 직교, 수선의 발, 작도, 대변, 대각, 삼각형의 합동 조건, 내각, 외각, 부채꼴, 중심각, 호, 현, 활꼴, 할선, 다면체, 각뿔대, 정다면체, 회전체, 회전축, 원뿔대, 증명, 접선, 접점, 접한다, 외심, 외접, 외접원, 내심, 내접, 내접원, 중선, 무게중심, 닮음, 닮음비, 삼각형의 닮음 조건, 피타고라스 정리, 삼각비, 사인, 코사인, 탄젠트, 원주각 등을 다룸 | curriculum_math_2022: printed p. 38; [9수03-06]; achievement_standard; 부채꼴의 중심각과 호의 관계를 이해하고 호의 길이와 넓이를 구하는 성취기준 | achievement_math_2022: 평면도형의 성질 section; [9수03-06] achievement levels; achievement_level; 부채꼴, 중심각, 호의 관계를 이해하고 부채꼴의 호의 길이와 넓이를 구하는 수준을 구분",,prerequisite_ref;textbook_page_refs,Find textbook sequencing or prior-knowledge evidence for the prerequisite relation.,pending_textbook_pdf,,,,,,,,,,
10,중1(교육과정 학년군: 중1-3),도형과 측정,기본 도형,m1_geo_angle__prerequisite_for__m1_geo_construction,cross_unit,m1_geo_angle,각,기본 도형,m1_geo_construction,작도,작도와 합동,prerequisite_for,high,3,"curriculum_math_2022: printed pp. 38-39; terms and symbols for 도형과 측정; term_list; 교점, 교선, 두 점 사이의 거리, 중점, 수직이등분선, 꼬인 위치, 교각, 맞꼭지각, 엇각, 동위각, 평각, 직교, 수선의 발, 작도, 대변, 대각, 삼각형의 합동 조건, 내각, 외각, 부채꼴, 중심각, 호, 현, 활꼴, 할선, 다면체, 각뿔대, 정다면체, 회전체, 회전축, 원뿔대, 증명, 접선, 접점, 접한다, 외심, 외접, 외접원, 내심, 내접, 내접원, 중선, 무게중심, 닮음, 닮음비, 삼각형의 닮음 조건, 피타고라스 정리, 삼각비, 사인, 코사인, 탄젠트, 원주각 등을 다룸 | curriculum_math_2022: printed p. 37; [9수03-03]; achievement_standard; 삼각형을 작도하고 그 과정을 설명하는 성취기준 | achievement_math_2022: 작도와 합동 section; [9수03-03] achievement levels; achievement_level; 삼각형 작도와 주어진 삼각형과 합동인 삼각형 작도, 작도 과정 설명 수준을 구분",,prerequisite_ref;textbook_page_refs,Find textbook sequencing or prior-knowledge evidence for the prerequisite relation.,pending_textbook_pdf,,,,,,,,,,
10,중1(교육과정 학년군: 중1-3),도형과 측정,기본 도형,m1_geo_angle__prerequisite_for__m1_geo_correspondence,cross_unit,m1_geo_angle,각,기본 도형,m1_geo_correspondence,도형의 대응,도형의 닮음,prerequisite_for,medium,3,"curriculum_math_2022: printed p. 39; terms usable in teaching and learning situations; instructional_term_list; (도형의) 대응, 삼각형의 중점연결정리, 접선의 길이는 교수·학습 상황에서 사용할 수 있음 | curriculum_math_2022: printed p. 38; [9수03-12]; achievement_standard; 도형의 닮음과 닮은 도형의 성질을 이해하고 닮음비를 구하는 성취기준 | achievement_math_2022: 도형의 닮음 section; [9수03-12]~[9수03-14] achievement levels; achievement_level; 도형의 닮음, 닮은 도형의 성질, 닮음비, 삼각형의 닮음 조건, 평행선 사이의 선분의 길이의 비와 무게중심 성질을 구분",,prerequisite_ref;textbook_page_refs,Find textbook sequencing or prior-knowledge evidence for the prerequisite relation.,pending_textbook_pdf,,,,,,,,,,
10,중1(교육과정 학년군: 중1-3),도형과 측정,기본 도형,m1_geo_angle__prerequisite_for__m1_geo_exterior_angle,cross_unit,m1_geo_angle,각,기본 도형,m1_geo_exterior_angle,외각,평면도형의 성질,prerequisite_for,high,3,"curriculum_math_2022: printed pp. 38-39; terms and symbols for 도형과 측정; term_list; 교점, 교선, 두 점 사이의 거리, 중점, 수직이등분선, 꼬인 위치, 교각, 맞꼭지각, 엇각, 동위각, 평각, 직교, 수선의 발, 작도, 대변, 대각, 삼각형의 합동 조건, 내각, 외각, 부채꼴, 중심각, 호, 현, 활꼴, 할선, 다면체, 각뿔대, 정다면체, 회전체, 회전축, 원뿔대, 증명, 접선, 접점, 접한다, 외심, 외접, 외접원, 내심, 내접, 내접원, 중선, 무게중심, 닮음, 닮음비, 삼각형의 닮음 조건, 피타고라스 정리, 삼각비, 사인, 코사인, 탄젠트, 원주각 등을 다룸 | curriculum_math_2022: printed pp. 37-38; [9수03-05]; achievement_standard; 다각형의 성질을 이해하고 설명하는 성취기준 | achievement_math_2022: 평면도형의 성질 section; [9수03-05] achievement levels; achievement_level; 다각형의 내각과 외각의 크기, 다각형의 대각선 개수 등 성질 이해 수준을 구분",,prerequisite_ref;textbook_page_refs,Find textbook sequencing or prior-knowledge evidence for the prerequisite relation.,pending_textbook_pdf,,,,,,,,,,
10,중1(교육과정 학년군: 중1-3),도형과 측정,기본 도형,m1_geo_angle__prerequisite_for__m1_geo_inscribed_angle,cross_unit,m1_geo_angle,각,기본 도형,m1_geo_inscribed_angle,원주각,원의 성질,prerequisite_for,high,3,"curriculum_math_2022: printed pp. 38-39; terms and symbols for 도형과 측정; term_list; 교점, 교선, 두 점 사이의 거리, 중점, 수직이등분선, 꼬인 위치, 교각, 맞꼭지각, 엇각, 동위각, 평각, 직교, 수선의 발, 작도, 대변, 대각, 삼각형의 합동 조건, 내각, 외각, 부채꼴, 중심각, 호, 현, 활꼴, 할선, 다면체, 각뿔대, 정다면체, 회전체, 회전축, 원뿔대, 증명, 접선, 접점, 접한다, 외심, 외접, 외접원, 내심, 내접, 내접원, 중선, 무게중심, 닮음, 닮음비, 삼각형의 닮음 조건, 피타고라스 정리, 삼각비, 사인, 코사인, 탄젠트, 원주각 등을 다룸 | curriculum_math_2022: printed p. 38; [9수03-19]; achievement_standard; 원주각의 성질을 이해하고 정당화하는 성취기준 | achievement_math_2022: 원의 성질 section; [9수03-18]~[9수03-19] achievement levels; achievement_level; 원의 현과 접선에 관한 성질, 원주각의 성질을 이해하고 정당화하는 수준을 구분",,prerequisite_ref;textbook_page_refs,Find textbook sequencing or prior-knowledge evidence for the prerequisite relation.,pending_textbook_pdf,,,,,,,,,,
10,중1(교육과정 학년군: 중1-3),도형과 측정,기본 도형,m1_geo_angle__prerequisite_for__m1_geo_interior_angle,cross_unit,m1_geo_angle,각,기본 도형,m1_geo_interior_angle,내각,평면도형의 성질,prerequisite_for,high,3,"curriculum_math_2022: printed pp. 38-39; terms and symbols for 도형과 측정; term_list; 교점, 교선, 두 점 사이의 거리, 중점, 수직이등분선, 꼬인 위치, 교각, 맞꼭지각, 엇각, 동위각, 평각, 직교, 수선의 발, 작도, 대변, 대각, 삼각형의 합동 조건, 내각, 외각, 부채꼴, 중심각, 호, 현, 활꼴, 할선, 다면체, 각뿔대, 정다면체, 회전체, 회전축, 원뿔대, 증명, 접선, 접점, 접한다, 외심, 외접, 외접원, 내심, 내접, 내접원, 중선, 무게중심, 닮음, 닮음비, 삼각형의 닮음 조건, 피타고라스 정리, 삼각비, 사인, 코사인, 탄젠트, 원주각 등을 다룸 | curriculum_math_2022: printed pp. 37-38; [9수03-05]; achievement_standard; 다각형의 성질을 이해하고 설명하는 성취기준 | achievement_math_2022: 평면도형의 성질 section; [9수03-05] achievement levels; achievement_level; 다각형의 내각과 외각의 크기, 다각형의 대각선 개수 등 성질 이해 수준을 구분",,prerequisite_ref;textbook_page_refs,Find textbook sequencing or prior-knowledge evidence for the prerequisite relation.,pending_textbook_pdf,,,,,,,,,,
10,중1(교육과정 학년군: 중1-3),도형과 측정,기본 도형,m1_geo_angle__prerequisite_for__m1_geo_isosceles_base_angles,cross_unit,m1_geo_angle,각,기본 도형,m1_geo_isosceles_base_angles,이등변삼각형의 두 밑각,삼각형과 사각형의 성질,prerequisite_for,medium,2,"curriculum_math_2022: printed p. 38; [9수03-09]; achievement_standard; 이등변삼각형의 성질을 이해하고 정당화하는 성취기준 | achievement_math_2022: 삼각형과 사각형의 성질 section; [9수03-09]~[9수03-11] achievement levels; achievement_level; 이등변삼각형, 삼각형의 외심과 내심, 사각형의 성질과 여러 사각형 사이의 관계를 이해하고 정당화하는 수준을 구분",,prerequisite_ref;textbook_page_refs,Find textbook sequencing or prior-knowledge evidence for the prerequisite relation.,pending_textbook_pdf,,,,,,,,,,
10,중1(교육과정 학년군: 중1-3),도형과 측정,기본 도형,m1_geo_angle__prerequisite_for__m1_geo_isosceles_vertex_angle,cross_unit,m1_geo_angle,각,기본 도형,m1_geo_isosceles_vertex_angle,이등변삼각형의 꼭지각,삼각형과 사각형의 성질,prerequisite_for,medium,2,"curriculum_math_2022: printed p. 38; [9수03-09]; achievement_standard; 이등변삼각형의 성질을 이해하고 정당화하는 성취기준 | achievement_math_2022: 삼각형과 사각형의 성질 section; [9수03-09]~[9수03-11] achievement levels; achievement_level; 이등변삼각형, 삼각형의 외심과 내심, 사각형의 성질과 여러 사각형 사이의 관계를 이해하고 정당화하는 수준을 구분",,prerequisite_ref;textbook_page_refs,Find textbook sequencing or prior-knowledge evidence for the prerequisite relation.,pending_textbook_pdf,,,,,,,,,,
10,중1(교육과정 학년군: 중1-3),도형과 측정,기본 도형,m1_geo_angle__prerequisite_for__m1_geo_opposite_angle,cross_unit,m1_geo_angle,각,기본 도형,m1_geo_opposite_angle,대각,작도와 합동,prerequisite_for,high,3,"curriculum_math_2022: printed pp. 38-39; terms and symbols for 도형과 측정; term_list; 교점, 교선, 두 점 사이의 거리, 중점, 수직이등분선, 꼬인 위치, 교각, 맞꼭지각, 엇각, 동위각, 평각, 직교, 수선의 발, 작도, 대변, 대각, 삼각형의 합동 조건, 내각, 외각, 부채꼴, 중심각, 호, 현, 활꼴, 할선, 다면체, 각뿔대, 정다면체, 회전체, 회전축, 원뿔대, 증명, 접선, 접점, 접한다, 외심, 외접, 외접원, 내심, 내접, 내접원, 중선, 무게중심, 닮음, 닮음비, 삼각형의 닮음 조건, 피타고라스 정리, 삼각비, 사인, 코사인, 탄젠트, 원주각 등을 다룸 | curriculum_math_2022: printed p. 37; [9수03-04]; achievement_standard; 삼각형의 합동 조건을 이해하고 합동인지 판별하는 성취기준 | achievement_math_2022: 작도와 합동 section; [9수03-04] achievement levels; achievement_level; 삼각형의 합동 조건을 이해하고 두 삼각형의 합동 여부를 판별하는 수준을 구분",,prerequisite_ref;textbook_page_refs,Find textbook sequencing or prior-knowledge evidence for the prerequisite relation.,pending_textbook_pdf,,,,,,,,,,
10,중1(교육과정 학년군: 중1-3),도형과 측정,기본 도형,m1_geo_angle__prerequisite_for__m1_geo_opposite_side,cross_unit,m1_geo_angle,각,기본 도형,m1_geo_opposite_side,대변,작도와 합동,prerequisite_for,high,3,"curriculum_math_2022: printed pp. 38-39; terms and symbols for 도형과 측정; term_list; 교점, 교선, 두 점 사이의 거리, 중점, 수직이등분선, 꼬인 위치, 교각, 맞꼭지각, 엇각, 동위각, 평각, 직교, 수선의 발, 작도, 대변, 대각, 삼각형의 합동 조건, 내각, 외각, 부채꼴, 중심각, 호, 현, 활꼴, 할선, 다면체, 각뿔대, 정다면체, 회전체, 회전축, 원뿔대, 증명, 접선, 접점, 접한다, 외심, 외접, 외접원, 내심, 내접, 내접원, 중선, 무게중심, 닮음, 닮음비, 삼각형의 닮음 조건, 피타고라스 정리, 삼각비, 사인, 코사인, 탄젠트, 원주각 등을 다룸 | curriculum_math_2022: printed p. 37; [9수03-04]; achievement_standard; 삼각형의 합동 조건을 이해하고 합동인지 판별하는 성취기준 | achievement_math_2022: 작도와 합동 section; [9수03-04] achievement levels; achievement_level; 삼각형의 합동 조건을 이해하고 두 삼각형의 합동 여부를 판별하는 수준을 구분",,prerequisite_ref;textbook_page_refs,Find textbook sequencing or prior-knowledge evidence for the prerequisite relation.,pending_textbook_pdf,,,,,,,,,,
10,중1(교육과정 학년군: 중1-3),도형과 측정,기본 도형,m1_geo_angle__prerequisite_for__m1_geo_polygon,cross_unit,m1_geo_angle,각,기본 도형,m1_geo_polygon,다각형,평면도형의 성질,prerequisite_for,high,2,"curriculum_math_2022: printed pp. 37-38; [9수03-05]; achievement_standard; 다각형의 성질을 이해하고 설명하는 성취기준 | achievement_math_2022: 평면도형의 성질 section; [9수03-05] achievement levels; achievement_level; 다각형의 내각과 외각의 크기, 다각형의 대각선 개수 등 성질 이해 수준을 구분",,prerequisite_ref;textbook_page_refs,Find textbook sequencing or prior-knowledge evidence for the prerequisite relation.,pending_textbook_pdf,,,,,,,,,,
10,중1(교육과정 학년군: 중1-3),도형과 측정,기본 도형,m1_geo_angle__prerequisite_for__m1_geo_right_triangle,cross_unit,m1_geo_angle,각,기본 도형,m1_geo_right_triangle,직각삼각형,피타고라스 정리,prerequisite_for,high,3,"curriculum_math_2022: printed p. 38; [9수03-15]; achievement_standard; 피타고라스 정리를 이해하고 정당화하는 성취기준 | achievement_math_2022: 피타고라스 정리 section; [9수03-15] achievement levels; achievement_level; 피타고라스 정리와 그 역을 이해하고 직각삼각형 판별에 활용하는 수준을 구분 | achievement_math_2022: 삼각비 section; [9수03-16]~[9수03-17] achievement levels; achievement_level; 삼각비의 뜻, 30도·45도·60도 삼각비의 값, 직각삼각형의 삼각비 값, 거리와 높이 및 삼각형 넓이 활용 수준을 구분",,prerequisite_ref;textbook_page_refs,Find textbook sequencing or prior-knowledge evidence for the prerequisite relation.,pending_textbook_pdf,,,,,,,,,,
10,중1(교육과정 학년군: 중1-3),도형과 측정,기본 도형,m1_geo_angle__prerequisite_for__m1_geo_triangle,cross_unit,m1_geo_angle,각,기본 도형,m1_geo_triangle,삼각형,도형과 측정,prerequisite_for,medium,9,"curriculum_math_2022: printed p. 37; [9수03-03]; achievement_standard; 삼각형을 작도하고 그 과정을 설명하는 성취기준 | curriculum_math_2022: printed p. 37; [9수03-04]; achievement_standard; 삼각형의 합동 조건을 이해하고 합동인지 판별하는 성취기준 | curriculum_math_2022: printed p. 38; [9수03-09]; achievement_standard; 이등변삼각형의 성질을 이해하고 정당화하는 성취기준 | curriculum_math_2022: printed p. 38; [9수03-13]; achievement_standard; 삼각형의 닮음 조건을 이해하고 닮음인지 판별하는 성취기준 | achievement_math_2022: 작도와 합동 section; [9수03-03] achievement levels; achievement_level; 삼각형 작도와 주어진 삼각형과 합동인 삼각형 작도, 작도 과정 설명 수준을 구분 | achievement_math_2022: 작도와 합동 section; [9수03-04] achievement levels; achievement_level; 삼각형의 합동 조건을 이해하고 두 삼각형의 합동 여부를 판별하는 수준을 구분 | achievement_math_2022: 삼각형과 사각형의 성질 section; [9수03-09]~[9수03-11] achievement levels; achievement_level; 이등변삼각형, 삼각형의 외심과 내심, 사각형의 성질과 여러 사각형 사이의 관계를 이해하고 정당화하는 수준을 구분 | achievement_math_2022: 도형의 닮음 section; [9수03-12]~[9수03-14] achievement levels; achievement_level; 도형의 닮음, 닮은 도형의 성질, 닮음비, 삼각형의 닮음 조건, 평행선 사이의 선분의 길이의 비와 무게중심 성질을 구분 | achievement_research_report_2022: 연구보고서 p. 62; 도형과 측정 융합 세트 평가 과제; research_report_assessment_item_context; 삼각형의 외심의 성질을 이용하여 외접원의 넓이를 구하는 중학교 도형 평가 과제 맥락",,prerequisite_ref;textbook_page_refs,Find textbook sequencing or prior-knowledge evidence for the prerequisite relation.,pending_textbook_pdf,,,,,,,,,,
10,중1(교육과정 학년군: 중1-3),도형과 측정,기본 도형,m1_geo_angle__prerequisite_for__m1_geo_triangle_construction,cross_unit,m1_geo_angle,각,기본 도형,m1_geo_triangle_construction,삼각형의 작도,작도와 합동,prerequisite_for,high,2,"curriculum_math_2022: printed p. 37; [9수03-03]; achievement_standard; 삼각형을 작도하고 그 과정을 설명하는 성취기준 | achievement_math_2022: 작도와 합동 section; [9수03-03] achievement levels; achievement_level; 삼각형 작도와 주어진 삼각형과 합동인 삼각형 작도, 작도 과정 설명 수준을 구분",,prerequisite_ref;textbook_page_refs,Find textbook sequencing or prior-knowledge evidence for the prerequisite relation.,pending_textbook_pdf,,,,,,,,,,
10,중1(교육과정 학년군: 중1-3),도형과 측정,기본 도형,m1_geo_angle__prerequisite_for__m1_geo_trig_reference_angle,cross_unit,m1_geo_angle,각,기본 도형,m1_geo_trig_reference_angle,삼각비의 기준각,삼각비,prerequisite_for,medium,2,"curriculum_math_2022: printed p. 38; [9수03-16]; achievement_standard; 삼각비의 뜻을 알고 간단한 삼각비의 값을 구하는 성취기준 | achievement_math_2022: 삼각비 section; [9수03-16]~[9수03-17] achievement levels; achievement_level; 삼각비의 뜻, 30도·45도·60도 삼각비의 값, 직각삼각형의 삼각비 값, 거리와 높이 및 삼각형 넓이 활용 수준을 구분",,prerequisite_ref;textbook_page_refs,Find textbook sequencing or prior-knowledge evidence for the prerequisite relation.,pending_textbook_pdf,,,,,,,,,,
10,중1(교육과정 학년군: 중1-3),도형과 측정,기본 도형,m1_geo_angle_measure__prerequisite_for__m1_geo_angle_bisector,cross_unit,m1_geo_angle_measure,각의 크기,기본 도형,m1_geo_angle_bisector,각의 이등분선,삼각형과 사각형의 성질,prerequisite_for,medium,2,"curriculum_math_2022: printed p. 38; [9수03-10]; achievement_standard; 삼각형의 외심과 내심의 성질을 이해하고 정당화하는 성취기준 | achievement_math_2022: 삼각형과 사각형의 성질 section; [9수03-09]~[9수03-11] achievement levels; achievement_level; 이등변삼각형, 삼각형의 외심과 내심, 사각형의 성질과 여러 사각형 사이의 관계를 이해하고 정당화하는 수준을 구분",,prerequisite_ref;textbook_page_refs,Find textbook sequencing or prior-knowledge evidence for the prerequisite relation.,pending_textbook_pdf,,,,,,,,,,
10,중1(교육과정 학년군: 중1-3),도형과 측정,기본 도형,m1_geo_basic_unit__prerequisite_for__m1_geo_construction_congruence_unit,cross_unit,m1_geo_basic_unit,기본 도형,기본 도형,m1_geo_construction_congruence_unit,작도와 합동,작도와 합동,prerequisite_for,high,4,"curriculum_math_2022: printed p. 37; [9수03-03]; achievement_standard; 삼각형을 작도하고 그 과정을 설명하는 성취기준 | curriculum_math_2022: printed p. 37; [9수03-04]; achievement_standard; 삼각형의 합동 조건을 이해하고 합동인지 판별하는 성취기준 | achievement_math_2022: 작도와 합동 section; [9수03-03] achievement levels; achievement_level; 삼각형 작도와 주어진 삼각형과 합동인 삼각형 작도, 작도 과정 설명 수준을 구분 | achievement_math_2022: 작도와 합동 section; [9수03-04] achievement levels; achievement_level; 삼각형의 합동 조건을 이해하고 두 삼각형의 합동 여부를 판별하는 수준을 구분",,prerequisite_ref;textbook_page_refs,Find textbook sequencing or prior-knowledge evidence for the prerequisite relation.,pending_textbook_pdf,,,,,,,,,,
10,중1(교육과정 학년군: 중1-3),도형과 측정,기본 도형,m1_geo_basic_unit__prerequisite_for__m1_geo_justification,cross_unit,m1_geo_basic_unit,기본 도형,기본 도형,m1_geo_justification,정당화,삼각형과 사각형의 성질,prerequisite_for,high,2,"curriculum_math_2022: printed pp. 38-39; [9수03-09], [9수03-11] explanation and considerations; teaching_note; 도형 성질의 정당화 방법으로 관찰, 실험, 근거 제시, 유사성에 근거한 추론, 증명을 학생 수준에 맞게 활용하되 증명에서 가정과 결론 용어는 다루지 않음 | achievement_math_2022: 삼각형과 사각형의 성질 section; [9수03-09]~[9수03-11] achievement levels; achievement_level; 이등변삼각형, 삼각형의 외심과 내심, 사각형의 성질과 여러 사각형 사이의 관계를 이해하고 정당화하는 수준을 구분",,prerequisite_ref;textbook_page_refs,Find textbook sequencing or prior-knowledge evidence for the prerequisite relation.,pending_textbook_pdf,,,,,,,,,,
10,중1(교육과정 학년군: 중1-3),도형과 측정,기본 도형,m1_geo_basic_unit__prerequisite_for__m1_geo_plane_properties_unit,cross_unit,m1_geo_basic_unit,기본 도형,기본 도형,m1_geo_plane_properties_unit,평면도형의 성질,평면도형의 성질,prerequisite_for,high,4,"curriculum_math_2022: printed pp. 37-38; [9수03-05]; achievement_standard; 다각형의 성질을 이해하고 설명하는 성취기준 | curriculum_math_2022: printed p. 38; [9수03-06]; achievement_standard; 부채꼴의 중심각과 호의 관계를 이해하고 호의 길이와 넓이를 구하는 성취기준 | achievement_math_2022: 평면도형의 성질 section; [9수03-05] achievement levels; achievement_level; 다각형의 내각과 외각의 크기, 다각형의 대각선 개수 등 성질 이해 수준을 구분 | achievement_math_2022: 평면도형의 성질 section; [9수03-06] achievement levels; achievement_level; 부채꼴, 중심각, 호의 관계를 이해하고 부채꼴의 호의 길이와 넓이를 구하는 수준을 구분",,prerequisite_ref;textbook_page_refs,Find textbook sequencing or prior-knowledge evidence for the prerequisite relation.,pending_textbook_pdf,,,,,,,,,,
10,중1(교육과정 학년군: 중1-3),도형과 측정,기본 도형,m1_geo_distance_between_two_points__prerequisite_for__m1_geo_circumcenter_equal_vertex_distance,cross_unit,m1_geo_distance_between_two_points,두 점 사이의 거리,기본 도형,m1_geo_circumcenter_equal_vertex_distance,외심에서 세 꼭짓점까지의 거리,삼각형과 사각형의 성질,prerequisite_for,high,2,"curriculum_math_2022: printed p. 38; [9수03-10]; achievement_standard; 삼각형의 외심과 내심의 성질을 이해하고 정당화하는 성취기준 | achievement_math_2022: 삼각형과 사각형의 성질 section; [9수03-09]~[9수03-11] achievement levels; achievement_level; 이등변삼각형, 삼각형의 외심과 내심, 사각형의 성질과 여러 사각형 사이의 관계를 이해하고 정당화하는 수준을 구분",,prerequisite_ref;textbook_page_refs,Find textbook sequencing or prior-knowledge evidence for the prerequisite relation.,pending_textbook_pdf,,,,,,,,,,
10,중1(교육과정 학년군: 중1-3),도형과 측정,기본 도형,m1_geo_distance_between_two_points__prerequisite_for__m1_geo_incenter_equal_side_distance,cross_unit,m1_geo_distance_between_two_points,두 점 사이의 거리,기본 도형,m1_geo_incenter_equal_side_distance,내심에서 세 변까지의 거리,삼각형과 사각형의 성질,prerequisite_for,high,2,"curriculum_math_2022: printed p. 38; [9수03-10]; achievement_standard; 삼각형의 외심과 내심의 성질을 이해하고 정당화하는 성취기준 | achievement_math_2022: 삼각형과 사각형의 성질 section; [9수03-09]~[9수03-11] achievement levels; achievement_level; 이등변삼각형, 삼각형의 외심과 내심, 사각형의 성질과 여러 사각형 사이의 관계를 이해하고 정당화하는 수준을 구분",,prerequisite_ref;textbook_page_refs,Find textbook sequencing or prior-knowledge evidence for the prerequisite relation.,pending_textbook_pdf,,,,,,,,,,
10,중1(교육과정 학년군: 중1-3),도형과 측정,기본 도형,m1_geo_distance_between_two_points__prerequisite_for__m1_geo_triangle_construction,cross_unit,m1_geo_distance_between_two_points,두 점 사이의 거리,기본 도형,m1_geo_triangle_construction,삼각형의 작도,작도와 합동,prerequisite_for,high,2,"curriculum_math_2022: printed p. 37; [9수03-03]; achievement_standard; 삼각형을 작도하고 그 과정을 설명하는 성취기준 | achievement_math_2022: 작도와 합동 section; [9수03-03] achievement levels; achievement_level; 삼각형 작도와 주어진 삼각형과 합동인 삼각형 작도, 작도 과정 설명 수준을 구분",,prerequisite_ref;textbook_page_refs,Find textbook sequencing or prior-knowledge evidence for the prerequisite relation.,pending_textbook_pdf,,,,,,,,,,
10,중1(교육과정 학년군: 중1-3),도형과 측정,기본 도형,m1_geo_foot_of_perpendicular__prerequisite_for__m1_geo_incenter_equal_side_distance,cross_unit,m1_geo_foot_of_perpendicular,수선의 발,기본 도형,m1_geo_incenter_equal_side_distance,내심에서 세 변까지의 거리,삼각형과 사각형의 성질,prerequisite_for,high,2,"curriculum_math_2022: printed p. 38; [9수03-10]; achievement_standard; 삼각형의 외심과 내심의 성질을 이해하고 정당화하는 성취기준 | achievement_math_2022: 삼각형과 사각형의 성질 section; [9수03-09]~[9수03-11] achievement levels; achievement_level; 이등변삼각형, 삼각형의 외심과 내심, 사각형의 성질과 여러 사각형 사이의 관계를 이해하고 정당화하는 수준을 구분",,prerequisite_ref;textbook_page_refs,Find textbook sequencing or prior-knowledge evidence for the prerequisite relation.,pending_textbook_pdf,,,,,,,,,,
10,중1(교육과정 학년군: 중1-3),도형과 측정,기본 도형,m1_geo_foot_of_perpendicular__prerequisite_for__m1_geo_trig_distance_height,cross_unit,m1_geo_foot_of_perpendicular,수선의 발,기본 도형,m1_geo_trig_distance_height,삼각비로 거리와 높이 구하기,삼각비,prerequisite_for,high,2,"curriculum_math_2022: printed p. 38; [9수03-17]; achievement_standard; 삼각비를 활용하여 여러 가지 문제를 해결하는 성취기준 | achievement_math_2022: 삼각비 section; [9수03-16]~[9수03-17] achievement levels; achievement_level; 삼각비의 뜻, 30도·45도·60도 삼각비의 값, 직각삼각형의 삼각비 값, 거리와 높이 및 삼각형 넓이 활용 수준을 구분",,prerequisite_ref;textbook_page_refs,Find textbook sequencing or prior-knowledge evidence for the prerequisite relation.,pending_textbook_pdf,,,,,,,,,,
10,중1(교육과정 학년군: 중1-3),도형과 측정,기본 도형,m1_geo_foot_of_perpendicular__prerequisite_for__m1_geo_trig_distance_height_modeling,cross_unit,m1_geo_foot_of_perpendicular,수선의 발,기본 도형,m1_geo_trig_distance_height_modeling,거리와 높이 문제를 직각삼각형으로 나타내기,삼각비,prerequisite_for,medium,2,"curriculum_math_2022: printed p. 38; [9수03-17]; achievement_standard; 삼각비를 활용하여 여러 가지 문제를 해결하는 성취기준 | achievement_math_2022: 삼각비 section; [9수03-16]~[9수03-17] achievement levels; achievement_level; 삼각비의 뜻, 30도·45도·60도 삼각비의 값, 직각삼각형의 삼각비 값, 거리와 높이 및 삼각형 넓이 활용 수준을 구분",,prerequisite_ref;textbook_page_refs,Find textbook sequencing or prior-knowledge evidence for the prerequisite relation.,pending_textbook_pdf,,,,,,,,,,
10,중1(교육과정 학년군: 중1-3),도형과 측정,기본 도형,m1_geo_line__prerequisite_for__m1_geo_axis_of_rotation,cross_unit,m1_geo_line,직선,기본 도형,m1_geo_axis_of_rotation,회전축,입체도형의 성질,prerequisite_for,high,3,"curriculum_math_2022: printed pp. 38-39; terms and symbols for 도형과 측정; term_list; 교점, 교선, 두 점 사이의 거리, 중점, 수직이등분선, 꼬인 위치, 교각, 맞꼭지각, 엇각, 동위각, 평각, 직교, 수선의 발, 작도, 대변, 대각, 삼각형의 합동 조건, 내각, 외각, 부채꼴, 중심각, 호, 현, 활꼴, 할선, 다면체, 각뿔대, 정다면체, 회전체, 회전축, 원뿔대, 증명, 접선, 접점, 접한다, 외심, 외접, 외접원, 내심, 내접, 내접원, 중선, 무게중심, 닮음, 닮음비, 삼각형의 닮음 조건, 피타고라스 정리, 삼각비, 사인, 코사인, 탄젠트, 원주각 등을 다룸 | curriculum_math_2022: printed p. 38; [9수03-07]; achievement_standard; 모형이나 공학 도구로 다면체와 회전체의 성질을 탐구하고 설명하는 성취기준 | achievement_math_2022: 입체도형의 성질 section; [9수03-07]~[9수03-08] achievement levels; achievement_level; 다면체와 회전체의 성질을 모형이나 공학 도구로 탐구하고 입체도형의 겉넓이와 부피를 구하는 수준을 구분",,prerequisite_ref;textbook_page_refs,Find textbook sequencing or prior-knowledge evidence for the prerequisite relation.,pending_textbook_pdf,,,,,,,,,,
10,중1(교육과정 학년군: 중1-3),도형과 측정,기본 도형,m1_geo_line__prerequisite_for__m1_geo_construction,cross_unit,m1_geo_line,직선,기본 도형,m1_geo_construction,작도,작도와 합동,prerequisite_for,high,3,"curriculum_math_2022: printed pp. 38-39; terms and symbols for 도형과 측정; term_list; 교점, 교선, 두 점 사이의 거리, 중점, 수직이등분선, 꼬인 위치, 교각, 맞꼭지각, 엇각, 동위각, 평각, 직교, 수선의 발, 작도, 대변, 대각, 삼각형의 합동 조건, 내각, 외각, 부채꼴, 중심각, 호, 현, 활꼴, 할선, 다면체, 각뿔대, 정다면체, 회전체, 회전축, 원뿔대, 증명, 접선, 접점, 접한다, 외심, 외접, 외접원, 내심, 내접, 내접원, 중선, 무게중심, 닮음, 닮음비, 삼각형의 닮음 조건, 피타고라스 정리, 삼각비, 사인, 코사인, 탄젠트, 원주각 등을 다룸 | curriculum_math_2022: printed p. 37; [9수03-03]; achievement_standard; 삼각형을 작도하고 그 과정을 설명하는 성취기준 | achievement_math_2022: 작도와 합동 section; [9수03-03] achievement levels; achievement_level; 삼각형 작도와 주어진 삼각형과 합동인 삼각형 작도, 작도 과정 설명 수준을 구분",,prerequisite_ref;textbook_page_refs,Find textbook sequencing or prior-knowledge evidence for the prerequisite relation.,pending_textbook_pdf,,,,,,,,,,
10,중1(교육과정 학년군: 중1-3),도형과 측정,기본 도형,m1_geo_line__prerequisite_for__m1_geo_polygon,cross_unit,m1_geo_line,직선,기본 도형,m1_geo_polygon,다각형,평면도형의 성질,prerequisite_for,high,2,"curriculum_math_2022: printed pp. 37-38; [9수03-05]; achievement_standard; 다각형의 성질을 이해하고 설명하는 성취기준 | achievement_math_2022: 평면도형의 성질 section; [9수03-05] achievement levels; achievement_level; 다각형의 내각과 외각의 크기, 다각형의 대각선 개수 등 성질 이해 수준을 구분",,prerequisite_ref;textbook_page_refs,Find textbook sequencing or prior-knowledge evidence for the prerequisite relation.,pending_textbook_pdf,,,,,,,,,,
10,중1(교육과정 학년군: 중1-3),도형과 측정,기본 도형,m1_geo_line__prerequisite_for__m1_geo_secant,cross_unit,m1_geo_line,직선,기본 도형,m1_geo_secant,할선,평면도형의 성질,prerequisite_for,high,2,"curriculum_math_2022: printed pp. 38-39; terms and symbols for 도형과 측정; term_list; 교점, 교선, 두 점 사이의 거리, 중점, 수직이등분선, 꼬인 위치, 교각, 맞꼭지각, 엇각, 동위각, 평각, 직교, 수선의 발, 작도, 대변, 대각, 삼각형의 합동 조건, 내각, 외각, 부채꼴, 중심각, 호, 현, 활꼴, 할선, 다면체, 각뿔대, 정다면체, 회전체, 회전축, 원뿔대, 증명, 접선, 접점, 접한다, 외심, 외접, 외접원, 내심, 내접, 내접원, 중선, 무게중심, 닮음, 닮음비, 삼각형의 닮음 조건, 피타고라스 정리, 삼각비, 사인, 코사인, 탄젠트, 원주각 등을 다룸 | curriculum_math_2022: printed p. 38; [9수03-06]; achievement_standard; 부채꼴의 중심각과 호의 관계를 이해하고 호의 길이와 넓이를 구하는 성취기준",,prerequisite_ref;textbook_page_refs,Find textbook sequencing or prior-knowledge evidence for the prerequisite relation.,pending_textbook_pdf,,,,,,,,,,
10,중1(교육과정 학년군: 중1-3),도형과 측정,기본 도형,m1_geo_line__prerequisite_for__m1_geo_tangent_line,cross_unit,m1_geo_line,직선,기본 도형,m1_geo_tangent_line,접선,원의 성질,prerequisite_for,high,3,"curriculum_math_2022: printed pp. 38-39; terms and symbols for 도형과 측정; term_list; 교점, 교선, 두 점 사이의 거리, 중점, 수직이등분선, 꼬인 위치, 교각, 맞꼭지각, 엇각, 동위각, 평각, 직교, 수선의 발, 작도, 대변, 대각, 삼각형의 합동 조건, 내각, 외각, 부채꼴, 중심각, 호, 현, 활꼴, 할선, 다면체, 각뿔대, 정다면체, 회전체, 회전축, 원뿔대, 증명, 접선, 접점, 접한다, 외심, 외접, 외접원, 내심, 내접, 내접원, 중선, 무게중심, 닮음, 닮음비, 삼각형의 닮음 조건, 피타고라스 정리, 삼각비, 사인, 코사인, 탄젠트, 원주각 등을 다룸 | curriculum_math_2022: printed p. 38; [9수03-18]; achievement_standard; 원의 현과 접선에 관한 성질을 이해하고 정당화하는 성취기준 | achievement_math_2022: 원의 성질 section; [9수03-18]~[9수03-19] achievement levels; achievement_level; 원의 현과 접선에 관한 성질, 원주각의 성질을 이해하고 정당화하는 수준을 구분",,prerequisite_ref;textbook_page_refs,Find textbook sequencing or prior-knowledge evidence for the prerequisite relation.,pending_textbook_pdf,,,,,,,,,,
10,중1(교육과정 학년군: 중1-3),도형과 측정,기본 도형,m1_geo_line__prerequisite_for__m1_geo_triangle,cross_unit,m1_geo_line,직선,기본 도형,m1_geo_triangle,삼각형,도형과 측정,prerequisite_for,medium,9,"curriculum_math_2022: printed p. 37; [9수03-03]; achievement_standard; 삼각형을 작도하고 그 과정을 설명하는 성취기준 | curriculum_math_2022: printed p. 37; [9수03-04]; achievement_standard; 삼각형의 합동 조건을 이해하고 합동인지 판별하는 성취기준 | curriculum_math_2022: printed p. 38; [9수03-09]; achievement_standard; 이등변삼각형의 성질을 이해하고 정당화하는 성취기준 | curriculum_math_2022: printed p. 38; [9수03-13]; achievement_standard; 삼각형의 닮음 조건을 이해하고 닮음인지 판별하는 성취기준 | achievement_math_2022: 작도와 합동 section; [9수03-03] achievement levels; achievement_level; 삼각형 작도와 주어진 삼각형과 합동인 삼각형 작도, 작도 과정 설명 수준을 구분 | achievement_math_2022: 작도와 합동 section; [9수03-04] achievement levels; achievement_level; 삼각형의 합동 조건을 이해하고 두 삼각형의 합동 여부를 판별하는 수준을 구분 | achievement_math_2022: 삼각형과 사각형의 성질 section; [9수03-09]~[9수03-11] achievement levels; achievement_level; 이등변삼각형, 삼각형의 외심과 내심, 사각형의 성질과 여러 사각형 사이의 관계를 이해하고 정당화하는 수준을 구분 | achievement_math_2022: 도형의 닮음 section; [9수03-12]~[9수03-14] achievement levels; achievement_level; 도형의 닮음, 닮은 도형의 성질, 닮음비, 삼각형의 닮음 조건, 평행선 사이의 선분의 길이의 비와 무게중심 성질을 구분 | achievement_research_report_2022: 연구보고서 p. 62; 도형과 측정 융합 세트 평가 과제; research_report_assessment_item_context; 삼각형의 외심의 성질을 이용하여 외접원의 넓이를 구하는 중학교 도형 평가 과제 맥락",,prerequisite_ref;textbook_page_refs,Find textbook sequencing or prior-knowledge evidence for the prerequisite relation.,pending_textbook_pdf,,,,,,,,,,
10,중1(교육과정 학년군: 중1-3),도형과 측정,기본 도형,m1_geo_line_segment__prerequisite_for__m1_geo_solid_edge,cross_unit,m1_geo_line_segment,선분,기본 도형,m1_geo_solid_edge,입체도형의 모서리,입체도형의 성질,prerequisite_for,medium,4,"curriculum_math_2022: printed p. 38; [9수03-07]; achievement_standard; 모형이나 공학 도구로 다면체와 회전체의 성질을 탐구하고 설명하는 성취기준 | achievement_math_2022: 입체도형의 성질 section; [9수03-07]~[9수03-08] achievement levels; achievement_level; 다면체와 회전체의 성질을 모형이나 공학 도구로 탐구하고 입체도형의 겉넓이와 부피를 구하는 수준을 구분 | achievement_research_report_2022: 연구보고서 p. 174; 각기둥과 각뿔 성취기준별 성취수준; research_report_achievement_level_context; 각기둥과 각뿔에서 면, 모서리, 꼭짓점을 찾고 성질을 설명하는 성취수준 맥락 | achievement_research_report_2022: 연구보고서 p. 181; 도형과 측정 영역별 성취수준; research_report_achievement_level_context; 각기둥과 각뿔, 원기둥, 원뿔, 구의 구성 요소와 성질을 이해하는 도형과 측정 영역별 성취수준 맥락",,prerequisite_ref;textbook_page_refs,Find textbook sequencing or prior-knowledge evidence for the prerequisite relation.,pending_textbook_pdf,,,,,,,,,,
10,중1(교육과정 학년군: 중1-3),도형과 측정,기본 도형,m1_geo_midpoint__prerequisite_for__m1_geo_median,cross_unit,m1_geo_midpoint,중점,기본 도형,m1_geo_median,중선,삼각형과 사각형의 성질,prerequisite_for,high,3,"curriculum_math_2022: printed pp. 38-39; terms and symbols for 도형과 측정; term_list; 교점, 교선, 두 점 사이의 거리, 중점, 수직이등분선, 꼬인 위치, 교각, 맞꼭지각, 엇각, 동위각, 평각, 직교, 수선의 발, 작도, 대변, 대각, 삼각형의 합동 조건, 내각, 외각, 부채꼴, 중심각, 호, 현, 활꼴, 할선, 다면체, 각뿔대, 정다면체, 회전체, 회전축, 원뿔대, 증명, 접선, 접점, 접한다, 외심, 외접, 외접원, 내심, 내접, 내접원, 중선, 무게중심, 닮음, 닮음비, 삼각형의 닮음 조건, 피타고라스 정리, 삼각비, 사인, 코사인, 탄젠트, 원주각 등을 다룸 | curriculum_math_2022: printed p. 38; [9수03-14]; achievement_standard; 평행선 사이의 선분의 길이의 비를 구하는 성취기준 | achievement_math_2022: 도형의 닮음 section; [9수03-12]~[9수03-14] achievement levels; achievement_level; 도형의 닮음, 닮은 도형의 성질, 닮음비, 삼각형의 닮음 조건, 평행선 사이의 선분의 길이의 비와 무게중심 성질을 구분",,prerequisite_ref;textbook_page_refs,Find textbook sequencing or prior-knowledge evidence for the prerequisite relation.,pending_textbook_pdf,,,,,,,,,,
10,중1(교육과정 학년군: 중1-3),도형과 측정,기본 도형,m1_geo_midpoint__prerequisite_for__m1_geo_parallelogram_diagonals_bisect,cross_unit,m1_geo_midpoint,중점,기본 도형,m1_geo_parallelogram_diagonals_bisect,평행사변형의 대각선이 서로를 이등분,삼각형과 사각형의 성질,prerequisite_for,high,2,"curriculum_math_2022: printed p. 38; [9수03-11]; achievement_standard; 사각형의 성질을 이해하고 정당화하는 성취기준 | achievement_math_2022: 삼각형과 사각형의 성질 section; [9수03-09]~[9수03-11] achievement levels; achievement_level; 이등변삼각형, 삼각형의 외심과 내심, 사각형의 성질과 여러 사각형 사이의 관계를 이해하고 정당화하는 수준을 구분",,prerequisite_ref;textbook_page_refs,Find textbook sequencing or prior-knowledge evidence for the prerequisite relation.,pending_textbook_pdf,,,,,,,,,,
10,중1(교육과정 학년군: 중1-3),도형과 측정,기본 도형,m1_geo_midpoint__prerequisite_for__m1_geo_triangle_midpoint_theorem,cross_unit,m1_geo_midpoint,중점,기본 도형,m1_geo_triangle_midpoint_theorem,삼각형의 중점연결정리,도형의 닮음,prerequisite_for,medium,2,"curriculum_math_2022: printed p. 39; terms usable in teaching and learning situations; instructional_term_list; (도형의) 대응, 삼각형의 중점연결정리, 접선의 길이는 교수·학습 상황에서 사용할 수 있음 | achievement_math_2022: 도형의 닮음 section; [9수03-12]~[9수03-14] achievement levels; achievement_level; 도형의 닮음, 닮은 도형의 성질, 닮음비, 삼각형의 닮음 조건, 평행선 사이의 선분의 길이의 비와 무게중심 성질을 구분",,prerequisite_ref;textbook_page_refs,Find textbook sequencing or prior-knowledge evidence for the prerequisite relation.,pending_textbook_pdf,,,,,,,,,,
10,중1(교육과정 학년군: 중1-3),도형과 측정,기본 도형,m1_geo_parallel_angle_properties__prerequisite_for__m1_geo_polygon_angle_sum,cross_unit,m1_geo_parallel_angle_properties,평행선에서 동위각과 엇각의 성질,기본 도형,m1_geo_polygon_angle_sum,다각형의 내각과 외각의 크기,평면도형의 성질,prerequisite_for,high,3,"curriculum_math_2022: printed pp. 37-38; [9수03-05]; achievement_standard; 다각형의 성질을 이해하고 설명하는 성취기준 | curriculum_math_2022: printed pp. 38-39; [9수03-05], [9수03-07] explanation and considerations; teaching_note; 다각형의 내각·외각·대각선을 탐구해 성질을 일반화하고, 다각형과 다면체는 볼록인 경우만 다루며 회전체 단면은 성질 이해에 필요한 정도로 다룸 | achievement_math_2022: 평면도형의 성질 section; [9수03-05] achievement levels; achievement_level; 다각형의 내각과 외각의 크기, 다각형의 대각선 개수 등 성질 이해 수준을 구분",,prerequisite_ref;textbook_page_refs,Find textbook sequencing or prior-knowledge evidence for the prerequisite relation.,pending_textbook_pdf,,,,,,,,,,
10,중1(교육과정 학년군: 중1-3),도형과 측정,기본 도형,m1_geo_parallel_angle_properties__prerequisite_for__m1_geo_polygon_angle_sum_generalization,cross_unit,m1_geo_parallel_angle_properties,평행선에서 동위각과 엇각의 성질,기본 도형,m1_geo_polygon_angle_sum_generalization,다각형의 각의 성질 일반화하기,평면도형의 성질,prerequisite_for,high,3,"curriculum_math_2022: printed pp. 37-38; [9수03-05]; achievement_standard; 다각형의 성질을 이해하고 설명하는 성취기준 | curriculum_math_2022: printed pp. 38-39; [9수03-05], [9수03-07] explanation and considerations; teaching_note; 다각형의 내각·외각·대각선을 탐구해 성질을 일반화하고, 다각형과 다면체는 볼록인 경우만 다루며 회전체 단면은 성질 이해에 필요한 정도로 다룸 | achievement_math_2022: 평면도형의 성질 section; [9수03-05] achievement levels; achievement_level; 다각형의 내각과 외각의 크기, 다각형의 대각선 개수 등 성질 이해 수준을 구분",,prerequisite_ref;textbook_page_refs,Find textbook sequencing or prior-knowledge evidence for the prerequisite relation.,pending_textbook_pdf,,,,,,,,,,
10,중1(교육과정 학년군: 중1-3),도형과 측정,기본 도형,m1_geo_parallel_angle_properties__prerequisite_for__m1_geo_polygon_interior_angle_sum,cross_unit,m1_geo_parallel_angle_properties,평행선에서 동위각과 엇각의 성질,기본 도형,m1_geo_polygon_interior_angle_sum,다각형의 내각의 합,평면도형의 성질,prerequisite_for,high,2,"curriculum_math_2022: printed pp. 37-38; [9수03-05]; achievement_standard; 다각형의 성질을 이해하고 설명하는 성취기준 | achievement_math_2022: 평면도형의 성질 section; [9수03-05] achievement levels; achievement_level; 다각형의 내각과 외각의 크기, 다각형의 대각선 개수 등 성질 이해 수준을 구분",,prerequisite_ref;textbook_page_refs,Find textbook sequencing or prior-knowledge evidence for the prerequisite relation.,pending_textbook_pdf,,,,,,,,,,
10,중1(교육과정 학년군: 중1-3),도형과 측정,기본 도형,m1_geo_parallel_lines__prerequisite_for__m1_geo_frustum_pyramid,cross_unit,m1_geo_parallel_lines,평행선,기본 도형,m1_geo_frustum_pyramid,각뿔대,입체도형의 성질,prerequisite_for,high,3,"curriculum_math_2022: printed pp. 38-39; terms and symbols for 도형과 측정; term_list; 교점, 교선, 두 점 사이의 거리, 중점, 수직이등분선, 꼬인 위치, 교각, 맞꼭지각, 엇각, 동위각, 평각, 직교, 수선의 발, 작도, 대변, 대각, 삼각형의 합동 조건, 내각, 외각, 부채꼴, 중심각, 호, 현, 활꼴, 할선, 다면체, 각뿔대, 정다면체, 회전체, 회전축, 원뿔대, 증명, 접선, 접점, 접한다, 외심, 외접, 외접원, 내심, 내접, 내접원, 중선, 무게중심, 닮음, 닮음비, 삼각형의 닮음 조건, 피타고라스 정리, 삼각비, 사인, 코사인, 탄젠트, 원주각 등을 다룸 | curriculum_math_2022: printed p. 38; [9수03-07]; achievement_standard; 모형이나 공학 도구로 다면체와 회전체의 성질을 탐구하고 설명하는 성취기준 | achievement_math_2022: 입체도형의 성질 section; [9수03-07]~[9수03-08] achievement levels; achievement_level; 다면체와 회전체의 성질을 모형이나 공학 도구로 탐구하고 입체도형의 겉넓이와 부피를 구하는 수준을 구분",,prerequisite_ref;textbook_page_refs,Find textbook sequencing or prior-knowledge evidence for the prerequisite relation.,pending_textbook_pdf,,,,,,,,,,
10,중1(교육과정 학년군: 중1-3),도형과 측정,기본 도형,m1_geo_parallel_lines__prerequisite_for__m1_geo_parallel_segment_ratio,cross_unit,m1_geo_parallel_lines,평행선,기본 도형,m1_geo_parallel_segment_ratio,평행선 사이의 선분의 길이의 비,도형의 닮음,prerequisite_for,high,2,"curriculum_math_2022: printed p. 38; [9수03-14]; achievement_standard; 평행선 사이의 선분의 길이의 비를 구하는 성취기준 | achievement_math_2022: 도형의 닮음 section; [9수03-12]~[9수03-14] achievement levels; achievement_level; 도형의 닮음, 닮은 도형의 성질, 닮음비, 삼각형의 닮음 조건, 평행선 사이의 선분의 길이의 비와 무게중심 성질을 구분",,prerequisite_ref;textbook_page_refs,Find textbook sequencing or prior-knowledge evidence for the prerequisite relation.,pending_textbook_pdf,,,,,,,,,,
10,중1(교육과정 학년군: 중1-3),도형과 측정,기본 도형,m1_geo_parallel_lines__prerequisite_for__m1_geo_parallelogram,cross_unit,m1_geo_parallel_lines,평행선,기본 도형,m1_geo_parallelogram,평행사변형,삼각형과 사각형의 성질,prerequisite_for,high,2,"curriculum_math_2022: printed p. 38; [9수03-11]; achievement_standard; 사각형의 성질을 이해하고 정당화하는 성취기준 | achievement_math_2022: 삼각형과 사각형의 성질 section; [9수03-09]~[9수03-11] achievement levels; achievement_level; 이등변삼각형, 삼각형의 외심과 내심, 사각형의 성질과 여러 사각형 사이의 관계를 이해하고 정당화하는 수준을 구분",,prerequisite_ref;textbook_page_refs,Find textbook sequencing or prior-knowledge evidence for the prerequisite relation.,pending_textbook_pdf,,,,,,,,,,
10,중1(교육과정 학년군: 중1-3),도형과 측정,기본 도형,m1_geo_parallel_lines__prerequisite_for__m1_geo_trapezoid,cross_unit,m1_geo_parallel_lines,평행선,기본 도형,m1_geo_trapezoid,사다리꼴,삼각형과 사각형의 성질,prerequisite_for,medium,2,"curriculum_math_2022: printed p. 38; [9수03-11]; achievement_standard; 사각형의 성질을 이해하고 정당화하는 성취기준 | achievement_math_2022: 삼각형과 사각형의 성질 section; [9수03-09]~[9수03-11] achievement levels; achievement_level; 이등변삼각형, 삼각형의 외심과 내심, 사각형의 성질과 여러 사각형 사이의 관계를 이해하고 정당화하는 수준을 구분",,prerequisite_ref;textbook_page_refs,Find textbook sequencing or prior-knowledge evidence for the prerequisite relation.,pending_textbook_pdf,,,,,,,,,,
10,중1(교육과정 학년군: 중1-3),도형과 측정,기본 도형,m1_geo_perpendicular__prerequisite_for__m1_geo_rectangle,cross_unit,m1_geo_perpendicular,직교,기본 도형,m1_geo_rectangle,직사각형,삼각형과 사각형의 성질,prerequisite_for,high,2,"curriculum_math_2022: printed p. 38; [9수03-11]; achievement_standard; 사각형의 성질을 이해하고 정당화하는 성취기준 | achievement_math_2022: 삼각형과 사각형의 성질 section; [9수03-09]~[9수03-11] achievement levels; achievement_level; 이등변삼각형, 삼각형의 외심과 내심, 사각형의 성질과 여러 사각형 사이의 관계를 이해하고 정당화하는 수준을 구분",,prerequisite_ref;textbook_page_refs,Find textbook sequencing or prior-knowledge evidence for the prerequisite relation.,pending_textbook_pdf,,,,,,,,,,
10,중1(교육과정 학년군: 중1-3),도형과 측정,기본 도형,m1_geo_perpendicular__prerequisite_for__m1_geo_rhombus_diagonals_perpendicular,cross_unit,m1_geo_perpendicular,직교,기본 도형,m1_geo_rhombus_diagonals_perpendicular,마름모의 대각선이 서로 수직,삼각형과 사각형의 성질,prerequisite_for,high,2,"curriculum_math_2022: printed p. 38; [9수03-11]; achievement_standard; 사각형의 성질을 이해하고 정당화하는 성취기준 | achievement_math_2022: 삼각형과 사각형의 성질 section; [9수03-09]~[9수03-11] achievement levels; achievement_level; 이등변삼각형, 삼각형의 외심과 내심, 사각형의 성질과 여러 사각형 사이의 관계를 이해하고 정당화하는 수준을 구분",,prerequisite_ref;textbook_page_refs,Find textbook sequencing or prior-knowledge evidence for the prerequisite relation.,pending_textbook_pdf,,,,,,,,,,
10,중1(교육과정 학년군: 중1-3),도형과 측정,기본 도형,m1_geo_perpendicular_bisector__prerequisite_for__m1_geo_circumcenter,cross_unit,m1_geo_perpendicular_bisector,수직이등분선,기본 도형,m1_geo_circumcenter,외심,삼각형과 사각형의 성질,prerequisite_for,high,3,"curriculum_math_2022: printed pp. 38-39; terms and symbols for 도형과 측정; term_list; 교점, 교선, 두 점 사이의 거리, 중점, 수직이등분선, 꼬인 위치, 교각, 맞꼭지각, 엇각, 동위각, 평각, 직교, 수선의 발, 작도, 대변, 대각, 삼각형의 합동 조건, 내각, 외각, 부채꼴, 중심각, 호, 현, 활꼴, 할선, 다면체, 각뿔대, 정다면체, 회전체, 회전축, 원뿔대, 증명, 접선, 접점, 접한다, 외심, 외접, 외접원, 내심, 내접, 내접원, 중선, 무게중심, 닮음, 닮음비, 삼각형의 닮음 조건, 피타고라스 정리, 삼각비, 사인, 코사인, 탄젠트, 원주각 등을 다룸 | curriculum_math_2022: printed p. 38; [9수03-10]; achievement_standard; 삼각형의 외심과 내심의 성질을 이해하고 정당화하는 성취기준 | achievement_math_2022: 삼각형과 사각형의 성질 section; [9수03-09]~[9수03-11] achievement levels; achievement_level; 이등변삼각형, 삼각형의 외심과 내심, 사각형의 성질과 여러 사각형 사이의 관계를 이해하고 정당화하는 수준을 구분",,prerequisite_ref;textbook_page_refs,Find textbook sequencing or prior-knowledge evidence for the prerequisite relation.,pending_textbook_pdf,,,,,,,,,,
10,중1(교육과정 학년군: 중1-3),도형과 측정,기본 도형,m1_geo_perpendicular_bisector__prerequisite_for__m1_geo_circumcenter_perpendicular_bisectors,cross_unit,m1_geo_perpendicular_bisector,수직이등분선,기본 도형,m1_geo_circumcenter_perpendicular_bisectors,외심과 세 변의 수직이등분선,삼각형과 사각형의 성질,prerequisite_for,high,3,"curriculum_math_2022: printed p. 38; [9수03-10]; achievement_standard; 삼각형의 외심과 내심의 성질을 이해하고 정당화하는 성취기준 | curriculum_math_2022: printed pp. 38-39; terms and symbols for 도형과 측정; term_list; 교점, 교선, 두 점 사이의 거리, 중점, 수직이등분선, 꼬인 위치, 교각, 맞꼭지각, 엇각, 동위각, 평각, 직교, 수선의 발, 작도, 대변, 대각, 삼각형의 합동 조건, 내각, 외각, 부채꼴, 중심각, 호, 현, 활꼴, 할선, 다면체, 각뿔대, 정다면체, 회전체, 회전축, 원뿔대, 증명, 접선, 접점, 접한다, 외심, 외접, 외접원, 내심, 내접, 내접원, 중선, 무게중심, 닮음, 닮음비, 삼각형의 닮음 조건, 피타고라스 정리, 삼각비, 사인, 코사인, 탄젠트, 원주각 등을 다룸 | achievement_math_2022: 삼각형과 사각형의 성질 section; [9수03-09]~[9수03-11] achievement levels; achievement_level; 이등변삼각형, 삼각형의 외심과 내심, 사각형의 성질과 여러 사각형 사이의 관계를 이해하고 정당화하는 수준을 구분",,prerequisite_ref;textbook_page_refs,Find textbook sequencing or prior-knowledge evidence for the prerequisite relation.,pending_textbook_pdf,,,,,,,,,,
10,중1(교육과정 학년군: 중1-3),도형과 측정,기본 도형,m1_geo_perpendicular_bisector__prerequisite_for__m1_geo_construct_circumcenter,cross_unit,m1_geo_perpendicular_bisector,수직이등분선,기본 도형,m1_geo_construct_circumcenter,외심 찾기,삼각형과 사각형의 성질,prerequisite_for,high,3,"curriculum_math_2022: printed p. 38; [9수03-10]; achievement_standard; 삼각형의 외심과 내심의 성질을 이해하고 정당화하는 성취기준 | curriculum_math_2022: printed pp. 38-39; [9수03-09], [9수03-11] explanation and considerations; teaching_note; 도형 성질의 정당화 방법으로 관찰, 실험, 근거 제시, 유사성에 근거한 추론, 증명을 학생 수준에 맞게 활용하되 증명에서 가정과 결론 용어는 다루지 않음 | achievement_math_2022: 삼각형과 사각형의 성질 section; [9수03-09]~[9수03-11] achievement levels; achievement_level; 이등변삼각형, 삼각형의 외심과 내심, 사각형의 성질과 여러 사각형 사이의 관계를 이해하고 정당화하는 수준을 구분",,prerequisite_ref;textbook_page_refs,Find textbook sequencing or prior-knowledge evidence for the prerequisite relation.,pending_textbook_pdf,,,,,,,,,,
10,중1(교육과정 학년군: 중1-3),도형과 측정,기본 도형,m1_geo_perpendicular_bisector__prerequisite_for__m1_geo_isosceles_vertex_angle_bisector_property,cross_unit,m1_geo_perpendicular_bisector,수직이등분선,기본 도형,m1_geo_isosceles_vertex_angle_bisector_property,이등변삼각형의 꼭지각 이등분선 성질,삼각형과 사각형의 성질,prerequisite_for,medium,3,"curriculum_math_2022: printed p. 38; [9수03-09]; achievement_standard; 이등변삼각형의 성질을 이해하고 정당화하는 성취기준 | curriculum_math_2022: printed pp. 38-39; [9수03-09], [9수03-11] explanation and considerations; teaching_note; 도형 성질의 정당화 방법으로 관찰, 실험, 근거 제시, 유사성에 근거한 추론, 증명을 학생 수준에 맞게 활용하되 증명에서 가정과 결론 용어는 다루지 않음 | achievement_math_2022: 삼각형과 사각형의 성질 section; [9수03-09]~[9수03-11] achievement levels; achievement_level; 이등변삼각형, 삼각형의 외심과 내심, 사각형의 성질과 여러 사각형 사이의 관계를 이해하고 정당화하는 수준을 구분",,prerequisite_ref;textbook_page_refs,Find textbook sequencing or prior-knowledge evidence for the prerequisite relation.,pending_textbook_pdf,,,,,,,,,,
10,중1(교육과정 학년군: 중1-3),도형과 측정,기본 도형,m1_geo_plane__prerequisite_for__m1_geo_circle,cross_unit,m1_geo_plane,평면,기본 도형,m1_geo_circle,원,원의 성질,prerequisite_for,high,5,"curriculum_math_2022: printed p. 38; [9수03-06]; achievement_standard; 부채꼴의 중심각과 호의 관계를 이해하고 호의 길이와 넓이를 구하는 성취기준 | curriculum_math_2022: printed p. 38; [9수03-18]; achievement_standard; 원의 현과 접선에 관한 성질을 이해하고 정당화하는 성취기준 | curriculum_math_2022: printed p. 38; [9수03-19]; achievement_standard; 원주각의 성질을 이해하고 정당화하는 성취기준 | achievement_math_2022: 평면도형의 성질 section; [9수03-06] achievement levels; achievement_level; 부채꼴, 중심각, 호의 관계를 이해하고 부채꼴의 호의 길이와 넓이를 구하는 수준을 구분 | achievement_math_2022: 원의 성질 section; [9수03-18]~[9수03-19] achievement levels; achievement_level; 원의 현과 접선에 관한 성질, 원주각의 성질을 이해하고 정당화하는 수준을 구분",,prerequisite_ref;textbook_page_refs,Find textbook sequencing or prior-knowledge evidence for the prerequisite relation.,pending_textbook_pdf,,,,,,,,,,
10,중1(교육과정 학년군: 중1-3),도형과 측정,기본 도형,m1_geo_plane__prerequisite_for__m1_geo_solid_cross_section,cross_unit,m1_geo_plane,평면,기본 도형,m1_geo_solid_cross_section,입체도형의 단면,입체도형의 성질,prerequisite_for,medium,3,"curriculum_math_2022: printed pp. 38-39; [9수03-05], [9수03-07] explanation and considerations; teaching_note; 다각형의 내각·외각·대각선을 탐구해 성질을 일반화하고, 다각형과 다면체는 볼록인 경우만 다루며 회전체 단면은 성질 이해에 필요한 정도로 다룸 | curriculum_math_2022: printed p. 38; [9수03-07]; achievement_standard; 모형이나 공학 도구로 다면체와 회전체의 성질을 탐구하고 설명하는 성취기준 | achievement_math_2022: 입체도형의 성질 section; [9수03-07]~[9수03-08] achievement levels; achievement_level; 다면체와 회전체의 성질을 모형이나 공학 도구로 탐구하고 입체도형의 겉넓이와 부피를 구하는 수준을 구분",,prerequisite_ref;textbook_page_refs,Find textbook sequencing or prior-knowledge evidence for the prerequisite relation.,pending_textbook_pdf,,,,,,,,,,
10,중1(교육과정 학년군: 중1-3),도형과 측정,기본 도형,m1_geo_plane__prerequisite_for__m1_geo_solid_cross_section_prediction,cross_unit,m1_geo_plane,평면,기본 도형,m1_geo_solid_cross_section_prediction,단면 모양 예상하기,입체도형의 성질,prerequisite_for,medium,3,"curriculum_math_2022: printed pp. 38-39; [9수03-05], [9수03-07] explanation and considerations; teaching_note; 다각형의 내각·외각·대각선을 탐구해 성질을 일반화하고, 다각형과 다면체는 볼록인 경우만 다루며 회전체 단면은 성질 이해에 필요한 정도로 다룸 | curriculum_math_2022: printed p. 38; [9수03-07]; achievement_standard; 모형이나 공학 도구로 다면체와 회전체의 성질을 탐구하고 설명하는 성취기준 | achievement_math_2022: 입체도형의 성질 section; [9수03-07]~[9수03-08] achievement levels; achievement_level; 다면체와 회전체의 성질을 모형이나 공학 도구로 탐구하고 입체도형의 겉넓이와 부피를 구하는 수준을 구분",,prerequisite_ref;textbook_page_refs,Find textbook sequencing or prior-knowledge evidence for the prerequisite relation.,pending_textbook_pdf,,,,,,,,,,
10,중1(교육과정 학년군: 중1-3),도형과 측정,기본 도형,m1_geo_point__prerequisite_for__m1_geo_chord,cross_unit,m1_geo_point,점,기본 도형,m1_geo_chord,현,평면도형의 성질,prerequisite_for,high,5,"curriculum_math_2022: printed pp. 38-39; terms and symbols for 도형과 측정; term_list; 교점, 교선, 두 점 사이의 거리, 중점, 수직이등분선, 꼬인 위치, 교각, 맞꼭지각, 엇각, 동위각, 평각, 직교, 수선의 발, 작도, 대변, 대각, 삼각형의 합동 조건, 내각, 외각, 부채꼴, 중심각, 호, 현, 활꼴, 할선, 다면체, 각뿔대, 정다면체, 회전체, 회전축, 원뿔대, 증명, 접선, 접점, 접한다, 외심, 외접, 외접원, 내심, 내접, 내접원, 중선, 무게중심, 닮음, 닮음비, 삼각형의 닮음 조건, 피타고라스 정리, 삼각비, 사인, 코사인, 탄젠트, 원주각 등을 다룸 | curriculum_math_2022: printed p. 38; [9수03-06]; achievement_standard; 부채꼴의 중심각과 호의 관계를 이해하고 호의 길이와 넓이를 구하는 성취기준 | curriculum_math_2022: printed p. 38; [9수03-18]; achievement_standard; 원의 현과 접선에 관한 성질을 이해하고 정당화하는 성취기준 | achievement_math_2022: 평면도형의 성질 section; [9수03-06] achievement levels; achievement_level; 부채꼴, 중심각, 호의 관계를 이해하고 부채꼴의 호의 길이와 넓이를 구하는 수준을 구분 | achievement_math_2022: 원의 성질 section; [9수03-18]~[9수03-19] achievement levels; achievement_level; 원의 현과 접선에 관한 성질, 원주각의 성질을 이해하고 정당화하는 수준을 구분",,prerequisite_ref;textbook_page_refs,Find textbook sequencing or prior-knowledge evidence for the prerequisite relation.,pending_textbook_pdf,,,,,,,,,,
10,중1(교육과정 학년군: 중1-3),도형과 측정,기본 도형,m1_geo_point__prerequisite_for__m1_geo_circle,cross_unit,m1_geo_point,점,기본 도형,m1_geo_circle,원,원의 성질,prerequisite_for,high,5,"curriculum_math_2022: printed p. 38; [9수03-06]; achievement_standard; 부채꼴의 중심각과 호의 관계를 이해하고 호의 길이와 넓이를 구하는 성취기준 | curriculum_math_2022: printed p. 38; [9수03-18]; achievement_standard; 원의 현과 접선에 관한 성질을 이해하고 정당화하는 성취기준 | curriculum_math_2022: printed p. 38; [9수03-19]; achievement_standard; 원주각의 성질을 이해하고 정당화하는 성취기준 | achievement_math_2022: 평면도형의 성질 section; [9수03-06] achievement levels; achievement_level; 부채꼴, 중심각, 호의 관계를 이해하고 부채꼴의 호의 길이와 넓이를 구하는 수준을 구분 | achievement_math_2022: 원의 성질 section; [9수03-18]~[9수03-19] achievement levels; achievement_level; 원의 현과 접선에 관한 성질, 원주각의 성질을 이해하고 정당화하는 수준을 구분",,prerequisite_ref;textbook_page_refs,Find textbook sequencing or prior-knowledge evidence for the prerequisite relation.,pending_textbook_pdf,,,,,,,,,,
10,중1(교육과정 학년군: 중1-3),도형과 측정,기본 도형,m1_geo_point__prerequisite_for__m1_geo_construction,cross_unit,m1_geo_point,점,기본 도형,m1_geo_construction,작도,작도와 합동,prerequisite_for,high,3,"curriculum_math_2022: printed pp. 38-39; terms and symbols for 도형과 측정; term_list; 교점, 교선, 두 점 사이의 거리, 중점, 수직이등분선, 꼬인 위치, 교각, 맞꼭지각, 엇각, 동위각, 평각, 직교, 수선의 발, 작도, 대변, 대각, 삼각형의 합동 조건, 내각, 외각, 부채꼴, 중심각, 호, 현, 활꼴, 할선, 다면체, 각뿔대, 정다면체, 회전체, 회전축, 원뿔대, 증명, 접선, 접점, 접한다, 외심, 외접, 외접원, 내심, 내접, 내접원, 중선, 무게중심, 닮음, 닮음비, 삼각형의 닮음 조건, 피타고라스 정리, 삼각비, 사인, 코사인, 탄젠트, 원주각 등을 다룸 | curriculum_math_2022: printed p. 37; [9수03-03]; achievement_standard; 삼각형을 작도하고 그 과정을 설명하는 성취기준 | achievement_math_2022: 작도와 합동 section; [9수03-03] achievement levels; achievement_level; 삼각형 작도와 주어진 삼각형과 합동인 삼각형 작도, 작도 과정 설명 수준을 구분",,prerequisite_ref;textbook_page_refs,Find textbook sequencing or prior-knowledge evidence for the prerequisite relation.,pending_textbook_pdf,,,,,,,,,,
10,중1(교육과정 학년군: 중1-3),도형과 측정,기본 도형,m1_geo_point__prerequisite_for__m1_geo_correspondence,cross_unit,m1_geo_point,점,기본 도형,m1_geo_correspondence,도형의 대응,도형의 닮음,prerequisite_for,medium,3,"curriculum_math_2022: printed p. 39; terms usable in teaching and learning situations; instructional_term_list; (도형의) 대응, 삼각형의 중점연결정리, 접선의 길이는 교수·학습 상황에서 사용할 수 있음 | curriculum_math_2022: printed p. 38; [9수03-12]; achievement_standard; 도형의 닮음과 닮은 도형의 성질을 이해하고 닮음비를 구하는 성취기준 | achievement_math_2022: 도형의 닮음 section; [9수03-12]~[9수03-14] achievement levels; achievement_level; 도형의 닮음, 닮은 도형의 성질, 닮음비, 삼각형의 닮음 조건, 평행선 사이의 선분의 길이의 비와 무게중심 성질을 구분",,prerequisite_ref;textbook_page_refs,Find textbook sequencing or prior-knowledge evidence for the prerequisite relation.,pending_textbook_pdf,,,,,,,,,,
10,중1(교육과정 학년군: 중1-3),도형과 측정,기본 도형,m1_geo_point__prerequisite_for__m1_geo_polygon,cross_unit,m1_geo_point,점,기본 도형,m1_geo_polygon,다각형,평면도형의 성질,prerequisite_for,high,2,"curriculum_math_2022: printed pp. 37-38; [9수03-05]; achievement_standard; 다각형의 성질을 이해하고 설명하는 성취기준 | achievement_math_2022: 평면도형의 성질 section; [9수03-05] achievement levels; achievement_level; 다각형의 내각과 외각의 크기, 다각형의 대각선 개수 등 성질 이해 수준을 구분",,prerequisite_ref;textbook_page_refs,Find textbook sequencing or prior-knowledge evidence for the prerequisite relation.,pending_textbook_pdf,,,,,,,,,,
10,중1(교육과정 학년군: 중1-3),도형과 측정,기본 도형,m1_geo_point__prerequisite_for__m1_geo_solid_vertex,cross_unit,m1_geo_point,점,기본 도형,m1_geo_solid_vertex,입체도형의 꼭짓점,입체도형의 성질,prerequisite_for,medium,4,"curriculum_math_2022: printed p. 38; [9수03-07]; achievement_standard; 모형이나 공학 도구로 다면체와 회전체의 성질을 탐구하고 설명하는 성취기준 | achievement_math_2022: 입체도형의 성질 section; [9수03-07]~[9수03-08] achievement levels; achievement_level; 다면체와 회전체의 성질을 모형이나 공학 도구로 탐구하고 입체도형의 겉넓이와 부피를 구하는 수준을 구분 | achievement_research_report_2022: 연구보고서 p. 174; 각기둥과 각뿔 성취기준별 성취수준; research_report_achievement_level_context; 각기둥과 각뿔에서 면, 모서리, 꼭짓점을 찾고 성질을 설명하는 성취수준 맥락 | achievement_research_report_2022: 연구보고서 p. 181; 도형과 측정 영역별 성취수준; research_report_achievement_level_context; 각기둥과 각뿔, 원기둥, 원뿔, 구의 구성 요소와 성질을 이해하는 도형과 측정 영역별 성취수준 맥락",,prerequisite_ref;textbook_page_refs,Find textbook sequencing or prior-knowledge evidence for the prerequisite relation.,pending_textbook_pdf,,,,,,,,,,
10,중1(교육과정 학년군: 중1-3),도형과 측정,기본 도형,m1_geo_point__prerequisite_for__m1_geo_triangle,cross_unit,m1_geo_point,점,기본 도형,m1_geo_triangle,삼각형,도형과 측정,prerequisite_for,medium,9,"curriculum_math_2022: printed p. 37; [9수03-03]; achievement_standard; 삼각형을 작도하고 그 과정을 설명하는 성취기준 | curriculum_math_2022: printed p. 37; [9수03-04]; achievement_standard; 삼각형의 합동 조건을 이해하고 합동인지 판별하는 성취기준 | curriculum_math_2022: printed p. 38; [9수03-09]; achievement_standard; 이등변삼각형의 성질을 이해하고 정당화하는 성취기준 | curriculum_math_2022: printed p. 38; [9수03-13]; achievement_standard; 삼각형의 닮음 조건을 이해하고 닮음인지 판별하는 성취기준 | achievement_math_2022: 작도와 합동 section; [9수03-03] achievement levels; achievement_level; 삼각형 작도와 주어진 삼각형과 합동인 삼각형 작도, 작도 과정 설명 수준을 구분 | achievement_math_2022: 작도와 합동 section; [9수03-04] achievement levels; achievement_level; 삼각형의 합동 조건을 이해하고 두 삼각형의 합동 여부를 판별하는 수준을 구분 | achievement_math_2022: 삼각형과 사각형의 성질 section; [9수03-09]~[9수03-11] achievement levels; achievement_level; 이등변삼각형, 삼각형의 외심과 내심, 사각형의 성질과 여러 사각형 사이의 관계를 이해하고 정당화하는 수준을 구분 | achievement_math_2022: 도형의 닮음 section; [9수03-12]~[9수03-14] achievement levels; achievement_level; 도형의 닮음, 닮은 도형의 성질, 닮음비, 삼각형의 닮음 조건, 평행선 사이의 선분의 길이의 비와 무게중심 성질을 구분 | achievement_research_report_2022: 연구보고서 p. 62; 도형과 측정 융합 세트 평가 과제; research_report_assessment_item_context; 삼각형의 외심의 성질을 이용하여 외접원의 넓이를 구하는 중학교 도형 평가 과제 맥락",,prerequisite_ref;textbook_page_refs,Find textbook sequencing or prior-knowledge evidence for the prerequisite relation.,pending_textbook_pdf,,,,,,,,,,
10,중1(교육과정 학년군: 중1-3),도형과 측정,기본 도형,m1_geo_figure__used_in__m1_geo_basic_unit,cross_unit,m1_geo_figure,도형,도형과 측정,m1_geo_basic_unit,기본 도형,기본 도형,used_in,medium,3,"curriculum_math_2022: printed p. 37; [9수03-01]; achievement_standard; 점, 선, 면, 각을 이해하고 점, 직선, 평면의 위치 관계를 설명하는 성취기준 | curriculum_math_2022: printed p. 37; [9수03-02]; achievement_standard; 평행선에서 동위각과 엇각의 성질을 이해하고 설명하는 성취기준 | achievement_math_2022: 기본 도형 section; [9수03-01] achievement levels; achievement_level; 점, 선, 면, 각 관련 용어와 기호를 이해하고 점, 직선, 평면의 위치 관계를 설명하는 수준을 구분",,procedure_ref;textbook_page_refs,"Find a worked example, procedure, or application where this source concept is used.",pending_textbook_pdf,,,,,,,,,,
10,중1(교육과정 학년군: 중1-3),도형과 측정,기본 도형,m1_geo_length__used_in__m1_geo_distance_between_two_points,cross_unit,m1_geo_length,길이,도형과 측정,m1_geo_distance_between_two_points,두 점 사이의 거리,기본 도형,used_in,medium,2,"curriculum_math_2022: printed pp. 38-39; terms and symbols for 도형과 측정; term_list; 교점, 교선, 두 점 사이의 거리, 중점, 수직이등분선, 꼬인 위치, 교각, 맞꼭지각, 엇각, 동위각, 평각, 직교, 수선의 발, 작도, 대변, 대각, 삼각형의 합동 조건, 내각, 외각, 부채꼴, 중심각, 호, 현, 활꼴, 할선, 다면체, 각뿔대, 정다면체, 회전체, 회전축, 원뿔대, 증명, 접선, 접점, 접한다, 외심, 외접, 외접원, 내심, 내접, 내접원, 중선, 무게중심, 닮음, 닮음비, 삼각형의 닮음 조건, 피타고라스 정리, 삼각비, 사인, 코사인, 탄젠트, 원주각 등을 다룸 | achievement_math_2022: 기본 도형 section; [9수03-01] achievement levels; achievement_level; 점, 선, 면, 각 관련 용어와 기호를 이해하고 점, 직선, 평면의 위치 관계를 설명하는 수준을 구분",,procedure_ref;textbook_page_refs,"Find a worked example, procedure, or application where this source concept is used.",pending_textbook_pdf,,,,,,,,,,
10,중1(교육과정 학년군: 중1-3),도형과 측정,기본 도형,m1_geo_parallel_angle_properties__used_in__m1_geo_polygon_angle_sum,cross_unit,m1_geo_parallel_angle_properties,평행선에서 동위각과 엇각의 성질,기본 도형,m1_geo_polygon_angle_sum,다각형의 내각과 외각의 크기,평면도형의 성질,used_in,medium,3,"curriculum_math_2022: printed p. 37; [9수03-02]; achievement_standard; 평행선에서 동위각과 엇각의 성질을 이해하고 설명하는 성취기준 | curriculum_math_2022: printed pp. 37-38; [9수03-05]; achievement_standard; 다각형의 성질을 이해하고 설명하는 성취기준 | achievement_math_2022: 평면도형의 성질 section; [9수03-05] achievement levels; achievement_level; 다각형의 내각과 외각의 크기, 다각형의 대각선 개수 등 성질 이해 수준을 구분",,procedure_ref;textbook_page_refs,"Find a worked example, procedure, or application where this source concept is used.",pending_textbook_pdf,,,,,,,,,,
10,중1(교육과정 학년군: 중1-3),도형과 측정,기본 도형,m1_geo_perpendicular_bisector__used_in__m1_geo_circumcenter,cross_unit,m1_geo_perpendicular_bisector,수직이등분선,기본 도형,m1_geo_circumcenter,외심,삼각형과 사각형의 성질,used_in,high,2,"curriculum_math_2022: printed p. 38; [9수03-10]; achievement_standard; 삼각형의 외심과 내심의 성질을 이해하고 정당화하는 성취기준 | achievement_math_2022: 삼각형과 사각형의 성질 section; [9수03-09]~[9수03-11] achievement levels; achievement_level; 이등변삼각형, 삼각형의 외심과 내심, 사각형의 성질과 여러 사각형 사이의 관계를 이해하고 정당화하는 수준을 구분",,procedure_ref;textbook_page_refs,"Find a worked example, procedure, or application where this source concept is used.",pending_textbook_pdf,,,,,,,,,,
10,중1(교육과정 학년군: 중1-3),도형과 측정,기본 도형,m1_geo_perpendicular_bisector__used_in__m1_geo_construct_circumcenter,cross_unit,m1_geo_perpendicular_bisector,수직이등분선,기본 도형,m1_geo_construct_circumcenter,외심 찾기,삼각형과 사각형의 성질,used_in,high,3,"curriculum_math_2022: printed p. 38; [9수03-10]; achievement_standard; 삼각형의 외심과 내심의 성질을 이해하고 정당화하는 성취기준 | curriculum_math_2022: printed pp. 38-39; [9수03-09], [9수03-11] explanation and considerations; teaching_note; 도형 성질의 정당화 방법으로 관찰, 실험, 근거 제시, 유사성에 근거한 추론, 증명을 학생 수준에 맞게 활용하되 증명에서 가정과 결론 용어는 다루지 않음 | achievement_math_2022: 삼각형과 사각형의 성질 section; [9수03-09]~[9수03-11] achievement levels; achievement_level; 이등변삼각형, 삼각형의 외심과 내심, 사각형의 성질과 여러 사각형 사이의 관계를 이해하고 정당화하는 수준을 구분",,procedure_ref;textbook_page_refs,"Find a worked example, procedure, or application where this source concept is used.",pending_textbook_pdf,,,,,,,,,,
10,중1(교육과정 학년군: 중1-3),도형과 측정,기본 도형,m1_geo_intersection_point__contrasts_with__m1_func_intersection_point,cross_unit,m1_geo_intersection_point,교점,기본 도형,m1_func_intersection_point,교점,일차함수와 일차방정식의 관계,contrasts_with,medium,5,"curriculum_math_2022: printed p. 37; [9수03-01]; achievement_standard; 점, 선, 면, 각을 이해하고 점, 직선, 평면의 위치 관계를 설명하는 성취기준 | curriculum_math_2022: printed pp. 38-39; terms and symbols for 도형과 측정; term_list; 교점, 교선, 두 점 사이의 거리, 중점, 수직이등분선, 꼬인 위치, 교각, 맞꼭지각, 엇각, 동위각, 평각, 직교, 수선의 발, 작도, 대변, 대각, 삼각형의 합동 조건, 내각, 외각, 부채꼴, 중심각, 호, 현, 활꼴, 할선, 다면체, 각뿔대, 정다면체, 회전체, 회전축, 원뿔대, 증명, 접선, 접점, 접한다, 외심, 외접, 외접원, 내심, 내접, 내접원, 중선, 무게중심, 닮음, 닮음비, 삼각형의 닮음 조건, 피타고라스 정리, 삼각비, 사인, 코사인, 탄젠트, 원주각 등을 다룸 | curriculum_math_2022: printed p. 35; [9수02-18]; achievement_standard; 두 일차함수의 그래프와 연립일차방정식의 관계를 설명하는 성취기준 | achievement_math_2022: 기본 도형 section; [9수03-01] achievement levels; achievement_level; 점, 선, 면, 각 관련 용어와 기호를 이해하고 점, 직선, 평면의 위치 관계를 설명하는 수준을 구분 | achievement_math_2022: 일차함수와 일차방정식의 관계 section; [9수02-18] achievement levels; achievement_level; 두 일차함수의 그래프의 교점과 연립일차방정식의 해 사이의 관계를 설명하는 수행 수준을 구분","The same Korean term '교점' appears for geometric intersections and intersections of linear graphs, so the map keeps the contexts distinct.",contrast_ref;textbook_page_refs,Find textbook wording or examples that distinguish the two concepts.,pending_textbook_pdf,,,,,,,,,,
10,중1(교육과정 학년군: 중1-3),도형과 측정,기본 도형,m1_geo_parallel_angle_properties__contrasts_with__m1_geo_parallel_segment_ratio,cross_unit,m1_geo_parallel_angle_properties,평행선에서 동위각과 엇각의 성질,기본 도형,m1_geo_parallel_segment_ratio,평행선 사이의 선분의 길이의 비,도형의 닮음,contrasts_with,medium,4,"curriculum_math_2022: printed p. 37; [9수03-02]; achievement_standard; 평행선에서 동위각과 엇각의 성질을 이해하고 설명하는 성취기준 | curriculum_math_2022: printed p. 38; [9수03-14]; achievement_standard; 평행선 사이의 선분의 길이의 비를 구하는 성취기준 | achievement_math_2022: 기본 도형 section; [9수03-02] achievement levels; achievement_level; 평행선에서 동위각과 엇각을 찾고 각의 크기를 구하거나 성질을 설명하는 수준을 구분 | achievement_math_2022: 도형의 닮음 section; [9수03-12]~[9수03-14] achievement levels; achievement_level; 도형의 닮음, 닮은 도형의 성질, 닮음비, 삼각형의 닮음 조건, 평행선 사이의 선분의 길이의 비와 무게중심 성질을 구분","Both properties use parallel lines, but one concerns angle equality and the other concerns segment-length ratios.",contrast_ref;textbook_page_refs,Find textbook wording or examples that distinguish the two concepts.,pending_textbook_pdf,,,,,,,,,,
