packet_rank,grade,domain,unit,edge_id,edge_scope,source_id,source_label_ko,source_unit,target_id,target_label_ko,target_unit,relationship_type,confidence,source_ref_count,current_source_refs,notes,required_evidence_fields,evidence_focus,extraction_status,structure_ref,prerequisite_ref,representation_ref,procedure_ref,contrast_ref,misconception_ref,problem_pattern_ref,related_ref,textbook_page_refs,extraction_notes
5,중1(교육과정 학년군: 중1-3),수와 연산,정수와 유리수,m1_num_absolute_value__contains__m1_num_opposite_numbers,intra_unit,m1_num_absolute_value,절댓값,정수와 유리수,m1_num_opposite_numbers,절댓값이 같고 부호가 다른 두 수,정수와 유리수,contains,low,3,"curriculum_math_2022: printed p. 33; [9수01-04]; achievement_standard; 정수와 유리수의 대소 관계를 판단하는 성취기준 | curriculum_math_2022: printed p. 34; terms and symbols for 수와 연산; term_list; 소수, 합성수, 거듭제곱, 지수, 밑, 소인수, 소인수분해, 서로소, 양수, 음수, 정수, 수직선, 유리수, 절댓값, 교환법칙, 결합법칙, 분배법칙, 역수, 유한소수, 무한소수, 순환소수, 순환마디, 제곱근, 근호, 무리수, 실수, 분모의 유리화 등을 다룸 | achievement_math_2022: 정수와 유리수 section; [9수01-04] achievement levels; achievement_level; 정수와 유리수의 대소 관계를 판단하고 수직선 위에서 비교하는 수준을 구분",,structure_ref;textbook_page_refs;extraction_notes,Find textbook structure evidence for the containment relation.,pending_textbook_pdf,,,,,,,,,,
5,중1(교육과정 학년군: 중1-3),수와 연산,정수와 유리수,m1_num_integer_rational_add_sub__contains__m1_num_subtraction_as_add_opposite,intra_unit,m1_num_integer_rational_add_sub,정수와 유리수의 덧셈과 뺄셈,정수와 유리수,m1_num_subtraction_as_add_opposite,뺄셈을 반대 부호의 덧셈으로 바꾸기,정수와 유리수,contains,low,2,"curriculum_math_2022: printed p. 33; [9수01-05]; achievement_standard; 정수와 유리수의 사칙계산 원리를 이해하고 계산하는 성취기준 | achievement_math_2022: 정수와 유리수 section; [9수01-05] achievement levels; achievement_level; 정수와 유리수의 사칙계산 원리 이해, 덧셈·뺄셈·곱셈·나눗셈, 혼합계산 수준을 구분",,structure_ref;textbook_page_refs;extraction_notes,Find textbook structure evidence for the containment relation.,pending_textbook_pdf,,,,,,,,,,
5,중1(교육과정 학년군: 중1-3),수와 연산,정수와 유리수,m1_num_integer_rational_unit__contains__m1_mis_absolute_value_positive,intra_unit,m1_num_integer_rational_unit,정수와 유리수,정수와 유리수,m1_mis_absolute_value_positive,절댓값을 항상 양수로만 말하는 오류,정수와 유리수,contains,low,2,"curriculum_math_2022: printed p. 34; terms and symbols for 수와 연산; term_list; 소수, 합성수, 거듭제곱, 지수, 밑, 소인수, 소인수분해, 서로소, 양수, 음수, 정수, 수직선, 유리수, 절댓값, 교환법칙, 결합법칙, 분배법칙, 역수, 유한소수, 무한소수, 순환소수, 순환마디, 제곱근, 근호, 무리수, 실수, 분모의 유리화 등을 다룸 | achievement_math_2022: 정수와 유리수 section; [9수01-04] achievement levels; achievement_level; 정수와 유리수의 대소 관계를 판단하고 수직선 위에서 비교하는 수준을 구분",,structure_ref;textbook_page_refs;extraction_notes,Find textbook structure evidence for the containment relation.,pending_textbook_pdf,,,,,,,,,,
5,중1(교육과정 학년군: 중1-3),수와 연산,정수와 유리수,m1_num_integer_rational_unit__contains__m1_mis_negative_order,intra_unit,m1_num_integer_rational_unit,정수와 유리수,정수와 유리수,m1_mis_negative_order,음수의 대소를 절댓값 크기로 판단하는 오류,정수와 유리수,contains,low,2,curriculum_math_2022: printed p. 33; [9수01-04]; achievement_standard; 정수와 유리수의 대소 관계를 판단하는 성취기준 | achievement_math_2022: 정수와 유리수 section; [9수01-04] achievement levels; achievement_level; 정수와 유리수의 대소 관계를 판단하고 수직선 위에서 비교하는 수준을 구분,,structure_ref;textbook_page_refs;extraction_notes,Find textbook structure evidence for the containment relation.,pending_textbook_pdf,,,,,,,,,,
5,중1(교육과정 학년군: 중1-3),수와 연산,정수와 유리수,m1_num_integer_rational_unit__contains__m1_mis_sign_operation,intra_unit,m1_num_integer_rational_unit,정수와 유리수,정수와 유리수,m1_mis_sign_operation,부호와 연산 기호를 혼동하는 오류,정수와 유리수,contains,low,2,"curriculum_math_2022: printed p. 34; terms and symbols for 수와 연산; term_list; 소수, 합성수, 거듭제곱, 지수, 밑, 소인수, 소인수분해, 서로소, 양수, 음수, 정수, 수직선, 유리수, 절댓값, 교환법칙, 결합법칙, 분배법칙, 역수, 유한소수, 무한소수, 순환소수, 순환마디, 제곱근, 근호, 무리수, 실수, 분모의 유리화 등을 다룸 | achievement_math_2022: 정수와 유리수 section; [9수01-05] achievement levels; achievement_level; 정수와 유리수의 사칙계산 원리 이해, 덧셈·뺄셈·곱셈·나눗셈, 혼합계산 수준을 구분",,structure_ref;textbook_page_refs;extraction_notes,Find textbook structure evidence for the containment relation.,pending_textbook_pdf,,,,,,,,,,
5,중1(교육과정 학년군: 중1-3),수와 연산,정수와 유리수,m1_num_absolute_value__prerequisite_for__m1_num_opposite_numbers,intra_unit,m1_num_absolute_value,절댓값,정수와 유리수,m1_num_opposite_numbers,절댓값이 같고 부호가 다른 두 수,정수와 유리수,prerequisite_for,low,3,"curriculum_math_2022: printed p. 33; [9수01-04]; achievement_standard; 정수와 유리수의 대소 관계를 판단하는 성취기준 | curriculum_math_2022: printed p. 34; terms and symbols for 수와 연산; term_list; 소수, 합성수, 거듭제곱, 지수, 밑, 소인수, 소인수분해, 서로소, 양수, 음수, 정수, 수직선, 유리수, 절댓값, 교환법칙, 결합법칙, 분배법칙, 역수, 유한소수, 무한소수, 순환소수, 순환마디, 제곱근, 근호, 무리수, 실수, 분모의 유리화 등을 다룸 | achievement_math_2022: 정수와 유리수 section; [9수01-04] achievement levels; achievement_level; 정수와 유리수의 대소 관계를 판단하고 수직선 위에서 비교하는 수준을 구분",,prerequisite_ref;textbook_page_refs;extraction_notes,Find textbook sequencing or prior-knowledge evidence for the prerequisite relation.,pending_textbook_pdf,,,,,,,,,,
5,중1(교육과정 학년군: 중1-3),수와 연산,정수와 유리수,m1_num_addition__prerequisite_for__m1_num_subtraction_as_add_opposite,intra_unit,m1_num_addition,덧셈,정수와 유리수,m1_num_subtraction_as_add_opposite,뺄셈을 반대 부호의 덧셈으로 바꾸기,정수와 유리수,prerequisite_for,low,2,"curriculum_math_2022: printed p. 33; [9수01-05]; achievement_standard; 정수와 유리수의 사칙계산 원리를 이해하고 계산하는 성취기준 | achievement_math_2022: 정수와 유리수 section; [9수01-05] achievement levels; achievement_level; 정수와 유리수의 사칙계산 원리 이해, 덧셈·뺄셈·곱셈·나눗셈, 혼합계산 수준을 구분",,prerequisite_ref;textbook_page_refs;extraction_notes,Find textbook sequencing or prior-knowledge evidence for the prerequisite relation.,pending_textbook_pdf,,,,,,,,,,
5,중1(교육과정 학년군: 중1-3),수와 연산,정수와 유리수,m1_num_minus_sign__prerequisite_for__m1_num_opposite_numbers,intra_unit,m1_num_minus_sign,음의 부호,정수와 유리수,m1_num_opposite_numbers,절댓값이 같고 부호가 다른 두 수,정수와 유리수,prerequisite_for,low,3,"curriculum_math_2022: printed p. 33; [9수01-04]; achievement_standard; 정수와 유리수의 대소 관계를 판단하는 성취기준 | curriculum_math_2022: printed p. 34; terms and symbols for 수와 연산; term_list; 소수, 합성수, 거듭제곱, 지수, 밑, 소인수, 소인수분해, 서로소, 양수, 음수, 정수, 수직선, 유리수, 절댓값, 교환법칙, 결합법칙, 분배법칙, 역수, 유한소수, 무한소수, 순환소수, 순환마디, 제곱근, 근호, 무리수, 실수, 분모의 유리화 등을 다룸 | achievement_math_2022: 정수와 유리수 section; [9수01-04] achievement levels; achievement_level; 정수와 유리수의 대소 관계를 판단하고 수직선 위에서 비교하는 수준을 구분",,prerequisite_ref;textbook_page_refs;extraction_notes,Find textbook sequencing or prior-knowledge evidence for the prerequisite relation.,pending_textbook_pdf,,,,,,,,,,
5,중1(교육과정 학년군: 중1-3),수와 연산,정수와 유리수,m1_num_minus_sign__prerequisite_for__m1_num_subtraction_as_add_opposite,intra_unit,m1_num_minus_sign,음의 부호,정수와 유리수,m1_num_subtraction_as_add_opposite,뺄셈을 반대 부호의 덧셈으로 바꾸기,정수와 유리수,prerequisite_for,low,2,"curriculum_math_2022: printed p. 33; [9수01-05]; achievement_standard; 정수와 유리수의 사칙계산 원리를 이해하고 계산하는 성취기준 | achievement_math_2022: 정수와 유리수 section; [9수01-05] achievement levels; achievement_level; 정수와 유리수의 사칙계산 원리 이해, 덧셈·뺄셈·곱셈·나눗셈, 혼합계산 수준을 구분",,prerequisite_ref;textbook_page_refs;extraction_notes,Find textbook sequencing or prior-knowledge evidence for the prerequisite relation.,pending_textbook_pdf,,,,,,,,,,
5,중1(교육과정 학년군: 중1-3),수와 연산,정수와 유리수,m1_num_opposite_numbers__prerequisite_for__m1_num_subtraction_as_add_opposite,intra_unit,m1_num_opposite_numbers,절댓값이 같고 부호가 다른 두 수,정수와 유리수,m1_num_subtraction_as_add_opposite,뺄셈을 반대 부호의 덧셈으로 바꾸기,정수와 유리수,prerequisite_for,low,2,"curriculum_math_2022: printed p. 33; [9수01-05]; achievement_standard; 정수와 유리수의 사칙계산 원리를 이해하고 계산하는 성취기준 | achievement_math_2022: 정수와 유리수 section; [9수01-05] achievement levels; achievement_level; 정수와 유리수의 사칙계산 원리 이해, 덧셈·뺄셈·곱셈·나눗셈, 혼합계산 수준을 구분",,prerequisite_ref;textbook_page_refs;extraction_notes,Find textbook sequencing or prior-knowledge evidence for the prerequisite relation.,pending_textbook_pdf,,,,,,,,,,
5,중1(교육과정 학년군: 중1-3),수와 연산,정수와 유리수,m1_num_plus_sign__prerequisite_for__m1_num_opposite_numbers,intra_unit,m1_num_plus_sign,양의 부호,정수와 유리수,m1_num_opposite_numbers,절댓값이 같고 부호가 다른 두 수,정수와 유리수,prerequisite_for,low,3,"curriculum_math_2022: printed p. 33; [9수01-04]; achievement_standard; 정수와 유리수의 대소 관계를 판단하는 성취기준 | curriculum_math_2022: printed p. 34; terms and symbols for 수와 연산; term_list; 소수, 합성수, 거듭제곱, 지수, 밑, 소인수, 소인수분해, 서로소, 양수, 음수, 정수, 수직선, 유리수, 절댓값, 교환법칙, 결합법칙, 분배법칙, 역수, 유한소수, 무한소수, 순환소수, 순환마디, 제곱근, 근호, 무리수, 실수, 분모의 유리화 등을 다룸 | achievement_math_2022: 정수와 유리수 section; [9수01-04] achievement levels; achievement_level; 정수와 유리수의 대소 관계를 판단하고 수직선 위에서 비교하는 수준을 구분",,prerequisite_ref;textbook_page_refs;extraction_notes,Find textbook sequencing or prior-knowledge evidence for the prerequisite relation.,pending_textbook_pdf,,,,,,,,,,
5,중1(교육과정 학년군: 중1-3),수와 연산,정수와 유리수,m1_num_plus_sign__prerequisite_for__m1_num_subtraction_as_add_opposite,intra_unit,m1_num_plus_sign,양의 부호,정수와 유리수,m1_num_subtraction_as_add_opposite,뺄셈을 반대 부호의 덧셈으로 바꾸기,정수와 유리수,prerequisite_for,low,2,"curriculum_math_2022: printed p. 33; [9수01-05]; achievement_standard; 정수와 유리수의 사칙계산 원리를 이해하고 계산하는 성취기준 | achievement_math_2022: 정수와 유리수 section; [9수01-05] achievement levels; achievement_level; 정수와 유리수의 사칙계산 원리 이해, 덧셈·뺄셈·곱셈·나눗셈, 혼합계산 수준을 구분",,prerequisite_ref;textbook_page_refs;extraction_notes,Find textbook sequencing or prior-knowledge evidence for the prerequisite relation.,pending_textbook_pdf,,,,,,,,,,
5,중1(교육과정 학년군: 중1-3),수와 연산,정수와 유리수,m1_num_subtraction__prerequisite_for__m1_num_subtraction_as_add_opposite,intra_unit,m1_num_subtraction,뺄셈,정수와 유리수,m1_num_subtraction_as_add_opposite,뺄셈을 반대 부호의 덧셈으로 바꾸기,정수와 유리수,prerequisite_for,low,2,"curriculum_math_2022: printed p. 33; [9수01-05]; achievement_standard; 정수와 유리수의 사칙계산 원리를 이해하고 계산하는 성취기준 | achievement_math_2022: 정수와 유리수 section; [9수01-05] achievement levels; achievement_level; 정수와 유리수의 사칙계산 원리 이해, 덧셈·뺄셈·곱셈·나눗셈, 혼합계산 수준을 구분",,prerequisite_ref;textbook_page_refs;extraction_notes,Find textbook sequencing or prior-knowledge evidence for the prerequisite relation.,pending_textbook_pdf,,,,,,,,,,
5,중1(교육과정 학년군: 중1-3),수와 연산,정수와 유리수,m1_num_subtraction_as_add_opposite__used_in__m1_num_integer_rational_add_sub,intra_unit,m1_num_subtraction_as_add_opposite,뺄셈을 반대 부호의 덧셈으로 바꾸기,정수와 유리수,m1_num_integer_rational_add_sub,정수와 유리수의 덧셈과 뺄셈,정수와 유리수,used_in,low,2,"curriculum_math_2022: printed p. 33; [9수01-05]; achievement_standard; 정수와 유리수의 사칙계산 원리를 이해하고 계산하는 성취기준 | achievement_math_2022: 정수와 유리수 section; [9수01-05] achievement levels; achievement_level; 정수와 유리수의 사칙계산 원리 이해, 덧셈·뺄셈·곱셈·나눗셈, 혼합계산 수준을 구분",,procedure_ref;textbook_page_refs;extraction_notes,"Find a worked example, procedure, or application where this source concept is used.",pending_textbook_pdf,,,,,,,,,,
5,중1(교육과정 학년군: 중1-3),수와 연산,정수와 유리수,m1_num_opposite_numbers__contrasts_with__m1_num_zero,intra_unit,m1_num_opposite_numbers,절댓값이 같고 부호가 다른 두 수,정수와 유리수,m1_num_zero,0,정수와 유리수,contrasts_with,low,3,"curriculum_math_2022: printed p. 33; [9수01-04]; achievement_standard; 정수와 유리수의 대소 관계를 판단하는 성취기준 | curriculum_math_2022: printed p. 34; terms and symbols for 수와 연산; term_list; 소수, 합성수, 거듭제곱, 지수, 밑, 소인수, 소인수분해, 서로소, 양수, 음수, 정수, 수직선, 유리수, 절댓값, 교환법칙, 결합법칙, 분배법칙, 역수, 유한소수, 무한소수, 순환소수, 순환마디, 제곱근, 근호, 무리수, 실수, 분모의 유리화 등을 다룸 | achievement_math_2022: 정수와 유리수 section; [9수01-04] achievement levels; achievement_level; 정수와 유리수의 대소 관계를 판단하고 수직선 위에서 비교하는 수준을 구분",부호가 반대인 두 수의 관계는 0 자체와 구별해야 한다. 교과서 표현 확인 전까지 낮은 신뢰도로 둔다.,contrast_ref;textbook_page_refs;extraction_notes,Find textbook wording or examples that distinguish the two concepts.,pending_textbook_pdf,,,,,,,,,,
5,중1(교육과정 학년군: 중1-3),수와 연산,정수와 유리수,m1_mis_absolute_value_positive__often_confused_with__m1_num_absolute_value,intra_unit,m1_mis_absolute_value_positive,절댓값을 항상 양수로만 말하는 오류,정수와 유리수,m1_num_absolute_value,절댓값,정수와 유리수,often_confused_with,low,2,"curriculum_math_2022: printed p. 34; terms and symbols for 수와 연산; term_list; 소수, 합성수, 거듭제곱, 지수, 밑, 소인수, 소인수분해, 서로소, 양수, 음수, 정수, 수직선, 유리수, 절댓값, 교환법칙, 결합법칙, 분배법칙, 역수, 유한소수, 무한소수, 순환소수, 순환마디, 제곱근, 근호, 무리수, 실수, 분모의 유리화 등을 다룸 | achievement_math_2022: 정수와 유리수 section; [9수01-04] achievement levels; achievement_level; 정수와 유리수의 대소 관계를 판단하고 수직선 위에서 비교하는 수준을 구분",,misconception_ref;problem_pattern_ref;textbook_page_refs;extraction_notes,"Find misconception, caution, example, or problem-pattern evidence for the confusion risk.",pending_textbook_pdf,,,,,,,,,,
5,중1(교육과정 학년군: 중1-3),수와 연산,정수와 유리수,m1_mis_absolute_value_positive__often_confused_with__m1_num_number_line,intra_unit,m1_mis_absolute_value_positive,절댓값을 항상 양수로만 말하는 오류,정수와 유리수,m1_num_number_line,수직선,정수와 유리수,often_confused_with,low,2,"curriculum_math_2022: printed p. 34; terms and symbols for 수와 연산; term_list; 소수, 합성수, 거듭제곱, 지수, 밑, 소인수, 소인수분해, 서로소, 양수, 음수, 정수, 수직선, 유리수, 절댓값, 교환법칙, 결합법칙, 분배법칙, 역수, 유한소수, 무한소수, 순환소수, 순환마디, 제곱근, 근호, 무리수, 실수, 분모의 유리화 등을 다룸 | achievement_math_2022: 정수와 유리수 section; [9수01-04] achievement levels; achievement_level; 정수와 유리수의 대소 관계를 판단하고 수직선 위에서 비교하는 수준을 구분",related_ids에서 확인된 오개념 위험 연결을 낮은 신뢰도 edge로 보강. 교과서 근거 확인 후 유지 또는 조정.,misconception_ref;problem_pattern_ref;textbook_page_refs;extraction_notes,"Find misconception, caution, example, or problem-pattern evidence for the confusion risk.",pending_textbook_pdf,,,,,,,,,,
5,중1(교육과정 학년군: 중1-3),수와 연산,정수와 유리수,m1_mis_absolute_value_positive__often_confused_with__m1_num_opposite_numbers,intra_unit,m1_mis_absolute_value_positive,절댓값을 항상 양수로만 말하는 오류,정수와 유리수,m1_num_opposite_numbers,절댓값이 같고 부호가 다른 두 수,정수와 유리수,often_confused_with,low,2,"curriculum_math_2022: printed p. 34; terms and symbols for 수와 연산; term_list; 소수, 합성수, 거듭제곱, 지수, 밑, 소인수, 소인수분해, 서로소, 양수, 음수, 정수, 수직선, 유리수, 절댓값, 교환법칙, 결합법칙, 분배법칙, 역수, 유한소수, 무한소수, 순환소수, 순환마디, 제곱근, 근호, 무리수, 실수, 분모의 유리화 등을 다룸 | achievement_math_2022: 정수와 유리수 section; [9수01-04] achievement levels; achievement_level; 정수와 유리수의 대소 관계를 판단하고 수직선 위에서 비교하는 수준을 구분",related_ids에서 확인된 오개념 위험 연결을 낮은 신뢰도 edge로 보강. 교과서 근거 확인 후 유지 또는 조정.,misconception_ref;problem_pattern_ref;textbook_page_refs;extraction_notes,"Find misconception, caution, example, or problem-pattern evidence for the confusion risk.",pending_textbook_pdf,,,,,,,,,,
5,중1(교육과정 학년군: 중1-3),수와 연산,정수와 유리수,m1_mis_absolute_value_positive__often_confused_with__m1_num_zero,intra_unit,m1_mis_absolute_value_positive,절댓값을 항상 양수로만 말하는 오류,정수와 유리수,m1_num_zero,0,정수와 유리수,often_confused_with,low,2,"curriculum_math_2022: printed p. 34; terms and symbols for 수와 연산; term_list; 소수, 합성수, 거듭제곱, 지수, 밑, 소인수, 소인수분해, 서로소, 양수, 음수, 정수, 수직선, 유리수, 절댓값, 교환법칙, 결합법칙, 분배법칙, 역수, 유한소수, 무한소수, 순환소수, 순환마디, 제곱근, 근호, 무리수, 실수, 분모의 유리화 등을 다룸 | achievement_math_2022: 정수와 유리수 section; [9수01-04] achievement levels; achievement_level; 정수와 유리수의 대소 관계를 판단하고 수직선 위에서 비교하는 수준을 구분",related_ids에서 확인된 오개념 위험 연결을 낮은 신뢰도 edge로 보강. 교과서 근거 확인 후 유지 또는 조정.,misconception_ref;problem_pattern_ref;textbook_page_refs;extraction_notes,"Find misconception, caution, example, or problem-pattern evidence for the confusion risk.",pending_textbook_pdf,,,,,,,,,,
5,중1(교육과정 학년군: 중1-3),수와 연산,정수와 유리수,m1_mis_negative_order__often_confused_with__m1_num_absolute_value,intra_unit,m1_mis_negative_order,음수의 대소를 절댓값 크기로 판단하는 오류,정수와 유리수,m1_num_absolute_value,절댓값,정수와 유리수,often_confused_with,low,2,curriculum_math_2022: printed p. 33; [9수01-04]; achievement_standard; 정수와 유리수의 대소 관계를 판단하는 성취기준 | achievement_math_2022: 정수와 유리수 section; [9수01-04] achievement levels; achievement_level; 정수와 유리수의 대소 관계를 판단하고 수직선 위에서 비교하는 수준을 구분,related_ids에서 확인된 오개념 위험 연결을 낮은 신뢰도 edge로 보강. 교과서 근거 확인 후 유지 또는 조정.,misconception_ref;problem_pattern_ref;textbook_page_refs;extraction_notes,"Find misconception, caution, example, or problem-pattern evidence for the confusion risk.",pending_textbook_pdf,,,,,,,,,,
5,중1(교육과정 학년군: 중1-3),수와 연산,정수와 유리수,m1_mis_negative_order__often_confused_with__m1_num_negative_number,intra_unit,m1_mis_negative_order,음수의 대소를 절댓값 크기로 판단하는 오류,정수와 유리수,m1_num_negative_number,음수,정수와 유리수,often_confused_with,low,2,curriculum_math_2022: printed p. 33; [9수01-04]; achievement_standard; 정수와 유리수의 대소 관계를 판단하는 성취기준 | achievement_math_2022: 정수와 유리수 section; [9수01-04] achievement levels; achievement_level; 정수와 유리수의 대소 관계를 판단하고 수직선 위에서 비교하는 수준을 구분,related_ids에서 확인된 오개념 위험 연결을 낮은 신뢰도 edge로 보강. 교과서 근거 확인 후 유지 또는 조정.,misconception_ref;problem_pattern_ref;textbook_page_refs;extraction_notes,"Find misconception, caution, example, or problem-pattern evidence for the confusion risk.",pending_textbook_pdf,,,,,,,,,,
5,중1(교육과정 학년군: 중1-3),수와 연산,정수와 유리수,m1_mis_negative_order__often_confused_with__m1_num_number_line_position_order,intra_unit,m1_mis_negative_order,음수의 대소를 절댓값 크기로 판단하는 오류,정수와 유리수,m1_num_number_line_position_order,수직선에서 오른쪽에 있는 수가 더 큼,정수와 유리수,often_confused_with,low,2,curriculum_math_2022: printed p. 33; [9수01-04]; achievement_standard; 정수와 유리수의 대소 관계를 판단하는 성취기준 | achievement_math_2022: 정수와 유리수 section; [9수01-04] achievement levels; achievement_level; 정수와 유리수의 대소 관계를 판단하고 수직선 위에서 비교하는 수준을 구분,related_ids에서 확인된 오개념 위험 연결을 낮은 신뢰도 edge로 보강. 교과서 근거 확인 후 유지 또는 조정.,misconception_ref;problem_pattern_ref;textbook_page_refs;extraction_notes,"Find misconception, caution, example, or problem-pattern evidence for the confusion risk.",pending_textbook_pdf,,,,,,,,,,
5,중1(교육과정 학년군: 중1-3),수와 연산,정수와 유리수,m1_mis_negative_order__often_confused_with__m1_num_order_relation,intra_unit,m1_mis_negative_order,음수의 대소를 절댓값 크기로 판단하는 오류,정수와 유리수,m1_num_order_relation,정수와 유리수의 대소 관계,정수와 유리수,often_confused_with,low,2,curriculum_math_2022: printed p. 33; [9수01-04]; achievement_standard; 정수와 유리수의 대소 관계를 판단하는 성취기준 | achievement_math_2022: 정수와 유리수 section; [9수01-04] achievement levels; achievement_level; 정수와 유리수의 대소 관계를 판단하고 수직선 위에서 비교하는 수준을 구분,,misconception_ref;problem_pattern_ref;textbook_page_refs;extraction_notes,"Find misconception, caution, example, or problem-pattern evidence for the confusion risk.",pending_textbook_pdf,,,,,,,,,,
5,중1(교육과정 학년군: 중1-3),수와 연산,정수와 유리수,m1_mis_sign_operation__often_confused_with__m1_num_different_sign_addition,intra_unit,m1_mis_sign_operation,부호와 연산 기호를 혼동하는 오류,정수와 유리수,m1_num_different_sign_addition,부호가 다른 수의 덧셈,정수와 유리수,often_confused_with,low,2,"curriculum_math_2022: printed p. 34; terms and symbols for 수와 연산; term_list; 소수, 합성수, 거듭제곱, 지수, 밑, 소인수, 소인수분해, 서로소, 양수, 음수, 정수, 수직선, 유리수, 절댓값, 교환법칙, 결합법칙, 분배법칙, 역수, 유한소수, 무한소수, 순환소수, 순환마디, 제곱근, 근호, 무리수, 실수, 분모의 유리화 등을 다룸 | achievement_math_2022: 정수와 유리수 section; [9수01-05] achievement levels; achievement_level; 정수와 유리수의 사칙계산 원리 이해, 덧셈·뺄셈·곱셈·나눗셈, 혼합계산 수준을 구분",related_ids에서 확인된 오개념 위험 연결을 낮은 신뢰도 edge로 보강. 교과서 근거 확인 후 유지 또는 조정.,misconception_ref;problem_pattern_ref;textbook_page_refs;extraction_notes,"Find misconception, caution, example, or problem-pattern evidence for the confusion risk.",pending_textbook_pdf,,,,,,,,,,
5,중1(교육과정 학년군: 중1-3),수와 연산,정수와 유리수,m1_mis_sign_operation__often_confused_with__m1_num_integer_rational_add_sub,intra_unit,m1_mis_sign_operation,부호와 연산 기호를 혼동하는 오류,정수와 유리수,m1_num_integer_rational_add_sub,정수와 유리수의 덧셈과 뺄셈,정수와 유리수,often_confused_with,low,2,"curriculum_math_2022: printed p. 34; terms and symbols for 수와 연산; term_list; 소수, 합성수, 거듭제곱, 지수, 밑, 소인수, 소인수분해, 서로소, 양수, 음수, 정수, 수직선, 유리수, 절댓값, 교환법칙, 결합법칙, 분배법칙, 역수, 유한소수, 무한소수, 순환소수, 순환마디, 제곱근, 근호, 무리수, 실수, 분모의 유리화 등을 다룸 | achievement_math_2022: 정수와 유리수 section; [9수01-05] achievement levels; achievement_level; 정수와 유리수의 사칙계산 원리 이해, 덧셈·뺄셈·곱셈·나눗셈, 혼합계산 수준을 구분",related_ids에서 확인된 오개념 위험 연결을 낮은 신뢰도 edge로 보강. 교과서 근거 확인 후 유지 또는 조정.,misconception_ref;problem_pattern_ref;textbook_page_refs;extraction_notes,"Find misconception, caution, example, or problem-pattern evidence for the confusion risk.",pending_textbook_pdf,,,,,,,,,,
5,중1(교육과정 학년군: 중1-3),수와 연산,정수와 유리수,m1_mis_sign_operation__often_confused_with__m1_num_integer_rational_mul_div,intra_unit,m1_mis_sign_operation,부호와 연산 기호를 혼동하는 오류,정수와 유리수,m1_num_integer_rational_mul_div,정수와 유리수의 곱셈과 나눗셈,정수와 유리수,often_confused_with,low,2,"curriculum_math_2022: printed p. 34; terms and symbols for 수와 연산; term_list; 소수, 합성수, 거듭제곱, 지수, 밑, 소인수, 소인수분해, 서로소, 양수, 음수, 정수, 수직선, 유리수, 절댓값, 교환법칙, 결합법칙, 분배법칙, 역수, 유한소수, 무한소수, 순환소수, 순환마디, 제곱근, 근호, 무리수, 실수, 분모의 유리화 등을 다룸 | achievement_math_2022: 정수와 유리수 section; [9수01-05] achievement levels; achievement_level; 정수와 유리수의 사칙계산 원리 이해, 덧셈·뺄셈·곱셈·나눗셈, 혼합계산 수준을 구분",related_ids에서 확인된 오개념 위험 연결을 낮은 신뢰도 edge로 보강. 교과서 근거 확인 후 유지 또는 조정.,misconception_ref;problem_pattern_ref;textbook_page_refs;extraction_notes,"Find misconception, caution, example, or problem-pattern evidence for the confusion risk.",pending_textbook_pdf,,,,,,,,,,
5,중1(교육과정 학년군: 중1-3),수와 연산,정수와 유리수,m1_mis_sign_operation__often_confused_with__m1_num_minus_sign,intra_unit,m1_mis_sign_operation,부호와 연산 기호를 혼동하는 오류,정수와 유리수,m1_num_minus_sign,음의 부호,정수와 유리수,often_confused_with,low,2,"curriculum_math_2022: printed p. 34; terms and symbols for 수와 연산; term_list; 소수, 합성수, 거듭제곱, 지수, 밑, 소인수, 소인수분해, 서로소, 양수, 음수, 정수, 수직선, 유리수, 절댓값, 교환법칙, 결합법칙, 분배법칙, 역수, 유한소수, 무한소수, 순환소수, 순환마디, 제곱근, 근호, 무리수, 실수, 분모의 유리화 등을 다룸 | achievement_math_2022: 정수와 유리수 section; [9수01-05] achievement levels; achievement_level; 정수와 유리수의 사칙계산 원리 이해, 덧셈·뺄셈·곱셈·나눗셈, 혼합계산 수준을 구분",,misconception_ref;problem_pattern_ref;textbook_page_refs;extraction_notes,"Find misconception, caution, example, or problem-pattern evidence for the confusion risk.",pending_textbook_pdf,,,,,,,,,,
5,중1(교육과정 학년군: 중1-3),수와 연산,정수와 유리수,m1_mis_sign_operation__often_confused_with__m1_num_mul_div_sign_rule,intra_unit,m1_mis_sign_operation,부호와 연산 기호를 혼동하는 오류,정수와 유리수,m1_num_mul_div_sign_rule,곱셈과 나눗셈의 부호 결정,정수와 유리수,often_confused_with,low,2,"curriculum_math_2022: printed p. 34; terms and symbols for 수와 연산; term_list; 소수, 합성수, 거듭제곱, 지수, 밑, 소인수, 소인수분해, 서로소, 양수, 음수, 정수, 수직선, 유리수, 절댓값, 교환법칙, 결합법칙, 분배법칙, 역수, 유한소수, 무한소수, 순환소수, 순환마디, 제곱근, 근호, 무리수, 실수, 분모의 유리화 등을 다룸 | achievement_math_2022: 정수와 유리수 section; [9수01-05] achievement levels; achievement_level; 정수와 유리수의 사칙계산 원리 이해, 덧셈·뺄셈·곱셈·나눗셈, 혼합계산 수준을 구분",related_ids에서 확인된 오개념 위험 연결을 낮은 신뢰도 edge로 보강. 교과서 근거 확인 후 유지 또는 조정.,misconception_ref;problem_pattern_ref;textbook_page_refs;extraction_notes,"Find misconception, caution, example, or problem-pattern evidence for the confusion risk.",pending_textbook_pdf,,,,,,,,,,
5,중1(교육과정 학년군: 중1-3),수와 연산,정수와 유리수,m1_mis_sign_operation__often_confused_with__m1_num_plus_sign,intra_unit,m1_mis_sign_operation,부호와 연산 기호를 혼동하는 오류,정수와 유리수,m1_num_plus_sign,양의 부호,정수와 유리수,often_confused_with,low,2,"curriculum_math_2022: printed p. 34; terms and symbols for 수와 연산; term_list; 소수, 합성수, 거듭제곱, 지수, 밑, 소인수, 소인수분해, 서로소, 양수, 음수, 정수, 수직선, 유리수, 절댓값, 교환법칙, 결합법칙, 분배법칙, 역수, 유한소수, 무한소수, 순환소수, 순환마디, 제곱근, 근호, 무리수, 실수, 분모의 유리화 등을 다룸 | achievement_math_2022: 정수와 유리수 section; [9수01-05] achievement levels; achievement_level; 정수와 유리수의 사칙계산 원리 이해, 덧셈·뺄셈·곱셈·나눗셈, 혼합계산 수준을 구분",,misconception_ref;problem_pattern_ref;textbook_page_refs;extraction_notes,"Find misconception, caution, example, or problem-pattern evidence for the confusion risk.",pending_textbook_pdf,,,,,,,,,,
5,중1(교육과정 학년군: 중1-3),수와 연산,정수와 유리수,m1_mis_sign_operation__often_confused_with__m1_num_subtraction_as_add_opposite,intra_unit,m1_mis_sign_operation,부호와 연산 기호를 혼동하는 오류,정수와 유리수,m1_num_subtraction_as_add_opposite,뺄셈을 반대 부호의 덧셈으로 바꾸기,정수와 유리수,often_confused_with,low,2,"curriculum_math_2022: printed p. 34; terms and symbols for 수와 연산; term_list; 소수, 합성수, 거듭제곱, 지수, 밑, 소인수, 소인수분해, 서로소, 양수, 음수, 정수, 수직선, 유리수, 절댓값, 교환법칙, 결합법칙, 분배법칙, 역수, 유한소수, 무한소수, 순환소수, 순환마디, 제곱근, 근호, 무리수, 실수, 분모의 유리화 등을 다룸 | achievement_math_2022: 정수와 유리수 section; [9수01-05] achievement levels; achievement_level; 정수와 유리수의 사칙계산 원리 이해, 덧셈·뺄셈·곱셈·나눗셈, 혼합계산 수준을 구분",related_ids에서 확인된 오개념 위험 연결을 낮은 신뢰도 edge로 보강. 교과서 근거 확인 후 유지 또는 조정.,misconception_ref;problem_pattern_ref;textbook_page_refs;extraction_notes,"Find misconception, caution, example, or problem-pattern evidence for the confusion risk.",pending_textbook_pdf,,,,,,,,,,
5,중1(교육과정 학년군: 중1-3),수와 연산,정수와 유리수,m1_num_negative_number__prerequisite_for__m1_coord_quadrant_signs,cross_unit,m1_num_negative_number,음수,정수와 유리수,m1_coord_quadrant_signs,사분면별 좌표 부호,좌표평면과 그래프,prerequisite_for,low,2,"curriculum_math_2022: printed p. 36; terms and symbols for 변화와 관계; term_list; 대입, 다항식, 항, 단항식, 상수항, 계수, 차수, 일차식, 동류항, 등식, 방정식, 미지수, 해, 근, 항등식, 이항, 일차방정식, 변수, 좌표, 그래프, 인수, 인수분해, 완전제곱식, 이차방정식, 중근, 근의 공식, 이차함수, 포물선, 축, 꼭짓점, 최댓값, 최솟값 등을 다룸 | achievement_math_2022: 좌표평면과 그래프 section; [9수02-05] achievement levels; achievement_level; 수직선과 좌표평면 위의 점을 좌표로 나타내거나 주어진 좌표를 점으로 나타내는 수행을 구분",,prerequisite_ref;textbook_page_refs;extraction_notes,Find textbook sequencing or prior-knowledge evidence for the prerequisite relation.,pending_textbook_pdf,,,,,,,,,,
5,중1(교육과정 학년군: 중1-3),수와 연산,정수와 유리수,m1_num_positive_number__prerequisite_for__m1_coord_quadrant_signs,cross_unit,m1_num_positive_number,양수,정수와 유리수,m1_coord_quadrant_signs,사분면별 좌표 부호,좌표평면과 그래프,prerequisite_for,low,2,"curriculum_math_2022: printed p. 36; terms and symbols for 변화와 관계; term_list; 대입, 다항식, 항, 단항식, 상수항, 계수, 차수, 일차식, 동류항, 등식, 방정식, 미지수, 해, 근, 항등식, 이항, 일차방정식, 변수, 좌표, 그래프, 인수, 인수분해, 완전제곱식, 이차방정식, 중근, 근의 공식, 이차함수, 포물선, 축, 꼭짓점, 최댓값, 최솟값 등을 다룸 | achievement_math_2022: 좌표평면과 그래프 section; [9수02-05] achievement levels; achievement_level; 수직선과 좌표평면 위의 점을 좌표로 나타내거나 주어진 좌표를 점으로 나타내는 수행을 구분",,prerequisite_ref;textbook_page_refs;extraction_notes,Find textbook sequencing or prior-knowledge evidence for the prerequisite relation.,pending_textbook_pdf,,,,,,,,,,
5,중1(교육과정 학년군: 중1-3),수와 연산,정수와 유리수,m1_num_rational_number__prerequisite_for__m1_data_probability_value,cross_unit,m1_num_rational_number,유리수,정수와 유리수,m1_data_probability_value,확률값,경우의 수와 확률,prerequisite_for,low,2,"curriculum_math_2022: printed p. 40; [9수04-06]; achievement_standard; 확률의 개념과 기본 성질을 이해하고 확률을 구하는 성취기준 | achievement_math_2022: 자료와 가능성 section; [9수04-05]~[9수04-06] achievement levels; achievement_level; 사건 A 또는 B, 사건 A와 B가 동시에 일어나는 경우의 수, 확률의 개념과 기본 성질, 사건의 확률을 구하는 수준을 구분",,prerequisite_ref;textbook_page_refs;extraction_notes,Find textbook sequencing or prior-knowledge evidence for the prerequisite relation.,pending_textbook_pdf,,,,,,,,,,
5,중1(교육과정 학년군: 중1-3),수와 연산,정수와 유리수,m1_num_rational_number__prerequisite_for__m1_num_ratio,cross_unit,m1_num_rational_number,유리수,정수와 유리수,m1_num_ratio,비,공통 선수개념,prerequisite_for,low,3,"curriculum_math_2022: printed p. 40; [9수04-03]; achievement_standard; 상대도수를 구하고 상대도수의 분포를 표나 그래프로 나타내고 해석하는 성취기준 | curriculum_math_2022: printed p. 41; [9수04-05]~[9수04-06] explanation; teaching_note; 경우의 수는 두 경우의 수를 합하거나 곱하는 정도로 다루며, 확률은 실험·관찰로 구한 상대도수와 경우의 수의 비율을 연결해 이해하게 함 | curriculum_math_2022: printed p. 38; [9수03-16]; achievement_standard; 삼각비의 뜻을 알고 간단한 삼각비의 값을 구하는 성취기준",비를 수로 해석할 때 유리수와 나눗셈 이해가 필요하다는 연결이다. 공식 문서의 단독 서술이 약해 낮은 신뢰도로 둔다.,prerequisite_ref;textbook_page_refs;extraction_notes,Find textbook sequencing or prior-knowledge evidence for the prerequisite relation.,pending_textbook_pdf,,,,,,,,,,
5,중1(교육과정 학년군: 중1-3),수와 연산,정수와 유리수,m1_num_mixed_calculation__used_in__m1_calc_simplify_expression,cross_unit,m1_num_mixed_calculation,정수와 유리수의 혼합계산,정수와 유리수,m1_calc_simplify_expression,식을 간단히 하기,식의 계산,used_in,low,5,"curriculum_math_2022: printed p. 33; [9수01-05]; achievement_standard; 정수와 유리수의 사칙계산 원리를 이해하고 계산하는 성취기준 | curriculum_math_2022: printed p. 35; [9수02-08]; achievement_standard; 지수법칙을 이해하고 이를 이용하여 식을 간단히 하는 성취기준 | curriculum_math_2022: printed pp. 35-36; achievement-standard explanation and considerations; teaching_note; 지수법칙은 자연수 지수 범위에서 단항식의 곱셈과 나눗셈에 필요한 정도로 다루고, 수의 사칙연산과 소인수분해가 다항식으로 확장될 수 있음을 인식하게 함 | achievement_math_2022: 정수와 유리수 section; [9수01-05] achievement levels; achievement_level; 정수와 유리수의 사칙계산 원리 이해, 덧셈·뺄셈·곱셈·나눗셈, 혼합계산 수준을 구분 | achievement_math_2022: 식의 계산 section; [9수02-08] achievement levels; achievement_level; 지수법칙을 이용하여 거듭제곱이나 단항식의 곱셈과 나눗셈을 하는 수준을 구분","Mixed arithmetic calculation principles support simplifying symbolic expressions, though textbook examples should confirm the exact transfer.",procedure_ref;textbook_page_refs;extraction_notes,"Find a worked example, procedure, or application where this source concept is used.",pending_textbook_pdf,,,,,,,,,,
5,중1(교육과정 학년군: 중1-3),수와 연산,정수와 유리수,m1_mis_polynomial_subtraction_sign__often_confused_with__m1_mis_sign_operation,cross_unit,m1_mis_polynomial_subtraction_sign,다항식 뺄셈에서 괄호 앞 음수를 분배하지 않는 오류,식의 계산,m1_mis_sign_operation,부호와 연산 기호를 혼동하는 오류,정수와 유리수,often_confused_with,low,4,"curriculum_math_2022: printed p. 35; [9수02-09]; achievement_standard; 다항식의 덧셈과 뺄셈 원리를 이해하고 계산하는 성취기준 | achievement_math_2022: 식의 계산 section; [9수02-09] achievement levels; achievement_level; 다항식의 덧셈과 뺄셈 원리 이해와 계산 수행 수준을 구분 | curriculum_math_2022: printed p. 33; [9수01-05]; achievement_standard; 정수와 유리수의 사칙계산 원리를 이해하고 계산하는 성취기준 | achievement_math_2022: 정수와 유리수 section; [9수01-05] achievement levels; achievement_level; 정수와 유리수의 사칙계산 원리 이해, 덧셈·뺄셈·곱셈·나눗셈, 혼합계산 수준을 구분",related_ids에서 확인된 오개념 위험 연결을 낮은 신뢰도 edge로 보강. 교과서 근거 확인 후 유지 또는 조정.,misconception_ref;problem_pattern_ref;textbook_page_refs;extraction_notes,"Find misconception, caution, example, or problem-pattern evidence for the confusion risk.",pending_textbook_pdf,,,,,,,,,,
5,중1(교육과정 학년군: 중1-3),수와 연산,정수와 유리수,m1_mis_sign_operation__often_confused_with__m1_calc_polynomial_subtraction_sign_distribution,cross_unit,m1_mis_sign_operation,부호와 연산 기호를 혼동하는 오류,정수와 유리수,m1_calc_polynomial_subtraction_sign_distribution,다항식의 뺄셈에서 부호 바꾸기,식의 계산,often_confused_with,low,2,"curriculum_math_2022: printed p. 34; terms and symbols for 수와 연산; term_list; 소수, 합성수, 거듭제곱, 지수, 밑, 소인수, 소인수분해, 서로소, 양수, 음수, 정수, 수직선, 유리수, 절댓값, 교환법칙, 결합법칙, 분배법칙, 역수, 유한소수, 무한소수, 순환소수, 순환마디, 제곱근, 근호, 무리수, 실수, 분모의 유리화 등을 다룸 | achievement_math_2022: 정수와 유리수 section; [9수01-05] achievement levels; achievement_level; 정수와 유리수의 사칙계산 원리 이해, 덧셈·뺄셈·곱셈·나눗셈, 혼합계산 수준을 구분",related_ids에서 확인된 오개념 위험 연결을 낮은 신뢰도 edge로 보강. 교과서 근거 확인 후 유지 또는 조정.,misconception_ref;problem_pattern_ref;textbook_page_refs;extraction_notes,"Find misconception, caution, example, or problem-pattern evidence for the confusion risk.",pending_textbook_pdf,,,,,,,,,,
5,중1(교육과정 학년군: 중1-3),수와 연산,정수와 유리수,m1_num_absolute_value__related_to__m1_geo_distance_between_two_points,cross_unit,m1_num_absolute_value,절댓값,정수와 유리수,m1_geo_distance_between_two_points,두 점 사이의 거리,기본 도형,related_to,low,6,"curriculum_math_2022: printed p. 34; terms and symbols for 수와 연산; term_list; 소수, 합성수, 거듭제곱, 지수, 밑, 소인수, 소인수분해, 서로소, 양수, 음수, 정수, 수직선, 유리수, 절댓값, 교환법칙, 결합법칙, 분배법칙, 역수, 유한소수, 무한소수, 순환소수, 순환마디, 제곱근, 근호, 무리수, 실수, 분모의 유리화 등을 다룸 | curriculum_math_2022: printed p. 33; [9수01-04]; achievement_standard; 정수와 유리수의 대소 관계를 판단하는 성취기준 | curriculum_math_2022: printed pp. 38-39; terms and symbols for 도형과 측정; term_list; 교점, 교선, 두 점 사이의 거리, 중점, 수직이등분선, 꼬인 위치, 교각, 맞꼭지각, 엇각, 동위각, 평각, 직교, 수선의 발, 작도, 대변, 대각, 삼각형의 합동 조건, 내각, 외각, 부채꼴, 중심각, 호, 현, 활꼴, 할선, 다면체, 각뿔대, 정다면체, 회전체, 회전축, 원뿔대, 증명, 접선, 접점, 접한다, 외심, 외접, 외접원, 내심, 내접, 내접원, 중선, 무게중심, 닮음, 닮음비, 삼각형의 닮음 조건, 피타고라스 정리, 삼각비, 사인, 코사인, 탄젠트, 원주각 등을 다룸 | curriculum_math_2022: printed p. 37; [9수03-01]; achievement_standard; 점, 선, 면, 각을 이해하고 점, 직선, 평면의 위치 관계를 설명하는 성취기준 | achievement_math_2022: 정수와 유리수 section; [9수01-04] achievement levels; achievement_level; 정수와 유리수의 대소 관계를 판단하고 수직선 위에서 비교하는 수준을 구분 | achievement_math_2022: 기본 도형 section; [9수03-01] achievement levels; achievement_level; 점, 선, 면, 각 관련 용어와 기호를 이해하고 점, 직선, 평면의 위치 관계를 설명하는 수준을 구분",Absolute value and distance both express nonnegative magnitude; coordinate or textbook page evidence is needed before making this a stronger prerequisite or procedure edge.,related_ref;textbook_page_refs;extraction_notes,Find textbook wording or examples that justify keeping these concepts linked.,pending_textbook_pdf,,,,,,,,,,
5,중1(교육과정 학년군: 중1-3),수와 연산,정수와 유리수,m1_num_four_operations__contains__m1_num_addition,intra_unit,m1_num_four_operations,정수와 유리수의 사칙계산,정수와 유리수,m1_num_addition,덧셈,정수와 유리수,contains,medium,2,"curriculum_math_2022: printed p. 33; [9수01-05]; achievement_standard; 정수와 유리수의 사칙계산 원리를 이해하고 계산하는 성취기준 | achievement_math_2022: 정수와 유리수 section; [9수01-05] achievement levels; achievement_level; 정수와 유리수의 사칙계산 원리 이해, 덧셈·뺄셈·곱셈·나눗셈, 혼합계산 수준을 구분",,structure_ref;textbook_page_refs,Find textbook structure evidence for the containment relation.,pending_textbook_pdf,,,,,,,,,,
5,중1(교육과정 학년군: 중1-3),수와 연산,정수와 유리수,m1_num_four_operations__contains__m1_num_division,intra_unit,m1_num_four_operations,정수와 유리수의 사칙계산,정수와 유리수,m1_num_division,나눗셈,정수와 유리수,contains,medium,2,"curriculum_math_2022: printed p. 33; [9수01-05]; achievement_standard; 정수와 유리수의 사칙계산 원리를 이해하고 계산하는 성취기준 | achievement_math_2022: 정수와 유리수 section; [9수01-05] achievement levels; achievement_level; 정수와 유리수의 사칙계산 원리 이해, 덧셈·뺄셈·곱셈·나눗셈, 혼합계산 수준을 구분",,structure_ref;textbook_page_refs,Find textbook structure evidence for the containment relation.,pending_textbook_pdf,,,,,,,,,,
5,중1(교육과정 학년군: 중1-3),수와 연산,정수와 유리수,m1_num_four_operations__contains__m1_num_integer_rational_add_sub,intra_unit,m1_num_four_operations,정수와 유리수의 사칙계산,정수와 유리수,m1_num_integer_rational_add_sub,정수와 유리수의 덧셈과 뺄셈,정수와 유리수,contains,high,2,"curriculum_math_2022: printed p. 33; [9수01-05]; achievement_standard; 정수와 유리수의 사칙계산 원리를 이해하고 계산하는 성취기준 | achievement_math_2022: 정수와 유리수 section; [9수01-05] achievement levels; achievement_level; 정수와 유리수의 사칙계산 원리 이해, 덧셈·뺄셈·곱셈·나눗셈, 혼합계산 수준을 구분",,structure_ref;textbook_page_refs,Find textbook structure evidence for the containment relation.,pending_textbook_pdf,,,,,,,,,,
5,중1(교육과정 학년군: 중1-3),수와 연산,정수와 유리수,m1_num_four_operations__contains__m1_num_integer_rational_mul_div,intra_unit,m1_num_four_operations,정수와 유리수의 사칙계산,정수와 유리수,m1_num_integer_rational_mul_div,정수와 유리수의 곱셈과 나눗셈,정수와 유리수,contains,high,2,"curriculum_math_2022: printed p. 33; [9수01-05]; achievement_standard; 정수와 유리수의 사칙계산 원리를 이해하고 계산하는 성취기준 | achievement_math_2022: 정수와 유리수 section; [9수01-05] achievement levels; achievement_level; 정수와 유리수의 사칙계산 원리 이해, 덧셈·뺄셈·곱셈·나눗셈, 혼합계산 수준을 구분",,structure_ref;textbook_page_refs,Find textbook structure evidence for the containment relation.,pending_textbook_pdf,,,,,,,,,,
5,중1(교육과정 학년군: 중1-3),수와 연산,정수와 유리수,m1_num_four_operations__contains__m1_num_multiplication,intra_unit,m1_num_four_operations,정수와 유리수의 사칙계산,정수와 유리수,m1_num_multiplication,곱셈,정수와 유리수,contains,medium,2,"curriculum_math_2022: printed p. 33; [9수01-05]; achievement_standard; 정수와 유리수의 사칙계산 원리를 이해하고 계산하는 성취기준 | achievement_math_2022: 정수와 유리수 section; [9수01-05] achievement levels; achievement_level; 정수와 유리수의 사칙계산 원리 이해, 덧셈·뺄셈·곱셈·나눗셈, 혼합계산 수준을 구분",,structure_ref;textbook_page_refs,Find textbook structure evidence for the containment relation.,pending_textbook_pdf,,,,,,,,,,
5,중1(교육과정 학년군: 중1-3),수와 연산,정수와 유리수,m1_num_four_operations__contains__m1_num_subtraction,intra_unit,m1_num_four_operations,정수와 유리수의 사칙계산,정수와 유리수,m1_num_subtraction,뺄셈,정수와 유리수,contains,medium,2,"curriculum_math_2022: printed p. 33; [9수01-05]; achievement_standard; 정수와 유리수의 사칙계산 원리를 이해하고 계산하는 성취기준 | achievement_math_2022: 정수와 유리수 section; [9수01-05] achievement levels; achievement_level; 정수와 유리수의 사칙계산 원리 이해, 덧셈·뺄셈·곱셈·나눗셈, 혼합계산 수준을 구분",,structure_ref;textbook_page_refs,Find textbook structure evidence for the containment relation.,pending_textbook_pdf,,,,,,,,,,
5,중1(교육과정 학년군: 중1-3),수와 연산,정수와 유리수,m1_num_integer__contains__m1_num_negative_integer,intra_unit,m1_num_integer,정수,정수와 유리수,m1_num_negative_integer,음의 정수,정수와 유리수,contains,high,2,"curriculum_math_2022: printed p. 34; terms and symbols for 수와 연산; term_list; 소수, 합성수, 거듭제곱, 지수, 밑, 소인수, 소인수분해, 서로소, 양수, 음수, 정수, 수직선, 유리수, 절댓값, 교환법칙, 결합법칙, 분배법칙, 역수, 유한소수, 무한소수, 순환소수, 순환마디, 제곱근, 근호, 무리수, 실수, 분모의 유리화 등을 다룸 | achievement_math_2022: 정수와 유리수 section; [9수01-03] achievement levels; achievement_level; 음수의 필요성, 양수와 음수, 정수와 유리수 개념 이해 및 분류 수준을 구분",,structure_ref;textbook_page_refs,Find textbook structure evidence for the containment relation.,pending_textbook_pdf,,,,,,,,,,
5,중1(교육과정 학년군: 중1-3),수와 연산,정수와 유리수,m1_num_integer__contains__m1_num_positive_integer,intra_unit,m1_num_integer,정수,정수와 유리수,m1_num_positive_integer,양의 정수,정수와 유리수,contains,high,2,"curriculum_math_2022: printed p. 34; terms and symbols for 수와 연산; term_list; 소수, 합성수, 거듭제곱, 지수, 밑, 소인수, 소인수분해, 서로소, 양수, 음수, 정수, 수직선, 유리수, 절댓값, 교환법칙, 결합법칙, 분배법칙, 역수, 유한소수, 무한소수, 순환소수, 순환마디, 제곱근, 근호, 무리수, 실수, 분모의 유리화 등을 다룸 | achievement_math_2022: 정수와 유리수 section; [9수01-03] achievement levels; achievement_level; 음수의 필요성, 양수와 음수, 정수와 유리수 개념 이해 및 분류 수준을 구분",,structure_ref;textbook_page_refs,Find textbook structure evidence for the containment relation.,pending_textbook_pdf,,,,,,,,,,
5,중1(교육과정 학년군: 중1-3),수와 연산,정수와 유리수,m1_num_integer__contains__m1_num_zero,intra_unit,m1_num_integer,정수,정수와 유리수,m1_num_zero,0,정수와 유리수,contains,medium,3,"curriculum_math_2022: printed p. 33; [9수01-03]; achievement_standard; 음수의 필요성을 인식하고 양수와 음수, 정수와 유리수의 개념을 이해하는 성취기준 | achievement_math_2022: 정수와 유리수 section; [9수01-03] achievement levels; achievement_level; 음수의 필요성, 양수와 음수, 정수와 유리수 개념 이해 및 분류 수준을 구분 | achievement_research_report_2022: 연구보고서 p. 211; 정수와 유리수 성취기준별 성취수준; research_report_achievement_level_context; 음수의 필요성, 양수와 음수, 정수와 유리수의 개념과 분류를 다루는 성취기준별 성취수준 맥락",,structure_ref;textbook_page_refs,Find textbook structure evidence for the containment relation.,pending_textbook_pdf,,,,,,,,,,
5,중1(교육과정 학년군: 중1-3),수와 연산,정수와 유리수,m1_num_integer_rational_add_sub__contains__m1_num_different_sign_addition,intra_unit,m1_num_integer_rational_add_sub,정수와 유리수의 덧셈과 뺄셈,정수와 유리수,m1_num_different_sign_addition,부호가 다른 수의 덧셈,정수와 유리수,contains,medium,3,"curriculum_math_2022: printed p. 33; [9수01-05]; achievement_standard; 정수와 유리수의 사칙계산 원리를 이해하고 계산하는 성취기준 | achievement_math_2022: 정수와 유리수 section; [9수01-05] achievement levels; achievement_level; 정수와 유리수의 사칙계산 원리 이해, 덧셈·뺄셈·곱셈·나눗셈, 혼합계산 수준을 구분 | achievement_research_report_2022: 연구보고서 p. 212; 정수와 유리수 대소 관계와 사칙계산 성취기준별 성취수준; research_report_achievement_level_context; 정수와 유리수의 대소 관계, 수직선 위 비교, 사칙계산 원리, 덧셈·뺄셈·곱셈·나눗셈, 혼합계산을 다루는 성취수준 맥락",,structure_ref;textbook_page_refs,Find textbook structure evidence for the containment relation.,pending_textbook_pdf,,,,,,,,,,
5,중1(교육과정 학년군: 중1-3),수와 연산,정수와 유리수,m1_num_integer_rational_add_sub__contains__m1_num_same_sign_addition,intra_unit,m1_num_integer_rational_add_sub,정수와 유리수의 덧셈과 뺄셈,정수와 유리수,m1_num_same_sign_addition,부호가 같은 수의 덧셈,정수와 유리수,contains,medium,3,"curriculum_math_2022: printed p. 33; [9수01-05]; achievement_standard; 정수와 유리수의 사칙계산 원리를 이해하고 계산하는 성취기준 | achievement_math_2022: 정수와 유리수 section; [9수01-05] achievement levels; achievement_level; 정수와 유리수의 사칙계산 원리 이해, 덧셈·뺄셈·곱셈·나눗셈, 혼합계산 수준을 구분 | achievement_research_report_2022: 연구보고서 p. 212; 정수와 유리수 대소 관계와 사칙계산 성취기준별 성취수준; research_report_achievement_level_context; 정수와 유리수의 대소 관계, 수직선 위 비교, 사칙계산 원리, 덧셈·뺄셈·곱셈·나눗셈, 혼합계산을 다루는 성취수준 맥락",,structure_ref;textbook_page_refs,Find textbook structure evidence for the containment relation.,pending_textbook_pdf,,,,,,,,,,
5,중1(교육과정 학년군: 중1-3),수와 연산,정수와 유리수,m1_num_integer_rational_mul_div__contains__m1_num_division_as_multiply_reciprocal,intra_unit,m1_num_integer_rational_mul_div,정수와 유리수의 곱셈과 나눗셈,정수와 유리수,m1_num_division_as_multiply_reciprocal,나눗셈을 역수의 곱셈으로 바꾸기,정수와 유리수,contains,medium,3,"curriculum_math_2022: printed p. 33; [9수01-05]; achievement_standard; 정수와 유리수의 사칙계산 원리를 이해하고 계산하는 성취기준 | curriculum_math_2022: printed p. 34; terms and symbols for 수와 연산; term_list; 소수, 합성수, 거듭제곱, 지수, 밑, 소인수, 소인수분해, 서로소, 양수, 음수, 정수, 수직선, 유리수, 절댓값, 교환법칙, 결합법칙, 분배법칙, 역수, 유한소수, 무한소수, 순환소수, 순환마디, 제곱근, 근호, 무리수, 실수, 분모의 유리화 등을 다룸 | achievement_math_2022: 정수와 유리수 section; [9수01-05] achievement levels; achievement_level; 정수와 유리수의 사칙계산 원리 이해, 덧셈·뺄셈·곱셈·나눗셈, 혼합계산 수준을 구분",,structure_ref;textbook_page_refs,Find textbook structure evidence for the containment relation.,pending_textbook_pdf,,,,,,,,,,
5,중1(교육과정 학년군: 중1-3),수와 연산,정수와 유리수,m1_num_integer_rational_mul_div__contains__m1_num_mul_div_sign_rule,intra_unit,m1_num_integer_rational_mul_div,정수와 유리수의 곱셈과 나눗셈,정수와 유리수,m1_num_mul_div_sign_rule,곱셈과 나눗셈의 부호 결정,정수와 유리수,contains,medium,3,"curriculum_math_2022: printed p. 33; [9수01-05]; achievement_standard; 정수와 유리수의 사칙계산 원리를 이해하고 계산하는 성취기준 | achievement_math_2022: 정수와 유리수 section; [9수01-05] achievement levels; achievement_level; 정수와 유리수의 사칙계산 원리 이해, 덧셈·뺄셈·곱셈·나눗셈, 혼합계산 수준을 구분 | achievement_research_report_2022: 연구보고서 p. 212; 정수와 유리수 대소 관계와 사칙계산 성취기준별 성취수준; research_report_achievement_level_context; 정수와 유리수의 대소 관계, 수직선 위 비교, 사칙계산 원리, 덧셈·뺄셈·곱셈·나눗셈, 혼합계산을 다루는 성취수준 맥락",,structure_ref;textbook_page_refs,Find textbook structure evidence for the containment relation.,pending_textbook_pdf,,,,,,,,,,
5,중1(교육과정 학년군: 중1-3),수와 연산,정수와 유리수,m1_num_integer_rational_unit__contains__m1_num_absolute_value,intra_unit,m1_num_integer_rational_unit,정수와 유리수,정수와 유리수,m1_num_absolute_value,절댓값,정수와 유리수,contains,high,3,"curriculum_math_2022: printed p. 34; terms and symbols for 수와 연산; term_list; 소수, 합성수, 거듭제곱, 지수, 밑, 소인수, 소인수분해, 서로소, 양수, 음수, 정수, 수직선, 유리수, 절댓값, 교환법칙, 결합법칙, 분배법칙, 역수, 유한소수, 무한소수, 순환소수, 순환마디, 제곱근, 근호, 무리수, 실수, 분모의 유리화 등을 다룸 | curriculum_math_2022: printed p. 33; [9수01-04]; achievement_standard; 정수와 유리수의 대소 관계를 판단하는 성취기준 | achievement_math_2022: 정수와 유리수 section; [9수01-04] achievement levels; achievement_level; 정수와 유리수의 대소 관계를 판단하고 수직선 위에서 비교하는 수준을 구분",,structure_ref;textbook_page_refs,Find textbook structure evidence for the containment relation.,pending_textbook_pdf,,,,,,,,,,
5,중1(교육과정 학년군: 중1-3),수와 연산,정수와 유리수,m1_num_integer_rational_unit__contains__m1_num_four_operations,intra_unit,m1_num_integer_rational_unit,정수와 유리수,정수와 유리수,m1_num_four_operations,정수와 유리수의 사칙계산,정수와 유리수,contains,high,3,"curriculum_math_2022: printed p. 33; [9수01-05]; achievement_standard; 정수와 유리수의 사칙계산 원리를 이해하고 계산하는 성취기준 | curriculum_math_2022: printed pp. 33-34; [9수01-05] explanation and considerations; teaching_note; 정수의 사칙계산 원리는 여러 가지 모델로 직관적으로 이해하게 하며 정수와 유리수의 지나치게 복잡한 계산과 사칙계산 이외의 이항연산은 다루지 않음 | achievement_math_2022: 정수와 유리수 section; [9수01-05] achievement levels; achievement_level; 정수와 유리수의 사칙계산 원리 이해, 덧셈·뺄셈·곱셈·나눗셈, 혼합계산 수준을 구분",,structure_ref;textbook_page_refs,Find textbook structure evidence for the containment relation.,pending_textbook_pdf,,,,,,,,,,
5,중1(교육과정 학년군: 중1-3),수와 연산,정수와 유리수,m1_num_integer_rational_unit__contains__m1_num_integer,intra_unit,m1_num_integer_rational_unit,정수와 유리수,정수와 유리수,m1_num_integer,정수,정수와 유리수,contains,high,3,"curriculum_math_2022: printed p. 33; [9수01-03]; achievement_standard; 음수의 필요성을 인식하고 양수와 음수, 정수와 유리수의 개념을 이해하는 성취기준 | curriculum_math_2022: printed p. 34; terms and symbols for 수와 연산; term_list; 소수, 합성수, 거듭제곱, 지수, 밑, 소인수, 소인수분해, 서로소, 양수, 음수, 정수, 수직선, 유리수, 절댓값, 교환법칙, 결합법칙, 분배법칙, 역수, 유한소수, 무한소수, 순환소수, 순환마디, 제곱근, 근호, 무리수, 실수, 분모의 유리화 등을 다룸 | achievement_math_2022: 정수와 유리수 section; [9수01-03] achievement levels; achievement_level; 음수의 필요성, 양수와 음수, 정수와 유리수 개념 이해 및 분류 수준을 구분",,structure_ref;textbook_page_refs,Find textbook structure evidence for the containment relation.,pending_textbook_pdf,,,,,,,,,,
5,중1(교육과정 학년군: 중1-3),수와 연산,정수와 유리수,m1_num_integer_rational_unit__contains__m1_num_minus_sign,intra_unit,m1_num_integer_rational_unit,정수와 유리수,정수와 유리수,m1_num_minus_sign,음의 부호,정수와 유리수,contains,medium,1,"curriculum_math_2022: printed p. 34; terms and symbols for 수와 연산; term_list; 소수, 합성수, 거듭제곱, 지수, 밑, 소인수, 소인수분해, 서로소, 양수, 음수, 정수, 수직선, 유리수, 절댓값, 교환법칙, 결합법칙, 분배법칙, 역수, 유한소수, 무한소수, 순환소수, 순환마디, 제곱근, 근호, 무리수, 실수, 분모의 유리화 등을 다룸",,structure_ref;textbook_page_refs,Find textbook structure evidence for the containment relation.,pending_textbook_pdf,,,,,,,,,,
5,중1(교육과정 학년군: 중1-3),수와 연산,정수와 유리수,m1_num_integer_rational_unit__contains__m1_num_mixed_calculation,intra_unit,m1_num_integer_rational_unit,정수와 유리수,정수와 유리수,m1_num_mixed_calculation,정수와 유리수의 혼합계산,정수와 유리수,contains,medium,4,"curriculum_math_2022: printed p. 33; [9수01-05]; achievement_standard; 정수와 유리수의 사칙계산 원리를 이해하고 계산하는 성취기준 | curriculum_math_2022: printed pp. 33-34; [9수01-05] explanation and considerations; teaching_note; 정수의 사칙계산 원리는 여러 가지 모델로 직관적으로 이해하게 하며 정수와 유리수의 지나치게 복잡한 계산과 사칙계산 이외의 이항연산은 다루지 않음 | achievement_math_2022: 정수와 유리수 section; [9수01-05] achievement levels; achievement_level; 정수와 유리수의 사칙계산 원리 이해, 덧셈·뺄셈·곱셈·나눗셈, 혼합계산 수준을 구분 | achievement_research_report_2022: 연구보고서 p. 212; 정수와 유리수 대소 관계와 사칙계산 성취기준별 성취수준; research_report_achievement_level_context; 정수와 유리수의 대소 관계, 수직선 위 비교, 사칙계산 원리, 덧셈·뺄셈·곱셈·나눗셈, 혼합계산을 다루는 성취수준 맥락",,structure_ref;textbook_page_refs,Find textbook structure evidence for the containment relation.,pending_textbook_pdf,,,,,,,,,,
5,중1(교육과정 학년군: 중1-3),수와 연산,정수와 유리수,m1_num_integer_rational_unit__contains__m1_num_negative_need,intra_unit,m1_num_integer_rational_unit,정수와 유리수,정수와 유리수,m1_num_negative_need,음수의 필요성,정수와 유리수,contains,high,2,"curriculum_math_2022: printed p. 33; [9수01-03]; achievement_standard; 음수의 필요성을 인식하고 양수와 음수, 정수와 유리수의 개념을 이해하는 성취기준 | achievement_math_2022: 정수와 유리수 section; [9수01-03] achievement levels; achievement_level; 음수의 필요성, 양수와 음수, 정수와 유리수 개념 이해 및 분류 수준을 구분",,structure_ref;textbook_page_refs,Find textbook structure evidence for the containment relation.,pending_textbook_pdf,,,,,,,,,,
5,중1(교육과정 학년군: 중1-3),수와 연산,정수와 유리수,m1_num_integer_rational_unit__contains__m1_num_negative_number,intra_unit,m1_num_integer_rational_unit,정수와 유리수,정수와 유리수,m1_num_negative_number,음수,정수와 유리수,contains,high,3,"curriculum_math_2022: printed p. 33; [9수01-03]; achievement_standard; 음수의 필요성을 인식하고 양수와 음수, 정수와 유리수의 개념을 이해하는 성취기준 | curriculum_math_2022: printed p. 34; terms and symbols for 수와 연산; term_list; 소수, 합성수, 거듭제곱, 지수, 밑, 소인수, 소인수분해, 서로소, 양수, 음수, 정수, 수직선, 유리수, 절댓값, 교환법칙, 결합법칙, 분배법칙, 역수, 유한소수, 무한소수, 순환소수, 순환마디, 제곱근, 근호, 무리수, 실수, 분모의 유리화 등을 다룸 | achievement_math_2022: 정수와 유리수 section; [9수01-03] achievement levels; achievement_level; 음수의 필요성, 양수와 음수, 정수와 유리수 개념 이해 및 분류 수준을 구분",,structure_ref;textbook_page_refs,Find textbook structure evidence for the containment relation.,pending_textbook_pdf,,,,,,,,,,
5,중1(교육과정 학년군: 중1-3),수와 연산,정수와 유리수,m1_num_integer_rational_unit__contains__m1_num_number_line,intra_unit,m1_num_integer_rational_unit,정수와 유리수,정수와 유리수,m1_num_number_line,수직선,정수와 유리수,contains,high,3,"curriculum_math_2022: printed p. 34; terms and symbols for 수와 연산; term_list; 소수, 합성수, 거듭제곱, 지수, 밑, 소인수, 소인수분해, 서로소, 양수, 음수, 정수, 수직선, 유리수, 절댓값, 교환법칙, 결합법칙, 분배법칙, 역수, 유한소수, 무한소수, 순환소수, 순환마디, 제곱근, 근호, 무리수, 실수, 분모의 유리화 등을 다룸 | curriculum_math_2022: printed p. 33; [9수01-04]; achievement_standard; 정수와 유리수의 대소 관계를 판단하는 성취기준 | achievement_math_2022: 정수와 유리수 section; [9수01-04] achievement levels; achievement_level; 정수와 유리수의 대소 관계를 판단하고 수직선 위에서 비교하는 수준을 구분",,structure_ref;textbook_page_refs,Find textbook structure evidence for the containment relation.,pending_textbook_pdf,,,,,,,,,,
5,중1(교육과정 학년군: 중1-3),수와 연산,정수와 유리수,m1_num_integer_rational_unit__contains__m1_num_operation_laws,intra_unit,m1_num_integer_rational_unit,정수와 유리수,정수와 유리수,m1_num_operation_laws,연산 법칙,정수와 유리수,contains,high,3,"curriculum_math_2022: printed p. 34; terms and symbols for 수와 연산; term_list; 소수, 합성수, 거듭제곱, 지수, 밑, 소인수, 소인수분해, 서로소, 양수, 음수, 정수, 수직선, 유리수, 절댓값, 교환법칙, 결합법칙, 분배법칙, 역수, 유한소수, 무한소수, 순환소수, 순환마디, 제곱근, 근호, 무리수, 실수, 분모의 유리화 등을 다룸 | curriculum_math_2022: printed p. 33; [9수01-05]; achievement_standard; 정수와 유리수의 사칙계산 원리를 이해하고 계산하는 성취기준 | achievement_math_2022: 정수와 유리수 section; [9수01-05] achievement levels; achievement_level; 정수와 유리수의 사칙계산 원리 이해, 덧셈·뺄셈·곱셈·나눗셈, 혼합계산 수준을 구분",,structure_ref;textbook_page_refs,Find textbook structure evidence for the containment relation.,pending_textbook_pdf,,,,,,,,,,
5,중1(교육과정 학년군: 중1-3),수와 연산,정수와 유리수,m1_num_integer_rational_unit__contains__m1_num_order_relation,intra_unit,m1_num_integer_rational_unit,정수와 유리수,정수와 유리수,m1_num_order_relation,정수와 유리수의 대소 관계,정수와 유리수,contains,high,2,curriculum_math_2022: printed p. 33; [9수01-04]; achievement_standard; 정수와 유리수의 대소 관계를 판단하는 성취기준 | achievement_math_2022: 정수와 유리수 section; [9수01-04] achievement levels; achievement_level; 정수와 유리수의 대소 관계를 판단하고 수직선 위에서 비교하는 수준을 구분,,structure_ref;textbook_page_refs,Find textbook structure evidence for the containment relation.,pending_textbook_pdf,,,,,,,,,,
5,중1(교육과정 학년군: 중1-3),수와 연산,정수와 유리수,m1_num_integer_rational_unit__contains__m1_num_plus_sign,intra_unit,m1_num_integer_rational_unit,정수와 유리수,정수와 유리수,m1_num_plus_sign,양의 부호,정수와 유리수,contains,medium,1,"curriculum_math_2022: printed p. 34; terms and symbols for 수와 연산; term_list; 소수, 합성수, 거듭제곱, 지수, 밑, 소인수, 소인수분해, 서로소, 양수, 음수, 정수, 수직선, 유리수, 절댓값, 교환법칙, 결합법칙, 분배법칙, 역수, 유한소수, 무한소수, 순환소수, 순환마디, 제곱근, 근호, 무리수, 실수, 분모의 유리화 등을 다룸",,structure_ref;textbook_page_refs,Find textbook structure evidence for the containment relation.,pending_textbook_pdf,,,,,,,,,,
5,중1(교육과정 학년군: 중1-3),수와 연산,정수와 유리수,m1_num_integer_rational_unit__contains__m1_num_positive_number,intra_unit,m1_num_integer_rational_unit,정수와 유리수,정수와 유리수,m1_num_positive_number,양수,정수와 유리수,contains,high,3,"curriculum_math_2022: printed p. 33; [9수01-03]; achievement_standard; 음수의 필요성을 인식하고 양수와 음수, 정수와 유리수의 개념을 이해하는 성취기준 | curriculum_math_2022: printed p. 34; terms and symbols for 수와 연산; term_list; 소수, 합성수, 거듭제곱, 지수, 밑, 소인수, 소인수분해, 서로소, 양수, 음수, 정수, 수직선, 유리수, 절댓값, 교환법칙, 결합법칙, 분배법칙, 역수, 유한소수, 무한소수, 순환소수, 순환마디, 제곱근, 근호, 무리수, 실수, 분모의 유리화 등을 다룸 | achievement_math_2022: 정수와 유리수 section; [9수01-03] achievement levels; achievement_level; 음수의 필요성, 양수와 음수, 정수와 유리수 개념 이해 및 분류 수준을 구분",,structure_ref;textbook_page_refs,Find textbook structure evidence for the containment relation.,pending_textbook_pdf,,,,,,,,,,
5,중1(교육과정 학년군: 중1-3),수와 연산,정수와 유리수,m1_num_integer_rational_unit__contains__m1_num_rational_number,intra_unit,m1_num_integer_rational_unit,정수와 유리수,정수와 유리수,m1_num_rational_number,유리수,정수와 유리수,contains,high,3,"curriculum_math_2022: printed p. 33; [9수01-03]; achievement_standard; 음수의 필요성을 인식하고 양수와 음수, 정수와 유리수의 개념을 이해하는 성취기준 | curriculum_math_2022: printed p. 34; terms and symbols for 수와 연산; term_list; 소수, 합성수, 거듭제곱, 지수, 밑, 소인수, 소인수분해, 서로소, 양수, 음수, 정수, 수직선, 유리수, 절댓값, 교환법칙, 결합법칙, 분배법칙, 역수, 유한소수, 무한소수, 순환소수, 순환마디, 제곱근, 근호, 무리수, 실수, 분모의 유리화 등을 다룸 | achievement_math_2022: 정수와 유리수 section; [9수01-03] achievement levels; achievement_level; 음수의 필요성, 양수와 음수, 정수와 유리수 개념 이해 및 분류 수준을 구분",,structure_ref;textbook_page_refs,Find textbook structure evidence for the containment relation.,pending_textbook_pdf,,,,,,,,,,
5,중1(교육과정 학년군: 중1-3),수와 연산,정수와 유리수,m1_num_integer_rational_unit__contains__m1_num_reciprocal,intra_unit,m1_num_integer_rational_unit,정수와 유리수,정수와 유리수,m1_num_reciprocal,역수,정수와 유리수,contains,high,3,"curriculum_math_2022: printed p. 34; terms and symbols for 수와 연산; term_list; 소수, 합성수, 거듭제곱, 지수, 밑, 소인수, 소인수분해, 서로소, 양수, 음수, 정수, 수직선, 유리수, 절댓값, 교환법칙, 결합법칙, 분배법칙, 역수, 유한소수, 무한소수, 순환소수, 순환마디, 제곱근, 근호, 무리수, 실수, 분모의 유리화 등을 다룸 | curriculum_math_2022: printed p. 33; [9수01-05]; achievement_standard; 정수와 유리수의 사칙계산 원리를 이해하고 계산하는 성취기준 | achievement_math_2022: 정수와 유리수 section; [9수01-05] achievement levels; achievement_level; 정수와 유리수의 사칙계산 원리 이해, 덧셈·뺄셈·곱셈·나눗셈, 혼합계산 수준을 구분",,structure_ref;textbook_page_refs,Find textbook structure evidence for the containment relation.,pending_textbook_pdf,,,,,,,,,,
5,중1(교육과정 학년군: 중1-3),수와 연산,정수와 유리수,m1_num_mixed_calculation__contains__m1_num_operation_order_mixed,intra_unit,m1_num_mixed_calculation,정수와 유리수의 혼합계산,정수와 유리수,m1_num_operation_order_mixed,혼합계산의 계산 순서,정수와 유리수,contains,medium,4,"curriculum_math_2022: printed p. 33; [9수01-05]; achievement_standard; 정수와 유리수의 사칙계산 원리를 이해하고 계산하는 성취기준 | curriculum_math_2022: printed pp. 33-34; [9수01-05] explanation and considerations; teaching_note; 정수의 사칙계산 원리는 여러 가지 모델로 직관적으로 이해하게 하며 정수와 유리수의 지나치게 복잡한 계산과 사칙계산 이외의 이항연산은 다루지 않음 | achievement_math_2022: 정수와 유리수 section; [9수01-05] achievement levels; achievement_level; 정수와 유리수의 사칙계산 원리 이해, 덧셈·뺄셈·곱셈·나눗셈, 혼합계산 수준을 구분 | achievement_research_report_2022: 연구보고서 p. 212; 정수와 유리수 대소 관계와 사칙계산 성취기준별 성취수준; research_report_achievement_level_context; 정수와 유리수의 대소 관계, 수직선 위 비교, 사칙계산 원리, 덧셈·뺄셈·곱셈·나눗셈, 혼합계산을 다루는 성취수준 맥락",,structure_ref;textbook_page_refs,Find textbook structure evidence for the containment relation.,pending_textbook_pdf,,,,,,,,,,
5,중1(교육과정 학년군: 중1-3),수와 연산,정수와 유리수,m1_num_negative_number__contains__m1_num_negative_integer,intra_unit,m1_num_negative_number,음수,정수와 유리수,m1_num_negative_integer,음의 정수,정수와 유리수,contains,medium,2,"curriculum_math_2022: printed p. 34; terms and symbols for 수와 연산; term_list; 소수, 합성수, 거듭제곱, 지수, 밑, 소인수, 소인수분해, 서로소, 양수, 음수, 정수, 수직선, 유리수, 절댓값, 교환법칙, 결합법칙, 분배법칙, 역수, 유한소수, 무한소수, 순환소수, 순환마디, 제곱근, 근호, 무리수, 실수, 분모의 유리화 등을 다룸 | curriculum_math_2022: printed p. 33; [9수01-03]; achievement_standard; 음수의 필요성을 인식하고 양수와 음수, 정수와 유리수의 개념을 이해하는 성취기준",,structure_ref;textbook_page_refs,Find textbook structure evidence for the containment relation.,pending_textbook_pdf,,,,,,,,,,
5,중1(교육과정 학년군: 중1-3),수와 연산,정수와 유리수,m1_num_operation_laws__contains__m1_num_associative_law,intra_unit,m1_num_operation_laws,연산 법칙,정수와 유리수,m1_num_associative_law,결합법칙,정수와 유리수,contains,high,2,"curriculum_math_2022: printed p. 34; terms and symbols for 수와 연산; term_list; 소수, 합성수, 거듭제곱, 지수, 밑, 소인수, 소인수분해, 서로소, 양수, 음수, 정수, 수직선, 유리수, 절댓값, 교환법칙, 결합법칙, 분배법칙, 역수, 유한소수, 무한소수, 순환소수, 순환마디, 제곱근, 근호, 무리수, 실수, 분모의 유리화 등을 다룸 | achievement_math_2022: 정수와 유리수 section; [9수01-05] achievement levels; achievement_level; 정수와 유리수의 사칙계산 원리 이해, 덧셈·뺄셈·곱셈·나눗셈, 혼합계산 수준을 구분",,structure_ref;textbook_page_refs,Find textbook structure evidence for the containment relation.,pending_textbook_pdf,,,,,,,,,,
5,중1(교육과정 학년군: 중1-3),수와 연산,정수와 유리수,m1_num_operation_laws__contains__m1_num_commutative_law,intra_unit,m1_num_operation_laws,연산 법칙,정수와 유리수,m1_num_commutative_law,교환법칙,정수와 유리수,contains,high,2,"curriculum_math_2022: printed p. 34; terms and symbols for 수와 연산; term_list; 소수, 합성수, 거듭제곱, 지수, 밑, 소인수, 소인수분해, 서로소, 양수, 음수, 정수, 수직선, 유리수, 절댓값, 교환법칙, 결합법칙, 분배법칙, 역수, 유한소수, 무한소수, 순환소수, 순환마디, 제곱근, 근호, 무리수, 실수, 분모의 유리화 등을 다룸 | achievement_math_2022: 정수와 유리수 section; [9수01-05] achievement levels; achievement_level; 정수와 유리수의 사칙계산 원리 이해, 덧셈·뺄셈·곱셈·나눗셈, 혼합계산 수준을 구분",,structure_ref;textbook_page_refs,Find textbook structure evidence for the containment relation.,pending_textbook_pdf,,,,,,,,,,
5,중1(교육과정 학년군: 중1-3),수와 연산,정수와 유리수,m1_num_operation_laws__contains__m1_num_distributive_law,intra_unit,m1_num_operation_laws,연산 법칙,정수와 유리수,m1_num_distributive_law,분배법칙,정수와 유리수,contains,high,2,"curriculum_math_2022: printed p. 34; terms and symbols for 수와 연산; term_list; 소수, 합성수, 거듭제곱, 지수, 밑, 소인수, 소인수분해, 서로소, 양수, 음수, 정수, 수직선, 유리수, 절댓값, 교환법칙, 결합법칙, 분배법칙, 역수, 유한소수, 무한소수, 순환소수, 순환마디, 제곱근, 근호, 무리수, 실수, 분모의 유리화 등을 다룸 | achievement_math_2022: 정수와 유리수 section; [9수01-05] achievement levels; achievement_level; 정수와 유리수의 사칙계산 원리 이해, 덧셈·뺄셈·곱셈·나눗셈, 혼합계산 수준을 구분",,structure_ref;textbook_page_refs,Find textbook structure evidence for the containment relation.,pending_textbook_pdf,,,,,,,,,,
5,중1(교육과정 학년군: 중1-3),수와 연산,정수와 유리수,m1_num_order_relation__contains__m1_num_number_line_position_order,intra_unit,m1_num_order_relation,정수와 유리수의 대소 관계,정수와 유리수,m1_num_number_line_position_order,수직선에서 오른쪽에 있는 수가 더 큼,정수와 유리수,contains,medium,3,"curriculum_math_2022: printed p. 33; [9수01-04]; achievement_standard; 정수와 유리수의 대소 관계를 판단하는 성취기준 | achievement_math_2022: 정수와 유리수 section; [9수01-04] achievement levels; achievement_level; 정수와 유리수의 대소 관계를 판단하고 수직선 위에서 비교하는 수준을 구분 | achievement_research_report_2022: 연구보고서 p. 212; 정수와 유리수 대소 관계와 사칙계산 성취기준별 성취수준; research_report_achievement_level_context; 정수와 유리수의 대소 관계, 수직선 위 비교, 사칙계산 원리, 덧셈·뺄셈·곱셈·나눗셈, 혼합계산을 다루는 성취수준 맥락",,structure_ref;textbook_page_refs,Find textbook structure evidence for the containment relation.,pending_textbook_pdf,,,,,,,,,,
5,중1(교육과정 학년군: 중1-3),수와 연산,정수와 유리수,m1_num_positive_number__contains__m1_num_positive_integer,intra_unit,m1_num_positive_number,양수,정수와 유리수,m1_num_positive_integer,양의 정수,정수와 유리수,contains,medium,2,"curriculum_math_2022: printed p. 34; terms and symbols for 수와 연산; term_list; 소수, 합성수, 거듭제곱, 지수, 밑, 소인수, 소인수분해, 서로소, 양수, 음수, 정수, 수직선, 유리수, 절댓값, 교환법칙, 결합법칙, 분배법칙, 역수, 유한소수, 무한소수, 순환소수, 순환마디, 제곱근, 근호, 무리수, 실수, 분모의 유리화 등을 다룸 | curriculum_math_2022: printed p. 33; [9수01-03]; achievement_standard; 음수의 필요성을 인식하고 양수와 음수, 정수와 유리수의 개념을 이해하는 성취기준",,structure_ref;textbook_page_refs,Find textbook structure evidence for the containment relation.,pending_textbook_pdf,,,,,,,,,,
5,중1(교육과정 학년군: 중1-3),수와 연산,정수와 유리수,m1_num_rational_number__contains__m1_num_negative_rational,intra_unit,m1_num_rational_number,유리수,정수와 유리수,m1_num_negative_rational,음의 유리수,정수와 유리수,contains,high,2,"curriculum_math_2022: printed p. 34; terms and symbols for 수와 연산; term_list; 소수, 합성수, 거듭제곱, 지수, 밑, 소인수, 소인수분해, 서로소, 양수, 음수, 정수, 수직선, 유리수, 절댓값, 교환법칙, 결합법칙, 분배법칙, 역수, 유한소수, 무한소수, 순환소수, 순환마디, 제곱근, 근호, 무리수, 실수, 분모의 유리화 등을 다룸 | curriculum_math_2022: printed p. 33; [9수01-03]; achievement_standard; 음수의 필요성을 인식하고 양수와 음수, 정수와 유리수의 개념을 이해하는 성취기준",,structure_ref;textbook_page_refs,Find textbook structure evidence for the containment relation.,pending_textbook_pdf,,,,,,,,,,
5,중1(교육과정 학년군: 중1-3),수와 연산,정수와 유리수,m1_num_rational_number__contains__m1_num_positive_rational,intra_unit,m1_num_rational_number,유리수,정수와 유리수,m1_num_positive_rational,양의 유리수,정수와 유리수,contains,high,2,"curriculum_math_2022: printed p. 34; terms and symbols for 수와 연산; term_list; 소수, 합성수, 거듭제곱, 지수, 밑, 소인수, 소인수분해, 서로소, 양수, 음수, 정수, 수직선, 유리수, 절댓값, 교환법칙, 결합법칙, 분배법칙, 역수, 유한소수, 무한소수, 순환소수, 순환마디, 제곱근, 근호, 무리수, 실수, 분모의 유리화 등을 다룸 | curriculum_math_2022: printed p. 33; [9수01-03]; achievement_standard; 음수의 필요성을 인식하고 양수와 음수, 정수와 유리수의 개념을 이해하는 성취기준",,structure_ref;textbook_page_refs,Find textbook structure evidence for the containment relation.,pending_textbook_pdf,,,,,,,,,,
5,중1(교육과정 학년군: 중1-3),수와 연산,정수와 유리수,m1_num_rational_number__contains__m1_num_rational_fraction_form,intra_unit,m1_num_rational_number,유리수,정수와 유리수,m1_num_rational_fraction_form,유리수의 분수 꼴 표현,정수와 유리수,contains,medium,4,"curriculum_math_2022: printed p. 33; [9수01-03]; achievement_standard; 음수의 필요성을 인식하고 양수와 음수, 정수와 유리수의 개념을 이해하는 성취기준 | curriculum_math_2022: printed p. 33; [9수01-06]; achievement_standard; 순환소수의 뜻을 알고 유리수와 순환소수의 관계를 설명하는 성취기준 | achievement_math_2022: 정수와 유리수 section; [9수01-03] achievement levels; achievement_level; 음수의 필요성, 양수와 음수, 정수와 유리수 개념 이해 및 분류 수준을 구분 | achievement_math_2022: 유리수와 순환소수 section; [9수01-06] achievement levels; achievement_level; 유한소수 또는 순환소수로 나타낼 수 있는 분수의 특징, 순환소수를 분수로 나타내기, 유리수와 순환소수 관계 설명 수준을 구분",,structure_ref;textbook_page_refs,Find textbook structure evidence for the containment relation.,pending_textbook_pdf,,,,,,,,,,
5,중1(교육과정 학년군: 중1-3),수와 연산,정수와 유리수,m1_num_absolute_value__prerequisite_for__m1_num_different_sign_addition,intra_unit,m1_num_absolute_value,절댓값,정수와 유리수,m1_num_different_sign_addition,부호가 다른 수의 덧셈,정수와 유리수,prerequisite_for,medium,3,"curriculum_math_2022: printed p. 33; [9수01-05]; achievement_standard; 정수와 유리수의 사칙계산 원리를 이해하고 계산하는 성취기준 | achievement_math_2022: 정수와 유리수 section; [9수01-05] achievement levels; achievement_level; 정수와 유리수의 사칙계산 원리 이해, 덧셈·뺄셈·곱셈·나눗셈, 혼합계산 수준을 구분 | achievement_research_report_2022: 연구보고서 p. 212; 정수와 유리수 대소 관계와 사칙계산 성취기준별 성취수준; research_report_achievement_level_context; 정수와 유리수의 대소 관계, 수직선 위 비교, 사칙계산 원리, 덧셈·뺄셈·곱셈·나눗셈, 혼합계산을 다루는 성취수준 맥락",,prerequisite_ref;textbook_page_refs,Find textbook sequencing or prior-knowledge evidence for the prerequisite relation.,pending_textbook_pdf,,,,,,,,,,
5,중1(교육과정 학년군: 중1-3),수와 연산,정수와 유리수,m1_num_absolute_value__prerequisite_for__m1_num_integer_rational_add_sub,intra_unit,m1_num_absolute_value,절댓값,정수와 유리수,m1_num_integer_rational_add_sub,정수와 유리수의 덧셈과 뺄셈,정수와 유리수,prerequisite_for,high,3,"curriculum_math_2022: printed p. 33; [9수01-05]; achievement_standard; 정수와 유리수의 사칙계산 원리를 이해하고 계산하는 성취기준 | achievement_math_2022: 정수와 유리수 section; [9수01-05] achievement levels; achievement_level; 정수와 유리수의 사칙계산 원리 이해, 덧셈·뺄셈·곱셈·나눗셈, 혼합계산 수준을 구분 | achievement_research_report_2022: 연구보고서 p. 212; 정수와 유리수 대소 관계와 사칙계산 성취기준별 성취수준; research_report_achievement_level_context; 정수와 유리수의 대소 관계, 수직선 위 비교, 사칙계산 원리, 덧셈·뺄셈·곱셈·나눗셈, 혼합계산을 다루는 성취수준 맥락",,prerequisite_ref;textbook_page_refs,Find textbook sequencing or prior-knowledge evidence for the prerequisite relation.,pending_textbook_pdf,,,,,,,,,,
5,중1(교육과정 학년군: 중1-3),수와 연산,정수와 유리수,m1_num_absolute_value__prerequisite_for__m1_num_same_sign_addition,intra_unit,m1_num_absolute_value,절댓값,정수와 유리수,m1_num_same_sign_addition,부호가 같은 수의 덧셈,정수와 유리수,prerequisite_for,medium,3,"curriculum_math_2022: printed p. 33; [9수01-05]; achievement_standard; 정수와 유리수의 사칙계산 원리를 이해하고 계산하는 성취기준 | achievement_math_2022: 정수와 유리수 section; [9수01-05] achievement levels; achievement_level; 정수와 유리수의 사칙계산 원리 이해, 덧셈·뺄셈·곱셈·나눗셈, 혼합계산 수준을 구분 | achievement_research_report_2022: 연구보고서 p. 212; 정수와 유리수 대소 관계와 사칙계산 성취기준별 성취수준; research_report_achievement_level_context; 정수와 유리수의 대소 관계, 수직선 위 비교, 사칙계산 원리, 덧셈·뺄셈·곱셈·나눗셈, 혼합계산을 다루는 성취수준 맥락",,prerequisite_ref;textbook_page_refs,Find textbook sequencing or prior-knowledge evidence for the prerequisite relation.,pending_textbook_pdf,,,,,,,,,,
5,중1(교육과정 학년군: 중1-3),수와 연산,정수와 유리수,m1_num_addition__prerequisite_for__m1_num_different_sign_addition,intra_unit,m1_num_addition,덧셈,정수와 유리수,m1_num_different_sign_addition,부호가 다른 수의 덧셈,정수와 유리수,prerequisite_for,medium,3,"curriculum_math_2022: printed p. 33; [9수01-05]; achievement_standard; 정수와 유리수의 사칙계산 원리를 이해하고 계산하는 성취기준 | achievement_math_2022: 정수와 유리수 section; [9수01-05] achievement levels; achievement_level; 정수와 유리수의 사칙계산 원리 이해, 덧셈·뺄셈·곱셈·나눗셈, 혼합계산 수준을 구분 | achievement_research_report_2022: 연구보고서 p. 212; 정수와 유리수 대소 관계와 사칙계산 성취기준별 성취수준; research_report_achievement_level_context; 정수와 유리수의 대소 관계, 수직선 위 비교, 사칙계산 원리, 덧셈·뺄셈·곱셈·나눗셈, 혼합계산을 다루는 성취수준 맥락",,prerequisite_ref;textbook_page_refs,Find textbook sequencing or prior-knowledge evidence for the prerequisite relation.,pending_textbook_pdf,,,,,,,,,,
5,중1(교육과정 학년군: 중1-3),수와 연산,정수와 유리수,m1_num_addition__prerequisite_for__m1_num_integer_rational_add_sub,intra_unit,m1_num_addition,덧셈,정수와 유리수,m1_num_integer_rational_add_sub,정수와 유리수의 덧셈과 뺄셈,정수와 유리수,prerequisite_for,high,3,"curriculum_math_2022: printed p. 33; [9수01-05]; achievement_standard; 정수와 유리수의 사칙계산 원리를 이해하고 계산하는 성취기준 | achievement_math_2022: 정수와 유리수 section; [9수01-05] achievement levels; achievement_level; 정수와 유리수의 사칙계산 원리 이해, 덧셈·뺄셈·곱셈·나눗셈, 혼합계산 수준을 구분 | achievement_research_report_2022: 연구보고서 p. 212; 정수와 유리수 대소 관계와 사칙계산 성취기준별 성취수준; research_report_achievement_level_context; 정수와 유리수의 대소 관계, 수직선 위 비교, 사칙계산 원리, 덧셈·뺄셈·곱셈·나눗셈, 혼합계산을 다루는 성취수준 맥락",,prerequisite_ref;textbook_page_refs,Find textbook sequencing or prior-knowledge evidence for the prerequisite relation.,pending_textbook_pdf,,,,,,,,,,
5,중1(교육과정 학년군: 중1-3),수와 연산,정수와 유리수,m1_num_addition__prerequisite_for__m1_num_same_sign_addition,intra_unit,m1_num_addition,덧셈,정수와 유리수,m1_num_same_sign_addition,부호가 같은 수의 덧셈,정수와 유리수,prerequisite_for,medium,3,"curriculum_math_2022: printed p. 33; [9수01-05]; achievement_standard; 정수와 유리수의 사칙계산 원리를 이해하고 계산하는 성취기준 | achievement_math_2022: 정수와 유리수 section; [9수01-05] achievement levels; achievement_level; 정수와 유리수의 사칙계산 원리 이해, 덧셈·뺄셈·곱셈·나눗셈, 혼합계산 수준을 구분 | achievement_research_report_2022: 연구보고서 p. 212; 정수와 유리수 대소 관계와 사칙계산 성취기준별 성취수준; research_report_achievement_level_context; 정수와 유리수의 대소 관계, 수직선 위 비교, 사칙계산 원리, 덧셈·뺄셈·곱셈·나눗셈, 혼합계산을 다루는 성취수준 맥락",,prerequisite_ref;textbook_page_refs,Find textbook sequencing or prior-knowledge evidence for the prerequisite relation.,pending_textbook_pdf,,,,,,,,,,
5,중1(교육과정 학년군: 중1-3),수와 연산,정수와 유리수,m1_num_division__prerequisite_for__m1_num_division_as_multiply_reciprocal,intra_unit,m1_num_division,나눗셈,정수와 유리수,m1_num_division_as_multiply_reciprocal,나눗셈을 역수의 곱셈으로 바꾸기,정수와 유리수,prerequisite_for,medium,3,"curriculum_math_2022: printed p. 33; [9수01-05]; achievement_standard; 정수와 유리수의 사칙계산 원리를 이해하고 계산하는 성취기준 | curriculum_math_2022: printed p. 34; terms and symbols for 수와 연산; term_list; 소수, 합성수, 거듭제곱, 지수, 밑, 소인수, 소인수분해, 서로소, 양수, 음수, 정수, 수직선, 유리수, 절댓값, 교환법칙, 결합법칙, 분배법칙, 역수, 유한소수, 무한소수, 순환소수, 순환마디, 제곱근, 근호, 무리수, 실수, 분모의 유리화 등을 다룸 | achievement_math_2022: 정수와 유리수 section; [9수01-05] achievement levels; achievement_level; 정수와 유리수의 사칙계산 원리 이해, 덧셈·뺄셈·곱셈·나눗셈, 혼합계산 수준을 구분",,prerequisite_ref;textbook_page_refs,Find textbook sequencing or prior-knowledge evidence for the prerequisite relation.,pending_textbook_pdf,,,,,,,,,,
5,중1(교육과정 학년군: 중1-3),수와 연산,정수와 유리수,m1_num_division__prerequisite_for__m1_num_integer_rational_mul_div,intra_unit,m1_num_division,나눗셈,정수와 유리수,m1_num_integer_rational_mul_div,정수와 유리수의 곱셈과 나눗셈,정수와 유리수,prerequisite_for,high,3,"curriculum_math_2022: printed p. 33; [9수01-05]; achievement_standard; 정수와 유리수의 사칙계산 원리를 이해하고 계산하는 성취기준 | achievement_math_2022: 정수와 유리수 section; [9수01-05] achievement levels; achievement_level; 정수와 유리수의 사칙계산 원리 이해, 덧셈·뺄셈·곱셈·나눗셈, 혼합계산 수준을 구분 | achievement_research_report_2022: 연구보고서 p. 212; 정수와 유리수 대소 관계와 사칙계산 성취기준별 성취수준; research_report_achievement_level_context; 정수와 유리수의 대소 관계, 수직선 위 비교, 사칙계산 원리, 덧셈·뺄셈·곱셈·나눗셈, 혼합계산을 다루는 성취수준 맥락",,prerequisite_ref;textbook_page_refs,Find textbook sequencing or prior-knowledge evidence for the prerequisite relation.,pending_textbook_pdf,,,,,,,,,,
5,중1(교육과정 학년군: 중1-3),수와 연산,정수와 유리수,m1_num_division__prerequisite_for__m1_num_mul_div_sign_rule,intra_unit,m1_num_division,나눗셈,정수와 유리수,m1_num_mul_div_sign_rule,곱셈과 나눗셈의 부호 결정,정수와 유리수,prerequisite_for,medium,3,"curriculum_math_2022: printed p. 33; [9수01-05]; achievement_standard; 정수와 유리수의 사칙계산 원리를 이해하고 계산하는 성취기준 | achievement_math_2022: 정수와 유리수 section; [9수01-05] achievement levels; achievement_level; 정수와 유리수의 사칙계산 원리 이해, 덧셈·뺄셈·곱셈·나눗셈, 혼합계산 수준을 구분 | achievement_research_report_2022: 연구보고서 p. 212; 정수와 유리수 대소 관계와 사칙계산 성취기준별 성취수준; research_report_achievement_level_context; 정수와 유리수의 대소 관계, 수직선 위 비교, 사칙계산 원리, 덧셈·뺄셈·곱셈·나눗셈, 혼합계산을 다루는 성취수준 맥락",,prerequisite_ref;textbook_page_refs,Find textbook sequencing or prior-knowledge evidence for the prerequisite relation.,pending_textbook_pdf,,,,,,,,,,
5,중1(교육과정 학년군: 중1-3),수와 연산,정수와 유리수,m1_num_four_operations__prerequisite_for__m1_num_mixed_calculation,intra_unit,m1_num_four_operations,정수와 유리수의 사칙계산,정수와 유리수,m1_num_mixed_calculation,정수와 유리수의 혼합계산,정수와 유리수,prerequisite_for,medium,4,"curriculum_math_2022: printed p. 33; [9수01-05]; achievement_standard; 정수와 유리수의 사칙계산 원리를 이해하고 계산하는 성취기준 | curriculum_math_2022: printed pp. 33-34; [9수01-05] explanation and considerations; teaching_note; 정수의 사칙계산 원리는 여러 가지 모델로 직관적으로 이해하게 하며 정수와 유리수의 지나치게 복잡한 계산과 사칙계산 이외의 이항연산은 다루지 않음 | achievement_math_2022: 정수와 유리수 section; [9수01-05] achievement levels; achievement_level; 정수와 유리수의 사칙계산 원리 이해, 덧셈·뺄셈·곱셈·나눗셈, 혼합계산 수준을 구분 | achievement_research_report_2022: 연구보고서 p. 212; 정수와 유리수 대소 관계와 사칙계산 성취기준별 성취수준; research_report_achievement_level_context; 정수와 유리수의 대소 관계, 수직선 위 비교, 사칙계산 원리, 덧셈·뺄셈·곱셈·나눗셈, 혼합계산을 다루는 성취수준 맥락",,prerequisite_ref;textbook_page_refs,Find textbook sequencing or prior-knowledge evidence for the prerequisite relation.,pending_textbook_pdf,,,,,,,,,,
5,중1(교육과정 학년군: 중1-3),수와 연산,정수와 유리수,m1_num_four_operations__prerequisite_for__m1_num_operation_laws,intra_unit,m1_num_four_operations,정수와 유리수의 사칙계산,정수와 유리수,m1_num_operation_laws,연산 법칙,정수와 유리수,prerequisite_for,high,3,"curriculum_math_2022: printed p. 34; terms and symbols for 수와 연산; term_list; 소수, 합성수, 거듭제곱, 지수, 밑, 소인수, 소인수분해, 서로소, 양수, 음수, 정수, 수직선, 유리수, 절댓값, 교환법칙, 결합법칙, 분배법칙, 역수, 유한소수, 무한소수, 순환소수, 순환마디, 제곱근, 근호, 무리수, 실수, 분모의 유리화 등을 다룸 | curriculum_math_2022: printed p. 33; [9수01-05]; achievement_standard; 정수와 유리수의 사칙계산 원리를 이해하고 계산하는 성취기준 | achievement_math_2022: 정수와 유리수 section; [9수01-05] achievement levels; achievement_level; 정수와 유리수의 사칙계산 원리 이해, 덧셈·뺄셈·곱셈·나눗셈, 혼합계산 수준을 구분",,prerequisite_ref;textbook_page_refs,Find textbook sequencing or prior-knowledge evidence for the prerequisite relation.,pending_textbook_pdf,,,,,,,,,,
5,중1(교육과정 학년군: 중1-3),수와 연산,정수와 유리수,m1_num_four_operations__prerequisite_for__m1_num_operation_order_mixed,intra_unit,m1_num_four_operations,정수와 유리수의 사칙계산,정수와 유리수,m1_num_operation_order_mixed,혼합계산의 계산 순서,정수와 유리수,prerequisite_for,medium,4,"curriculum_math_2022: printed p. 33; [9수01-05]; achievement_standard; 정수와 유리수의 사칙계산 원리를 이해하고 계산하는 성취기준 | curriculum_math_2022: printed pp. 33-34; [9수01-05] explanation and considerations; teaching_note; 정수의 사칙계산 원리는 여러 가지 모델로 직관적으로 이해하게 하며 정수와 유리수의 지나치게 복잡한 계산과 사칙계산 이외의 이항연산은 다루지 않음 | achievement_math_2022: 정수와 유리수 section; [9수01-05] achievement levels; achievement_level; 정수와 유리수의 사칙계산 원리 이해, 덧셈·뺄셈·곱셈·나눗셈, 혼합계산 수준을 구분 | achievement_research_report_2022: 연구보고서 p. 212; 정수와 유리수 대소 관계와 사칙계산 성취기준별 성취수준; research_report_achievement_level_context; 정수와 유리수의 대소 관계, 수직선 위 비교, 사칙계산 원리, 덧셈·뺄셈·곱셈·나눗셈, 혼합계산을 다루는 성취수준 맥락",,prerequisite_ref;textbook_page_refs,Find textbook sequencing or prior-knowledge evidence for the prerequisite relation.,pending_textbook_pdf,,,,,,,,,,
5,중1(교육과정 학년군: 중1-3),수와 연산,정수와 유리수,m1_num_integer__prerequisite_for__m1_num_four_operations,intra_unit,m1_num_integer,정수,정수와 유리수,m1_num_four_operations,정수와 유리수의 사칙계산,정수와 유리수,prerequisite_for,high,4,"curriculum_math_2022: printed p. 33; [9수01-05]; achievement_standard; 정수와 유리수의 사칙계산 원리를 이해하고 계산하는 성취기준 | curriculum_math_2022: printed pp. 33-34; [9수01-05] explanation and considerations; teaching_note; 정수의 사칙계산 원리는 여러 가지 모델로 직관적으로 이해하게 하며 정수와 유리수의 지나치게 복잡한 계산과 사칙계산 이외의 이항연산은 다루지 않음 | achievement_math_2022: 정수와 유리수 section; [9수01-05] achievement levels; achievement_level; 정수와 유리수의 사칙계산 원리 이해, 덧셈·뺄셈·곱셈·나눗셈, 혼합계산 수준을 구분 | achievement_research_report_2022: 연구보고서 p. 212; 정수와 유리수 대소 관계와 사칙계산 성취기준별 성취수준; research_report_achievement_level_context; 정수와 유리수의 대소 관계, 수직선 위 비교, 사칙계산 원리, 덧셈·뺄셈·곱셈·나눗셈, 혼합계산을 다루는 성취수준 맥락",,prerequisite_ref;textbook_page_refs,Find textbook sequencing or prior-knowledge evidence for the prerequisite relation.,pending_textbook_pdf,,,,,,,,,,
5,중1(교육과정 학년군: 중1-3),수와 연산,정수와 유리수,m1_num_integer__prerequisite_for__m1_num_order_relation,intra_unit,m1_num_integer,정수,정수와 유리수,m1_num_order_relation,정수와 유리수의 대소 관계,정수와 유리수,prerequisite_for,high,4,"curriculum_math_2022: printed p. 33; [9수01-04]; achievement_standard; 정수와 유리수의 대소 관계를 판단하는 성취기준 | curriculum_math_2022: printed p. 34; terms and symbols for 수와 연산; term_list; 소수, 합성수, 거듭제곱, 지수, 밑, 소인수, 소인수분해, 서로소, 양수, 음수, 정수, 수직선, 유리수, 절댓값, 교환법칙, 결합법칙, 분배법칙, 역수, 유한소수, 무한소수, 순환소수, 순환마디, 제곱근, 근호, 무리수, 실수, 분모의 유리화 등을 다룸 | achievement_math_2022: 정수와 유리수 section; [9수01-04] achievement levels; achievement_level; 정수와 유리수의 대소 관계를 판단하고 수직선 위에서 비교하는 수준을 구분 | achievement_research_report_2022: 연구보고서 p. 212; 정수와 유리수 대소 관계와 사칙계산 성취기준별 성취수준; research_report_achievement_level_context; 정수와 유리수의 대소 관계, 수직선 위 비교, 사칙계산 원리, 덧셈·뺄셈·곱셈·나눗셈, 혼합계산을 다루는 성취수준 맥락",,prerequisite_ref;textbook_page_refs,Find textbook sequencing or prior-knowledge evidence for the prerequisite relation.,pending_textbook_pdf,,,,,,,,,,
5,중1(교육과정 학년군: 중1-3),수와 연산,정수와 유리수,m1_num_integer__prerequisite_for__m1_num_rational_fraction_form,intra_unit,m1_num_integer,정수,정수와 유리수,m1_num_rational_fraction_form,유리수의 분수 꼴 표현,정수와 유리수,prerequisite_for,medium,4,"curriculum_math_2022: printed p. 33; [9수01-03]; achievement_standard; 음수의 필요성을 인식하고 양수와 음수, 정수와 유리수의 개념을 이해하는 성취기준 | curriculum_math_2022: printed p. 33; [9수01-06]; achievement_standard; 순환소수의 뜻을 알고 유리수와 순환소수의 관계를 설명하는 성취기준 | achievement_math_2022: 정수와 유리수 section; [9수01-03] achievement levels; achievement_level; 음수의 필요성, 양수와 음수, 정수와 유리수 개념 이해 및 분류 수준을 구분 | achievement_math_2022: 유리수와 순환소수 section; [9수01-06] achievement levels; achievement_level; 유한소수 또는 순환소수로 나타낼 수 있는 분수의 특징, 순환소수를 분수로 나타내기, 유리수와 순환소수 관계 설명 수준을 구분",,prerequisite_ref;textbook_page_refs,Find textbook sequencing or prior-knowledge evidence for the prerequisite relation.,pending_textbook_pdf,,,,,,,,,,
5,중1(교육과정 학년군: 중1-3),수와 연산,정수와 유리수,m1_num_integer__prerequisite_for__m1_num_rational_number,intra_unit,m1_num_integer,정수,정수와 유리수,m1_num_rational_number,유리수,정수와 유리수,prerequisite_for,medium,2,"curriculum_math_2022: printed p. 33; [9수01-03]; achievement_standard; 음수의 필요성을 인식하고 양수와 음수, 정수와 유리수의 개념을 이해하는 성취기준 | achievement_math_2022: 정수와 유리수 section; [9수01-03] achievement levels; achievement_level; 음수의 필요성, 양수와 음수, 정수와 유리수 개념 이해 및 분류 수준을 구분",,prerequisite_ref;textbook_page_refs,Find textbook sequencing or prior-knowledge evidence for the prerequisite relation.,pending_textbook_pdf,,,,,,,,,,
5,중1(교육과정 학년군: 중1-3),수와 연산,정수와 유리수,m1_num_minus_sign__prerequisite_for__m1_num_different_sign_addition,intra_unit,m1_num_minus_sign,음의 부호,정수와 유리수,m1_num_different_sign_addition,부호가 다른 수의 덧셈,정수와 유리수,prerequisite_for,medium,3,"curriculum_math_2022: printed p. 33; [9수01-05]; achievement_standard; 정수와 유리수의 사칙계산 원리를 이해하고 계산하는 성취기준 | achievement_math_2022: 정수와 유리수 section; [9수01-05] achievement levels; achievement_level; 정수와 유리수의 사칙계산 원리 이해, 덧셈·뺄셈·곱셈·나눗셈, 혼합계산 수준을 구분 | achievement_research_report_2022: 연구보고서 p. 212; 정수와 유리수 대소 관계와 사칙계산 성취기준별 성취수준; research_report_achievement_level_context; 정수와 유리수의 대소 관계, 수직선 위 비교, 사칙계산 원리, 덧셈·뺄셈·곱셈·나눗셈, 혼합계산을 다루는 성취수준 맥락",,prerequisite_ref;textbook_page_refs,Find textbook sequencing or prior-knowledge evidence for the prerequisite relation.,pending_textbook_pdf,,,,,,,,,,
5,중1(교육과정 학년군: 중1-3),수와 연산,정수와 유리수,m1_num_minus_sign__prerequisite_for__m1_num_integer_rational_add_sub,intra_unit,m1_num_minus_sign,음의 부호,정수와 유리수,m1_num_integer_rational_add_sub,정수와 유리수의 덧셈과 뺄셈,정수와 유리수,prerequisite_for,high,3,"curriculum_math_2022: printed p. 33; [9수01-05]; achievement_standard; 정수와 유리수의 사칙계산 원리를 이해하고 계산하는 성취기준 | achievement_math_2022: 정수와 유리수 section; [9수01-05] achievement levels; achievement_level; 정수와 유리수의 사칙계산 원리 이해, 덧셈·뺄셈·곱셈·나눗셈, 혼합계산 수준을 구분 | achievement_research_report_2022: 연구보고서 p. 212; 정수와 유리수 대소 관계와 사칙계산 성취기준별 성취수준; research_report_achievement_level_context; 정수와 유리수의 대소 관계, 수직선 위 비교, 사칙계산 원리, 덧셈·뺄셈·곱셈·나눗셈, 혼합계산을 다루는 성취수준 맥락",,prerequisite_ref;textbook_page_refs,Find textbook sequencing or prior-knowledge evidence for the prerequisite relation.,pending_textbook_pdf,,,,,,,,,,
5,중1(교육과정 학년군: 중1-3),수와 연산,정수와 유리수,m1_num_minus_sign__prerequisite_for__m1_num_integer_rational_mul_div,intra_unit,m1_num_minus_sign,음의 부호,정수와 유리수,m1_num_integer_rational_mul_div,정수와 유리수의 곱셈과 나눗셈,정수와 유리수,prerequisite_for,high,3,"curriculum_math_2022: printed p. 33; [9수01-05]; achievement_standard; 정수와 유리수의 사칙계산 원리를 이해하고 계산하는 성취기준 | achievement_math_2022: 정수와 유리수 section; [9수01-05] achievement levels; achievement_level; 정수와 유리수의 사칙계산 원리 이해, 덧셈·뺄셈·곱셈·나눗셈, 혼합계산 수준을 구분 | achievement_research_report_2022: 연구보고서 p. 212; 정수와 유리수 대소 관계와 사칙계산 성취기준별 성취수준; research_report_achievement_level_context; 정수와 유리수의 대소 관계, 수직선 위 비교, 사칙계산 원리, 덧셈·뺄셈·곱셈·나눗셈, 혼합계산을 다루는 성취수준 맥락",,prerequisite_ref;textbook_page_refs,Find textbook sequencing or prior-knowledge evidence for the prerequisite relation.,pending_textbook_pdf,,,,,,,,,,
5,중1(교육과정 학년군: 중1-3),수와 연산,정수와 유리수,m1_num_minus_sign__prerequisite_for__m1_num_mul_div_sign_rule,intra_unit,m1_num_minus_sign,음의 부호,정수와 유리수,m1_num_mul_div_sign_rule,곱셈과 나눗셈의 부호 결정,정수와 유리수,prerequisite_for,medium,3,"curriculum_math_2022: printed p. 33; [9수01-05]; achievement_standard; 정수와 유리수의 사칙계산 원리를 이해하고 계산하는 성취기준 | achievement_math_2022: 정수와 유리수 section; [9수01-05] achievement levels; achievement_level; 정수와 유리수의 사칙계산 원리 이해, 덧셈·뺄셈·곱셈·나눗셈, 혼합계산 수준을 구분 | achievement_research_report_2022: 연구보고서 p. 212; 정수와 유리수 대소 관계와 사칙계산 성취기준별 성취수준; research_report_achievement_level_context; 정수와 유리수의 대소 관계, 수직선 위 비교, 사칙계산 원리, 덧셈·뺄셈·곱셈·나눗셈, 혼합계산을 다루는 성취수준 맥락",,prerequisite_ref;textbook_page_refs,Find textbook sequencing or prior-knowledge evidence for the prerequisite relation.,pending_textbook_pdf,,,,,,,,,,
5,중1(교육과정 학년군: 중1-3),수와 연산,정수와 유리수,m1_num_minus_sign__prerequisite_for__m1_num_same_sign_addition,intra_unit,m1_num_minus_sign,음의 부호,정수와 유리수,m1_num_same_sign_addition,부호가 같은 수의 덧셈,정수와 유리수,prerequisite_for,medium,3,"curriculum_math_2022: printed p. 33; [9수01-05]; achievement_standard; 정수와 유리수의 사칙계산 원리를 이해하고 계산하는 성취기준 | achievement_math_2022: 정수와 유리수 section; [9수01-05] achievement levels; achievement_level; 정수와 유리수의 사칙계산 원리 이해, 덧셈·뺄셈·곱셈·나눗셈, 혼합계산 수준을 구분 | achievement_research_report_2022: 연구보고서 p. 212; 정수와 유리수 대소 관계와 사칙계산 성취기준별 성취수준; research_report_achievement_level_context; 정수와 유리수의 대소 관계, 수직선 위 비교, 사칙계산 원리, 덧셈·뺄셈·곱셈·나눗셈, 혼합계산을 다루는 성취수준 맥락",,prerequisite_ref;textbook_page_refs,Find textbook sequencing or prior-knowledge evidence for the prerequisite relation.,pending_textbook_pdf,,,,,,,,,,
5,중1(교육과정 학년군: 중1-3),수와 연산,정수와 유리수,m1_num_multiplication__prerequisite_for__m1_num_division_as_multiply_reciprocal,intra_unit,m1_num_multiplication,곱셈,정수와 유리수,m1_num_division_as_multiply_reciprocal,나눗셈을 역수의 곱셈으로 바꾸기,정수와 유리수,prerequisite_for,medium,3,"curriculum_math_2022: printed p. 33; [9수01-05]; achievement_standard; 정수와 유리수의 사칙계산 원리를 이해하고 계산하는 성취기준 | curriculum_math_2022: printed p. 34; terms and symbols for 수와 연산; term_list; 소수, 합성수, 거듭제곱, 지수, 밑, 소인수, 소인수분해, 서로소, 양수, 음수, 정수, 수직선, 유리수, 절댓값, 교환법칙, 결합법칙, 분배법칙, 역수, 유한소수, 무한소수, 순환소수, 순환마디, 제곱근, 근호, 무리수, 실수, 분모의 유리화 등을 다룸 | achievement_math_2022: 정수와 유리수 section; [9수01-05] achievement levels; achievement_level; 정수와 유리수의 사칙계산 원리 이해, 덧셈·뺄셈·곱셈·나눗셈, 혼합계산 수준을 구분",,prerequisite_ref;textbook_page_refs,Find textbook sequencing or prior-knowledge evidence for the prerequisite relation.,pending_textbook_pdf,,,,,,,,,,
5,중1(교육과정 학년군: 중1-3),수와 연산,정수와 유리수,m1_num_multiplication__prerequisite_for__m1_num_integer_rational_mul_div,intra_unit,m1_num_multiplication,곱셈,정수와 유리수,m1_num_integer_rational_mul_div,정수와 유리수의 곱셈과 나눗셈,정수와 유리수,prerequisite_for,high,3,"curriculum_math_2022: printed p. 33; [9수01-05]; achievement_standard; 정수와 유리수의 사칙계산 원리를 이해하고 계산하는 성취기준 | achievement_math_2022: 정수와 유리수 section; [9수01-05] achievement levels; achievement_level; 정수와 유리수의 사칙계산 원리 이해, 덧셈·뺄셈·곱셈·나눗셈, 혼합계산 수준을 구분 | achievement_research_report_2022: 연구보고서 p. 212; 정수와 유리수 대소 관계와 사칙계산 성취기준별 성취수준; research_report_achievement_level_context; 정수와 유리수의 대소 관계, 수직선 위 비교, 사칙계산 원리, 덧셈·뺄셈·곱셈·나눗셈, 혼합계산을 다루는 성취수준 맥락",,prerequisite_ref;textbook_page_refs,Find textbook sequencing or prior-knowledge evidence for the prerequisite relation.,pending_textbook_pdf,,,,,,,,,,
5,중1(교육과정 학년군: 중1-3),수와 연산,정수와 유리수,m1_num_multiplication__prerequisite_for__m1_num_mul_div_sign_rule,intra_unit,m1_num_multiplication,곱셈,정수와 유리수,m1_num_mul_div_sign_rule,곱셈과 나눗셈의 부호 결정,정수와 유리수,prerequisite_for,medium,3,"curriculum_math_2022: printed p. 33; [9수01-05]; achievement_standard; 정수와 유리수의 사칙계산 원리를 이해하고 계산하는 성취기준 | achievement_math_2022: 정수와 유리수 section; [9수01-05] achievement levels; achievement_level; 정수와 유리수의 사칙계산 원리 이해, 덧셈·뺄셈·곱셈·나눗셈, 혼합계산 수준을 구분 | achievement_research_report_2022: 연구보고서 p. 212; 정수와 유리수 대소 관계와 사칙계산 성취기준별 성취수준; research_report_achievement_level_context; 정수와 유리수의 대소 관계, 수직선 위 비교, 사칙계산 원리, 덧셈·뺄셈·곱셈·나눗셈, 혼합계산을 다루는 성취수준 맥락",,prerequisite_ref;textbook_page_refs,Find textbook sequencing or prior-knowledge evidence for the prerequisite relation.,pending_textbook_pdf,,,,,,,,,,
5,중1(교육과정 학년군: 중1-3),수와 연산,정수와 유리수,m1_num_multiplication__prerequisite_for__m1_num_reciprocal,intra_unit,m1_num_multiplication,곱셈,정수와 유리수,m1_num_reciprocal,역수,정수와 유리수,prerequisite_for,high,3,"curriculum_math_2022: printed p. 34; terms and symbols for 수와 연산; term_list; 소수, 합성수, 거듭제곱, 지수, 밑, 소인수, 소인수분해, 서로소, 양수, 음수, 정수, 수직선, 유리수, 절댓값, 교환법칙, 결합법칙, 분배법칙, 역수, 유한소수, 무한소수, 순환소수, 순환마디, 제곱근, 근호, 무리수, 실수, 분모의 유리화 등을 다룸 | curriculum_math_2022: printed p. 33; [9수01-05]; achievement_standard; 정수와 유리수의 사칙계산 원리를 이해하고 계산하는 성취기준 | achievement_math_2022: 정수와 유리수 section; [9수01-05] achievement levels; achievement_level; 정수와 유리수의 사칙계산 원리 이해, 덧셈·뺄셈·곱셈·나눗셈, 혼합계산 수준을 구분",,prerequisite_ref;textbook_page_refs,Find textbook sequencing or prior-knowledge evidence for the prerequisite relation.,pending_textbook_pdf,,,,,,,,,,
5,중1(교육과정 학년군: 중1-3),수와 연산,정수와 유리수,m1_num_negative_need__prerequisite_for__m1_num_negative_number,intra_unit,m1_num_negative_need,음수의 필요성,정수와 유리수,m1_num_negative_number,음수,정수와 유리수,prerequisite_for,high,4,"curriculum_math_2022: printed p. 33; [9수01-03]; achievement_standard; 음수의 필요성을 인식하고 양수와 음수, 정수와 유리수의 개념을 이해하는 성취기준 | curriculum_math_2022: printed p. 34; terms and symbols for 수와 연산; term_list; 소수, 합성수, 거듭제곱, 지수, 밑, 소인수, 소인수분해, 서로소, 양수, 음수, 정수, 수직선, 유리수, 절댓값, 교환법칙, 결합법칙, 분배법칙, 역수, 유한소수, 무한소수, 순환소수, 순환마디, 제곱근, 근호, 무리수, 실수, 분모의 유리화 등을 다룸 | achievement_math_2022: 정수와 유리수 section; [9수01-03] achievement levels; achievement_level; 음수의 필요성, 양수와 음수, 정수와 유리수 개념 이해 및 분류 수준을 구분 | achievement_research_report_2022: 연구보고서 p. 211; 정수와 유리수 성취기준별 성취수준; research_report_achievement_level_context; 음수의 필요성, 양수와 음수, 정수와 유리수의 개념과 분류를 다루는 성취기준별 성취수준 맥락",,prerequisite_ref;textbook_page_refs,Find textbook sequencing or prior-knowledge evidence for the prerequisite relation.,pending_textbook_pdf,,,,,,,,,,
5,중1(교육과정 학년군: 중1-3),수와 연산,정수와 유리수,m1_num_negative_number__prerequisite_for__m1_num_integer,intra_unit,m1_num_negative_number,음수,정수와 유리수,m1_num_integer,정수,정수와 유리수,prerequisite_for,high,4,"curriculum_math_2022: printed p. 33; [9수01-03]; achievement_standard; 음수의 필요성을 인식하고 양수와 음수, 정수와 유리수의 개념을 이해하는 성취기준 | curriculum_math_2022: printed p. 34; terms and symbols for 수와 연산; term_list; 소수, 합성수, 거듭제곱, 지수, 밑, 소인수, 소인수분해, 서로소, 양수, 음수, 정수, 수직선, 유리수, 절댓값, 교환법칙, 결합법칙, 분배법칙, 역수, 유한소수, 무한소수, 순환소수, 순환마디, 제곱근, 근호, 무리수, 실수, 분모의 유리화 등을 다룸 | achievement_math_2022: 정수와 유리수 section; [9수01-03] achievement levels; achievement_level; 음수의 필요성, 양수와 음수, 정수와 유리수 개념 이해 및 분류 수준을 구분 | achievement_research_report_2022: 연구보고서 p. 211; 정수와 유리수 성취기준별 성취수준; research_report_achievement_level_context; 음수의 필요성, 양수와 음수, 정수와 유리수의 개념과 분류를 다루는 성취기준별 성취수준 맥락",,prerequisite_ref;textbook_page_refs,Find textbook sequencing or prior-knowledge evidence for the prerequisite relation.,pending_textbook_pdf,,,,,,,,,,
5,중1(교육과정 학년군: 중1-3),수와 연산,정수와 유리수,m1_num_number_line__prerequisite_for__m1_num_absolute_value,intra_unit,m1_num_number_line,수직선,정수와 유리수,m1_num_absolute_value,절댓값,정수와 유리수,prerequisite_for,high,3,"curriculum_math_2022: printed p. 34; terms and symbols for 수와 연산; term_list; 소수, 합성수, 거듭제곱, 지수, 밑, 소인수, 소인수분해, 서로소, 양수, 음수, 정수, 수직선, 유리수, 절댓값, 교환법칙, 결합법칙, 분배법칙, 역수, 유한소수, 무한소수, 순환소수, 순환마디, 제곱근, 근호, 무리수, 실수, 분모의 유리화 등을 다룸 | curriculum_math_2022: printed p. 33; [9수01-04]; achievement_standard; 정수와 유리수의 대소 관계를 판단하는 성취기준 | achievement_math_2022: 정수와 유리수 section; [9수01-04] achievement levels; achievement_level; 정수와 유리수의 대소 관계를 판단하고 수직선 위에서 비교하는 수준을 구분",,prerequisite_ref;textbook_page_refs,Find textbook sequencing or prior-knowledge evidence for the prerequisite relation.,pending_textbook_pdf,,,,,,,,,,
5,중1(교육과정 학년군: 중1-3),수와 연산,정수와 유리수,m1_num_number_line__prerequisite_for__m1_num_number_line_position_order,intra_unit,m1_num_number_line,수직선,정수와 유리수,m1_num_number_line_position_order,수직선에서 오른쪽에 있는 수가 더 큼,정수와 유리수,prerequisite_for,medium,3,"curriculum_math_2022: printed p. 33; [9수01-04]; achievement_standard; 정수와 유리수의 대소 관계를 판단하는 성취기준 | achievement_math_2022: 정수와 유리수 section; [9수01-04] achievement levels; achievement_level; 정수와 유리수의 대소 관계를 판단하고 수직선 위에서 비교하는 수준을 구분 | achievement_research_report_2022: 연구보고서 p. 212; 정수와 유리수 대소 관계와 사칙계산 성취기준별 성취수준; research_report_achievement_level_context; 정수와 유리수의 대소 관계, 수직선 위 비교, 사칙계산 원리, 덧셈·뺄셈·곱셈·나눗셈, 혼합계산을 다루는 성취수준 맥락",,prerequisite_ref;textbook_page_refs,Find textbook sequencing or prior-knowledge evidence for the prerequisite relation.,pending_textbook_pdf,,,,,,,,,,
5,중1(교육과정 학년군: 중1-3),수와 연산,정수와 유리수,m1_num_number_line__prerequisite_for__m1_num_order_relation,intra_unit,m1_num_number_line,수직선,정수와 유리수,m1_num_order_relation,정수와 유리수의 대소 관계,정수와 유리수,prerequisite_for,high,4,"curriculum_math_2022: printed p. 33; [9수01-04]; achievement_standard; 정수와 유리수의 대소 관계를 판단하는 성취기준 | curriculum_math_2022: printed p. 34; terms and symbols for 수와 연산; term_list; 소수, 합성수, 거듭제곱, 지수, 밑, 소인수, 소인수분해, 서로소, 양수, 음수, 정수, 수직선, 유리수, 절댓값, 교환법칙, 결합법칙, 분배법칙, 역수, 유한소수, 무한소수, 순환소수, 순환마디, 제곱근, 근호, 무리수, 실수, 분모의 유리화 등을 다룸 | achievement_math_2022: 정수와 유리수 section; [9수01-04] achievement levels; achievement_level; 정수와 유리수의 대소 관계를 판단하고 수직선 위에서 비교하는 수준을 구분 | achievement_research_report_2022: 연구보고서 p. 212; 정수와 유리수 대소 관계와 사칙계산 성취기준별 성취수준; research_report_achievement_level_context; 정수와 유리수의 대소 관계, 수직선 위 비교, 사칙계산 원리, 덧셈·뺄셈·곱셈·나눗셈, 혼합계산을 다루는 성취수준 맥락",,prerequisite_ref;textbook_page_refs,Find textbook sequencing or prior-knowledge evidence for the prerequisite relation.,pending_textbook_pdf,,,,,,,,,,
5,중1(교육과정 학년군: 중1-3),수와 연산,정수와 유리수,m1_num_operation_laws__prerequisite_for__m1_num_mixed_calculation,intra_unit,m1_num_operation_laws,연산 법칙,정수와 유리수,m1_num_mixed_calculation,정수와 유리수의 혼합계산,정수와 유리수,prerequisite_for,medium,4,"curriculum_math_2022: printed p. 33; [9수01-05]; achievement_standard; 정수와 유리수의 사칙계산 원리를 이해하고 계산하는 성취기준 | curriculum_math_2022: printed pp. 33-34; [9수01-05] explanation and considerations; teaching_note; 정수의 사칙계산 원리는 여러 가지 모델로 직관적으로 이해하게 하며 정수와 유리수의 지나치게 복잡한 계산과 사칙계산 이외의 이항연산은 다루지 않음 | achievement_math_2022: 정수와 유리수 section; [9수01-05] achievement levels; achievement_level; 정수와 유리수의 사칙계산 원리 이해, 덧셈·뺄셈·곱셈·나눗셈, 혼합계산 수준을 구분 | achievement_research_report_2022: 연구보고서 p. 212; 정수와 유리수 대소 관계와 사칙계산 성취기준별 성취수준; research_report_achievement_level_context; 정수와 유리수의 대소 관계, 수직선 위 비교, 사칙계산 원리, 덧셈·뺄셈·곱셈·나눗셈, 혼합계산을 다루는 성취수준 맥락",,prerequisite_ref;textbook_page_refs,Find textbook sequencing or prior-knowledge evidence for the prerequisite relation.,pending_textbook_pdf,,,,,,,,,,
5,중1(교육과정 학년군: 중1-3),수와 연산,정수와 유리수,m1_num_operation_laws__prerequisite_for__m1_num_operation_order_mixed,intra_unit,m1_num_operation_laws,연산 법칙,정수와 유리수,m1_num_operation_order_mixed,혼합계산의 계산 순서,정수와 유리수,prerequisite_for,medium,4,"curriculum_math_2022: printed p. 33; [9수01-05]; achievement_standard; 정수와 유리수의 사칙계산 원리를 이해하고 계산하는 성취기준 | curriculum_math_2022: printed pp. 33-34; [9수01-05] explanation and considerations; teaching_note; 정수의 사칙계산 원리는 여러 가지 모델로 직관적으로 이해하게 하며 정수와 유리수의 지나치게 복잡한 계산과 사칙계산 이외의 이항연산은 다루지 않음 | achievement_math_2022: 정수와 유리수 section; [9수01-05] achievement levels; achievement_level; 정수와 유리수의 사칙계산 원리 이해, 덧셈·뺄셈·곱셈·나눗셈, 혼합계산 수준을 구분 | achievement_research_report_2022: 연구보고서 p. 212; 정수와 유리수 대소 관계와 사칙계산 성취기준별 성취수준; research_report_achievement_level_context; 정수와 유리수의 대소 관계, 수직선 위 비교, 사칙계산 원리, 덧셈·뺄셈·곱셈·나눗셈, 혼합계산을 다루는 성취수준 맥락",,prerequisite_ref;textbook_page_refs,Find textbook sequencing or prior-knowledge evidence for the prerequisite relation.,pending_textbook_pdf,,,,,,,,,,
5,중1(교육과정 학년군: 중1-3),수와 연산,정수와 유리수,m1_num_order_relation__prerequisite_for__m1_num_different_sign_addition,intra_unit,m1_num_order_relation,정수와 유리수의 대소 관계,정수와 유리수,m1_num_different_sign_addition,부호가 다른 수의 덧셈,정수와 유리수,prerequisite_for,medium,3,"curriculum_math_2022: printed p. 33; [9수01-05]; achievement_standard; 정수와 유리수의 사칙계산 원리를 이해하고 계산하는 성취기준 | achievement_math_2022: 정수와 유리수 section; [9수01-05] achievement levels; achievement_level; 정수와 유리수의 사칙계산 원리 이해, 덧셈·뺄셈·곱셈·나눗셈, 혼합계산 수준을 구분 | achievement_research_report_2022: 연구보고서 p. 212; 정수와 유리수 대소 관계와 사칙계산 성취기준별 성취수준; research_report_achievement_level_context; 정수와 유리수의 대소 관계, 수직선 위 비교, 사칙계산 원리, 덧셈·뺄셈·곱셈·나눗셈, 혼합계산을 다루는 성취수준 맥락",,prerequisite_ref;textbook_page_refs,Find textbook sequencing or prior-knowledge evidence for the prerequisite relation.,pending_textbook_pdf,,,,,,,,,,
5,중1(교육과정 학년군: 중1-3),수와 연산,정수와 유리수,m1_num_plus_sign__prerequisite_for__m1_num_different_sign_addition,intra_unit,m1_num_plus_sign,양의 부호,정수와 유리수,m1_num_different_sign_addition,부호가 다른 수의 덧셈,정수와 유리수,prerequisite_for,medium,3,"curriculum_math_2022: printed p. 33; [9수01-05]; achievement_standard; 정수와 유리수의 사칙계산 원리를 이해하고 계산하는 성취기준 | achievement_math_2022: 정수와 유리수 section; [9수01-05] achievement levels; achievement_level; 정수와 유리수의 사칙계산 원리 이해, 덧셈·뺄셈·곱셈·나눗셈, 혼합계산 수준을 구분 | achievement_research_report_2022: 연구보고서 p. 212; 정수와 유리수 대소 관계와 사칙계산 성취기준별 성취수준; research_report_achievement_level_context; 정수와 유리수의 대소 관계, 수직선 위 비교, 사칙계산 원리, 덧셈·뺄셈·곱셈·나눗셈, 혼합계산을 다루는 성취수준 맥락",,prerequisite_ref;textbook_page_refs,Find textbook sequencing or prior-knowledge evidence for the prerequisite relation.,pending_textbook_pdf,,,,,,,,,,
5,중1(교육과정 학년군: 중1-3),수와 연산,정수와 유리수,m1_num_plus_sign__prerequisite_for__m1_num_integer_rational_add_sub,intra_unit,m1_num_plus_sign,양의 부호,정수와 유리수,m1_num_integer_rational_add_sub,정수와 유리수의 덧셈과 뺄셈,정수와 유리수,prerequisite_for,high,3,"curriculum_math_2022: printed p. 33; [9수01-05]; achievement_standard; 정수와 유리수의 사칙계산 원리를 이해하고 계산하는 성취기준 | achievement_math_2022: 정수와 유리수 section; [9수01-05] achievement levels; achievement_level; 정수와 유리수의 사칙계산 원리 이해, 덧셈·뺄셈·곱셈·나눗셈, 혼합계산 수준을 구분 | achievement_research_report_2022: 연구보고서 p. 212; 정수와 유리수 대소 관계와 사칙계산 성취기준별 성취수준; research_report_achievement_level_context; 정수와 유리수의 대소 관계, 수직선 위 비교, 사칙계산 원리, 덧셈·뺄셈·곱셈·나눗셈, 혼합계산을 다루는 성취수준 맥락",,prerequisite_ref;textbook_page_refs,Find textbook sequencing or prior-knowledge evidence for the prerequisite relation.,pending_textbook_pdf,,,,,,,,,,
5,중1(교육과정 학년군: 중1-3),수와 연산,정수와 유리수,m1_num_plus_sign__prerequisite_for__m1_num_integer_rational_mul_div,intra_unit,m1_num_plus_sign,양의 부호,정수와 유리수,m1_num_integer_rational_mul_div,정수와 유리수의 곱셈과 나눗셈,정수와 유리수,prerequisite_for,high,3,"curriculum_math_2022: printed p. 33; [9수01-05]; achievement_standard; 정수와 유리수의 사칙계산 원리를 이해하고 계산하는 성취기준 | achievement_math_2022: 정수와 유리수 section; [9수01-05] achievement levels; achievement_level; 정수와 유리수의 사칙계산 원리 이해, 덧셈·뺄셈·곱셈·나눗셈, 혼합계산 수준을 구분 | achievement_research_report_2022: 연구보고서 p. 212; 정수와 유리수 대소 관계와 사칙계산 성취기준별 성취수준; research_report_achievement_level_context; 정수와 유리수의 대소 관계, 수직선 위 비교, 사칙계산 원리, 덧셈·뺄셈·곱셈·나눗셈, 혼합계산을 다루는 성취수준 맥락",,prerequisite_ref;textbook_page_refs,Find textbook sequencing or prior-knowledge evidence for the prerequisite relation.,pending_textbook_pdf,,,,,,,,,,
5,중1(교육과정 학년군: 중1-3),수와 연산,정수와 유리수,m1_num_plus_sign__prerequisite_for__m1_num_mul_div_sign_rule,intra_unit,m1_num_plus_sign,양의 부호,정수와 유리수,m1_num_mul_div_sign_rule,곱셈과 나눗셈의 부호 결정,정수와 유리수,prerequisite_for,medium,3,"curriculum_math_2022: printed p. 33; [9수01-05]; achievement_standard; 정수와 유리수의 사칙계산 원리를 이해하고 계산하는 성취기준 | achievement_math_2022: 정수와 유리수 section; [9수01-05] achievement levels; achievement_level; 정수와 유리수의 사칙계산 원리 이해, 덧셈·뺄셈·곱셈·나눗셈, 혼합계산 수준을 구분 | achievement_research_report_2022: 연구보고서 p. 212; 정수와 유리수 대소 관계와 사칙계산 성취기준별 성취수준; research_report_achievement_level_context; 정수와 유리수의 대소 관계, 수직선 위 비교, 사칙계산 원리, 덧셈·뺄셈·곱셈·나눗셈, 혼합계산을 다루는 성취수준 맥락",,prerequisite_ref;textbook_page_refs,Find textbook sequencing or prior-knowledge evidence for the prerequisite relation.,pending_textbook_pdf,,,,,,,,,,
5,중1(교육과정 학년군: 중1-3),수와 연산,정수와 유리수,m1_num_plus_sign__prerequisite_for__m1_num_same_sign_addition,intra_unit,m1_num_plus_sign,양의 부호,정수와 유리수,m1_num_same_sign_addition,부호가 같은 수의 덧셈,정수와 유리수,prerequisite_for,medium,3,"curriculum_math_2022: printed p. 33; [9수01-05]; achievement_standard; 정수와 유리수의 사칙계산 원리를 이해하고 계산하는 성취기준 | achievement_math_2022: 정수와 유리수 section; [9수01-05] achievement levels; achievement_level; 정수와 유리수의 사칙계산 원리 이해, 덧셈·뺄셈·곱셈·나눗셈, 혼합계산 수준을 구분 | achievement_research_report_2022: 연구보고서 p. 212; 정수와 유리수 대소 관계와 사칙계산 성취기준별 성취수준; research_report_achievement_level_context; 정수와 유리수의 대소 관계, 수직선 위 비교, 사칙계산 원리, 덧셈·뺄셈·곱셈·나눗셈, 혼합계산을 다루는 성취수준 맥락",,prerequisite_ref;textbook_page_refs,Find textbook sequencing or prior-knowledge evidence for the prerequisite relation.,pending_textbook_pdf,,,,,,,,,,
5,중1(교육과정 학년군: 중1-3),수와 연산,정수와 유리수,m1_num_positive_number__prerequisite_for__m1_num_integer,intra_unit,m1_num_positive_number,양수,정수와 유리수,m1_num_integer,정수,정수와 유리수,prerequisite_for,high,4,"curriculum_math_2022: printed p. 33; [9수01-03]; achievement_standard; 음수의 필요성을 인식하고 양수와 음수, 정수와 유리수의 개념을 이해하는 성취기준 | curriculum_math_2022: printed p. 34; terms and symbols for 수와 연산; term_list; 소수, 합성수, 거듭제곱, 지수, 밑, 소인수, 소인수분해, 서로소, 양수, 음수, 정수, 수직선, 유리수, 절댓값, 교환법칙, 결합법칙, 분배법칙, 역수, 유한소수, 무한소수, 순환소수, 순환마디, 제곱근, 근호, 무리수, 실수, 분모의 유리화 등을 다룸 | achievement_math_2022: 정수와 유리수 section; [9수01-03] achievement levels; achievement_level; 음수의 필요성, 양수와 음수, 정수와 유리수 개념 이해 및 분류 수준을 구분 | achievement_research_report_2022: 연구보고서 p. 211; 정수와 유리수 성취기준별 성취수준; research_report_achievement_level_context; 음수의 필요성, 양수와 음수, 정수와 유리수의 개념과 분류를 다루는 성취기준별 성취수준 맥락",,prerequisite_ref;textbook_page_refs,Find textbook sequencing or prior-knowledge evidence for the prerequisite relation.,pending_textbook_pdf,,,,,,,,,,
5,중1(교육과정 학년군: 중1-3),수와 연산,정수와 유리수,m1_num_rational_number__prerequisite_for__m1_num_four_operations,intra_unit,m1_num_rational_number,유리수,정수와 유리수,m1_num_four_operations,정수와 유리수의 사칙계산,정수와 유리수,prerequisite_for,high,4,"curriculum_math_2022: printed p. 33; [9수01-05]; achievement_standard; 정수와 유리수의 사칙계산 원리를 이해하고 계산하는 성취기준 | curriculum_math_2022: printed pp. 33-34; [9수01-05] explanation and considerations; teaching_note; 정수의 사칙계산 원리는 여러 가지 모델로 직관적으로 이해하게 하며 정수와 유리수의 지나치게 복잡한 계산과 사칙계산 이외의 이항연산은 다루지 않음 | achievement_math_2022: 정수와 유리수 section; [9수01-05] achievement levels; achievement_level; 정수와 유리수의 사칙계산 원리 이해, 덧셈·뺄셈·곱셈·나눗셈, 혼합계산 수준을 구분 | achievement_research_report_2022: 연구보고서 p. 212; 정수와 유리수 대소 관계와 사칙계산 성취기준별 성취수준; research_report_achievement_level_context; 정수와 유리수의 대소 관계, 수직선 위 비교, 사칙계산 원리, 덧셈·뺄셈·곱셈·나눗셈, 혼합계산을 다루는 성취수준 맥락",,prerequisite_ref;textbook_page_refs,Find textbook sequencing or prior-knowledge evidence for the prerequisite relation.,pending_textbook_pdf,,,,,,,,,,
5,중1(교육과정 학년군: 중1-3),수와 연산,정수와 유리수,m1_num_rational_number__prerequisite_for__m1_num_order_relation,intra_unit,m1_num_rational_number,유리수,정수와 유리수,m1_num_order_relation,정수와 유리수의 대소 관계,정수와 유리수,prerequisite_for,high,4,"curriculum_math_2022: printed p. 33; [9수01-04]; achievement_standard; 정수와 유리수의 대소 관계를 판단하는 성취기준 | curriculum_math_2022: printed p. 34; terms and symbols for 수와 연산; term_list; 소수, 합성수, 거듭제곱, 지수, 밑, 소인수, 소인수분해, 서로소, 양수, 음수, 정수, 수직선, 유리수, 절댓값, 교환법칙, 결합법칙, 분배법칙, 역수, 유한소수, 무한소수, 순환소수, 순환마디, 제곱근, 근호, 무리수, 실수, 분모의 유리화 등을 다룸 | achievement_math_2022: 정수와 유리수 section; [9수01-04] achievement levels; achievement_level; 정수와 유리수의 대소 관계를 판단하고 수직선 위에서 비교하는 수준을 구분 | achievement_research_report_2022: 연구보고서 p. 212; 정수와 유리수 대소 관계와 사칙계산 성취기준별 성취수준; research_report_achievement_level_context; 정수와 유리수의 대소 관계, 수직선 위 비교, 사칙계산 원리, 덧셈·뺄셈·곱셈·나눗셈, 혼합계산을 다루는 성취수준 맥락",,prerequisite_ref;textbook_page_refs,Find textbook sequencing or prior-knowledge evidence for the prerequisite relation.,pending_textbook_pdf,,,,,,,,,,
5,중1(교육과정 학년군: 중1-3),수와 연산,정수와 유리수,m1_num_rational_number__prerequisite_for__m1_num_reciprocal,intra_unit,m1_num_rational_number,유리수,정수와 유리수,m1_num_reciprocal,역수,정수와 유리수,prerequisite_for,high,3,"curriculum_math_2022: printed p. 34; terms and symbols for 수와 연산; term_list; 소수, 합성수, 거듭제곱, 지수, 밑, 소인수, 소인수분해, 서로소, 양수, 음수, 정수, 수직선, 유리수, 절댓값, 교환법칙, 결합법칙, 분배법칙, 역수, 유한소수, 무한소수, 순환소수, 순환마디, 제곱근, 근호, 무리수, 실수, 분모의 유리화 등을 다룸 | curriculum_math_2022: printed p. 33; [9수01-05]; achievement_standard; 정수와 유리수의 사칙계산 원리를 이해하고 계산하는 성취기준 | achievement_math_2022: 정수와 유리수 section; [9수01-05] achievement levels; achievement_level; 정수와 유리수의 사칙계산 원리 이해, 덧셈·뺄셈·곱셈·나눗셈, 혼합계산 수준을 구분",,prerequisite_ref;textbook_page_refs,Find textbook sequencing or prior-knowledge evidence for the prerequisite relation.,pending_textbook_pdf,,,,,,,,,,
5,중1(교육과정 학년군: 중1-3),수와 연산,정수와 유리수,m1_num_reciprocal__prerequisite_for__m1_num_division_as_multiply_reciprocal,intra_unit,m1_num_reciprocal,역수,정수와 유리수,m1_num_division_as_multiply_reciprocal,나눗셈을 역수의 곱셈으로 바꾸기,정수와 유리수,prerequisite_for,medium,3,"curriculum_math_2022: printed p. 33; [9수01-05]; achievement_standard; 정수와 유리수의 사칙계산 원리를 이해하고 계산하는 성취기준 | curriculum_math_2022: printed p. 34; terms and symbols for 수와 연산; term_list; 소수, 합성수, 거듭제곱, 지수, 밑, 소인수, 소인수분해, 서로소, 양수, 음수, 정수, 수직선, 유리수, 절댓값, 교환법칙, 결합법칙, 분배법칙, 역수, 유한소수, 무한소수, 순환소수, 순환마디, 제곱근, 근호, 무리수, 실수, 분모의 유리화 등을 다룸 | achievement_math_2022: 정수와 유리수 section; [9수01-05] achievement levels; achievement_level; 정수와 유리수의 사칙계산 원리 이해, 덧셈·뺄셈·곱셈·나눗셈, 혼합계산 수준을 구분",,prerequisite_ref;textbook_page_refs,Find textbook sequencing or prior-knowledge evidence for the prerequisite relation.,pending_textbook_pdf,,,,,,,,,,
5,중1(교육과정 학년군: 중1-3),수와 연산,정수와 유리수,m1_num_reciprocal__prerequisite_for__m1_num_integer_rational_mul_div,intra_unit,m1_num_reciprocal,역수,정수와 유리수,m1_num_integer_rational_mul_div,정수와 유리수의 곱셈과 나눗셈,정수와 유리수,prerequisite_for,high,3,"curriculum_math_2022: printed p. 33; [9수01-05]; achievement_standard; 정수와 유리수의 사칙계산 원리를 이해하고 계산하는 성취기준 | achievement_math_2022: 정수와 유리수 section; [9수01-05] achievement levels; achievement_level; 정수와 유리수의 사칙계산 원리 이해, 덧셈·뺄셈·곱셈·나눗셈, 혼합계산 수준을 구분 | achievement_research_report_2022: 연구보고서 p. 212; 정수와 유리수 대소 관계와 사칙계산 성취기준별 성취수준; research_report_achievement_level_context; 정수와 유리수의 대소 관계, 수직선 위 비교, 사칙계산 원리, 덧셈·뺄셈·곱셈·나눗셈, 혼합계산을 다루는 성취수준 맥락",,prerequisite_ref;textbook_page_refs,Find textbook sequencing or prior-knowledge evidence for the prerequisite relation.,pending_textbook_pdf,,,,,,,,,,
5,중1(교육과정 학년군: 중1-3),수와 연산,정수와 유리수,m1_num_subtraction__prerequisite_for__m1_num_integer_rational_add_sub,intra_unit,m1_num_subtraction,뺄셈,정수와 유리수,m1_num_integer_rational_add_sub,정수와 유리수의 덧셈과 뺄셈,정수와 유리수,prerequisite_for,high,3,"curriculum_math_2022: printed p. 33; [9수01-05]; achievement_standard; 정수와 유리수의 사칙계산 원리를 이해하고 계산하는 성취기준 | achievement_math_2022: 정수와 유리수 section; [9수01-05] achievement levels; achievement_level; 정수와 유리수의 사칙계산 원리 이해, 덧셈·뺄셈·곱셈·나눗셈, 혼합계산 수준을 구분 | achievement_research_report_2022: 연구보고서 p. 212; 정수와 유리수 대소 관계와 사칙계산 성취기준별 성취수준; research_report_achievement_level_context; 정수와 유리수의 대소 관계, 수직선 위 비교, 사칙계산 원리, 덧셈·뺄셈·곱셈·나눗셈, 혼합계산을 다루는 성취수준 맥락",,prerequisite_ref;textbook_page_refs,Find textbook sequencing or prior-knowledge evidence for the prerequisite relation.,pending_textbook_pdf,,,,,,,,,,
5,중1(교육과정 학년군: 중1-3),수와 연산,정수와 유리수,m1_num_absolute_value__represented_by__m1_num_number_line,intra_unit,m1_num_absolute_value,절댓값,정수와 유리수,m1_num_number_line,수직선,정수와 유리수,represented_by,medium,3,"curriculum_math_2022: printed p. 34; terms and symbols for 수와 연산; term_list; 소수, 합성수, 거듭제곱, 지수, 밑, 소인수, 소인수분해, 서로소, 양수, 음수, 정수, 수직선, 유리수, 절댓값, 교환법칙, 결합법칙, 분배법칙, 역수, 유한소수, 무한소수, 순환소수, 순환마디, 제곱근, 근호, 무리수, 실수, 분모의 유리화 등을 다룸 | curriculum_math_2022: printed p. 33; [9수01-04]; achievement_standard; 정수와 유리수의 대소 관계를 판단하는 성취기준 | achievement_math_2022: 정수와 유리수 section; [9수01-04] achievement levels; achievement_level; 정수와 유리수의 대소 관계를 판단하고 수직선 위에서 비교하는 수준을 구분",절댓값은 수직선에서 0과의 거리로 표현된다.,representation_ref;textbook_page_refs,"Find textbook representation evidence such as a table, graph, expression, or diagram.",pending_textbook_pdf,,,,,,,,,,
5,중1(교육과정 학년군: 중1-3),수와 연산,정수와 유리수,m1_num_negative_need__represented_by__m1_num_number_line,intra_unit,m1_num_negative_need,음수의 필요성,정수와 유리수,m1_num_number_line,수직선,정수와 유리수,represented_by,medium,4,"curriculum_math_2022: printed p. 33; [9수01-03]; achievement_standard; 음수의 필요성을 인식하고 양수와 음수, 정수와 유리수의 개념을 이해하는 성취기준 | curriculum_math_2022: printed p. 33; [9수01-04]; achievement_standard; 정수와 유리수의 대소 관계를 판단하는 성취기준 | achievement_math_2022: 정수와 유리수 section; [9수01-03] achievement levels; achievement_level; 음수의 필요성, 양수와 음수, 정수와 유리수 개념 이해 및 분류 수준을 구분 | achievement_math_2022: 정수와 유리수 section; [9수01-04] achievement levels; achievement_level; 정수와 유리수의 대소 관계를 판단하고 수직선 위에서 비교하는 수준을 구분",The need for negative numbers is represented through positions and order on the number line.,representation_ref;textbook_page_refs,"Find textbook representation evidence such as a table, graph, expression, or diagram.",pending_textbook_pdf,,,,,,,,,,
5,중1(교육과정 학년군: 중1-3),수와 연산,정수와 유리수,m1_num_negative_number__represented_by__m1_num_minus_sign,intra_unit,m1_num_negative_number,음수,정수와 유리수,m1_num_minus_sign,음의 부호,정수와 유리수,represented_by,medium,3,"curriculum_math_2022: printed p. 33; [9수01-03]; achievement_standard; 음수의 필요성을 인식하고 양수와 음수, 정수와 유리수의 개념을 이해하는 성취기준 | curriculum_math_2022: printed p. 34; terms and symbols for 수와 연산; term_list; 소수, 합성수, 거듭제곱, 지수, 밑, 소인수, 소인수분해, 서로소, 양수, 음수, 정수, 수직선, 유리수, 절댓값, 교환법칙, 결합법칙, 분배법칙, 역수, 유한소수, 무한소수, 순환소수, 순환마디, 제곱근, 근호, 무리수, 실수, 분모의 유리화 등을 다룸 | achievement_math_2022: 정수와 유리수 section; [9수01-03] achievement levels; achievement_level; 음수의 필요성, 양수와 음수, 정수와 유리수 개념 이해 및 분류 수준을 구분",음수는 음의 부호로 나타낸다.,representation_ref;textbook_page_refs,"Find textbook representation evidence such as a table, graph, expression, or diagram.",pending_textbook_pdf,,,,,,,,,,
5,중1(교육과정 학년군: 중1-3),수와 연산,정수와 유리수,m1_num_positive_number__represented_by__m1_num_plus_sign,intra_unit,m1_num_positive_number,양수,정수와 유리수,m1_num_plus_sign,양의 부호,정수와 유리수,represented_by,medium,3,"curriculum_math_2022: printed p. 33; [9수01-03]; achievement_standard; 음수의 필요성을 인식하고 양수와 음수, 정수와 유리수의 개념을 이해하는 성취기준 | curriculum_math_2022: printed p. 34; terms and symbols for 수와 연산; term_list; 소수, 합성수, 거듭제곱, 지수, 밑, 소인수, 소인수분해, 서로소, 양수, 음수, 정수, 수직선, 유리수, 절댓값, 교환법칙, 결합법칙, 분배법칙, 역수, 유한소수, 무한소수, 순환소수, 순환마디, 제곱근, 근호, 무리수, 실수, 분모의 유리화 등을 다룸 | achievement_math_2022: 정수와 유리수 section; [9수01-03] achievement levels; achievement_level; 음수의 필요성, 양수와 음수, 정수와 유리수 개념 이해 및 분류 수준을 구분","양수는 양의 부호로 나타낼 수 있으나, 실제 표기에서는 양의 부호가 생략되기도 하므로 중간 신뢰도로 둔다.",representation_ref;textbook_page_refs,"Find textbook representation evidence such as a table, graph, expression, or diagram.",pending_textbook_pdf,,,,,,,,,,
5,중1(교육과정 학년군: 중1-3),수와 연산,정수와 유리수,m1_num_rational_number__represented_by__m1_num_rational_fraction_form,intra_unit,m1_num_rational_number,유리수,정수와 유리수,m1_num_rational_fraction_form,유리수의 분수 꼴 표현,정수와 유리수,represented_by,medium,4,"curriculum_math_2022: printed p. 33; [9수01-03]; achievement_standard; 음수의 필요성을 인식하고 양수와 음수, 정수와 유리수의 개념을 이해하는 성취기준 | curriculum_math_2022: printed p. 33; [9수01-06]; achievement_standard; 순환소수의 뜻을 알고 유리수와 순환소수의 관계를 설명하는 성취기준 | achievement_math_2022: 정수와 유리수 section; [9수01-03] achievement levels; achievement_level; 음수의 필요성, 양수와 음수, 정수와 유리수 개념 이해 및 분류 수준을 구분 | achievement_math_2022: 유리수와 순환소수 section; [9수01-06] achievement levels; achievement_level; 유한소수 또는 순환소수로 나타낼 수 있는 분수의 특징, 순환소수를 분수로 나타내기, 유리수와 순환소수 관계 설명 수준을 구분",,representation_ref;textbook_page_refs,"Find textbook representation evidence such as a table, graph, expression, or diagram.",pending_textbook_pdf,,,,,,,,,,
5,중1(교육과정 학년군: 중1-3),수와 연산,정수와 유리수,m1_num_absolute_value__used_in__m1_num_order_relation,intra_unit,m1_num_absolute_value,절댓값,정수와 유리수,m1_num_order_relation,정수와 유리수의 대소 관계,정수와 유리수,used_in,medium,2,"curriculum_math_2022: printed p. 34; terms and symbols for 수와 연산; term_list; 소수, 합성수, 거듭제곱, 지수, 밑, 소인수, 소인수분해, 서로소, 양수, 음수, 정수, 수직선, 유리수, 절댓값, 교환법칙, 결합법칙, 분배법칙, 역수, 유한소수, 무한소수, 순환소수, 순환마디, 제곱근, 근호, 무리수, 실수, 분모의 유리화 등을 다룸 | achievement_math_2022: 정수와 유리수 section; [9수01-04] achievement levels; achievement_level; 정수와 유리수의 대소 관계를 판단하고 수직선 위에서 비교하는 수준을 구분",,procedure_ref;textbook_page_refs,"Find a worked example, procedure, or application where this source concept is used.",pending_textbook_pdf,,,,,,,,,,
5,중1(교육과정 학년군: 중1-3),수와 연산,정수와 유리수,m1_num_addition__used_in__m1_num_integer_rational_add_sub,intra_unit,m1_num_addition,덧셈,정수와 유리수,m1_num_integer_rational_add_sub,정수와 유리수의 덧셈과 뺄셈,정수와 유리수,used_in,medium,2,"curriculum_math_2022: printed p. 33; [9수01-05]; achievement_standard; 정수와 유리수의 사칙계산 원리를 이해하고 계산하는 성취기준 | achievement_math_2022: 정수와 유리수 section; [9수01-05] achievement levels; achievement_level; 정수와 유리수의 사칙계산 원리 이해, 덧셈·뺄셈·곱셈·나눗셈, 혼합계산 수준을 구분",,procedure_ref;textbook_page_refs,"Find a worked example, procedure, or application where this source concept is used.",pending_textbook_pdf,,,,,,,,,,
5,중1(교육과정 학년군: 중1-3),수와 연산,정수와 유리수,m1_num_different_sign_addition__used_in__m1_num_integer_rational_add_sub,intra_unit,m1_num_different_sign_addition,부호가 다른 수의 덧셈,정수와 유리수,m1_num_integer_rational_add_sub,정수와 유리수의 덧셈과 뺄셈,정수와 유리수,used_in,medium,3,"curriculum_math_2022: printed p. 33; [9수01-05]; achievement_standard; 정수와 유리수의 사칙계산 원리를 이해하고 계산하는 성취기준 | achievement_math_2022: 정수와 유리수 section; [9수01-05] achievement levels; achievement_level; 정수와 유리수의 사칙계산 원리 이해, 덧셈·뺄셈·곱셈·나눗셈, 혼합계산 수준을 구분 | achievement_research_report_2022: 연구보고서 p. 212; 정수와 유리수 대소 관계와 사칙계산 성취기준별 성취수준; research_report_achievement_level_context; 정수와 유리수의 대소 관계, 수직선 위 비교, 사칙계산 원리, 덧셈·뺄셈·곱셈·나눗셈, 혼합계산을 다루는 성취수준 맥락",,procedure_ref;textbook_page_refs,"Find a worked example, procedure, or application where this source concept is used.",pending_textbook_pdf,,,,,,,,,,
5,중1(교육과정 학년군: 중1-3),수와 연산,정수와 유리수,m1_num_division__used_in__m1_num_integer_rational_mul_div,intra_unit,m1_num_division,나눗셈,정수와 유리수,m1_num_integer_rational_mul_div,정수와 유리수의 곱셈과 나눗셈,정수와 유리수,used_in,medium,2,"curriculum_math_2022: printed p. 33; [9수01-05]; achievement_standard; 정수와 유리수의 사칙계산 원리를 이해하고 계산하는 성취기준 | achievement_math_2022: 정수와 유리수 section; [9수01-05] achievement levels; achievement_level; 정수와 유리수의 사칙계산 원리 이해, 덧셈·뺄셈·곱셈·나눗셈, 혼합계산 수준을 구분",,procedure_ref;textbook_page_refs,"Find a worked example, procedure, or application where this source concept is used.",pending_textbook_pdf,,,,,,,,,,
5,중1(교육과정 학년군: 중1-3),수와 연산,정수와 유리수,m1_num_division_as_multiply_reciprocal__used_in__m1_num_integer_rational_mul_div,intra_unit,m1_num_division_as_multiply_reciprocal,나눗셈을 역수의 곱셈으로 바꾸기,정수와 유리수,m1_num_integer_rational_mul_div,정수와 유리수의 곱셈과 나눗셈,정수와 유리수,used_in,medium,3,"curriculum_math_2022: printed p. 33; [9수01-05]; achievement_standard; 정수와 유리수의 사칙계산 원리를 이해하고 계산하는 성취기준 | curriculum_math_2022: printed p. 34; terms and symbols for 수와 연산; term_list; 소수, 합성수, 거듭제곱, 지수, 밑, 소인수, 소인수분해, 서로소, 양수, 음수, 정수, 수직선, 유리수, 절댓값, 교환법칙, 결합법칙, 분배법칙, 역수, 유한소수, 무한소수, 순환소수, 순환마디, 제곱근, 근호, 무리수, 실수, 분모의 유리화 등을 다룸 | achievement_math_2022: 정수와 유리수 section; [9수01-05] achievement levels; achievement_level; 정수와 유리수의 사칙계산 원리 이해, 덧셈·뺄셈·곱셈·나눗셈, 혼합계산 수준을 구분",,procedure_ref;textbook_page_refs,"Find a worked example, procedure, or application where this source concept is used.",pending_textbook_pdf,,,,,,,,,,
5,중1(교육과정 학년군: 중1-3),수와 연산,정수와 유리수,m1_num_four_operations__used_in__m1_num_mixed_calculation,intra_unit,m1_num_four_operations,정수와 유리수의 사칙계산,정수와 유리수,m1_num_mixed_calculation,정수와 유리수의 혼합계산,정수와 유리수,used_in,high,3,"curriculum_math_2022: printed p. 33; [9수01-05]; achievement_standard; 정수와 유리수의 사칙계산 원리를 이해하고 계산하는 성취기준 | curriculum_math_2022: printed pp. 33-34; [9수01-05] explanation and considerations; teaching_note; 정수의 사칙계산 원리는 여러 가지 모델로 직관적으로 이해하게 하며 정수와 유리수의 지나치게 복잡한 계산과 사칙계산 이외의 이항연산은 다루지 않음 | achievement_math_2022: 정수와 유리수 section; [9수01-05] achievement levels; achievement_level; 정수와 유리수의 사칙계산 원리 이해, 덧셈·뺄셈·곱셈·나눗셈, 혼합계산 수준을 구분",,procedure_ref;textbook_page_refs,"Find a worked example, procedure, or application where this source concept is used.",pending_textbook_pdf,,,,,,,,,,
5,중1(교육과정 학년군: 중1-3),수와 연산,정수와 유리수,m1_num_integer_rational_add_sub__used_in__m1_num_mixed_calculation,intra_unit,m1_num_integer_rational_add_sub,정수와 유리수의 덧셈과 뺄셈,정수와 유리수,m1_num_mixed_calculation,정수와 유리수의 혼합계산,정수와 유리수,used_in,high,1,"achievement_math_2022: 정수와 유리수 section; [9수01-05] achievement levels; achievement_level; 정수와 유리수의 사칙계산 원리 이해, 덧셈·뺄셈·곱셈·나눗셈, 혼합계산 수준을 구분",,procedure_ref;textbook_page_refs,"Find a worked example, procedure, or application where this source concept is used.",pending_textbook_pdf,,,,,,,,,,
5,중1(교육과정 학년군: 중1-3),수와 연산,정수와 유리수,m1_num_integer_rational_mul_div__used_in__m1_num_mixed_calculation,intra_unit,m1_num_integer_rational_mul_div,정수와 유리수의 곱셈과 나눗셈,정수와 유리수,m1_num_mixed_calculation,정수와 유리수의 혼합계산,정수와 유리수,used_in,high,1,"achievement_math_2022: 정수와 유리수 section; [9수01-05] achievement levels; achievement_level; 정수와 유리수의 사칙계산 원리 이해, 덧셈·뺄셈·곱셈·나눗셈, 혼합계산 수준을 구분",,procedure_ref;textbook_page_refs,"Find a worked example, procedure, or application where this source concept is used.",pending_textbook_pdf,,,,,,,,,,
5,중1(교육과정 학년군: 중1-3),수와 연산,정수와 유리수,m1_num_minus_sign__used_in__m1_num_integer_rational_add_sub,intra_unit,m1_num_minus_sign,음의 부호,정수와 유리수,m1_num_integer_rational_add_sub,정수와 유리수의 덧셈과 뺄셈,정수와 유리수,used_in,medium,2,"curriculum_math_2022: printed p. 33; [9수01-05]; achievement_standard; 정수와 유리수의 사칙계산 원리를 이해하고 계산하는 성취기준 | achievement_math_2022: 정수와 유리수 section; [9수01-05] achievement levels; achievement_level; 정수와 유리수의 사칙계산 원리 이해, 덧셈·뺄셈·곱셈·나눗셈, 혼합계산 수준을 구분",,procedure_ref;textbook_page_refs,"Find a worked example, procedure, or application where this source concept is used.",pending_textbook_pdf,,,,,,,,,,
5,중1(교육과정 학년군: 중1-3),수와 연산,정수와 유리수,m1_num_mul_div_sign_rule__used_in__m1_num_integer_rational_mul_div,intra_unit,m1_num_mul_div_sign_rule,곱셈과 나눗셈의 부호 결정,정수와 유리수,m1_num_integer_rational_mul_div,정수와 유리수의 곱셈과 나눗셈,정수와 유리수,used_in,medium,3,"curriculum_math_2022: printed p. 33; [9수01-05]; achievement_standard; 정수와 유리수의 사칙계산 원리를 이해하고 계산하는 성취기준 | achievement_math_2022: 정수와 유리수 section; [9수01-05] achievement levels; achievement_level; 정수와 유리수의 사칙계산 원리 이해, 덧셈·뺄셈·곱셈·나눗셈, 혼합계산 수준을 구분 | achievement_research_report_2022: 연구보고서 p. 212; 정수와 유리수 대소 관계와 사칙계산 성취기준별 성취수준; research_report_achievement_level_context; 정수와 유리수의 대소 관계, 수직선 위 비교, 사칙계산 원리, 덧셈·뺄셈·곱셈·나눗셈, 혼합계산을 다루는 성취수준 맥락",,procedure_ref;textbook_page_refs,"Find a worked example, procedure, or application where this source concept is used.",pending_textbook_pdf,,,,,,,,,,
5,중1(교육과정 학년군: 중1-3),수와 연산,정수와 유리수,m1_num_multiplication__used_in__m1_num_integer_rational_mul_div,intra_unit,m1_num_multiplication,곱셈,정수와 유리수,m1_num_integer_rational_mul_div,정수와 유리수의 곱셈과 나눗셈,정수와 유리수,used_in,medium,2,"curriculum_math_2022: printed p. 33; [9수01-05]; achievement_standard; 정수와 유리수의 사칙계산 원리를 이해하고 계산하는 성취기준 | achievement_math_2022: 정수와 유리수 section; [9수01-05] achievement levels; achievement_level; 정수와 유리수의 사칙계산 원리 이해, 덧셈·뺄셈·곱셈·나눗셈, 혼합계산 수준을 구분",,procedure_ref;textbook_page_refs,"Find a worked example, procedure, or application where this source concept is used.",pending_textbook_pdf,,,,,,,,,,
5,중1(교육과정 학년군: 중1-3),수와 연산,정수와 유리수,m1_num_negative_need__used_in__m1_num_negative_number,intra_unit,m1_num_negative_need,음수의 필요성,정수와 유리수,m1_num_negative_number,음수,정수와 유리수,used_in,high,2,"curriculum_math_2022: printed p. 33; [9수01-03]; achievement_standard; 음수의 필요성을 인식하고 양수와 음수, 정수와 유리수의 개념을 이해하는 성취기준 | achievement_math_2022: 정수와 유리수 section; [9수01-03] achievement levels; achievement_level; 음수의 필요성, 양수와 음수, 정수와 유리수 개념 이해 및 분류 수준을 구분",,procedure_ref;textbook_page_refs,"Find a worked example, procedure, or application where this source concept is used.",pending_textbook_pdf,,,,,,,,,,
5,중1(교육과정 학년군: 중1-3),수와 연산,정수와 유리수,m1_num_number_line__used_in__m1_num_number_line_position_order,intra_unit,m1_num_number_line,수직선,정수와 유리수,m1_num_number_line_position_order,수직선에서 오른쪽에 있는 수가 더 큼,정수와 유리수,used_in,medium,3,"curriculum_math_2022: printed p. 33; [9수01-04]; achievement_standard; 정수와 유리수의 대소 관계를 판단하는 성취기준 | achievement_math_2022: 정수와 유리수 section; [9수01-04] achievement levels; achievement_level; 정수와 유리수의 대소 관계를 판단하고 수직선 위에서 비교하는 수준을 구분 | achievement_research_report_2022: 연구보고서 p. 212; 정수와 유리수 대소 관계와 사칙계산 성취기준별 성취수준; research_report_achievement_level_context; 정수와 유리수의 대소 관계, 수직선 위 비교, 사칙계산 원리, 덧셈·뺄셈·곱셈·나눗셈, 혼합계산을 다루는 성취수준 맥락",,procedure_ref;textbook_page_refs,"Find a worked example, procedure, or application where this source concept is used.",pending_textbook_pdf,,,,,,,,,,
5,중1(교육과정 학년군: 중1-3),수와 연산,정수와 유리수,m1_num_number_line__used_in__m1_num_order_relation,intra_unit,m1_num_number_line,수직선,정수와 유리수,m1_num_order_relation,정수와 유리수의 대소 관계,정수와 유리수,used_in,high,2,curriculum_math_2022: printed p. 33; [9수01-04]; achievement_standard; 정수와 유리수의 대소 관계를 판단하는 성취기준 | achievement_math_2022: 정수와 유리수 section; [9수01-04] achievement levels; achievement_level; 정수와 유리수의 대소 관계를 판단하고 수직선 위에서 비교하는 수준을 구분,,procedure_ref;textbook_page_refs,"Find a worked example, procedure, or application where this source concept is used.",pending_textbook_pdf,,,,,,,,,,
5,중1(교육과정 학년군: 중1-3),수와 연산,정수와 유리수,m1_num_number_line_position_order__used_in__m1_num_order_relation,intra_unit,m1_num_number_line_position_order,수직선에서 오른쪽에 있는 수가 더 큼,정수와 유리수,m1_num_order_relation,정수와 유리수의 대소 관계,정수와 유리수,used_in,medium,3,"curriculum_math_2022: printed p. 33; [9수01-04]; achievement_standard; 정수와 유리수의 대소 관계를 판단하는 성취기준 | achievement_math_2022: 정수와 유리수 section; [9수01-04] achievement levels; achievement_level; 정수와 유리수의 대소 관계를 판단하고 수직선 위에서 비교하는 수준을 구분 | achievement_research_report_2022: 연구보고서 p. 212; 정수와 유리수 대소 관계와 사칙계산 성취기준별 성취수준; research_report_achievement_level_context; 정수와 유리수의 대소 관계, 수직선 위 비교, 사칙계산 원리, 덧셈·뺄셈·곱셈·나눗셈, 혼합계산을 다루는 성취수준 맥락",,procedure_ref;textbook_page_refs,"Find a worked example, procedure, or application where this source concept is used.",pending_textbook_pdf,,,,,,,,,,
5,중1(교육과정 학년군: 중1-3),수와 연산,정수와 유리수,m1_num_operation_order_mixed__used_in__m1_num_mixed_calculation,intra_unit,m1_num_operation_order_mixed,혼합계산의 계산 순서,정수와 유리수,m1_num_mixed_calculation,정수와 유리수의 혼합계산,정수와 유리수,used_in,medium,4,"curriculum_math_2022: printed p. 33; [9수01-05]; achievement_standard; 정수와 유리수의 사칙계산 원리를 이해하고 계산하는 성취기준 | curriculum_math_2022: printed pp. 33-34; [9수01-05] explanation and considerations; teaching_note; 정수의 사칙계산 원리는 여러 가지 모델로 직관적으로 이해하게 하며 정수와 유리수의 지나치게 복잡한 계산과 사칙계산 이외의 이항연산은 다루지 않음 | achievement_math_2022: 정수와 유리수 section; [9수01-05] achievement levels; achievement_level; 정수와 유리수의 사칙계산 원리 이해, 덧셈·뺄셈·곱셈·나눗셈, 혼합계산 수준을 구분 | achievement_research_report_2022: 연구보고서 p. 212; 정수와 유리수 대소 관계와 사칙계산 성취기준별 성취수준; research_report_achievement_level_context; 정수와 유리수의 대소 관계, 수직선 위 비교, 사칙계산 원리, 덧셈·뺄셈·곱셈·나눗셈, 혼합계산을 다루는 성취수준 맥락",,procedure_ref;textbook_page_refs,"Find a worked example, procedure, or application where this source concept is used.",pending_textbook_pdf,,,,,,,,,,
5,중1(교육과정 학년군: 중1-3),수와 연산,정수와 유리수,m1_num_plus_sign__used_in__m1_num_integer_rational_add_sub,intra_unit,m1_num_plus_sign,양의 부호,정수와 유리수,m1_num_integer_rational_add_sub,정수와 유리수의 덧셈과 뺄셈,정수와 유리수,used_in,medium,2,"curriculum_math_2022: printed p. 33; [9수01-05]; achievement_standard; 정수와 유리수의 사칙계산 원리를 이해하고 계산하는 성취기준 | achievement_math_2022: 정수와 유리수 section; [9수01-05] achievement levels; achievement_level; 정수와 유리수의 사칙계산 원리 이해, 덧셈·뺄셈·곱셈·나눗셈, 혼합계산 수준을 구분",,procedure_ref;textbook_page_refs,"Find a worked example, procedure, or application where this source concept is used.",pending_textbook_pdf,,,,,,,,,,
5,중1(교육과정 학년군: 중1-3),수와 연산,정수와 유리수,m1_num_reciprocal__used_in__m1_num_division,intra_unit,m1_num_reciprocal,역수,정수와 유리수,m1_num_division,나눗셈,정수와 유리수,used_in,medium,3,"curriculum_math_2022: printed p. 34; terms and symbols for 수와 연산; term_list; 소수, 합성수, 거듭제곱, 지수, 밑, 소인수, 소인수분해, 서로소, 양수, 음수, 정수, 수직선, 유리수, 절댓값, 교환법칙, 결합법칙, 분배법칙, 역수, 유한소수, 무한소수, 순환소수, 순환마디, 제곱근, 근호, 무리수, 실수, 분모의 유리화 등을 다룸 | curriculum_math_2022: printed p. 33; [9수01-05]; achievement_standard; 정수와 유리수의 사칙계산 원리를 이해하고 계산하는 성취기준 | achievement_math_2022: 정수와 유리수 section; [9수01-05] achievement levels; achievement_level; 정수와 유리수의 사칙계산 원리 이해, 덧셈·뺄셈·곱셈·나눗셈, 혼합계산 수준을 구분",The reciprocal is used when interpreting division in integer and rational-number multiplication and division.,procedure_ref;textbook_page_refs,"Find a worked example, procedure, or application where this source concept is used.",pending_textbook_pdf,,,,,,,,,,
5,중1(교육과정 학년군: 중1-3),수와 연산,정수와 유리수,m1_num_reciprocal__used_in__m1_num_integer_rational_mul_div,intra_unit,m1_num_reciprocal,역수,정수와 유리수,m1_num_integer_rational_mul_div,정수와 유리수의 곱셈과 나눗셈,정수와 유리수,used_in,high,3,"curriculum_math_2022: printed p. 34; terms and symbols for 수와 연산; term_list; 소수, 합성수, 거듭제곱, 지수, 밑, 소인수, 소인수분해, 서로소, 양수, 음수, 정수, 수직선, 유리수, 절댓값, 교환법칙, 결합법칙, 분배법칙, 역수, 유한소수, 무한소수, 순환소수, 순환마디, 제곱근, 근호, 무리수, 실수, 분모의 유리화 등을 다룸 | curriculum_math_2022: printed p. 33; [9수01-05]; achievement_standard; 정수와 유리수의 사칙계산 원리를 이해하고 계산하는 성취기준 | achievement_math_2022: 정수와 유리수 section; [9수01-05] achievement levels; achievement_level; 정수와 유리수의 사칙계산 원리 이해, 덧셈·뺄셈·곱셈·나눗셈, 혼합계산 수준을 구분",,procedure_ref;textbook_page_refs,"Find a worked example, procedure, or application where this source concept is used.",pending_textbook_pdf,,,,,,,,,,
5,중1(교육과정 학년군: 중1-3),수와 연산,정수와 유리수,m1_num_same_sign_addition__used_in__m1_num_integer_rational_add_sub,intra_unit,m1_num_same_sign_addition,부호가 같은 수의 덧셈,정수와 유리수,m1_num_integer_rational_add_sub,정수와 유리수의 덧셈과 뺄셈,정수와 유리수,used_in,medium,3,"curriculum_math_2022: printed p. 33; [9수01-05]; achievement_standard; 정수와 유리수의 사칙계산 원리를 이해하고 계산하는 성취기준 | achievement_math_2022: 정수와 유리수 section; [9수01-05] achievement levels; achievement_level; 정수와 유리수의 사칙계산 원리 이해, 덧셈·뺄셈·곱셈·나눗셈, 혼합계산 수준을 구분 | achievement_research_report_2022: 연구보고서 p. 212; 정수와 유리수 대소 관계와 사칙계산 성취기준별 성취수준; research_report_achievement_level_context; 정수와 유리수의 대소 관계, 수직선 위 비교, 사칙계산 원리, 덧셈·뺄셈·곱셈·나눗셈, 혼합계산을 다루는 성취수준 맥락",,procedure_ref;textbook_page_refs,"Find a worked example, procedure, or application where this source concept is used.",pending_textbook_pdf,,,,,,,,,,
5,중1(교육과정 학년군: 중1-3),수와 연산,정수와 유리수,m1_num_subtraction__used_in__m1_num_integer_rational_add_sub,intra_unit,m1_num_subtraction,뺄셈,정수와 유리수,m1_num_integer_rational_add_sub,정수와 유리수의 덧셈과 뺄셈,정수와 유리수,used_in,medium,2,"curriculum_math_2022: printed p. 33; [9수01-05]; achievement_standard; 정수와 유리수의 사칙계산 원리를 이해하고 계산하는 성취기준 | achievement_math_2022: 정수와 유리수 section; [9수01-05] achievement levels; achievement_level; 정수와 유리수의 사칙계산 원리 이해, 덧셈·뺄셈·곱셈·나눗셈, 혼합계산 수준을 구분",,procedure_ref;textbook_page_refs,"Find a worked example, procedure, or application where this source concept is used.",pending_textbook_pdf,,,,,,,,,,
5,중1(교육과정 학년군: 중1-3),수와 연산,정수와 유리수,m1_num_commutative_law__contrasts_with__m1_num_associative_law,intra_unit,m1_num_commutative_law,교환법칙,정수와 유리수,m1_num_associative_law,결합법칙,정수와 유리수,contrasts_with,medium,2,"curriculum_math_2022: printed p. 34; terms and symbols for 수와 연산; term_list; 소수, 합성수, 거듭제곱, 지수, 밑, 소인수, 소인수분해, 서로소, 양수, 음수, 정수, 수직선, 유리수, 절댓값, 교환법칙, 결합법칙, 분배법칙, 역수, 유한소수, 무한소수, 순환소수, 순환마디, 제곱근, 근호, 무리수, 실수, 분모의 유리화 등을 다룸 | achievement_math_2022: 정수와 유리수 section; [9수01-05] achievement levels; achievement_level; 정수와 유리수의 사칙계산 원리 이해, 덧셈·뺄셈·곱셈·나눗셈, 혼합계산 수준을 구분","교환법칙은 연산 순서, 결합법칙은 묶는 순서를 다루므로 구별한다.",contrast_ref;textbook_page_refs,Find textbook wording or examples that distinguish the two concepts.,pending_textbook_pdf,,,,,,,,,,
5,중1(교육과정 학년군: 중1-3),수와 연산,정수와 유리수,m1_num_minus_sign__contrasts_with__m1_num_negative_number,intra_unit,m1_num_minus_sign,음의 부호,정수와 유리수,m1_num_negative_number,음수,정수와 유리수,contrasts_with,medium,3,"curriculum_math_2022: printed p. 33; [9수01-03]; achievement_standard; 음수의 필요성을 인식하고 양수와 음수, 정수와 유리수의 개념을 이해하는 성취기준 | curriculum_math_2022: printed p. 34; terms and symbols for 수와 연산; term_list; 소수, 합성수, 거듭제곱, 지수, 밑, 소인수, 소인수분해, 서로소, 양수, 음수, 정수, 수직선, 유리수, 절댓값, 교환법칙, 결합법칙, 분배법칙, 역수, 유한소수, 무한소수, 순환소수, 순환마디, 제곱근, 근호, 무리수, 실수, 분모의 유리화 등을 다룸 | achievement_math_2022: 정수와 유리수 section; [9수01-03] achievement levels; achievement_level; 음수의 필요성, 양수와 음수, 정수와 유리수 개념 이해 및 분류 수준을 구분",음의 부호와 음수는 기호와 수 개념의 역할이 다르므로 구별한다.,contrast_ref;textbook_page_refs,Find textbook wording or examples that distinguish the two concepts.,pending_textbook_pdf,,,,,,,,,,
5,중1(교육과정 학년군: 중1-3),수와 연산,정수와 유리수,m1_num_plus_sign__contrasts_with__m1_num_minus_sign,intra_unit,m1_num_plus_sign,양의 부호,정수와 유리수,m1_num_minus_sign,음의 부호,정수와 유리수,contrasts_with,high,1,"curriculum_math_2022: printed p. 34; terms and symbols for 수와 연산; term_list; 소수, 합성수, 거듭제곱, 지수, 밑, 소인수, 소인수분해, 서로소, 양수, 음수, 정수, 수직선, 유리수, 절댓값, 교환법칙, 결합법칙, 분배법칙, 역수, 유한소수, 무한소수, 순환소수, 순환마디, 제곱근, 근호, 무리수, 실수, 분모의 유리화 등을 다룸",,contrast_ref;textbook_page_refs,Find textbook wording or examples that distinguish the two concepts.,pending_textbook_pdf,,,,,,,,,,
5,중1(교육과정 학년군: 중1-3),수와 연산,정수와 유리수,m1_num_plus_sign__contrasts_with__m1_num_positive_number,intra_unit,m1_num_plus_sign,양의 부호,정수와 유리수,m1_num_positive_number,양수,정수와 유리수,contrasts_with,medium,3,"curriculum_math_2022: printed p. 33; [9수01-03]; achievement_standard; 음수의 필요성을 인식하고 양수와 음수, 정수와 유리수의 개념을 이해하는 성취기준 | curriculum_math_2022: printed p. 34; terms and symbols for 수와 연산; term_list; 소수, 합성수, 거듭제곱, 지수, 밑, 소인수, 소인수분해, 서로소, 양수, 음수, 정수, 수직선, 유리수, 절댓값, 교환법칙, 결합법칙, 분배법칙, 역수, 유한소수, 무한소수, 순환소수, 순환마디, 제곱근, 근호, 무리수, 실수, 분모의 유리화 등을 다룸 | achievement_math_2022: 정수와 유리수 section; [9수01-03] achievement levels; achievement_level; 음수의 필요성, 양수와 음수, 정수와 유리수 개념 이해 및 분류 수준을 구분",양의 부호와 양수는 기호와 수 개념의 역할이 다르므로 구별한다.,contrast_ref;textbook_page_refs,Find textbook wording or examples that distinguish the two concepts.,pending_textbook_pdf,,,,,,,,,,
5,중1(교육과정 학년군: 중1-3),수와 연산,정수와 유리수,m1_num_positive_number__contrasts_with__m1_num_negative_number,intra_unit,m1_num_positive_number,양수,정수와 유리수,m1_num_negative_number,음수,정수와 유리수,contrasts_with,high,2,"curriculum_math_2022: printed p. 33; [9수01-03]; achievement_standard; 음수의 필요성을 인식하고 양수와 음수, 정수와 유리수의 개념을 이해하는 성취기준 | achievement_math_2022: 정수와 유리수 section; [9수01-03] achievement levels; achievement_level; 음수의 필요성, 양수와 음수, 정수와 유리수 개념 이해 및 분류 수준을 구분",,contrast_ref;textbook_page_refs,Find textbook wording or examples that distinguish the two concepts.,pending_textbook_pdf,,,,,,,,,,
5,중1(교육과정 학년군: 중1-3),수와 연산,정수와 유리수,m1_num_same_sign_addition__contrasts_with__m1_num_different_sign_addition,intra_unit,m1_num_same_sign_addition,부호가 같은 수의 덧셈,정수와 유리수,m1_num_different_sign_addition,부호가 다른 수의 덧셈,정수와 유리수,contrasts_with,medium,3,"curriculum_math_2022: printed p. 33; [9수01-05]; achievement_standard; 정수와 유리수의 사칙계산 원리를 이해하고 계산하는 성취기준 | achievement_math_2022: 정수와 유리수 section; [9수01-05] achievement levels; achievement_level; 정수와 유리수의 사칙계산 원리 이해, 덧셈·뺄셈·곱셈·나눗셈, 혼합계산 수준을 구분 | achievement_research_report_2022: 연구보고서 p. 212; 정수와 유리수 대소 관계와 사칙계산 성취기준별 성취수준; research_report_achievement_level_context; 정수와 유리수의 대소 관계, 수직선 위 비교, 사칙계산 원리, 덧셈·뺄셈·곱셈·나눗셈, 혼합계산을 다루는 성취수준 맥락",같은 부호의 덧셈과 다른 부호의 덧셈은 절댓값 처리와 결과 부호 판단 방식이 다르므로 구별한다.,contrast_ref;textbook_page_refs,Find textbook wording or examples that distinguish the two concepts.,pending_textbook_pdf,,,,,,,,,,
5,중1(교육과정 학년군: 중1-3),수와 연산,정수와 유리수,m1_num_zero__contrasts_with__m1_num_negative_number,intra_unit,m1_num_zero,0,정수와 유리수,m1_num_negative_number,음수,정수와 유리수,contrasts_with,medium,3,"curriculum_math_2022: printed p. 33; [9수01-03]; achievement_standard; 음수의 필요성을 인식하고 양수와 음수, 정수와 유리수의 개념을 이해하는 성취기준 | achievement_math_2022: 정수와 유리수 section; [9수01-03] achievement levels; achievement_level; 음수의 필요성, 양수와 음수, 정수와 유리수 개념 이해 및 분류 수준을 구분 | achievement_research_report_2022: 연구보고서 p. 211; 정수와 유리수 성취기준별 성취수준; research_report_achievement_level_context; 음수의 필요성, 양수와 음수, 정수와 유리수의 개념과 분류를 다루는 성취기준별 성취수준 맥락",0은 양수도 음수도 아닌 정수의 기준값이므로 음수와 구별한다.,contrast_ref;textbook_page_refs,Find textbook wording or examples that distinguish the two concepts.,pending_textbook_pdf,,,,,,,,,,
5,중1(교육과정 학년군: 중1-3),수와 연산,정수와 유리수,m1_num_zero__contrasts_with__m1_num_positive_number,intra_unit,m1_num_zero,0,정수와 유리수,m1_num_positive_number,양수,정수와 유리수,contrasts_with,medium,3,"curriculum_math_2022: printed p. 33; [9수01-03]; achievement_standard; 음수의 필요성을 인식하고 양수와 음수, 정수와 유리수의 개념을 이해하는 성취기준 | achievement_math_2022: 정수와 유리수 section; [9수01-03] achievement levels; achievement_level; 음수의 필요성, 양수와 음수, 정수와 유리수 개념 이해 및 분류 수준을 구분 | achievement_research_report_2022: 연구보고서 p. 211; 정수와 유리수 성취기준별 성취수준; research_report_achievement_level_context; 음수의 필요성, 양수와 음수, 정수와 유리수의 개념과 분류를 다루는 성취기준별 성취수준 맥락",0은 양수도 음수도 아닌 정수의 기준값이므로 양수와 구별한다.,contrast_ref;textbook_page_refs,Find textbook wording or examples that distinguish the two concepts.,pending_textbook_pdf,,,,,,,,,,
5,중1(교육과정 학년군: 중1-3),수와 연산,정수와 유리수,m1_num_addition__related_to__m1_num_subtraction,intra_unit,m1_num_addition,덧셈,정수와 유리수,m1_num_subtraction,뺄셈,정수와 유리수,related_to,medium,2,"curriculum_math_2022: printed p. 33; [9수01-05]; achievement_standard; 정수와 유리수의 사칙계산 원리를 이해하고 계산하는 성취기준 | achievement_math_2022: 정수와 유리수 section; [9수01-05] achievement levels; achievement_level; 정수와 유리수의 사칙계산 원리 이해, 덧셈·뺄셈·곱셈·나눗셈, 혼합계산 수준을 구분",덧셈과 뺄셈은 정수와 유리수의 사칙계산에서 함께 다루는 서로 대응되는 연산이다.,related_ref;textbook_page_refs,Find textbook wording or examples that justify keeping these concepts linked.,pending_textbook_pdf,,,,,,,,,,
5,중1(교육과정 학년군: 중1-3),수와 연산,정수와 유리수,m1_num_multiplication__related_to__m1_num_division,intra_unit,m1_num_multiplication,곱셈,정수와 유리수,m1_num_division,나눗셈,정수와 유리수,related_to,medium,2,"curriculum_math_2022: printed p. 33; [9수01-05]; achievement_standard; 정수와 유리수의 사칙계산 원리를 이해하고 계산하는 성취기준 | achievement_math_2022: 정수와 유리수 section; [9수01-05] achievement levels; achievement_level; 정수와 유리수의 사칙계산 원리 이해, 덧셈·뺄셈·곱셈·나눗셈, 혼합계산 수준을 구분",곱셈과 나눗셈은 정수와 유리수의 사칙계산에서 함께 다루는 서로 대응되는 연산이다.,related_ref;textbook_page_refs,Find textbook wording or examples that justify keeping these concepts linked.,pending_textbook_pdf,,,,,,,,,,
5,중1(교육과정 학년군: 중1-3),수와 연산,정수와 유리수,m1_num_negative_rational__related_to__m1_num_negative_number,intra_unit,m1_num_negative_rational,음의 유리수,정수와 유리수,m1_num_negative_number,음수,정수와 유리수,related_to,medium,3,"curriculum_math_2022: printed p. 34; terms and symbols for 수와 연산; term_list; 소수, 합성수, 거듭제곱, 지수, 밑, 소인수, 소인수분해, 서로소, 양수, 음수, 정수, 수직선, 유리수, 절댓값, 교환법칙, 결합법칙, 분배법칙, 역수, 유한소수, 무한소수, 순환소수, 순환마디, 제곱근, 근호, 무리수, 실수, 분모의 유리화 등을 다룸 | curriculum_math_2022: printed p. 33; [9수01-03]; achievement_standard; 음수의 필요성을 인식하고 양수와 음수, 정수와 유리수의 개념을 이해하는 성취기준 | achievement_math_2022: 정수와 유리수 section; [9수01-03] achievement levels; achievement_level; 음수의 필요성, 양수와 음수, 정수와 유리수 개념 이해 및 분류 수준을 구분",Negative rational numbers are a rational-number specialization of the broader negative-number term.,related_ref;textbook_page_refs,Find textbook wording or examples that justify keeping these concepts linked.,pending_textbook_pdf,,,,,,,,,,
5,중1(교육과정 학년군: 중1-3),수와 연산,정수와 유리수,m1_num_positive_rational__related_to__m1_num_positive_number,intra_unit,m1_num_positive_rational,양의 유리수,정수와 유리수,m1_num_positive_number,양수,정수와 유리수,related_to,medium,3,"curriculum_math_2022: printed p. 34; terms and symbols for 수와 연산; term_list; 소수, 합성수, 거듭제곱, 지수, 밑, 소인수, 소인수분해, 서로소, 양수, 음수, 정수, 수직선, 유리수, 절댓값, 교환법칙, 결합법칙, 분배법칙, 역수, 유한소수, 무한소수, 순환소수, 순환마디, 제곱근, 근호, 무리수, 실수, 분모의 유리화 등을 다룸 | curriculum_math_2022: printed p. 33; [9수01-03]; achievement_standard; 음수의 필요성을 인식하고 양수와 음수, 정수와 유리수의 개념을 이해하는 성취기준 | achievement_math_2022: 정수와 유리수 section; [9수01-03] achievement levels; achievement_level; 음수의 필요성, 양수와 음수, 정수와 유리수 개념 이해 및 분류 수준을 구분",Positive rational numbers are a rational-number specialization of the broader positive-number term.,related_ref;textbook_page_refs,Find textbook wording or examples that justify keeping these concepts linked.,pending_textbook_pdf,,,,,,,,,,
5,중1(교육과정 학년군: 중1-3),수와 연산,정수와 유리수,m1_num_rational_fraction_form__related_to__m1_num_reciprocal,intra_unit,m1_num_rational_fraction_form,유리수의 분수 꼴 표현,정수와 유리수,m1_num_reciprocal,역수,정수와 유리수,related_to,medium,4,"curriculum_math_2022: printed p. 33; [9수01-03]; achievement_standard; 음수의 필요성을 인식하고 양수와 음수, 정수와 유리수의 개념을 이해하는 성취기준 | curriculum_math_2022: printed p. 34; terms and symbols for 수와 연산; term_list; 소수, 합성수, 거듭제곱, 지수, 밑, 소인수, 소인수분해, 서로소, 양수, 음수, 정수, 수직선, 유리수, 절댓값, 교환법칙, 결합법칙, 분배법칙, 역수, 유한소수, 무한소수, 순환소수, 순환마디, 제곱근, 근호, 무리수, 실수, 분모의 유리화 등을 다룸 | achievement_math_2022: 정수와 유리수 section; [9수01-03] achievement levels; achievement_level; 음수의 필요성, 양수와 음수, 정수와 유리수 개념 이해 및 분류 수준을 구분 | achievement_math_2022: 정수와 유리수 section; [9수01-05] achievement levels; achievement_level; 정수와 유리수의 사칙계산 원리 이해, 덧셈·뺄셈·곱셈·나눗셈, 혼합계산 수준을 구분","유리수의 분수 꼴 표현과 역수는 모두 분자와 분모의 관계를 다루지만, 교과서 절차 근거 확인 전까지 관련 관계로 둔다.",related_ref;textbook_page_refs,Find textbook wording or examples that justify keeping these concepts linked.,pending_textbook_pdf,,,,,,,,,,
5,중1(교육과정 학년군: 중1-3),수와 연산,정수와 유리수,m1_num_zero__related_to__m1_num_absolute_value,intra_unit,m1_num_zero,0,정수와 유리수,m1_num_absolute_value,절댓값,정수와 유리수,related_to,medium,4,"curriculum_math_2022: printed p. 33; [9수01-03]; achievement_standard; 음수의 필요성을 인식하고 양수와 음수, 정수와 유리수의 개념을 이해하는 성취기준 | curriculum_math_2022: printed p. 33; [9수01-04]; achievement_standard; 정수와 유리수의 대소 관계를 판단하는 성취기준 | achievement_math_2022: 정수와 유리수 section; [9수01-03] achievement levels; achievement_level; 음수의 필요성, 양수와 음수, 정수와 유리수 개념 이해 및 분류 수준을 구분 | achievement_math_2022: 정수와 유리수 section; [9수01-04] achievement levels; achievement_level; 정수와 유리수의 대소 관계를 판단하고 수직선 위에서 비교하는 수준을 구분",0은 절댓값을 거리로 해석할 때 기준점이자 절댓값이 0인 사례로 연결된다.,related_ref;textbook_page_refs,Find textbook wording or examples that justify keeping these concepts linked.,pending_textbook_pdf,,,,,,,,,,
5,중1(교육과정 학년군: 중1-3),수와 연산,정수와 유리수,m1_num_domain__contains__m1_num_integer_rational_unit,cross_unit,m1_num_domain,수와 연산,수와 연산,m1_num_integer_rational_unit,정수와 유리수,정수와 유리수,contains,high,3,"curriculum_math_2022: printed p. 33; [9수01-03]; achievement_standard; 음수의 필요성을 인식하고 양수와 음수, 정수와 유리수의 개념을 이해하는 성취기준 | curriculum_math_2022: printed p. 33; [9수01-04]; achievement_standard; 정수와 유리수의 대소 관계를 판단하는 성취기준 | curriculum_math_2022: printed p. 33; [9수01-05]; achievement_standard; 정수와 유리수의 사칙계산 원리를 이해하고 계산하는 성취기준",,structure_ref;textbook_page_refs,Find textbook structure evidence for the containment relation.,pending_textbook_pdf,,,,,,,,,,
5,중1(교육과정 학년군: 중1-3),수와 연산,정수와 유리수,m1_num_real_number__contains__m1_num_rational_number,cross_unit,m1_num_real_number,실수,제곱근과 실수,m1_num_rational_number,유리수,정수와 유리수,contains,high,2,"curriculum_math_2022: printed p. 33; [9수01-08]; achievement_standard; 무리수의 개념을 이해하고 무리수의 유용성을 인식하는 성취기준 | achievement_math_2022: 제곱근과 실수 section; [9수01-08] achievement levels; achievement_level; 무리수의 개념, 유리수가 아닌 예, 실수 수 체계, 무리수의 필요성과 유용성 인식 수준을 구분",,structure_ref;textbook_page_refs,Find textbook structure evidence for the containment relation.,pending_textbook_pdf,,,,,,,,,,
5,중1(교육과정 학년군: 중1-3),수와 연산,정수와 유리수,m1_num_addition__prerequisite_for__m1_eq_equal_add_subtract_property,cross_unit,m1_num_addition,덧셈,정수와 유리수,m1_eq_equal_add_subtract_property,양변에 같은 수를 더하거나 빼기,일차방정식,prerequisite_for,medium,2,"curriculum_math_2022: printed p. 34; [9수02-03]; achievement_standard; 방정식과 그 해의 뜻, 등식의 성질을 다루는 성취기준 | achievement_math_2022: 일차방정식 section; [9수02-03] achievement levels; achievement_level; 방정식과 해의 뜻, 등식의 성질, 해인지 판단하는 수행 수준을 구분",,prerequisite_ref;textbook_page_refs,Find textbook sequencing or prior-knowledge evidence for the prerequisite relation.,pending_textbook_pdf,,,,,,,,,,
5,중1(교육과정 학년군: 중1-3),수와 연산,정수와 유리수,m1_num_addition__prerequisite_for__m1_system_add_or_subtract_equations,cross_unit,m1_num_addition,덧셈,정수와 유리수,m1_system_add_or_subtract_equations,두 방정식 더하거나 빼기,연립일차방정식,prerequisite_for,medium,2,"curriculum_math_2022: printed p. 36; terms usable in teaching and learning situations; instructional_term_list; 식의 값, 좌변, 우변, 양변, 이차식, 전개식, 연립일차방정식, 소거, 가감법, 대입법, 함수의 그래프 등은 교수·학습 상황에서 사용할 수 있음 | achievement_math_2022: 연립일차방정식 section; [9수02-13] achievement levels; achievement_level; 미지수가 2개인 연립일차방정식을 여러 가지 방법으로 풀고 활용하는 수행 수준을 구분",,prerequisite_ref;textbook_page_refs,Find textbook sequencing or prior-knowledge evidence for the prerequisite relation.,pending_textbook_pdf,,,,,,,,,,
5,중1(교육과정 학년군: 중1-3),수와 연산,정수와 유리수,m1_num_distributive_law__prerequisite_for__m1_calc_expansion,cross_unit,m1_num_distributive_law,분배법칙,정수와 유리수,m1_calc_expansion,전개,식의 계산,prerequisite_for,medium,3,"curriculum_math_2022: printed p. 34; terms and symbols for 수와 연산; term_list; 소수, 합성수, 거듭제곱, 지수, 밑, 소인수, 소인수분해, 서로소, 양수, 음수, 정수, 수직선, 유리수, 절댓값, 교환법칙, 결합법칙, 분배법칙, 역수, 유한소수, 무한소수, 순환소수, 순환마디, 제곱근, 근호, 무리수, 실수, 분모의 유리화 등을 다룸 | curriculum_math_2022: printed p. 33; [9수01-05]; achievement_standard; 정수와 유리수의 사칙계산 원리를 이해하고 계산하는 성취기준 | curriculum_math_2022: printed p. 35; [9수02-10]; achievement_standard; 단항식과 다항식의 곱셈, 다항식을 단항식으로 나누는 계산을 다루는 성취기준",분배법칙은 다항식 전개의 선수 연산 성질이다.,prerequisite_ref;textbook_page_refs,Find textbook sequencing or prior-knowledge evidence for the prerequisite relation.,pending_textbook_pdf,,,,,,,,,,
5,중1(교육과정 학년군: 중1-3),수와 연산,정수와 유리수,m1_num_distributive_law__prerequisite_for__m1_calc_monomial_times_polynomial_distribution,cross_unit,m1_num_distributive_law,분배법칙,정수와 유리수,m1_calc_monomial_times_polynomial_distribution,단항식을 다항식에 분배하기,식의 계산,prerequisite_for,medium,4,"curriculum_math_2022: printed p. 35; [9수02-10]; achievement_standard; 단항식과 다항식의 곱셈, 다항식을 단항식으로 나누는 계산을 다루는 성취기준 | curriculum_math_2022: printed pp. 35-36; achievement-standard explanation and considerations; teaching_note; 지수법칙은 자연수 지수 범위에서 단항식의 곱셈과 나눗셈에 필요한 정도로 다루고, 수의 사칙연산과 소인수분해가 다항식으로 확장될 수 있음을 인식하게 함 | achievement_math_2022: 식의 계산 section; [9수02-10] achievement levels; achievement_level; 단항식과 다항식의 곱셈, 다항식과 단항식의 나눗셈 원리 이해와 계산 수행 수준을 구분 | curriculum_math_2022: printed p. 34; terms and symbols for 수와 연산; term_list; 소수, 합성수, 거듭제곱, 지수, 밑, 소인수, 소인수분해, 서로소, 양수, 음수, 정수, 수직선, 유리수, 절댓값, 교환법칙, 결합법칙, 분배법칙, 역수, 유한소수, 무한소수, 순환소수, 순환마디, 제곱근, 근호, 무리수, 실수, 분모의 유리화 등을 다룸",,prerequisite_ref;textbook_page_refs,Find textbook sequencing or prior-knowledge evidence for the prerequisite relation.,pending_textbook_pdf,,,,,,,,,,
5,중1(교육과정 학년군: 중1-3),수와 연산,정수와 유리수,m1_num_distributive_law__prerequisite_for__m1_calc_polynomial_parentheses_removal,cross_unit,m1_num_distributive_law,분배법칙,정수와 유리수,m1_calc_polynomial_parentheses_removal,다항식의 괄호 풀기,식의 계산,prerequisite_for,medium,2,curriculum_math_2022: printed p. 35; [9수02-09]; achievement_standard; 다항식의 덧셈과 뺄셈 원리를 이해하고 계산하는 성취기준 | achievement_math_2022: 식의 계산 section; [9수02-09] achievement levels; achievement_level; 다항식의 덧셈과 뺄셈 원리 이해와 계산 수행 수준을 구분,,prerequisite_ref;textbook_page_refs,Find textbook sequencing or prior-knowledge evidence for the prerequisite relation.,pending_textbook_pdf,,,,,,,,,,
5,중1(교육과정 학년군: 중1-3),수와 연산,정수와 유리수,m1_num_distributive_law__prerequisite_for__m1_factor_common_factor_extraction,cross_unit,m1_num_distributive_law,분배법칙,정수와 유리수,m1_factor_common_factor_extraction,공통인수로 묶기,다항식의 곱셈과 인수분해,prerequisite_for,medium,2,"curriculum_math_2022: printed p. 36; [9수02-19] explanation; teaching_note; 다항식의 곱셈과 인수분해의 역관계를 이해하고, m(a+b), (a±b)^2, (a+b)(a-b), (x+a)(x+b), (ax+b)(cx+d) 범위의 공식을 다룸 | achievement_math_2022: 다항식의 곱셈과 인수분해 section; [9수02-19] achievement levels; achievement_level; 다항식의 곱셈과 인수분해의 역관계 이해, 두 다항식의 곱 전개, 이차식 인수분해, 간단한 절차 수행 수준을 구분",,prerequisite_ref;textbook_page_refs,Find textbook sequencing or prior-knowledge evidence for the prerequisite relation.,pending_textbook_pdf,,,,,,,,,,
5,중1(교육과정 학년군: 중1-3),수와 연산,정수와 유리수,m1_num_distributive_law__prerequisite_for__m1_factor_common_factor_formula,cross_unit,m1_num_distributive_law,분배법칙,정수와 유리수,m1_factor_common_factor_formula,m(a+b) 공식,다항식의 곱셈과 인수분해,prerequisite_for,high,1,"curriculum_math_2022: printed p. 36; [9수02-19] explanation; teaching_note; 다항식의 곱셈과 인수분해의 역관계를 이해하고, m(a+b), (a±b)^2, (a+b)(a-b), (x+a)(x+b), (ax+b)(cx+d) 범위의 공식을 다룸",,prerequisite_ref;textbook_page_refs,Find textbook sequencing or prior-knowledge evidence for the prerequisite relation.,pending_textbook_pdf,,,,,,,,,,
5,중1(교육과정 학년군: 중1-3),수와 연산,정수와 유리수,m1_num_division__prerequisite_for__m1_eq_equal_multiply_divide_property,cross_unit,m1_num_division,나눗셈,정수와 유리수,m1_eq_equal_multiply_divide_property,양변에 같은 수를 곱하거나 나누기,일차방정식,prerequisite_for,medium,2,"curriculum_math_2022: printed p. 34; [9수02-03]; achievement_standard; 방정식과 그 해의 뜻, 등식의 성질을 다루는 성취기준 | achievement_math_2022: 일차방정식 section; [9수02-03] achievement levels; achievement_level; 방정식과 해의 뜻, 등식의 성질, 해인지 판단하는 수행 수준을 구분",,prerequisite_ref;textbook_page_refs,Find textbook sequencing or prior-knowledge evidence for the prerequisite relation.,pending_textbook_pdf,,,,,,,,,,
5,중1(교육과정 학년군: 중1-3),수와 연산,정수와 유리수,m1_num_four_operations__prerequisite_for__m1_calc_monomial_coefficient_calculation,cross_unit,m1_num_four_operations,정수와 유리수의 사칙계산,정수와 유리수,m1_calc_monomial_coefficient_calculation,단항식 계산에서 계수끼리 계산하기,식의 계산,prerequisite_for,medium,4,"curriculum_math_2022: printed p. 35; [9수02-08]; achievement_standard; 지수법칙을 이해하고 이를 이용하여 식을 간단히 하는 성취기준 | curriculum_math_2022: printed pp. 35-36; achievement-standard explanation and considerations; teaching_note; 지수법칙은 자연수 지수 범위에서 단항식의 곱셈과 나눗셈에 필요한 정도로 다루고, 수의 사칙연산과 소인수분해가 다항식으로 확장될 수 있음을 인식하게 함 | achievement_math_2022: 식의 계산 section; [9수02-08] achievement levels; achievement_level; 지수법칙을 이용하여 거듭제곱이나 단항식의 곱셈과 나눗셈을 하는 수준을 구분 | curriculum_math_2022: printed p. 36; terms and symbols for 변화와 관계; term_list; 대입, 다항식, 항, 단항식, 상수항, 계수, 차수, 일차식, 동류항, 등식, 방정식, 미지수, 해, 근, 항등식, 이항, 일차방정식, 변수, 좌표, 그래프, 인수, 인수분해, 완전제곱식, 이차방정식, 중근, 근의 공식, 이차함수, 포물선, 축, 꼭짓점, 최댓값, 최솟값 등을 다룸",,prerequisite_ref;textbook_page_refs,Find textbook sequencing or prior-knowledge evidence for the prerequisite relation.,pending_textbook_pdf,,,,,,,,,,
5,중1(교육과정 학년군: 중1-3),수와 연산,정수와 유리수,m1_num_four_operations__prerequisite_for__m1_calc_unit,cross_unit,m1_num_four_operations,정수와 유리수의 사칙계산,정수와 유리수,m1_calc_unit,식의 계산,식의 계산,prerequisite_for,medium,2,"curriculum_math_2022: printed p. 33; [9수01-05]; achievement_standard; 정수와 유리수의 사칙계산 원리를 이해하고 계산하는 성취기준 | curriculum_math_2022: printed pp. 35-36; achievement-standard explanation and considerations; teaching_note; 지수법칙은 자연수 지수 범위에서 단항식의 곱셈과 나눗셈에 필요한 정도로 다루고, 수의 사칙연산과 소인수분해가 다항식으로 확장될 수 있음을 인식하게 함",수에 대한 사칙연산 원리가 식의 계산과 다항식 계산으로 확장된다.,prerequisite_ref;textbook_page_refs,Find textbook sequencing or prior-knowledge evidence for the prerequisite relation.,pending_textbook_pdf,,,,,,,,,,
5,중1(교육과정 학년군: 중1-3),수와 연산,정수와 유리수,m1_num_four_operations__prerequisite_for__m1_expr_evaluate_expression_value,cross_unit,m1_num_four_operations,정수와 유리수의 사칙계산,정수와 유리수,m1_expr_evaluate_expression_value,식의 값 구하기,문자의 사용과 식,prerequisite_for,high,4,"curriculum_math_2022: printed p. 34; [9수02-01]; achievement_standard; 다양한 상황을 문자를 사용한 식으로 나타내고 식의 값을 구하는 성취기준 | curriculum_math_2022: printed p. 36; terms usable in teaching and learning situations; instructional_term_list; 식의 값, 좌변, 우변, 양변, 이차식, 전개식, 연립일차방정식, 소거, 가감법, 대입법, 함수의 그래프 등은 교수·학습 상황에서 사용할 수 있음 | achievement_math_2022: 문자의 사용과 식 section; [9수02-01] achievement levels; achievement_level; 문자를 사용한 식으로 나타내기, 문자의 특징 이해, 식의 값 계산 수준을 구분 | achievement_research_report_2022: 연구보고서 p. 214; 문자의 사용과 식 성취기준별 성취수준; research_report_achievement_level_context; 다양한 상황을 문자를 사용한 식으로 나타내고 식의 값을 구하며, 일차식의 덧셈과 뺄셈 원리와 계산 과정 설명 수준을 구분",,prerequisite_ref;textbook_page_refs,Find textbook sequencing or prior-knowledge evidence for the prerequisite relation.,pending_textbook_pdf,,,,,,,,,,
5,중1(교육과정 학년군: 중1-3),수와 연산,정수와 유리수,m1_num_integer_rational_unit__prerequisite_for__m1_num_repeating_decimal_unit,cross_unit,m1_num_integer_rational_unit,정수와 유리수,정수와 유리수,m1_num_repeating_decimal_unit,유리수와 순환소수,유리수와 순환소수,prerequisite_for,high,4,"curriculum_math_2022: printed p. 33; [9수01-03]; achievement_standard; 음수의 필요성을 인식하고 양수와 음수, 정수와 유리수의 개념을 이해하는 성취기준 | curriculum_math_2022: printed p. 33; [9수01-06]; achievement_standard; 순환소수의 뜻을 알고 유리수와 순환소수의 관계를 설명하는 성취기준 | achievement_math_2022: 정수와 유리수 section; [9수01-03] achievement levels; achievement_level; 음수의 필요성, 양수와 음수, 정수와 유리수 개념 이해 및 분류 수준을 구분 | achievement_math_2022: 유리수와 순환소수 section; [9수01-06] achievement levels; achievement_level; 유한소수 또는 순환소수로 나타낼 수 있는 분수의 특징, 순환소수를 분수로 나타내기, 유리수와 순환소수 관계 설명 수준을 구분",,prerequisite_ref;textbook_page_refs,Find textbook sequencing or prior-knowledge evidence for the prerequisite relation.,pending_textbook_pdf,,,,,,,,,,
5,중1(교육과정 학년군: 중1-3),수와 연산,정수와 유리수,m1_num_minus_sign__prerequisite_for__m1_calc_polynomial_subtraction_sign_distribution,cross_unit,m1_num_minus_sign,음의 부호,정수와 유리수,m1_calc_polynomial_subtraction_sign_distribution,다항식의 뺄셈에서 부호 바꾸기,식의 계산,prerequisite_for,medium,4,"curriculum_math_2022: printed p. 35; [9수02-09]; achievement_standard; 다항식의 덧셈과 뺄셈 원리를 이해하고 계산하는 성취기준 | achievement_math_2022: 식의 계산 section; [9수02-09] achievement levels; achievement_level; 다항식의 덧셈과 뺄셈 원리 이해와 계산 수행 수준을 구분 | curriculum_math_2022: printed p. 33; [9수01-05]; achievement_standard; 정수와 유리수의 사칙계산 원리를 이해하고 계산하는 성취기준 | achievement_math_2022: 정수와 유리수 section; [9수01-05] achievement levels; achievement_level; 정수와 유리수의 사칙계산 원리 이해, 덧셈·뺄셈·곱셈·나눗셈, 혼합계산 수준을 구분",,prerequisite_ref;textbook_page_refs,Find textbook sequencing or prior-knowledge evidence for the prerequisite relation.,pending_textbook_pdf,,,,,,,,,,
5,중1(교육과정 학년군: 중1-3),수와 연산,정수와 유리수,m1_num_multiplication__prerequisite_for__m1_eq_equal_multiply_divide_property,cross_unit,m1_num_multiplication,곱셈,정수와 유리수,m1_eq_equal_multiply_divide_property,양변에 같은 수를 곱하거나 나누기,일차방정식,prerequisite_for,medium,2,"curriculum_math_2022: printed p. 34; [9수02-03]; achievement_standard; 방정식과 그 해의 뜻, 등식의 성질을 다루는 성취기준 | achievement_math_2022: 일차방정식 section; [9수02-03] achievement levels; achievement_level; 방정식과 해의 뜻, 등식의 성질, 해인지 판단하는 수행 수준을 구분",,prerequisite_ref;textbook_page_refs,Find textbook sequencing or prior-knowledge evidence for the prerequisite relation.,pending_textbook_pdf,,,,,,,,,,
5,중1(교육과정 학년군: 중1-3),수와 연산,정수와 유리수,m1_num_order_relation__prerequisite_for__m1_data_class,cross_unit,m1_num_order_relation,정수와 유리수의 대소 관계,정수와 유리수,m1_data_class,계급,도수분포표와 상대도수,prerequisite_for,high,3,"curriculum_math_2022: printed pp. 41-42; terms and symbols for 자료와 가능성; term_list; 변량, 대푯값, 중앙값, 최빈값, 줄기와 잎 그림, 계급, 계급의 크기, 도수, 도수분포표, 히스토그램, 도수분포다각형, 상대도수, 사건, 확률, 산포도, 편차, 분산, 표준편차, 사분위수, 상자그림, 산점도, 상관관계를 다룸 | curriculum_math_2022: printed p. 40; [9수04-02]; achievement_standard; 자료를 줄기와 잎 그림, 도수분포표, 히스토그램, 도수분포다각형으로 나타내고 해석하는 성취기준 | achievement_math_2022: 자료와 가능성 section; [9수04-02]~[9수04-04] achievement levels; achievement_level; 줄기와 잎 그림, 도수분포표, 히스토그램, 도수분포다각형, 상대도수의 분포, 통계적 탐구 문제 설정과 공학 도구 활용 수준을 구분",,prerequisite_ref;textbook_page_refs,Find textbook sequencing or prior-knowledge evidence for the prerequisite relation.,pending_textbook_pdf,,,,,,,,,,
5,중1(교육과정 학년군: 중1-3),수와 연산,정수와 유리수,m1_num_order_relation__prerequisite_for__m1_data_median,cross_unit,m1_num_order_relation,정수와 유리수의 대소 관계,정수와 유리수,m1_data_median,중앙값,대푯값,prerequisite_for,high,3,"curriculum_math_2022: printed pp. 41-42; terms and symbols for 자료와 가능성; term_list; 변량, 대푯값, 중앙값, 최빈값, 줄기와 잎 그림, 계급, 계급의 크기, 도수, 도수분포표, 히스토그램, 도수분포다각형, 상대도수, 사건, 확률, 산포도, 편차, 분산, 표준편차, 사분위수, 상자그림, 산점도, 상관관계를 다룸 | curriculum_math_2022: printed p. 40; [9수04-01]; achievement_standard; 중앙값, 최빈값의 뜻을 알고 자료의 특성에 따라 적절한 대푯값을 선택하여 구하는 성취기준 | achievement_math_2022: 자료와 가능성 section; [9수04-01] achievement levels; achievement_level; 중앙값과 최빈값의 뜻, 적절한 대푯값 선택, 중앙값과 최빈값이 사용되는 예와 필요성 인식 수준을 구분",,prerequisite_ref;textbook_page_refs,Find textbook sequencing or prior-knowledge evidence for the prerequisite relation.,pending_textbook_pdf,,,,,,,,,,
5,중1(교육과정 학년군: 중1-3),수와 연산,정수와 유리수,m1_num_order_relation__prerequisite_for__m1_data_quartile,cross_unit,m1_num_order_relation,정수와 유리수의 대소 관계,정수와 유리수,m1_data_quartile,사분위수,상자그림과 산점도,prerequisite_for,high,3,"curriculum_math_2022: printed pp. 41-42; terms and symbols for 자료와 가능성; term_list; 변량, 대푯값, 중앙값, 최빈값, 줄기와 잎 그림, 계급, 계급의 크기, 도수, 도수분포표, 히스토그램, 도수분포다각형, 상대도수, 사건, 확률, 산포도, 편차, 분산, 표준편차, 사분위수, 상자그림, 산점도, 상관관계를 다룸 | curriculum_math_2022: printed p. 41; [9수04-08]; achievement_standard; 공학 도구를 이용하여 자료를 상자그림으로 나타내고 분포를 비교하는 성취기준 | achievement_math_2022: 자료와 가능성 section; [9수04-08]~[9수04-09] achievement levels; achievement_level; 공학 도구로 사분위수와 상자그림을 구해 두 집단의 분포를 비교하고, 산점도와 상관관계를 말하는 수준을 구분",,prerequisite_ref;textbook_page_refs,Find textbook sequencing or prior-knowledge evidence for the prerequisite relation.,pending_textbook_pdf,,,,,,,,,,
5,중1(교육과정 학년군: 중1-3),수와 연산,정수와 유리수,m1_num_order_relation__prerequisite_for__m1_data_stem_leaf_plot,cross_unit,m1_num_order_relation,정수와 유리수의 대소 관계,정수와 유리수,m1_data_stem_leaf_plot,줄기와 잎 그림,도수분포표와 상대도수,prerequisite_for,high,4,"curriculum_math_2022: printed pp. 41-42; terms and symbols for 자료와 가능성; term_list; 변량, 대푯값, 중앙값, 최빈값, 줄기와 잎 그림, 계급, 계급의 크기, 도수, 도수분포표, 히스토그램, 도수분포다각형, 상대도수, 사건, 확률, 산포도, 편차, 분산, 표준편차, 사분위수, 상자그림, 산점도, 상관관계를 다룸 | curriculum_math_2022: printed p. 40; [9수04-02]; achievement_standard; 자료를 줄기와 잎 그림, 도수분포표, 히스토그램, 도수분포다각형으로 나타내고 해석하는 성취기준 | achievement_math_2022: 자료와 가능성 section; [9수04-02]~[9수04-04] achievement levels; achievement_level; 줄기와 잎 그림, 도수분포표, 히스토그램, 도수분포다각형, 상대도수의 분포, 통계적 탐구 문제 설정과 공학 도구 활용 수준을 구분 | achievement_research_report_2022: 연구보고서 p. 227, p. 228; 도수분포표와 상대도수 성취기준별 성취수준; research_report_achievement_level_context; 자료를 줄기와 잎 그림, 도수분포표, 히스토그램, 도수분포다각형으로 나타내고 해석하기, 상대도수를 구하고 상대도수의 분포를 표나 그래프로 나타내고 해석하기, 통계적 탐구 문제 설정과 공학 도구 활용 성취수준 맥락",,prerequisite_ref;textbook_page_refs,Find textbook sequencing or prior-knowledge evidence for the prerequisite relation.,pending_textbook_pdf,,,,,,,,,,
5,중1(교육과정 학년군: 중1-3),수와 연산,정수와 유리수,m1_num_order_relation__prerequisite_for__m1_num_real_order,cross_unit,m1_num_order_relation,정수와 유리수의 대소 관계,정수와 유리수,m1_num_real_order,실수의 대소 관계,제곱근과 실수,prerequisite_for,high,4,curriculum_math_2022: printed p. 33; [9수01-04]; achievement_standard; 정수와 유리수의 대소 관계를 판단하는 성취기준 | curriculum_math_2022: printed p. 33; [9수01-09]; achievement_standard; 실수의 대소 관계를 판단하고 설명하는 성취기준 | achievement_math_2022: 정수와 유리수 section; [9수01-04] achievement levels; achievement_level; 정수와 유리수의 대소 관계를 판단하고 수직선 위에서 비교하는 수준을 구분 | achievement_math_2022: 제곱근과 실수 section; [9수01-09] achievement levels; achievement_level; 실수의 대소 관계를 여러 가지 방법으로 판단하고 이유를 설명하는 수준을 구분,,prerequisite_ref;textbook_page_refs,Find textbook sequencing or prior-knowledge evidence for the prerequisite relation.,pending_textbook_pdf,,,,,,,,,,
5,중1(교육과정 학년군: 중1-3),수와 연산,정수와 유리수,m1_num_rational_number__prerequisite_for__m1_data_mean,cross_unit,m1_num_rational_number,유리수,정수와 유리수,m1_data_mean,평균,대푯값,prerequisite_for,medium,3,"curriculum_math_2022: printed p. 41; [9수04-01] explanation; teaching_note; 대푯값에는 평균 이외에도 중앙값과 최빈값이 있음을 알고, 자료의 특성에 따라 적절한 대푯값을 선택하며 각 대푯값의 유용성을 토론하게 함 | achievement_math_2022: 자료와 가능성 section; [9수04-01] achievement levels; achievement_level; 중앙값과 최빈값의 뜻, 적절한 대푯값 선택, 중앙값과 최빈값이 사용되는 예와 필요성 인식 수준을 구분 | achievement_research_report_2022: 연구보고서 p. 177; 평균 성취기준별 성취수준; research_report_prerequisite_context; 평균의 의미와 유용성을 인식하고 자료를 수집하여 평균을 구하고 해석하는 초등 연계 대푯값 선수 맥락",,prerequisite_ref;textbook_page_refs,Find textbook sequencing or prior-knowledge evidence for the prerequisite relation.,pending_textbook_pdf,,,,,,,,,,
5,중1(교육과정 학년군: 중1-3),수와 연산,정수와 유리수,m1_num_rational_number__prerequisite_for__m1_data_probability,cross_unit,m1_num_rational_number,유리수,정수와 유리수,m1_data_probability,확률,경우의 수와 확률,prerequisite_for,high,4,"curriculum_math_2022: printed pp. 41-42; terms and symbols for 자료와 가능성; term_list; 변량, 대푯값, 중앙값, 최빈값, 줄기와 잎 그림, 계급, 계급의 크기, 도수, 도수분포표, 히스토그램, 도수분포다각형, 상대도수, 사건, 확률, 산포도, 편차, 분산, 표준편차, 사분위수, 상자그림, 산점도, 상관관계를 다룸 | curriculum_math_2022: printed p. 40; [9수04-06]; achievement_standard; 확률의 개념과 기본 성질을 이해하고 확률을 구하는 성취기준 | curriculum_math_2022: printed p. 41; [9수04-05]~[9수04-06] explanation; teaching_note; 경우의 수는 두 경우의 수를 합하거나 곱하는 정도로 다루며, 확률은 실험·관찰로 구한 상대도수와 경우의 수의 비율을 연결해 이해하게 함 | achievement_math_2022: 자료와 가능성 section; [9수04-05]~[9수04-06] achievement levels; achievement_level; 사건 A 또는 B, 사건 A와 B가 동시에 일어나는 경우의 수, 확률의 개념과 기본 성질, 사건의 확률을 구하는 수준을 구분",,prerequisite_ref;textbook_page_refs,Find textbook sequencing or prior-knowledge evidence for the prerequisite relation.,pending_textbook_pdf,,,,,,,,,,
5,중1(교육과정 학년군: 중1-3),수와 연산,정수와 유리수,m1_num_rational_number__prerequisite_for__m1_data_probability_unit,cross_unit,m1_num_rational_number,유리수,정수와 유리수,m1_data_probability_unit,경우의 수와 확률,경우의 수와 확률,prerequisite_for,high,5,"curriculum_math_2022: printed p. 40; [9수04-05]; achievement_standard; 경우의 수를 구하는 성취기준 | curriculum_math_2022: printed p. 40; [9수04-06]; achievement_standard; 확률의 개념과 기본 성질을 이해하고 확률을 구하는 성취기준 | curriculum_math_2022: printed p. 41; [9수04-05]~[9수04-06] explanation; teaching_note; 경우의 수는 두 경우의 수를 합하거나 곱하는 정도로 다루며, 확률은 실험·관찰로 구한 상대도수와 경우의 수의 비율을 연결해 이해하게 함 | curriculum_math_2022: printed pp. 41-42; achievement-standard considerations; teaching_note; 순열·조합을 이용하면 쉽게 해결되는 복잡한 경우의 수 문제는 다루지 않고, 확률에서 각 경우가 발생할 가능성이 동등하다는 가정을 유의하게 하며, 상자그림은 두 집단 분포 비교에 중점을 둠 | achievement_math_2022: 자료와 가능성 section; [9수04-05]~[9수04-06] achievement levels; achievement_level; 사건 A 또는 B, 사건 A와 B가 동시에 일어나는 경우의 수, 확률의 개념과 기본 성질, 사건의 확률을 구하는 수준을 구분",,prerequisite_ref;textbook_page_refs,Find textbook sequencing or prior-knowledge evidence for the prerequisite relation.,pending_textbook_pdf,,,,,,,,,,
5,중1(교육과정 학년군: 중1-3),수와 연산,정수와 유리수,m1_num_rational_number__prerequisite_for__m1_data_relative_frequency,cross_unit,m1_num_rational_number,유리수,정수와 유리수,m1_data_relative_frequency,상대도수,도수분포표와 상대도수,prerequisite_for,high,5,"curriculum_math_2022: printed pp. 41-42; terms and symbols for 자료와 가능성; term_list; 변량, 대푯값, 중앙값, 최빈값, 줄기와 잎 그림, 계급, 계급의 크기, 도수, 도수분포표, 히스토그램, 도수분포다각형, 상대도수, 사건, 확률, 산포도, 편차, 분산, 표준편차, 사분위수, 상자그림, 산점도, 상관관계를 다룸 | curriculum_math_2022: printed p. 40; [9수04-03]; achievement_standard; 상대도수를 구하고 상대도수의 분포를 표나 그래프로 나타내고 해석하는 성취기준 | curriculum_math_2022: printed p. 41; [9수04-03] explanation; teaching_note; 상대도수는 도수의 총합이 다른 두 집단의 분포를 비교하는 상황에서 간단히 다루고 그 필요성과 유용성을 인식하게 함 | achievement_math_2022: 자료와 가능성 section; [9수04-02]~[9수04-04] achievement levels; achievement_level; 줄기와 잎 그림, 도수분포표, 히스토그램, 도수분포다각형, 상대도수의 분포, 통계적 탐구 문제 설정과 공학 도구 활용 수준을 구분 | achievement_research_report_2022: 연구보고서 p. 227, p. 228; 도수분포표와 상대도수 성취기준별 성취수준; research_report_achievement_level_context; 자료를 줄기와 잎 그림, 도수분포표, 히스토그램, 도수분포다각형으로 나타내고 해석하기, 상대도수를 구하고 상대도수의 분포를 표나 그래프로 나타내고 해석하기, 통계적 탐구 문제 설정과 공학 도구 활용 성취수준 맥락",,prerequisite_ref;textbook_page_refs,Find textbook sequencing or prior-knowledge evidence for the prerequisite relation.,pending_textbook_pdf,,,,,,,,,,
5,중1(교육과정 학년군: 중1-3),수와 연산,정수와 유리수,m1_num_rational_number__prerequisite_for__m1_num_finite_decimal,cross_unit,m1_num_rational_number,유리수,정수와 유리수,m1_num_finite_decimal,유한소수,유리수와 순환소수,prerequisite_for,high,3,"curriculum_math_2022: printed p. 34; terms and symbols for 수와 연산; term_list; 소수, 합성수, 거듭제곱, 지수, 밑, 소인수, 소인수분해, 서로소, 양수, 음수, 정수, 수직선, 유리수, 절댓값, 교환법칙, 결합법칙, 분배법칙, 역수, 유한소수, 무한소수, 순환소수, 순환마디, 제곱근, 근호, 무리수, 실수, 분모의 유리화 등을 다룸 | curriculum_math_2022: printed p. 33; [9수01-06]; achievement_standard; 순환소수의 뜻을 알고 유리수와 순환소수의 관계를 설명하는 성취기준 | achievement_math_2022: 유리수와 순환소수 section; [9수01-06] achievement levels; achievement_level; 유한소수 또는 순환소수로 나타낼 수 있는 분수의 특징, 순환소수를 분수로 나타내기, 유리수와 순환소수 관계 설명 수준을 구분",,prerequisite_ref;textbook_page_refs,Find textbook sequencing or prior-knowledge evidence for the prerequisite relation.,pending_textbook_pdf,,,,,,,,,,
5,중1(교육과정 학년군: 중1-3),수와 연산,정수와 유리수,m1_num_rational_number__prerequisite_for__m1_num_fraction_decimal_classification,cross_unit,m1_num_rational_number,유리수,정수와 유리수,m1_num_fraction_decimal_classification,분수가 유한소수 또는 순환소수로 나타나는지 구분하기,유리수와 순환소수,prerequisite_for,medium,1,"achievement_math_2022: 유리수와 순환소수 section; [9수01-06] achievement levels; achievement_level; 유한소수 또는 순환소수로 나타낼 수 있는 분수의 특징, 순환소수를 분수로 나타내기, 유리수와 순환소수 관계 설명 수준을 구분",,prerequisite_ref;textbook_page_refs,Find textbook sequencing or prior-knowledge evidence for the prerequisite relation.,pending_textbook_pdf,,,,,,,,,,
5,중1(교육과정 학년군: 중1-3),수와 연산,정수와 유리수,m1_num_rational_number__prerequisite_for__m1_num_infinite_decimal,cross_unit,m1_num_rational_number,유리수,정수와 유리수,m1_num_infinite_decimal,무한소수,유리수와 순환소수,prerequisite_for,high,3,"curriculum_math_2022: printed p. 34; terms and symbols for 수와 연산; term_list; 소수, 합성수, 거듭제곱, 지수, 밑, 소인수, 소인수분해, 서로소, 양수, 음수, 정수, 수직선, 유리수, 절댓값, 교환법칙, 결합법칙, 분배법칙, 역수, 유한소수, 무한소수, 순환소수, 순환마디, 제곱근, 근호, 무리수, 실수, 분모의 유리화 등을 다룸 | curriculum_math_2022: printed p. 33; [9수01-06]; achievement_standard; 순환소수의 뜻을 알고 유리수와 순환소수의 관계를 설명하는 성취기준 | achievement_math_2022: 유리수와 순환소수 section; [9수01-06] achievement levels; achievement_level; 유한소수 또는 순환소수로 나타낼 수 있는 분수의 특징, 순환소수를 분수로 나타내기, 유리수와 순환소수 관계 설명 수준을 구분",,prerequisite_ref;textbook_page_refs,Find textbook sequencing or prior-knowledge evidence for the prerequisite relation.,pending_textbook_pdf,,,,,,,,,,
5,중1(교육과정 학년군: 중1-3),수와 연산,정수와 유리수,m1_num_rational_number__prerequisite_for__m1_num_irrational_number,cross_unit,m1_num_rational_number,유리수,정수와 유리수,m1_num_irrational_number,무리수,제곱근과 실수,prerequisite_for,high,5,"curriculum_math_2022: printed p. 33; [9수01-08]; achievement_standard; 무리수의 개념을 이해하고 무리수의 유용성을 인식하는 성취기준 | curriculum_math_2022: printed p. 34; terms and symbols for 수와 연산; term_list; 소수, 합성수, 거듭제곱, 지수, 밑, 소인수, 소인수분해, 서로소, 양수, 음수, 정수, 수직선, 유리수, 절댓값, 교환법칙, 결합법칙, 분배법칙, 역수, 유한소수, 무한소수, 순환소수, 순환마디, 제곱근, 근호, 무리수, 실수, 분모의 유리화 등을 다룸 | curriculum_math_2022: printed pp. 33-34; [9수01-08] explanation and considerations; teaching_note; 제곱근과 무리수는 피타고라스 정리나 한 변의 길이가 1인 정사각형의 대각선 등으로 도입할 수 있고, 제곱근 값은 계산기 등을 이용할 수 있음 | achievement_math_2022: 제곱근과 실수 section; [9수01-08] achievement levels; achievement_level; 무리수의 개념, 유리수가 아닌 예, 실수 수 체계, 무리수의 필요성과 유용성 인식 수준을 구분 | achievement_research_report_2022: 연구보고서 p. 213; 제곱근과 실수 성취기준별 성취수준; research_report_achievement_level_context; 제곱근을 근호로 나타내기, 제곱근의 대소 관계, 무리수와 실수의 수 체계, 실수의 대소 관계, 근호를 포함한 식의 사칙계산 수준을 구분",,prerequisite_ref;textbook_page_refs,Find textbook sequencing or prior-knowledge evidence for the prerequisite relation.,pending_textbook_pdf,,,,,,,,,,
5,중1(교육과정 학년군: 중1-3),수와 연산,정수와 유리수,m1_num_rational_number__prerequisite_for__m1_num_rational_irrational_classification,cross_unit,m1_num_rational_number,유리수,정수와 유리수,m1_num_rational_irrational_classification,유리수와 무리수의 구분,제곱근과 실수,prerequisite_for,high,2,"curriculum_math_2022: printed p. 33; [9수01-08]; achievement_standard; 무리수의 개념을 이해하고 무리수의 유용성을 인식하는 성취기준 | achievement_math_2022: 제곱근과 실수 section; [9수01-08] achievement levels; achievement_level; 무리수의 개념, 유리수가 아닌 예, 실수 수 체계, 무리수의 필요성과 유용성 인식 수준을 구분",,prerequisite_ref;textbook_page_refs,Find textbook sequencing or prior-knowledge evidence for the prerequisite relation.,pending_textbook_pdf,,,,,,,,,,
5,중1(교육과정 학년군: 중1-3),수와 연산,정수와 유리수,m1_num_rational_number__prerequisite_for__m1_num_rational_repeating_relation,cross_unit,m1_num_rational_number,유리수,정수와 유리수,m1_num_rational_repeating_relation,유리수와 순환소수의 관계,유리수와 순환소수,prerequisite_for,high,3,"curriculum_math_2022: printed p. 33; [9수01-06]; achievement_standard; 순환소수의 뜻을 알고 유리수와 순환소수의 관계를 설명하는 성취기준 | curriculum_math_2022: printed p. 33; [9수01-06] explanation; teaching_note; 순환소수를 분수로 고치는 것은 순환소수가 유리수임을 이해할 수 있는 정도로 다루며 유한소수를 순환소수로 나타내는 것은 다루지 않음 | achievement_math_2022: 유리수와 순환소수 section; [9수01-06] achievement levels; achievement_level; 유한소수 또는 순환소수로 나타낼 수 있는 분수의 특징, 순환소수를 분수로 나타내기, 유리수와 순환소수 관계 설명 수준을 구분",,prerequisite_ref;textbook_page_refs,Find textbook sequencing or prior-knowledge evidence for the prerequisite relation.,pending_textbook_pdf,,,,,,,,,,
5,중1(교육과정 학년군: 중1-3),수와 연산,정수와 유리수,m1_num_rational_number__prerequisite_for__m1_num_real_number,cross_unit,m1_num_rational_number,유리수,정수와 유리수,m1_num_real_number,실수,제곱근과 실수,prerequisite_for,high,6,"curriculum_math_2022: printed p. 33; [9수01-08]; achievement_standard; 무리수의 개념을 이해하고 무리수의 유용성을 인식하는 성취기준 | curriculum_math_2022: printed p. 33; [9수01-09]; achievement_standard; 실수의 대소 관계를 판단하고 설명하는 성취기준 | curriculum_math_2022: printed p. 34; terms and symbols for 수와 연산; term_list; 소수, 합성수, 거듭제곱, 지수, 밑, 소인수, 소인수분해, 서로소, 양수, 음수, 정수, 수직선, 유리수, 절댓값, 교환법칙, 결합법칙, 분배법칙, 역수, 유한소수, 무한소수, 순환소수, 순환마디, 제곱근, 근호, 무리수, 실수, 분모의 유리화 등을 다룸 | achievement_math_2022: 제곱근과 실수 section; [9수01-08] achievement levels; achievement_level; 무리수의 개념, 유리수가 아닌 예, 실수 수 체계, 무리수의 필요성과 유용성 인식 수준을 구분 | achievement_math_2022: 제곱근과 실수 section; [9수01-09] achievement levels; achievement_level; 실수의 대소 관계를 여러 가지 방법으로 판단하고 이유를 설명하는 수준을 구분 | achievement_research_report_2022: 연구보고서 p. 213; 제곱근과 실수 성취기준별 성취수준; research_report_achievement_level_context; 제곱근을 근호로 나타내기, 제곱근의 대소 관계, 무리수와 실수의 수 체계, 실수의 대소 관계, 근호를 포함한 식의 사칙계산 수준을 구분",,prerequisite_ref;textbook_page_refs,Find textbook sequencing or prior-knowledge evidence for the prerequisite relation.,pending_textbook_pdf,,,,,,,,,,
5,중1(교육과정 학년군: 중1-3),수와 연산,정수와 유리수,m1_num_rational_number__prerequisite_for__m1_num_real_number_system,cross_unit,m1_num_rational_number,유리수,정수와 유리수,m1_num_real_number_system,실수의 수 체계,제곱근과 실수,prerequisite_for,high,3,"curriculum_math_2022: printed p. 33; [9수01-08]; achievement_standard; 무리수의 개념을 이해하고 무리수의 유용성을 인식하는 성취기준 | achievement_math_2022: 제곱근과 실수 section; [9수01-08] achievement levels; achievement_level; 무리수의 개념, 유리수가 아닌 예, 실수 수 체계, 무리수의 필요성과 유용성 인식 수준을 구분 | achievement_research_report_2022: 연구보고서 p. 213; 제곱근과 실수 성취기준별 성취수준; research_report_achievement_level_context; 제곱근을 근호로 나타내기, 제곱근의 대소 관계, 무리수와 실수의 수 체계, 실수의 대소 관계, 근호를 포함한 식의 사칙계산 수준을 구분",,prerequisite_ref;textbook_page_refs,Find textbook sequencing or prior-knowledge evidence for the prerequisite relation.,pending_textbook_pdf,,,,,,,,,,
5,중1(교육과정 학년군: 중1-3),수와 연산,정수와 유리수,m1_num_rational_number__prerequisite_for__m1_num_repeating_decimal_unit,cross_unit,m1_num_rational_number,유리수,정수와 유리수,m1_num_repeating_decimal_unit,유리수와 순환소수,유리수와 순환소수,prerequisite_for,high,3,"curriculum_math_2022: printed p. 33; [9수01-06]; achievement_standard; 순환소수의 뜻을 알고 유리수와 순환소수의 관계를 설명하는 성취기준 | curriculum_math_2022: printed p. 33; [9수01-06] explanation; teaching_note; 순환소수를 분수로 고치는 것은 순환소수가 유리수임을 이해할 수 있는 정도로 다루며 유한소수를 순환소수로 나타내는 것은 다루지 않음 | achievement_math_2022: 유리수와 순환소수 section; [9수01-06] achievement levels; achievement_level; 유한소수 또는 순환소수로 나타낼 수 있는 분수의 특징, 순환소수를 분수로 나타내기, 유리수와 순환소수 관계 설명 수준을 구분",,prerequisite_ref;textbook_page_refs,Find textbook sequencing or prior-knowledge evidence for the prerequisite relation.,pending_textbook_pdf,,,,,,,,,,
5,중1(교육과정 학년군: 중1-3),수와 연산,정수와 유리수,m1_num_rational_number__prerequisite_for__m1_num_square_root_real_unit,cross_unit,m1_num_rational_number,유리수,정수와 유리수,m1_num_square_root_real_unit,제곱근과 실수,제곱근과 실수,prerequisite_for,high,10,"curriculum_math_2022: printed p. 33; [9수01-07]; achievement_standard; 제곱근의 뜻과 성질을 알고 제곱근의 대소 관계를 판단하는 성취기준 | curriculum_math_2022: printed p. 33; [9수01-08]; achievement_standard; 무리수의 개념을 이해하고 무리수의 유용성을 인식하는 성취기준 | curriculum_math_2022: printed p. 33; [9수01-09]; achievement_standard; 실수의 대소 관계를 판단하고 설명하는 성취기준 | curriculum_math_2022: printed p. 33; [9수01-10]; achievement_standard; 근호를 포함한 식의 사칙계산 원리를 이해하고 계산하는 성취기준 | curriculum_math_2022: printed pp. 33-34; [9수01-08] explanation and considerations; teaching_note; 제곱근과 무리수는 피타고라스 정리나 한 변의 길이가 1인 정사각형의 대각선 등으로 도입할 수 있고, 제곱근 값은 계산기 등을 이용할 수 있음 | achievement_math_2022: 제곱근과 실수 section; [9수01-07] achievement levels; achievement_level; 제곱근의 뜻과 성질, 근호 사용, 제곱근의 대소 관계 판단 수준을 구분 | achievement_math_2022: 제곱근과 실수 section; [9수01-08] achievement levels; achievement_level; 무리수의 개념, 유리수가 아닌 예, 실수 수 체계, 무리수의 필요성과 유용성 인식 수준을 구분 | achievement_math_2022: 제곱근과 실수 section; [9수01-09] achievement levels; achievement_level; 실수의 대소 관계를 여러 가지 방법으로 판단하고 이유를 설명하는 수준을 구분 | achievement_math_2022: 제곱근과 실수 section; [9수01-10] achievement levels; achievement_level; 근호를 포함한 식의 사칙계산 원리, 제곱근의 곱셈과 나눗셈, 근호 안의 수가 같은 제곱근의 덧셈과 뺄셈 수준을 구분 | achievement_research_report_2022: 연구보고서 p. 213; 제곱근과 실수 성취기준별 성취수준; research_report_achievement_level_context; 제곱근을 근호로 나타내기, 제곱근의 대소 관계, 무리수와 실수의 수 체계, 실수의 대소 관계, 근호를 포함한 식의 사칙계산 수준을 구분",,prerequisite_ref;textbook_page_refs,Find textbook sequencing or prior-knowledge evidence for the prerequisite relation.,pending_textbook_pdf,,,,,,,,,,
5,중1(교육과정 학년군: 중1-3),수와 연산,정수와 유리수,m1_num_subtraction__prerequisite_for__m1_eq_equal_add_subtract_property,cross_unit,m1_num_subtraction,뺄셈,정수와 유리수,m1_eq_equal_add_subtract_property,양변에 같은 수를 더하거나 빼기,일차방정식,prerequisite_for,medium,2,"curriculum_math_2022: printed p. 34; [9수02-03]; achievement_standard; 방정식과 그 해의 뜻, 등식의 성질을 다루는 성취기준 | achievement_math_2022: 일차방정식 section; [9수02-03] achievement levels; achievement_level; 방정식과 해의 뜻, 등식의 성질, 해인지 판단하는 수행 수준을 구분",,prerequisite_ref;textbook_page_refs,Find textbook sequencing or prior-knowledge evidence for the prerequisite relation.,pending_textbook_pdf,,,,,,,,,,
5,중1(교육과정 학년군: 중1-3),수와 연산,정수와 유리수,m1_num_subtraction__prerequisite_for__m1_system_add_or_subtract_equations,cross_unit,m1_num_subtraction,뺄셈,정수와 유리수,m1_system_add_or_subtract_equations,두 방정식 더하거나 빼기,연립일차방정식,prerequisite_for,medium,2,"curriculum_math_2022: printed p. 36; terms usable in teaching and learning situations; instructional_term_list; 식의 값, 좌변, 우변, 양변, 이차식, 전개식, 연립일차방정식, 소거, 가감법, 대입법, 함수의 그래프 등은 교수·학습 상황에서 사용할 수 있음 | achievement_math_2022: 연립일차방정식 section; [9수02-13] achievement levels; achievement_level; 미지수가 2개인 연립일차방정식을 여러 가지 방법으로 풀고 활용하는 수행 수준을 구분",,prerequisite_ref;textbook_page_refs,Find textbook sequencing or prior-knowledge evidence for the prerequisite relation.,pending_textbook_pdf,,,,,,,,,,
5,중1(교육과정 학년군: 중1-3),수와 연산,정수와 유리수,m1_num_subtraction_as_add_opposite__prerequisite_for__m1_calc_polynomial_subtraction_sign_distribution,cross_unit,m1_num_subtraction_as_add_opposite,뺄셈을 반대 부호의 덧셈으로 바꾸기,정수와 유리수,m1_calc_polynomial_subtraction_sign_distribution,다항식의 뺄셈에서 부호 바꾸기,식의 계산,prerequisite_for,medium,4,"curriculum_math_2022: printed p. 35; [9수02-09]; achievement_standard; 다항식의 덧셈과 뺄셈 원리를 이해하고 계산하는 성취기준 | achievement_math_2022: 식의 계산 section; [9수02-09] achievement levels; achievement_level; 다항식의 덧셈과 뺄셈 원리 이해와 계산 수행 수준을 구분 | curriculum_math_2022: printed p. 33; [9수01-05]; achievement_standard; 정수와 유리수의 사칙계산 원리를 이해하고 계산하는 성취기준 | achievement_math_2022: 정수와 유리수 section; [9수01-05] achievement levels; achievement_level; 정수와 유리수의 사칙계산 원리 이해, 덧셈·뺄셈·곱셈·나눗셈, 혼합계산 수준을 구분",,prerequisite_ref;textbook_page_refs,Find textbook sequencing or prior-knowledge evidence for the prerequisite relation.,pending_textbook_pdf,,,,,,,,,,
5,중1(교육과정 학년군: 중1-3),수와 연산,정수와 유리수,m1_num_real_number__represented_by__m1_num_number_line,cross_unit,m1_num_real_number,실수,제곱근과 실수,m1_num_number_line,수직선,정수와 유리수,represented_by,medium,2,curriculum_math_2022: printed p. 33; [9수01-09]; achievement_standard; 실수의 대소 관계를 판단하고 설명하는 성취기준 | achievement_math_2022: 제곱근과 실수 section; [9수01-09] achievement levels; achievement_level; 실수의 대소 관계를 여러 가지 방법으로 판단하고 이유를 설명하는 수준을 구분,,representation_ref;textbook_page_refs,"Find textbook representation evidence such as a table, graph, expression, or diagram.",pending_textbook_pdf,,,,,,,,,,
5,중1(교육과정 학년군: 중1-3),수와 연산,정수와 유리수,m1_num_repeating_decimal_to_fraction__represented_by__m1_num_rational_number,cross_unit,m1_num_repeating_decimal_to_fraction,순환소수를 분수로 나타내기,유리수와 순환소수,m1_num_rational_number,유리수,정수와 유리수,represented_by,high,2,"curriculum_math_2022: printed p. 33; [9수01-06] explanation; teaching_note; 순환소수를 분수로 고치는 것은 순환소수가 유리수임을 이해할 수 있는 정도로 다루며 유한소수를 순환소수로 나타내는 것은 다루지 않음 | achievement_math_2022: 유리수와 순환소수 section; [9수01-06] achievement levels; achievement_level; 유한소수 또는 순환소수로 나타낼 수 있는 분수의 특징, 순환소수를 분수로 나타내기, 유리수와 순환소수 관계 설명 수준을 구분",순환소수를 분수로 나타내는 활동은 순환소수가 유리수임을 보이는 표현 관계다.,representation_ref;textbook_page_refs,"Find textbook representation evidence such as a table, graph, expression, or diagram.",pending_textbook_pdf,,,,,,,,,,
5,중1(교육과정 학년군: 중1-3),수와 연산,정수와 유리수,m1_num_distributive_law__used_in__m1_calc_monomial_times_polynomial_distribution,cross_unit,m1_num_distributive_law,분배법칙,정수와 유리수,m1_calc_monomial_times_polynomial_distribution,단항식을 다항식에 분배하기,식의 계산,used_in,medium,5,"curriculum_math_2022: printed p. 34; terms and symbols for 수와 연산; term_list; 소수, 합성수, 거듭제곱, 지수, 밑, 소인수, 소인수분해, 서로소, 양수, 음수, 정수, 수직선, 유리수, 절댓값, 교환법칙, 결합법칙, 분배법칙, 역수, 유한소수, 무한소수, 순환소수, 순환마디, 제곱근, 근호, 무리수, 실수, 분모의 유리화 등을 다룸 | curriculum_math_2022: printed p. 33; [9수01-05]; achievement_standard; 정수와 유리수의 사칙계산 원리를 이해하고 계산하는 성취기준 | curriculum_math_2022: printed p. 35; [9수02-10]; achievement_standard; 단항식과 다항식의 곱셈, 다항식을 단항식으로 나누는 계산을 다루는 성취기준 | achievement_math_2022: 정수와 유리수 section; [9수01-05] achievement levels; achievement_level; 정수와 유리수의 사칙계산 원리 이해, 덧셈·뺄셈·곱셈·나눗셈, 혼합계산 수준을 구분 | achievement_math_2022: 식의 계산 section; [9수02-10] achievement levels; achievement_level; 단항식과 다항식의 곱셈, 다항식과 단항식의 나눗셈 원리 이해와 계산 수행 수준을 구분",,procedure_ref;textbook_page_refs,"Find a worked example, procedure, or application where this source concept is used.",pending_textbook_pdf,,,,,,,,,,
5,중1(교육과정 학년군: 중1-3),수와 연산,정수와 유리수,m1_num_distributive_law__used_in__m1_factor_common_factor_extraction,cross_unit,m1_num_distributive_law,분배법칙,정수와 유리수,m1_factor_common_factor_extraction,공통인수로 묶기,다항식의 곱셈과 인수분해,used_in,medium,2,"curriculum_math_2022: printed p. 36; [9수02-19] explanation; teaching_note; 다항식의 곱셈과 인수분해의 역관계를 이해하고, m(a+b), (a±b)^2, (a+b)(a-b), (x+a)(x+b), (ax+b)(cx+d) 범위의 공식을 다룸 | achievement_math_2022: 다항식의 곱셈과 인수분해 section; [9수02-19] achievement levels; achievement_level; 다항식의 곱셈과 인수분해의 역관계 이해, 두 다항식의 곱 전개, 이차식 인수분해, 간단한 절차 수행 수준을 구분",,procedure_ref;textbook_page_refs,"Find a worked example, procedure, or application where this source concept is used.",pending_textbook_pdf,,,,,,,,,,
5,중1(교육과정 학년군: 중1-3),수와 연산,정수와 유리수,m1_num_distributive_law__used_in__m1_factor_common_factor_formula,cross_unit,m1_num_distributive_law,분배법칙,정수와 유리수,m1_factor_common_factor_formula,m(a+b) 공식,다항식의 곱셈과 인수분해,used_in,medium,1,"curriculum_math_2022: printed p. 36; [9수02-19] explanation; teaching_note; 다항식의 곱셈과 인수분해의 역관계를 이해하고, m(a+b), (a±b)^2, (a+b)(a-b), (x+a)(x+b), (ax+b)(cx+d) 범위의 공식을 다룸",,procedure_ref;textbook_page_refs,"Find a worked example, procedure, or application where this source concept is used.",pending_textbook_pdf,,,,,,,,,,
5,중1(교육과정 학년군: 중1-3),수와 연산,정수와 유리수,m1_num_distributive_law__used_in__m1_factor_polynomial_multiplication,cross_unit,m1_num_distributive_law,분배법칙,정수와 유리수,m1_factor_polynomial_multiplication,다항식의 곱셈,다항식의 곱셈과 인수분해,used_in,medium,7,"curriculum_math_2022: printed p. 34; terms and symbols for 수와 연산; term_list; 소수, 합성수, 거듭제곱, 지수, 밑, 소인수, 소인수분해, 서로소, 양수, 음수, 정수, 수직선, 유리수, 절댓값, 교환법칙, 결합법칙, 분배법칙, 역수, 유한소수, 무한소수, 순환소수, 순환마디, 제곱근, 근호, 무리수, 실수, 분모의 유리화 등을 다룸 | curriculum_math_2022: printed p. 33; [9수01-05]; achievement_standard; 정수와 유리수의 사칙계산 원리를 이해하고 계산하는 성취기준 | curriculum_math_2022: printed p. 35; [9수02-10]; achievement_standard; 단항식과 다항식의 곱셈, 다항식을 단항식으로 나누는 계산을 다루는 성취기준 | curriculum_math_2022: printed p. 35; [9수02-19]; achievement_standard; 다항식의 곱셈과 인수분해를 하는 성취기준 | achievement_math_2022: 정수와 유리수 section; [9수01-05] achievement levels; achievement_level; 정수와 유리수의 사칙계산 원리 이해, 덧셈·뺄셈·곱셈·나눗셈, 혼합계산 수준을 구분 | achievement_math_2022: 식의 계산 section; [9수02-10] achievement levels; achievement_level; 단항식과 다항식의 곱셈, 다항식과 단항식의 나눗셈 원리 이해와 계산 수행 수준을 구분 | achievement_math_2022: 다항식의 곱셈과 인수분해 section; [9수02-19] achievement levels; achievement_level; 다항식의 곱셈과 인수분해의 역관계 이해, 두 다항식의 곱 전개, 이차식 인수분해, 간단한 절차 수행 수준을 구분",The distributive law underlies polynomial multiplication and the expansion view used before factorization.,procedure_ref;textbook_page_refs,"Find a worked example, procedure, or application where this source concept is used.",pending_textbook_pdf,,,,,,,,,,
5,중1(교육과정 학년군: 중1-3),수와 연산,정수와 유리수,m1_num_four_operations__used_in__m1_expr_evaluate_expression_value,cross_unit,m1_num_four_operations,정수와 유리수의 사칙계산,정수와 유리수,m1_expr_evaluate_expression_value,식의 값 구하기,문자의 사용과 식,used_in,medium,3,"curriculum_math_2022: printed p. 34; [9수02-01]; achievement_standard; 다양한 상황을 문자를 사용한 식으로 나타내고 식의 값을 구하는 성취기준 | achievement_math_2022: 문자의 사용과 식 section; [9수02-01] achievement levels; achievement_level; 문자를 사용한 식으로 나타내기, 문자의 특징 이해, 식의 값 계산 수준을 구분 | achievement_research_report_2022: 연구보고서 p. 214; 문자의 사용과 식 성취기준별 성취수준; research_report_achievement_level_context; 다양한 상황을 문자를 사용한 식으로 나타내고 식의 값을 구하며, 일차식의 덧셈과 뺄셈 원리와 계산 과정 설명 수준을 구분",,procedure_ref;textbook_page_refs,"Find a worked example, procedure, or application where this source concept is used.",pending_textbook_pdf,,,,,,,,,,
5,중1(교육과정 학년군: 중1-3),수와 연산,정수와 유리수,m1_num_number_line__used_in__m1_num_real_order,cross_unit,m1_num_number_line,수직선,정수와 유리수,m1_num_real_order,실수의 대소 관계,제곱근과 실수,used_in,medium,2,curriculum_math_2022: printed p. 33; [9수01-09]; achievement_standard; 실수의 대소 관계를 판단하고 설명하는 성취기준 | achievement_math_2022: 제곱근과 실수 section; [9수01-09] achievement levels; achievement_level; 실수의 대소 관계를 여러 가지 방법으로 판단하고 이유를 설명하는 수준을 구분,,procedure_ref;textbook_page_refs,"Find a worked example, procedure, or application where this source concept is used.",pending_textbook_pdf,,,,,,,,,,
5,중1(교육과정 학년군: 중1-3),수와 연산,정수와 유리수,m1_num_rational_number__used_in__m1_num_rational_irrational_classification,cross_unit,m1_num_rational_number,유리수,정수와 유리수,m1_num_rational_irrational_classification,유리수와 무리수의 구분,제곱근과 실수,used_in,high,2,"curriculum_math_2022: printed p. 33; [9수01-08]; achievement_standard; 무리수의 개념을 이해하고 무리수의 유용성을 인식하는 성취기준 | achievement_math_2022: 제곱근과 실수 section; [9수01-08] achievement levels; achievement_level; 무리수의 개념, 유리수가 아닌 예, 실수 수 체계, 무리수의 필요성과 유용성 인식 수준을 구분",,procedure_ref;textbook_page_refs,"Find a worked example, procedure, or application where this source concept is used.",pending_textbook_pdf,,,,,,,,,,
5,중1(교육과정 학년군: 중1-3),수와 연산,정수와 유리수,m1_num_rational_number__used_in__m1_num_rational_repeating_relation,cross_unit,m1_num_rational_number,유리수,정수와 유리수,m1_num_rational_repeating_relation,유리수와 순환소수의 관계,유리수와 순환소수,used_in,high,2,"curriculum_math_2022: printed p. 33; [9수01-06]; achievement_standard; 순환소수의 뜻을 알고 유리수와 순환소수의 관계를 설명하는 성취기준 | achievement_math_2022: 유리수와 순환소수 section; [9수01-06] achievement levels; achievement_level; 유한소수 또는 순환소수로 나타낼 수 있는 분수의 특징, 순환소수를 분수로 나타내기, 유리수와 순환소수 관계 설명 수준을 구분",,procedure_ref;textbook_page_refs,"Find a worked example, procedure, or application where this source concept is used.",pending_textbook_pdf,,,,,,,,,,
5,중1(교육과정 학년군: 중1-3),수와 연산,정수와 유리수,m1_num_irrational_number__contrasts_with__m1_num_rational_number,cross_unit,m1_num_irrational_number,무리수,제곱근과 실수,m1_num_rational_number,유리수,정수와 유리수,contrasts_with,high,2,"curriculum_math_2022: printed p. 33; [9수01-08]; achievement_standard; 무리수의 개념을 이해하고 무리수의 유용성을 인식하는 성취기준 | achievement_math_2022: 제곱근과 실수 section; [9수01-08] achievement levels; achievement_level; 무리수의 개념, 유리수가 아닌 예, 실수 수 체계, 무리수의 필요성과 유용성 인식 수준을 구분",,contrast_ref;textbook_page_refs,Find textbook wording or examples that distinguish the two concepts.,pending_textbook_pdf,,,,,,,,,,
5,중1(교육과정 학년군: 중1-3),수와 연산,정수와 유리수,m1_num_rational_number__contrasts_with__m1_num_irrational_number,cross_unit,m1_num_rational_number,유리수,정수와 유리수,m1_num_irrational_number,무리수,제곱근과 실수,contrasts_with,high,2,"curriculum_math_2022: printed p. 33; [9수01-08]; achievement_standard; 무리수의 개념을 이해하고 무리수의 유용성을 인식하는 성취기준 | achievement_math_2022: 제곱근과 실수 section; [9수01-08] achievement levels; achievement_level; 무리수의 개념, 유리수가 아닌 예, 실수 수 체계, 무리수의 필요성과 유용성 인식 수준을 구분",,contrast_ref;textbook_page_refs,Find textbook wording or examples that distinguish the two concepts.,pending_textbook_pdf,,,,,,,,,,
5,중1(교육과정 학년군: 중1-3),수와 연산,정수와 유리수,m1_num_positive_integer__equivalent_to__m1_num_natural_number,cross_unit,m1_num_positive_integer,양의 정수,정수와 유리수,m1_num_natural_number,자연수,소인수분해,equivalent_to,medium,5,"curriculum_math_2022: printed p. 33; [9수01-01]; achievement_standard; 소인수분해의 뜻을 알고 자연수를 소인수분해 하는 성취기준 | curriculum_math_2022: printed p. 33; [9수01-03]; achievement_standard; 음수의 필요성을 인식하고 양수와 음수, 정수와 유리수의 개념을 이해하는 성취기준 | curriculum_math_2022: printed p. 34; terms and symbols for 수와 연산; term_list; 소수, 합성수, 거듭제곱, 지수, 밑, 소인수, 소인수분해, 서로소, 양수, 음수, 정수, 수직선, 유리수, 절댓값, 교환법칙, 결합법칙, 분배법칙, 역수, 유한소수, 무한소수, 순환소수, 순환마디, 제곱근, 근호, 무리수, 실수, 분모의 유리화 등을 다룸 | achievement_math_2022: 소인수분해 section; [9수01-01] achievement levels; achievement_level; 소인수분해의 뜻 설명, 자연수를 소인수의 곱으로 표현, 안내된 절차에 따른 소인수분해 수준을 구분 | achievement_math_2022: 정수와 유리수 section; [9수01-03] achievement levels; achievement_level; 음수의 필요성, 양수와 음수, 정수와 유리수 개념 이해 및 분류 수준을 구분","In this middle-school map, positive integers and natural numbers are treated as the same counting-number set, while preserving both official labels.",related_ref;textbook_page_refs,Find textbook wording that treats the two concepts or labels as equivalent in context.,pending_textbook_pdf,,,,,,,,,,
5,중1(교육과정 학년군: 중1-3),수와 연산,정수와 유리수,m1_num_integer_rational_unit__related_to__m1_num_square_root_real_unit,cross_unit,m1_num_integer_rational_unit,정수와 유리수,정수와 유리수,m1_num_square_root_real_unit,제곱근과 실수,제곱근과 실수,related_to,medium,6,"curriculum_math_2022: printed p. 33; [9수01-03]; achievement_standard; 음수의 필요성을 인식하고 양수와 음수, 정수와 유리수의 개념을 이해하는 성취기준 | curriculum_math_2022: printed p. 33; [9수01-07]; achievement_standard; 제곱근의 뜻과 성질을 알고 제곱근의 대소 관계를 판단하는 성취기준 | curriculum_math_2022: printed p. 33; [9수01-08]; achievement_standard; 무리수의 개념을 이해하고 무리수의 유용성을 인식하는 성취기준 | achievement_math_2022: 정수와 유리수 section; [9수01-03] achievement levels; achievement_level; 음수의 필요성, 양수와 음수, 정수와 유리수 개념 이해 및 분류 수준을 구분 | achievement_math_2022: 제곱근과 실수 section; [9수01-07] achievement levels; achievement_level; 제곱근의 뜻과 성질, 근호 사용, 제곱근의 대소 관계 판단 수준을 구분 | achievement_math_2022: 제곱근과 실수 section; [9수01-08] achievement levels; achievement_level; 무리수의 개념, 유리수가 아닌 예, 실수 수 체계, 무리수의 필요성과 유용성 인식 수준을 구분",The square-roots-and-real-numbers unit extends the earlier integer and rational-number number-system work.,related_ref;textbook_page_refs,Find textbook wording or examples that justify keeping these concepts linked.,pending_textbook_pdf,,,,,,,,,,
5,중1(교육과정 학년군: 중1-3),수와 연산,정수와 유리수,m1_num_number_line__related_to__m1_coord_number_line,cross_unit,m1_num_number_line,수직선,정수와 유리수,m1_coord_number_line,수직선,좌표평면과 그래프,related_to,medium,5,"curriculum_math_2022: printed p. 34; terms and symbols for 수와 연산; term_list; 소수, 합성수, 거듭제곱, 지수, 밑, 소인수, 소인수분해, 서로소, 양수, 음수, 정수, 수직선, 유리수, 절댓값, 교환법칙, 결합법칙, 분배법칙, 역수, 유한소수, 무한소수, 순환소수, 순환마디, 제곱근, 근호, 무리수, 실수, 분모의 유리화 등을 다룸 | curriculum_math_2022: printed p. 33; [9수01-04]; achievement_standard; 정수와 유리수의 대소 관계를 판단하는 성취기준 | curriculum_math_2022: printed pp. 35-36; achievement-standard explanation and considerations; teaching_note; 좌표 사용 예, 그래프의 증가·감소·주기적 변화, 표·식·그래프 변환을 다룸 | achievement_math_2022: 정수와 유리수 section; [9수01-04] achievement levels; achievement_level; 정수와 유리수의 대소 관계를 판단하고 수직선 위에서 비교하는 수준을 구분 | achievement_math_2022: 좌표평면과 그래프 section; [9수02-05] achievement levels; achievement_level; 수직선과 좌표평면 위의 점을 좌표로 나타내거나 주어진 좌표를 점으로 나타내는 수행을 구분",The number line is reused as a one-dimensional position representation before coordinate-plane work.,related_ref;textbook_page_refs,Find textbook wording or examples that justify keeping these concepts linked.,pending_textbook_pdf,,,,,,,,,,
5,중1(교육과정 학년군: 중1-3),수와 연산,정수와 유리수,m1_num_rational_fraction_form__related_to__m1_num_rational_repeating_relation,cross_unit,m1_num_rational_fraction_form,유리수의 분수 꼴 표현,정수와 유리수,m1_num_rational_repeating_relation,유리수와 순환소수의 관계,유리수와 순환소수,related_to,medium,4,"curriculum_math_2022: printed p. 33; [9수01-03]; achievement_standard; 음수의 필요성을 인식하고 양수와 음수, 정수와 유리수의 개념을 이해하는 성취기준 | curriculum_math_2022: printed p. 33; [9수01-06]; achievement_standard; 순환소수의 뜻을 알고 유리수와 순환소수의 관계를 설명하는 성취기준 | achievement_math_2022: 정수와 유리수 section; [9수01-03] achievement levels; achievement_level; 음수의 필요성, 양수와 음수, 정수와 유리수 개념 이해 및 분류 수준을 구분 | achievement_math_2022: 유리수와 순환소수 section; [9수01-06] achievement levels; achievement_level; 유한소수 또는 순환소수로 나타낼 수 있는 분수의 특징, 순환소수를 분수로 나타내기, 유리수와 순환소수 관계 설명 수준을 구분",유리수의 분수 꼴 표현은 유리수와 순환소수의 관계를 설명할 때 다시 쓰이는 표현 맥락이다.,related_ref;textbook_page_refs,Find textbook wording or examples that justify keeping these concepts linked.,pending_textbook_pdf,,,,,,,,,,
