packet_rank,grade,domain,unit,edge_id,edge_scope,source_id,source_label_ko,source_unit,target_id,target_label_ko,target_unit,relationship_type,confidence,source_ref_count,current_source_refs,notes,required_evidence_fields,evidence_focus,extraction_status,structure_ref,prerequisite_ref,representation_ref,procedure_ref,contrast_ref,misconception_ref,problem_pattern_ref,related_ref,textbook_page_refs,extraction_notes
7,중1(교육과정 학년군: 중1-3),변화와 관계,일차함수와 그 그래프,m1_func_function__contains__m1_func_input_value,intra_unit,m1_func_function,함수,일차함수와 그 그래프,m1_func_input_value,입력값,일차함수와 그 그래프,contains,low,2,curriculum_math_2022: printed p. 35; [9수02-14]; achievement_standard; 함수의 개념을 이해하고 함숫값을 구하는 성취기준 | achievement_math_2022: 일차함수와 그 그래프 section; [9수02-14] achievement levels; achievement_level; 두 양 사이의 관계가 함수인지 판단하고 함숫값을 구하는 수행 수준을 구분,함숫값을 구하는 활동에서 주어진 입력을 별도 미시 용어로 추적한다. 교과서 용어 확인 전 낮은 신뢰도로 둔다.,structure_ref;textbook_page_refs;extraction_notes,Find textbook structure evidence for the containment relation.,pending_textbook_pdf,,,,,,,,,,
7,중1(교육과정 학년군: 중1-3),변화와 관계,일차함수와 그 그래프,m1_func_slope__contains__m1_func_slope_ratio_formula,intra_unit,m1_func_slope,기울기,일차함수와 그 그래프,m1_func_slope_ratio_formula,기울기 계산식,일차함수와 그 그래프,contains,low,1,"achievement_math_2022: 일차함수와 그 그래프 section; [9수02-16] achievement levels; achievement_level; 일차함수의 그래프의 성질 이해, 그래프의 식 구하기, 기울기 부호 판단 수준을 구분",기울기를 증가량의 비로 나타내는 식 표현을 미시 표현으로 추적한다. 교과서 본문 확인 전 낮은 신뢰도로 둔다.,structure_ref;textbook_page_refs;extraction_notes,Find textbook structure evidence for the containment relation.,pending_textbook_pdf,,,,,,,,,,
7,중1(교육과정 학년군: 중1-3),변화와 관계,일차함수와 그 그래프,m1_func_slope__contains__m1_func_x_increment,intra_unit,m1_func_slope,기울기,일차함수와 그 그래프,m1_func_x_increment,x의 증가량,일차함수와 그 그래프,contains,low,1,"achievement_math_2022: 일차함수와 그 그래프 section; [9수02-16] achievement levels; achievement_level; 일차함수의 그래프의 성질 이해, 그래프의 식 구하기, 기울기 부호 판단 수준을 구분",기울기 계산에서 x값 변화량을 미시 구성 요소로 추적한다. 교과서 본문 확인 전 낮은 신뢰도로 둔다.,structure_ref;textbook_page_refs;extraction_notes,Find textbook structure evidence for the containment relation.,pending_textbook_pdf,,,,,,,,,,
7,중1(교육과정 학년군: 중1-3),변화와 관계,일차함수와 그 그래프,m1_func_slope__contains__m1_func_y_increment,intra_unit,m1_func_slope,기울기,일차함수와 그 그래프,m1_func_y_increment,y의 증가량,일차함수와 그 그래프,contains,low,1,"achievement_math_2022: 일차함수와 그 그래프 section; [9수02-16] achievement levels; achievement_level; 일차함수의 그래프의 성질 이해, 그래프의 식 구하기, 기울기 부호 판단 수준을 구분",기울기 계산에서 y값 변화량을 미시 구성 요소로 추적한다. 교과서 본문 확인 전 낮은 신뢰도로 둔다.,structure_ref;textbook_page_refs;extraction_notes,Find textbook structure evidence for the containment relation.,pending_textbook_pdf,,,,,,,,,,
7,중1(교육과정 학년군: 중1-3),변화와 관계,일차함수와 그 그래프,m1_func_unit__contains__m1_mis_all_relations_are_functions,intra_unit,m1_func_unit,일차함수와 그 그래프,일차함수와 그 그래프,m1_mis_all_relations_are_functions,모든 두 양의 관계를 함수로 보는 오류,일차함수와 그 그래프,contains,low,3,"curriculum_math_2022: printed p. 35; [9수02-14]; achievement_standard; 함수의 개념을 이해하고 함숫값을 구하는 성취기준 | curriculum_math_2022: printed p. 36; achievement-standard considerations; teaching_note; 함수의 개념은 한 양이 변함에 따라 다른 양이 하나씩 정해지는 두 양 사이의 대응 관계로 도입하고, 공학 도구로 함수의 그래프와 성질을 탐구하게 함 | achievement_math_2022: 일차함수와 그 그래프 section; [9수02-14] achievement levels; achievement_level; 두 양 사이의 관계가 함수인지 판단하고 함숫값을 구하는 수행 수준을 구분",,structure_ref;textbook_page_refs;extraction_notes,Find textbook structure evidence for the containment relation.,pending_textbook_pdf,,,,,,,,,,
7,중1(교육과정 학년군: 중1-3),변화와 관계,일차함수와 그 그래프,m1_func_unit__contains__m1_mis_function_linear_function,intra_unit,m1_func_unit,일차함수와 그 그래프,일차함수와 그 그래프,m1_mis_function_linear_function,함수와 일차함수 혼동,일차함수와 그 그래프,contains,low,4,"curriculum_math_2022: printed p. 35; [9수02-14]; achievement_standard; 함수의 개념을 이해하고 함숫값을 구하는 성취기준 | curriculum_math_2022: printed p. 35; [9수02-15]; achievement_standard; 일차함수의 개념을 이해하고 그 그래프를 그리는 성취기준 | achievement_math_2022: 일차함수와 그 그래프 section; [9수02-14] achievement levels; achievement_level; 두 양 사이의 관계가 함수인지 판단하고 함숫값을 구하는 수행 수준을 구분 | achievement_math_2022: 일차함수와 그 그래프 section; [9수02-15] achievement levels; achievement_level; 일차함수인지 판단하고 기울기, x절편, y절편, 평행이동 등을 이용하여 그래프를 그리는 수행 수준을 구분",,structure_ref;textbook_page_refs;extraction_notes,Find textbook structure evidence for the containment relation.,pending_textbook_pdf,,,,,,,,,,
7,중1(교육과정 학년군: 중1-3),변화와 관계,일차함수와 그 그래프,m1_func_unit__contains__m1_mis_function_value_input_output,intra_unit,m1_func_unit,일차함수와 그 그래프,일차함수와 그 그래프,m1_mis_function_value_input_output,함숫값과 입력값 혼동,일차함수와 그 그래프,contains,low,2,curriculum_math_2022: printed p. 35; [9수02-14]; achievement_standard; 함수의 개념을 이해하고 함숫값을 구하는 성취기준 | achievement_math_2022: 일차함수와 그 그래프 section; [9수02-14] achievement levels; achievement_level; 두 양 사이의 관계가 함수인지 판단하고 함숫값을 구하는 수행 수준을 구분,,structure_ref;textbook_page_refs;extraction_notes,Find textbook structure evidence for the containment relation.,pending_textbook_pdf,,,,,,,,,,
7,중1(교육과정 학년군: 중1-3),변화와 관계,일차함수와 그 그래프,m1_func_unit__contains__m1_mis_multiple_outputs_same_input,intra_unit,m1_func_unit,일차함수와 그 그래프,일차함수와 그 그래프,m1_mis_multiple_outputs_same_input,하나의 입력에 여러 출력이 대응하는 경우를 함수로 보는 오류,일차함수와 그 그래프,contains,low,2,"curriculum_math_2022: printed p. 36; achievement-standard considerations; teaching_note; 함수의 개념은 한 양이 변함에 따라 다른 양이 하나씩 정해지는 두 양 사이의 대응 관계로 도입하고, 공학 도구로 함수의 그래프와 성질을 탐구하게 함 | achievement_math_2022: 일차함수와 그 그래프 section; [9수02-14] achievement levels; achievement_level; 두 양 사이의 관계가 함수인지 판단하고 함숫값을 구하는 수행 수준을 구분",함수 판단 조건을 다루는 단원 안의 오개념 위험으로 둔다. 교과서 예제·문항 확인 전 낮은 신뢰도로 둔다.,structure_ref;textbook_page_refs;extraction_notes,Find textbook structure evidence for the containment relation.,pending_textbook_pdf,,,,,,,,,,
7,중1(교육과정 학년군: 중1-3),변화와 관계,일차함수와 그 그래프,m1_func_unit__contains__m1_mis_slope_intercept,intra_unit,m1_func_unit,일차함수와 그 그래프,일차함수와 그 그래프,m1_mis_slope_intercept,기울기와 절편 혼동,일차함수와 그 그래프,contains,low,2,"curriculum_math_2022: printed p. 36; terms and symbols for 변화와 관계; term_list; 대입, 다항식, 항, 단항식, 상수항, 계수, 차수, 일차식, 동류항, 등식, 방정식, 미지수, 해, 근, 항등식, 이항, 일차방정식, 변수, 좌표, 그래프, 인수, 인수분해, 완전제곱식, 이차방정식, 중근, 근의 공식, 이차함수, 포물선, 축, 꼭짓점, 최댓값, 최솟값 등을 다룸 | achievement_math_2022: 일차함수와 그 그래프 section; [9수02-15] achievement levels; achievement_level; 일차함수인지 판단하고 기울기, x절편, y절편, 평행이동 등을 이용하여 그래프를 그리는 수행 수준을 구분",,structure_ref;textbook_page_refs;extraction_notes,Find textbook structure evidence for the containment relation.,pending_textbook_pdf,,,,,,,,,,
7,중1(교육과정 학년군: 중1-3),변화와 관계,일차함수와 그 그래프,m1_func_unit__contains__m1_mis_slope_sign,intra_unit,m1_func_unit,일차함수와 그 그래프,일차함수와 그 그래프,m1_mis_slope_sign,기울기 부호와 그래프 방향 혼동,일차함수와 그 그래프,contains,low,1,"achievement_math_2022: 일차함수와 그 그래프 section; [9수02-16] achievement levels; achievement_level; 일차함수의 그래프의 성질 이해, 그래프의 식 구하기, 기울기 부호 판단 수준을 구분",,structure_ref;textbook_page_refs;extraction_notes,Find textbook structure evidence for the containment relation.,pending_textbook_pdf,,,,,,,,,,
7,중1(교육과정 학년군: 중1-3),변화와 관계,일차함수와 그 그래프,m1_func_unit__contains__m1_mis_x_y_intercept,intra_unit,m1_func_unit,일차함수와 그 그래프,일차함수와 그 그래프,m1_mis_x_y_intercept,x절편과 y절편 혼동,일차함수와 그 그래프,contains,low,2,"curriculum_math_2022: printed p. 36; terms and symbols for 변화와 관계; term_list; 대입, 다항식, 항, 단항식, 상수항, 계수, 차수, 일차식, 동류항, 등식, 방정식, 미지수, 해, 근, 항등식, 이항, 일차방정식, 변수, 좌표, 그래프, 인수, 인수분해, 완전제곱식, 이차방정식, 중근, 근의 공식, 이차함수, 포물선, 축, 꼭짓점, 최댓값, 최솟값 등을 다룸 | achievement_math_2022: 일차함수와 그 그래프 section; [9수02-15] achievement levels; achievement_level; 일차함수인지 판단하고 기울기, x절편, y절편, 평행이동 등을 이용하여 그래프를 그리는 수행 수준을 구분",,structure_ref;textbook_page_refs;extraction_notes,Find textbook structure evidence for the containment relation.,pending_textbook_pdf,,,,,,,,,,
7,중1(교육과정 학년군: 중1-3),변화와 관계,일차함수와 그 그래프,m1_func_function__prerequisite_for__m1_func_input_value,intra_unit,m1_func_function,함수,일차함수와 그 그래프,m1_func_input_value,입력값,일차함수와 그 그래프,prerequisite_for,low,2,curriculum_math_2022: printed p. 35; [9수02-14]; achievement_standard; 함수의 개념을 이해하고 함숫값을 구하는 성취기준 | achievement_math_2022: 일차함수와 그 그래프 section; [9수02-14] achievement levels; achievement_level; 두 양 사이의 관계가 함수인지 판단하고 함숫값을 구하는 수행 수준을 구분,함수 개념을 바탕으로 입력값과 함숫값의 대응을 해석한다.,prerequisite_ref;textbook_page_refs;extraction_notes,Find textbook sequencing or prior-knowledge evidence for the prerequisite relation.,pending_textbook_pdf,,,,,,,,,,
7,중1(교육과정 학년군: 중1-3),변화와 관계,일차함수와 그 그래프,m1_func_function__prerequisite_for__m1_mis_function_linear_function,intra_unit,m1_func_function,함수,일차함수와 그 그래프,m1_mis_function_linear_function,함수와 일차함수 혼동,일차함수와 그 그래프,prerequisite_for,low,4,"curriculum_math_2022: printed p. 35; [9수02-14]; achievement_standard; 함수의 개념을 이해하고 함숫값을 구하는 성취기준 | curriculum_math_2022: printed p. 35; [9수02-15]; achievement_standard; 일차함수의 개념을 이해하고 그 그래프를 그리는 성취기준 | achievement_math_2022: 일차함수와 그 그래프 section; [9수02-14] achievement levels; achievement_level; 두 양 사이의 관계가 함수인지 판단하고 함숫값을 구하는 수행 수준을 구분 | achievement_math_2022: 일차함수와 그 그래프 section; [9수02-15] achievement levels; achievement_level; 일차함수인지 판단하고 기울기, x절편, y절편, 평행이동 등을 이용하여 그래프를 그리는 수행 수준을 구분",,prerequisite_ref;textbook_page_refs;extraction_notes,Find textbook sequencing or prior-knowledge evidence for the prerequisite relation.,pending_textbook_pdf,,,,,,,,,,
7,중1(교육과정 학년군: 중1-3),변화와 관계,일차함수와 그 그래프,m1_func_function_judgement__prerequisite_for__m1_mis_all_relations_are_functions,intra_unit,m1_func_function_judgement,함수인지 판단하기,일차함수와 그 그래프,m1_mis_all_relations_are_functions,모든 두 양의 관계를 함수로 보는 오류,일차함수와 그 그래프,prerequisite_for,low,3,"curriculum_math_2022: printed p. 35; [9수02-14]; achievement_standard; 함수의 개념을 이해하고 함숫값을 구하는 성취기준 | curriculum_math_2022: printed p. 36; achievement-standard considerations; teaching_note; 함수의 개념은 한 양이 변함에 따라 다른 양이 하나씩 정해지는 두 양 사이의 대응 관계로 도입하고, 공학 도구로 함수의 그래프와 성질을 탐구하게 함 | achievement_math_2022: 일차함수와 그 그래프 section; [9수02-14] achievement levels; achievement_level; 두 양 사이의 관계가 함수인지 판단하고 함숫값을 구하는 수행 수준을 구분",,prerequisite_ref;textbook_page_refs;extraction_notes,Find textbook sequencing or prior-knowledge evidence for the prerequisite relation.,pending_textbook_pdf,,,,,,,,,,
7,중1(교육과정 학년군: 중1-3),변화와 관계,일차함수와 그 그래프,m1_func_function_judgement__prerequisite_for__m1_mis_multiple_outputs_same_input,intra_unit,m1_func_function_judgement,함수인지 판단하기,일차함수와 그 그래프,m1_mis_multiple_outputs_same_input,하나의 입력에 여러 출력이 대응하는 경우를 함수로 보는 오류,일차함수와 그 그래프,prerequisite_for,low,3,"curriculum_math_2022: printed p. 35; [9수02-14]; achievement_standard; 함수의 개념을 이해하고 함숫값을 구하는 성취기준 | curriculum_math_2022: printed p. 36; achievement-standard considerations; teaching_note; 함수의 개념은 한 양이 변함에 따라 다른 양이 하나씩 정해지는 두 양 사이의 대응 관계로 도입하고, 공학 도구로 함수의 그래프와 성질을 탐구하게 함 | achievement_math_2022: 일차함수와 그 그래프 section; [9수02-14] achievement levels; achievement_level; 두 양 사이의 관계가 함수인지 판단하고 함숫값을 구하는 수행 수준을 구분",함수인지 판단하는 절차에서 하나의 입력에 여러 출력이 대응하는 경우를 걸러낸다.,prerequisite_ref;textbook_page_refs;extraction_notes,Find textbook sequencing or prior-knowledge evidence for the prerequisite relation.,pending_textbook_pdf,,,,,,,,,,
7,중1(교육과정 학년군: 중1-3),변화와 관계,일차함수와 그 그래프,m1_func_linear_function__prerequisite_for__m1_mis_function_linear_function,intra_unit,m1_func_linear_function,일차함수,일차함수와 그 그래프,m1_mis_function_linear_function,함수와 일차함수 혼동,일차함수와 그 그래프,prerequisite_for,low,4,"curriculum_math_2022: printed p. 35; [9수02-14]; achievement_standard; 함수의 개념을 이해하고 함숫값을 구하는 성취기준 | curriculum_math_2022: printed p. 35; [9수02-15]; achievement_standard; 일차함수의 개념을 이해하고 그 그래프를 그리는 성취기준 | achievement_math_2022: 일차함수와 그 그래프 section; [9수02-14] achievement levels; achievement_level; 두 양 사이의 관계가 함수인지 판단하고 함숫값을 구하는 수행 수준을 구분 | achievement_math_2022: 일차함수와 그 그래프 section; [9수02-15] achievement levels; achievement_level; 일차함수인지 판단하고 기울기, x절편, y절편, 평행이동 등을 이용하여 그래프를 그리는 수행 수준을 구분",,prerequisite_ref;textbook_page_refs;extraction_notes,Find textbook sequencing or prior-knowledge evidence for the prerequisite relation.,pending_textbook_pdf,,,,,,,,,,
7,중1(교육과정 학년군: 중1-3),변화와 관계,일차함수와 그 그래프,m1_func_linear_graph__prerequisite_for__m1_func_x_increment,intra_unit,m1_func_linear_graph,일차함수의 그래프,일차함수와 그 그래프,m1_func_x_increment,x의 증가량,일차함수와 그 그래프,prerequisite_for,low,1,"achievement_math_2022: 일차함수와 그 그래프 section; [9수02-16] achievement levels; achievement_level; 일차함수의 그래프의 성질 이해, 그래프의 식 구하기, 기울기 부호 판단 수준을 구분",일차함수 그래프 위 변화량을 읽는 맥락에서 x의 증가량을 사용한다.,prerequisite_ref;textbook_page_refs;extraction_notes,Find textbook sequencing or prior-knowledge evidence for the prerequisite relation.,pending_textbook_pdf,,,,,,,,,,
7,중1(교육과정 학년군: 중1-3),변화와 관계,일차함수와 그 그래프,m1_func_linear_graph__prerequisite_for__m1_func_y_increment,intra_unit,m1_func_linear_graph,일차함수의 그래프,일차함수와 그 그래프,m1_func_y_increment,y의 증가량,일차함수와 그 그래프,prerequisite_for,low,1,"achievement_math_2022: 일차함수와 그 그래프 section; [9수02-16] achievement levels; achievement_level; 일차함수의 그래프의 성질 이해, 그래프의 식 구하기, 기울기 부호 판단 수준을 구분",일차함수 그래프 위 변화량을 읽는 맥락에서 y의 증가량을 사용한다.,prerequisite_ref;textbook_page_refs;extraction_notes,Find textbook sequencing or prior-knowledge evidence for the prerequisite relation.,pending_textbook_pdf,,,,,,,,,,
7,중1(교육과정 학년군: 중1-3),변화와 관계,일차함수와 그 그래프,m1_func_slope__prerequisite_for__m1_mis_slope_intercept,intra_unit,m1_func_slope,기울기,일차함수와 그 그래프,m1_mis_slope_intercept,기울기와 절편 혼동,일차함수와 그 그래프,prerequisite_for,low,2,"curriculum_math_2022: printed p. 36; terms and symbols for 변화와 관계; term_list; 대입, 다항식, 항, 단항식, 상수항, 계수, 차수, 일차식, 동류항, 등식, 방정식, 미지수, 해, 근, 항등식, 이항, 일차방정식, 변수, 좌표, 그래프, 인수, 인수분해, 완전제곱식, 이차방정식, 중근, 근의 공식, 이차함수, 포물선, 축, 꼭짓점, 최댓값, 최솟값 등을 다룸 | achievement_math_2022: 일차함수와 그 그래프 section; [9수02-15] achievement levels; achievement_level; 일차함수인지 판단하고 기울기, x절편, y절편, 평행이동 등을 이용하여 그래프를 그리는 수행 수준을 구분",,prerequisite_ref;textbook_page_refs;extraction_notes,Find textbook sequencing or prior-knowledge evidence for the prerequisite relation.,pending_textbook_pdf,,,,,,,,,,
7,중1(교육과정 학년군: 중1-3),변화와 관계,일차함수와 그 그래프,m1_func_slope_sign__prerequisite_for__m1_mis_slope_sign,intra_unit,m1_func_slope_sign,기울기의 부호,일차함수와 그 그래프,m1_mis_slope_sign,기울기 부호와 그래프 방향 혼동,일차함수와 그 그래프,prerequisite_for,low,1,"achievement_math_2022: 일차함수와 그 그래프 section; [9수02-16] achievement levels; achievement_level; 일차함수의 그래프의 성질 이해, 그래프의 식 구하기, 기울기 부호 판단 수준을 구분",,prerequisite_ref;textbook_page_refs;extraction_notes,Find textbook sequencing or prior-knowledge evidence for the prerequisite relation.,pending_textbook_pdf,,,,,,,,,,
7,중1(교육과정 학년군: 중1-3),변화와 관계,일차함수와 그 그래프,m1_func_unique_correspondence__prerequisite_for__m1_mis_multiple_outputs_same_input,intra_unit,m1_func_unique_correspondence,하나씩 정해지는 대응,일차함수와 그 그래프,m1_mis_multiple_outputs_same_input,하나의 입력에 여러 출력이 대응하는 경우를 함수로 보는 오류,일차함수와 그 그래프,prerequisite_for,low,2,"curriculum_math_2022: printed p. 36; achievement-standard considerations; teaching_note; 함수의 개념은 한 양이 변함에 따라 다른 양이 하나씩 정해지는 두 양 사이의 대응 관계로 도입하고, 공학 도구로 함수의 그래프와 성질을 탐구하게 함 | achievement_math_2022: 일차함수와 그 그래프 section; [9수02-14] achievement levels; achievement_level; 두 양 사이의 관계가 함수인지 판단하고 함숫값을 구하는 수행 수준을 구분",하나씩 정해지는 대응 조건을 알아야 하나의 입력에 여러 출력이 대응하는 오류를 판별할 수 있다.,prerequisite_ref;textbook_page_refs;extraction_notes,Find textbook sequencing or prior-knowledge evidence for the prerequisite relation.,pending_textbook_pdf,,,,,,,,,,
7,중1(교육과정 학년군: 중1-3),변화와 관계,일차함수와 그 그래프,m1_func_value__prerequisite_for__m1_mis_function_value_input_output,intra_unit,m1_func_value,함숫값,일차함수와 그 그래프,m1_mis_function_value_input_output,함숫값과 입력값 혼동,일차함수와 그 그래프,prerequisite_for,low,2,curriculum_math_2022: printed p. 35; [9수02-14]; achievement_standard; 함수의 개념을 이해하고 함숫값을 구하는 성취기준 | achievement_math_2022: 일차함수와 그 그래프 section; [9수02-14] achievement levels; achievement_level; 두 양 사이의 관계가 함수인지 판단하고 함숫값을 구하는 수행 수준을 구분,,prerequisite_ref;textbook_page_refs;extraction_notes,Find textbook sequencing or prior-knowledge evidence for the prerequisite relation.,pending_textbook_pdf,,,,,,,,,,
7,중1(교육과정 학년군: 중1-3),변화와 관계,일차함수와 그 그래프,m1_func_x_increment__prerequisite_for__m1_func_slope_ratio_formula,intra_unit,m1_func_x_increment,x의 증가량,일차함수와 그 그래프,m1_func_slope_ratio_formula,기울기 계산식,일차함수와 그 그래프,prerequisite_for,low,1,"achievement_math_2022: 일차함수와 그 그래프 section; [9수02-16] achievement levels; achievement_level; 일차함수의 그래프의 성질 이해, 그래프의 식 구하기, 기울기 부호 판단 수준을 구분",기울기 계산식은 x의 증가량을 구성 요소로 사용한다.,prerequisite_ref;textbook_page_refs;extraction_notes,Find textbook sequencing or prior-knowledge evidence for the prerequisite relation.,pending_textbook_pdf,,,,,,,,,,
7,중1(교육과정 학년군: 중1-3),변화와 관계,일차함수와 그 그래프,m1_func_x_intercept__prerequisite_for__m1_mis_x_y_intercept,intra_unit,m1_func_x_intercept,x절편,일차함수와 그 그래프,m1_mis_x_y_intercept,x절편과 y절편 혼동,일차함수와 그 그래프,prerequisite_for,low,2,"curriculum_math_2022: printed p. 36; terms and symbols for 변화와 관계; term_list; 대입, 다항식, 항, 단항식, 상수항, 계수, 차수, 일차식, 동류항, 등식, 방정식, 미지수, 해, 근, 항등식, 이항, 일차방정식, 변수, 좌표, 그래프, 인수, 인수분해, 완전제곱식, 이차방정식, 중근, 근의 공식, 이차함수, 포물선, 축, 꼭짓점, 최댓값, 최솟값 등을 다룸 | achievement_math_2022: 일차함수와 그 그래프 section; [9수02-15] achievement levels; achievement_level; 일차함수인지 판단하고 기울기, x절편, y절편, 평행이동 등을 이용하여 그래프를 그리는 수행 수준을 구분",,prerequisite_ref;textbook_page_refs;extraction_notes,Find textbook sequencing or prior-knowledge evidence for the prerequisite relation.,pending_textbook_pdf,,,,,,,,,,
7,중1(교육과정 학년군: 중1-3),변화와 관계,일차함수와 그 그래프,m1_func_y_increment__prerequisite_for__m1_func_slope_ratio_formula,intra_unit,m1_func_y_increment,y의 증가량,일차함수와 그 그래프,m1_func_slope_ratio_formula,기울기 계산식,일차함수와 그 그래프,prerequisite_for,low,1,"achievement_math_2022: 일차함수와 그 그래프 section; [9수02-16] achievement levels; achievement_level; 일차함수의 그래프의 성질 이해, 그래프의 식 구하기, 기울기 부호 판단 수준을 구분",기울기 계산식은 y의 증가량을 구성 요소로 사용한다.,prerequisite_ref;textbook_page_refs;extraction_notes,Find textbook sequencing or prior-knowledge evidence for the prerequisite relation.,pending_textbook_pdf,,,,,,,,,,
7,중1(교육과정 학년군: 중1-3),변화와 관계,일차함수와 그 그래프,m1_func_y_intercept__prerequisite_for__m1_mis_slope_intercept,intra_unit,m1_func_y_intercept,y절편,일차함수와 그 그래프,m1_mis_slope_intercept,기울기와 절편 혼동,일차함수와 그 그래프,prerequisite_for,low,2,"curriculum_math_2022: printed p. 36; terms and symbols for 변화와 관계; term_list; 대입, 다항식, 항, 단항식, 상수항, 계수, 차수, 일차식, 동류항, 등식, 방정식, 미지수, 해, 근, 항등식, 이항, 일차방정식, 변수, 좌표, 그래프, 인수, 인수분해, 완전제곱식, 이차방정식, 중근, 근의 공식, 이차함수, 포물선, 축, 꼭짓점, 최댓값, 최솟값 등을 다룸 | achievement_math_2022: 일차함수와 그 그래프 section; [9수02-15] achievement levels; achievement_level; 일차함수인지 판단하고 기울기, x절편, y절편, 평행이동 등을 이용하여 그래프를 그리는 수행 수준을 구분",,prerequisite_ref;textbook_page_refs;extraction_notes,Find textbook sequencing or prior-knowledge evidence for the prerequisite relation.,pending_textbook_pdf,,,,,,,,,,
7,중1(교육과정 학년군: 중1-3),변화와 관계,일차함수와 그 그래프,m1_func_y_intercept__prerequisite_for__m1_mis_x_y_intercept,intra_unit,m1_func_y_intercept,y절편,일차함수와 그 그래프,m1_mis_x_y_intercept,x절편과 y절편 혼동,일차함수와 그 그래프,prerequisite_for,low,2,"curriculum_math_2022: printed p. 36; terms and symbols for 변화와 관계; term_list; 대입, 다항식, 항, 단항식, 상수항, 계수, 차수, 일차식, 동류항, 등식, 방정식, 미지수, 해, 근, 항등식, 이항, 일차방정식, 변수, 좌표, 그래프, 인수, 인수분해, 완전제곱식, 이차방정식, 중근, 근의 공식, 이차함수, 포물선, 축, 꼭짓점, 최댓값, 최솟값 등을 다룸 | achievement_math_2022: 일차함수와 그 그래프 section; [9수02-15] achievement levels; achievement_level; 일차함수인지 판단하고 기울기, x절편, y절편, 평행이동 등을 이용하여 그래프를 그리는 수행 수준을 구분",,prerequisite_ref;textbook_page_refs;extraction_notes,Find textbook sequencing or prior-knowledge evidence for the prerequisite relation.,pending_textbook_pdf,,,,,,,,,,
7,중1(교육과정 학년군: 중1-3),변화와 관계,일차함수와 그 그래프,m1_func_slope__represented_by__m1_func_slope_ratio_formula,intra_unit,m1_func_slope,기울기,일차함수와 그 그래프,m1_func_slope_ratio_formula,기울기 계산식,일차함수와 그 그래프,represented_by,low,1,"achievement_math_2022: 일차함수와 그 그래프 section; [9수02-16] achievement levels; achievement_level; 일차함수의 그래프의 성질 이해, 그래프의 식 구하기, 기울기 부호 판단 수준을 구분",기울기는 증가량의 비 형태의 식으로 표현될 수 있다. 교과서 본문 확인 전 낮은 신뢰도로 둔다.,representation_ref;textbook_page_refs;extraction_notes,"Find textbook representation evidence such as a table, graph, expression, or diagram.",pending_textbook_pdf,,,,,,,,,,
7,중1(교육과정 학년군: 중1-3),변화와 관계,일차함수와 그 그래프,m1_func_slope_ratio_formula__used_in__m1_func_find_graph_equation,intra_unit,m1_func_slope_ratio_formula,기울기 계산식,일차함수와 그 그래프,m1_func_find_graph_equation,일차함수 그래프의 식 구하기,일차함수와 그 그래프,used_in,low,2,"curriculum_math_2022: printed p. 35; [9수02-16]; achievement_standard; 일차함수의 그래프의 성질을 이해하고 활용하는 성취기준 | achievement_math_2022: 일차함수와 그 그래프 section; [9수02-16] achievement levels; achievement_level; 일차함수의 그래프의 성질 이해, 그래프의 식 구하기, 기울기 부호 판단 수준을 구분",기울기 계산식은 그래프의 식을 구할 때 기울기를 정하는 보조 절차로 쓰인다. 교과서 확인 전 낮은 신뢰도로 둔다.,procedure_ref;textbook_page_refs;extraction_notes,"Find a worked example, procedure, or application where this source concept is used.",pending_textbook_pdf,,,,,,,,,,
7,중1(교육과정 학년군: 중1-3),변화와 관계,일차함수와 그 그래프,m1_func_slope_ratio_formula__used_in__m1_func_graph_drawing,intra_unit,m1_func_slope_ratio_formula,기울기 계산식,일차함수와 그 그래프,m1_func_graph_drawing,일차함수 그래프 그리기,일차함수와 그 그래프,used_in,low,3,"curriculum_math_2022: printed p. 35; [9수02-15]; achievement_standard; 일차함수의 개념을 이해하고 그 그래프를 그리는 성취기준 | achievement_math_2022: 일차함수와 그 그래프 section; [9수02-15] achievement levels; achievement_level; 일차함수인지 판단하고 기울기, x절편, y절편, 평행이동 등을 이용하여 그래프를 그리는 수행 수준을 구분 | achievement_math_2022: 일차함수와 그 그래프 section; [9수02-16] achievement levels; achievement_level; 일차함수의 그래프의 성질 이해, 그래프의 식 구하기, 기울기 부호 판단 수준을 구분",기울기 계산식은 그래프를 그릴 때 변화량을 해석하는 보조 절차로 쓰일 수 있다. 교과서 확인 전 낮은 신뢰도로 둔다.,procedure_ref;textbook_page_refs;extraction_notes,"Find a worked example, procedure, or application where this source concept is used.",pending_textbook_pdf,,,,,,,,,,
7,중1(교육과정 학년군: 중1-3),변화와 관계,일차함수와 그 그래프,m1_func_x_increment__used_in__m1_func_slope_ratio_formula,intra_unit,m1_func_x_increment,x의 증가량,일차함수와 그 그래프,m1_func_slope_ratio_formula,기울기 계산식,일차함수와 그 그래프,used_in,low,1,"achievement_math_2022: 일차함수와 그 그래프 section; [9수02-16] achievement levels; achievement_level; 일차함수의 그래프의 성질 이해, 그래프의 식 구하기, 기울기 부호 판단 수준을 구분",x의 증가량은 기울기 계산식에 사용된다.,procedure_ref;textbook_page_refs;extraction_notes,"Find a worked example, procedure, or application where this source concept is used.",pending_textbook_pdf,,,,,,,,,,
7,중1(교육과정 학년군: 중1-3),변화와 관계,일차함수와 그 그래프,m1_func_y_increment__used_in__m1_func_slope_ratio_formula,intra_unit,m1_func_y_increment,y의 증가량,일차함수와 그 그래프,m1_func_slope_ratio_formula,기울기 계산식,일차함수와 그 그래프,used_in,low,1,"achievement_math_2022: 일차함수와 그 그래프 section; [9수02-16] achievement levels; achievement_level; 일차함수의 그래프의 성질 이해, 그래프의 식 구하기, 기울기 부호 판단 수준을 구분",y의 증가량은 기울기 계산식에 사용된다.,procedure_ref;textbook_page_refs;extraction_notes,"Find a worked example, procedure, or application where this source concept is used.",pending_textbook_pdf,,,,,,,,,,
7,중1(교육과정 학년군: 중1-3),변화와 관계,일차함수와 그 그래프,m1_func_input_value__contrasts_with__m1_func_value,intra_unit,m1_func_input_value,입력값,일차함수와 그 그래프,m1_func_value,함숫값,일차함수와 그 그래프,contrasts_with,low,2,curriculum_math_2022: printed p. 35; [9수02-14]; achievement_standard; 함수의 개념을 이해하고 함숫값을 구하는 성취기준 | achievement_math_2022: 일차함수와 그 그래프 section; [9수02-14] achievement levels; achievement_level; 두 양 사이의 관계가 함수인지 판단하고 함숫값을 구하는 수행 수준을 구분,입력값은 함수에 넣는 값이고 함숫값은 그에 대응해 정해지는 값이므로 구별한다. 교과서 용어 확인 전 낮은 신뢰도로 둔다.,contrast_ref;textbook_page_refs;extraction_notes,Find textbook wording or examples that distinguish the two concepts.,pending_textbook_pdf,,,,,,,,,,
7,중1(교육과정 학년군: 중1-3),변화와 관계,일차함수와 그 그래프,m1_func_input_value__often_confused_with__m1_mis_function_value_input_output,intra_unit,m1_func_input_value,입력값,일차함수와 그 그래프,m1_mis_function_value_input_output,함숫값과 입력값 혼동,일차함수와 그 그래프,often_confused_with,low,2,curriculum_math_2022: printed p. 35; [9수02-14]; achievement_standard; 함수의 개념을 이해하고 함숫값을 구하는 성취기준 | achievement_math_2022: 일차함수와 그 그래프 section; [9수02-14] achievement levels; achievement_level; 두 양 사이의 관계가 함수인지 판단하고 함숫값을 구하는 수행 수준을 구분,입력값과 함숫값의 역할을 바꾸어 해석하는 위험과 연결된다.,misconception_ref;problem_pattern_ref;textbook_page_refs;extraction_notes,"Find misconception, caution, example, or problem-pattern evidence for the confusion risk.",pending_textbook_pdf,,,,,,,,,,
7,중1(교육과정 학년군: 중1-3),변화와 관계,일차함수와 그 그래프,m1_func_unique_correspondence__often_confused_with__m1_mis_all_relations_are_functions,intra_unit,m1_func_unique_correspondence,하나씩 정해지는 대응,일차함수와 그 그래프,m1_mis_all_relations_are_functions,모든 두 양의 관계를 함수로 보는 오류,일차함수와 그 그래프,often_confused_with,low,3,"curriculum_math_2022: printed p. 35; [9수02-14]; achievement_standard; 함수의 개념을 이해하고 함숫값을 구하는 성취기준 | curriculum_math_2022: printed p. 36; achievement-standard considerations; teaching_note; 함수의 개념은 한 양이 변함에 따라 다른 양이 하나씩 정해지는 두 양 사이의 대응 관계로 도입하고, 공학 도구로 함수의 그래프와 성질을 탐구하게 함 | achievement_math_2022: 일차함수와 그 그래프 section; [9수02-14] achievement levels; achievement_level; 두 양 사이의 관계가 함수인지 판단하고 함숫값을 구하는 수행 수준을 구분",함수 조건을 확인하지 않고 모든 두 양의 관계를 함수로 보는 위험과 연결된다.,misconception_ref;problem_pattern_ref;textbook_page_refs;extraction_notes,"Find misconception, caution, example, or problem-pattern evidence for the confusion risk.",pending_textbook_pdf,,,,,,,,,,
7,중1(교육과정 학년군: 중1-3),변화와 관계,일차함수와 그 그래프,m1_func_unique_correspondence__often_confused_with__m1_mis_multiple_outputs_same_input,intra_unit,m1_func_unique_correspondence,하나씩 정해지는 대응,일차함수와 그 그래프,m1_mis_multiple_outputs_same_input,하나의 입력에 여러 출력이 대응하는 경우를 함수로 보는 오류,일차함수와 그 그래프,often_confused_with,low,3,"curriculum_math_2022: printed p. 35; [9수02-14]; achievement_standard; 함수의 개념을 이해하고 함숫값을 구하는 성취기준 | curriculum_math_2022: printed p. 36; achievement-standard considerations; teaching_note; 함수의 개념은 한 양이 변함에 따라 다른 양이 하나씩 정해지는 두 양 사이의 대응 관계로 도입하고, 공학 도구로 함수의 그래프와 성질을 탐구하게 함 | achievement_math_2022: 일차함수와 그 그래프 section; [9수02-14] achievement levels; achievement_level; 두 양 사이의 관계가 함수인지 판단하고 함숫값을 구하는 수행 수준을 구분",하나씩 정해지는 조건을 놓치면 하나의 입력에 여러 출력이 대응하는 관계를 함수로 볼 위험이 있다.,misconception_ref;problem_pattern_ref;textbook_page_refs;extraction_notes,"Find misconception, caution, example, or problem-pattern evidence for the confusion risk.",pending_textbook_pdf,,,,,,,,,,
7,중1(교육과정 학년군: 중1-3),변화와 관계,일차함수와 그 그래프,m1_mis_all_relations_are_functions__often_confused_with__m1_func_correspondence,intra_unit,m1_mis_all_relations_are_functions,모든 두 양의 관계를 함수로 보는 오류,일차함수와 그 그래프,m1_func_correspondence,대응 관계,일차함수와 그 그래프,often_confused_with,low,3,"curriculum_math_2022: printed p. 35; [9수02-14]; achievement_standard; 함수의 개념을 이해하고 함숫값을 구하는 성취기준 | curriculum_math_2022: printed p. 36; achievement-standard considerations; teaching_note; 함수의 개념은 한 양이 변함에 따라 다른 양이 하나씩 정해지는 두 양 사이의 대응 관계로 도입하고, 공학 도구로 함수의 그래프와 성질을 탐구하게 함 | achievement_math_2022: 일차함수와 그 그래프 section; [9수02-14] achievement levels; achievement_level; 두 양 사이의 관계가 함수인지 판단하고 함숫값을 구하는 수행 수준을 구분",related_ids에서 확인된 오개념 위험 연결을 낮은 신뢰도 edge로 보강. 교과서 근거 확인 후 유지 또는 조정.,misconception_ref;problem_pattern_ref;textbook_page_refs;extraction_notes,"Find misconception, caution, example, or problem-pattern evidence for the confusion risk.",pending_textbook_pdf,,,,,,,,,,
7,중1(교육과정 학년군: 중1-3),변화와 관계,일차함수와 그 그래프,m1_mis_all_relations_are_functions__often_confused_with__m1_func_function,intra_unit,m1_mis_all_relations_are_functions,모든 두 양의 관계를 함수로 보는 오류,일차함수와 그 그래프,m1_func_function,함수,일차함수와 그 그래프,often_confused_with,low,3,"curriculum_math_2022: printed p. 35; [9수02-14]; achievement_standard; 함수의 개념을 이해하고 함숫값을 구하는 성취기준 | curriculum_math_2022: printed p. 36; achievement-standard considerations; teaching_note; 함수의 개념은 한 양이 변함에 따라 다른 양이 하나씩 정해지는 두 양 사이의 대응 관계로 도입하고, 공학 도구로 함수의 그래프와 성질을 탐구하게 함 | achievement_math_2022: 일차함수와 그 그래프 section; [9수02-14] achievement levels; achievement_level; 두 양 사이의 관계가 함수인지 판단하고 함숫값을 구하는 수행 수준을 구분",related_ids에서 확인된 오개념 위험 연결을 낮은 신뢰도 edge로 보강. 교과서 근거 확인 후 유지 또는 조정.,misconception_ref;problem_pattern_ref;textbook_page_refs;extraction_notes,"Find misconception, caution, example, or problem-pattern evidence for the confusion risk.",pending_textbook_pdf,,,,,,,,,,
7,중1(교육과정 학년군: 중1-3),변화와 관계,일차함수와 그 그래프,m1_mis_all_relations_are_functions__often_confused_with__m1_func_function_judgement,intra_unit,m1_mis_all_relations_are_functions,모든 두 양의 관계를 함수로 보는 오류,일차함수와 그 그래프,m1_func_function_judgement,함수인지 판단하기,일차함수와 그 그래프,often_confused_with,low,3,"curriculum_math_2022: printed p. 35; [9수02-14]; achievement_standard; 함수의 개념을 이해하고 함숫값을 구하는 성취기준 | curriculum_math_2022: printed p. 36; achievement-standard considerations; teaching_note; 함수의 개념은 한 양이 변함에 따라 다른 양이 하나씩 정해지는 두 양 사이의 대응 관계로 도입하고, 공학 도구로 함수의 그래프와 성질을 탐구하게 함 | achievement_math_2022: 일차함수와 그 그래프 section; [9수02-14] achievement levels; achievement_level; 두 양 사이의 관계가 함수인지 판단하고 함숫값을 구하는 수행 수준을 구분",,misconception_ref;problem_pattern_ref;textbook_page_refs;extraction_notes,"Find misconception, caution, example, or problem-pattern evidence for the confusion risk.",pending_textbook_pdf,,,,,,,,,,
7,중1(교육과정 학년군: 중1-3),변화와 관계,일차함수와 그 그래프,m1_mis_function_linear_function__often_confused_with__m1_func_function,intra_unit,m1_mis_function_linear_function,함수와 일차함수 혼동,일차함수와 그 그래프,m1_func_function,함수,일차함수와 그 그래프,often_confused_with,low,4,"curriculum_math_2022: printed p. 35; [9수02-14]; achievement_standard; 함수의 개념을 이해하고 함숫값을 구하는 성취기준 | curriculum_math_2022: printed p. 35; [9수02-15]; achievement_standard; 일차함수의 개념을 이해하고 그 그래프를 그리는 성취기준 | achievement_math_2022: 일차함수와 그 그래프 section; [9수02-14] achievement levels; achievement_level; 두 양 사이의 관계가 함수인지 판단하고 함숫값을 구하는 수행 수준을 구분 | achievement_math_2022: 일차함수와 그 그래프 section; [9수02-15] achievement levels; achievement_level; 일차함수인지 판단하고 기울기, x절편, y절편, 평행이동 등을 이용하여 그래프를 그리는 수행 수준을 구분",,misconception_ref;problem_pattern_ref;textbook_page_refs;extraction_notes,"Find misconception, caution, example, or problem-pattern evidence for the confusion risk.",pending_textbook_pdf,,,,,,,,,,
7,중1(교육과정 학년군: 중1-3),변화와 관계,일차함수와 그 그래프,m1_mis_function_linear_function__often_confused_with__m1_func_linear_function,intra_unit,m1_mis_function_linear_function,함수와 일차함수 혼동,일차함수와 그 그래프,m1_func_linear_function,일차함수,일차함수와 그 그래프,often_confused_with,low,4,"curriculum_math_2022: printed p. 35; [9수02-14]; achievement_standard; 함수의 개념을 이해하고 함숫값을 구하는 성취기준 | curriculum_math_2022: printed p. 35; [9수02-15]; achievement_standard; 일차함수의 개념을 이해하고 그 그래프를 그리는 성취기준 | achievement_math_2022: 일차함수와 그 그래프 section; [9수02-14] achievement levels; achievement_level; 두 양 사이의 관계가 함수인지 판단하고 함숫값을 구하는 수행 수준을 구분 | achievement_math_2022: 일차함수와 그 그래프 section; [9수02-15] achievement levels; achievement_level; 일차함수인지 판단하고 기울기, x절편, y절편, 평행이동 등을 이용하여 그래프를 그리는 수행 수준을 구분",,misconception_ref;problem_pattern_ref;textbook_page_refs;extraction_notes,"Find misconception, caution, example, or problem-pattern evidence for the confusion risk.",pending_textbook_pdf,,,,,,,,,,
7,중1(교육과정 학년군: 중1-3),변화와 관계,일차함수와 그 그래프,m1_mis_function_value_input_output__often_confused_with__m1_func_value,intra_unit,m1_mis_function_value_input_output,함숫값과 입력값 혼동,일차함수와 그 그래프,m1_func_value,함숫값,일차함수와 그 그래프,often_confused_with,low,2,curriculum_math_2022: printed p. 35; [9수02-14]; achievement_standard; 함수의 개념을 이해하고 함숫값을 구하는 성취기준 | achievement_math_2022: 일차함수와 그 그래프 section; [9수02-14] achievement levels; achievement_level; 두 양 사이의 관계가 함수인지 판단하고 함숫값을 구하는 수행 수준을 구분,,misconception_ref;problem_pattern_ref;textbook_page_refs;extraction_notes,"Find misconception, caution, example, or problem-pattern evidence for the confusion risk.",pending_textbook_pdf,,,,,,,,,,
7,중1(교육과정 학년군: 중1-3),변화와 관계,일차함수와 그 그래프,m1_mis_slope_intercept__often_confused_with__m1_func_slope,intra_unit,m1_mis_slope_intercept,기울기와 절편 혼동,일차함수와 그 그래프,m1_func_slope,기울기,일차함수와 그 그래프,often_confused_with,low,2,"curriculum_math_2022: printed p. 36; terms and symbols for 변화와 관계; term_list; 대입, 다항식, 항, 단항식, 상수항, 계수, 차수, 일차식, 동류항, 등식, 방정식, 미지수, 해, 근, 항등식, 이항, 일차방정식, 변수, 좌표, 그래프, 인수, 인수분해, 완전제곱식, 이차방정식, 중근, 근의 공식, 이차함수, 포물선, 축, 꼭짓점, 최댓값, 최솟값 등을 다룸 | achievement_math_2022: 일차함수와 그 그래프 section; [9수02-15] achievement levels; achievement_level; 일차함수인지 판단하고 기울기, x절편, y절편, 평행이동 등을 이용하여 그래프를 그리는 수행 수준을 구분",,misconception_ref;problem_pattern_ref;textbook_page_refs;extraction_notes,"Find misconception, caution, example, or problem-pattern evidence for the confusion risk.",pending_textbook_pdf,,,,,,,,,,
7,중1(교육과정 학년군: 중1-3),변화와 관계,일차함수와 그 그래프,m1_mis_slope_intercept__often_confused_with__m1_func_y_intercept,intra_unit,m1_mis_slope_intercept,기울기와 절편 혼동,일차함수와 그 그래프,m1_func_y_intercept,y절편,일차함수와 그 그래프,often_confused_with,low,2,"curriculum_math_2022: printed p. 36; terms and symbols for 변화와 관계; term_list; 대입, 다항식, 항, 단항식, 상수항, 계수, 차수, 일차식, 동류항, 등식, 방정식, 미지수, 해, 근, 항등식, 이항, 일차방정식, 변수, 좌표, 그래프, 인수, 인수분해, 완전제곱식, 이차방정식, 중근, 근의 공식, 이차함수, 포물선, 축, 꼭짓점, 최댓값, 최솟값 등을 다룸 | achievement_math_2022: 일차함수와 그 그래프 section; [9수02-15] achievement levels; achievement_level; 일차함수인지 판단하고 기울기, x절편, y절편, 평행이동 등을 이용하여 그래프를 그리는 수행 수준을 구분",,misconception_ref;problem_pattern_ref;textbook_page_refs;extraction_notes,"Find misconception, caution, example, or problem-pattern evidence for the confusion risk.",pending_textbook_pdf,,,,,,,,,,
7,중1(교육과정 학년군: 중1-3),변화와 관계,일차함수와 그 그래프,m1_mis_slope_sign__often_confused_with__m1_func_slope_sign,intra_unit,m1_mis_slope_sign,기울기 부호와 그래프 방향 혼동,일차함수와 그 그래프,m1_func_slope_sign,기울기의 부호,일차함수와 그 그래프,often_confused_with,low,1,"achievement_math_2022: 일차함수와 그 그래프 section; [9수02-16] achievement levels; achievement_level; 일차함수의 그래프의 성질 이해, 그래프의 식 구하기, 기울기 부호 판단 수준을 구분",,misconception_ref;problem_pattern_ref;textbook_page_refs;extraction_notes,"Find misconception, caution, example, or problem-pattern evidence for the confusion risk.",pending_textbook_pdf,,,,,,,,,,
7,중1(교육과정 학년군: 중1-3),변화와 관계,일차함수와 그 그래프,m1_mis_x_y_intercept__often_confused_with__m1_func_x_intercept,intra_unit,m1_mis_x_y_intercept,x절편과 y절편 혼동,일차함수와 그 그래프,m1_func_x_intercept,x절편,일차함수와 그 그래프,often_confused_with,low,2,"curriculum_math_2022: printed p. 36; terms and symbols for 변화와 관계; term_list; 대입, 다항식, 항, 단항식, 상수항, 계수, 차수, 일차식, 동류항, 등식, 방정식, 미지수, 해, 근, 항등식, 이항, 일차방정식, 변수, 좌표, 그래프, 인수, 인수분해, 완전제곱식, 이차방정식, 중근, 근의 공식, 이차함수, 포물선, 축, 꼭짓점, 최댓값, 최솟값 등을 다룸 | achievement_math_2022: 일차함수와 그 그래프 section; [9수02-15] achievement levels; achievement_level; 일차함수인지 판단하고 기울기, x절편, y절편, 평행이동 등을 이용하여 그래프를 그리는 수행 수준을 구분",,misconception_ref;problem_pattern_ref;textbook_page_refs;extraction_notes,"Find misconception, caution, example, or problem-pattern evidence for the confusion risk.",pending_textbook_pdf,,,,,,,,,,
7,중1(교육과정 학년군: 중1-3),변화와 관계,일차함수와 그 그래프,m1_mis_x_y_intercept__often_confused_with__m1_func_y_intercept,intra_unit,m1_mis_x_y_intercept,x절편과 y절편 혼동,일차함수와 그 그래프,m1_func_y_intercept,y절편,일차함수와 그 그래프,often_confused_with,low,2,"curriculum_math_2022: printed p. 36; terms and symbols for 변화와 관계; term_list; 대입, 다항식, 항, 단항식, 상수항, 계수, 차수, 일차식, 동류항, 등식, 방정식, 미지수, 해, 근, 항등식, 이항, 일차방정식, 변수, 좌표, 그래프, 인수, 인수분해, 완전제곱식, 이차방정식, 중근, 근의 공식, 이차함수, 포물선, 축, 꼭짓점, 최댓값, 최솟값 등을 다룸 | achievement_math_2022: 일차함수와 그 그래프 section; [9수02-15] achievement levels; achievement_level; 일차함수인지 판단하고 기울기, x절편, y절편, 평행이동 등을 이용하여 그래프를 그리는 수행 수준을 구분",,misconception_ref;problem_pattern_ref;textbook_page_refs;extraction_notes,"Find misconception, caution, example, or problem-pattern evidence for the confusion risk.",pending_textbook_pdf,,,,,,,,,,
7,중1(교육과정 학년군: 중1-3),변화와 관계,일차함수와 그 그래프,m1_coord_x_coordinate__prerequisite_for__m1_func_x_increment,cross_unit,m1_coord_x_coordinate,x좌표,좌표평면과 그래프,m1_func_x_increment,x의 증가량,일차함수와 그 그래프,prerequisite_for,low,2,"curriculum_math_2022: printed p. 34; [9수02-05]; achievement_standard; 순서쌍과 좌표를 이해하고 편리함을 인식하는 성취기준 | achievement_math_2022: 일차함수와 그 그래프 section; [9수02-16] achievement levels; achievement_level; 일차함수의 그래프의 성질 이해, 그래프의 식 구하기, 기울기 부호 판단 수준을 구분",x의 증가량은 x좌표 변화의 세부 계산 맥락으로 둔다.,prerequisite_ref;textbook_page_refs;extraction_notes,Find textbook sequencing or prior-knowledge evidence for the prerequisite relation.,pending_textbook_pdf,,,,,,,,,,
7,중1(교육과정 학년군: 중1-3),변화와 관계,일차함수와 그 그래프,m1_coord_y_coordinate__prerequisite_for__m1_func_y_increment,cross_unit,m1_coord_y_coordinate,y좌표,좌표평면과 그래프,m1_func_y_increment,y의 증가량,일차함수와 그 그래프,prerequisite_for,low,2,"curriculum_math_2022: printed p. 34; [9수02-05]; achievement_standard; 순서쌍과 좌표를 이해하고 편리함을 인식하는 성취기준 | achievement_math_2022: 일차함수와 그 그래프 section; [9수02-16] achievement levels; achievement_level; 일차함수의 그래프의 성질 이해, 그래프의 식 구하기, 기울기 부호 판단 수준을 구분",y의 증가량은 y좌표 변화의 세부 계산 맥락으로 둔다.,prerequisite_ref;textbook_page_refs;extraction_notes,Find textbook sequencing or prior-knowledge evidence for the prerequisite relation.,pending_textbook_pdf,,,,,,,,,,
7,중1(교육과정 학년군: 중1-3),변화와 관계,일차함수와 그 그래프,m1_num_ratio__prerequisite_for__m1_func_slope_ratio_formula,cross_unit,m1_num_ratio,비,공통 선수개념,m1_func_slope_ratio_formula,기울기 계산식,일차함수와 그 그래프,prerequisite_for,low,1,"achievement_math_2022: 일차함수와 그 그래프 section; [9수02-16] achievement levels; achievement_level; 일차함수의 그래프의 성질 이해, 그래프의 식 구하기, 기울기 부호 판단 수준을 구분",기울기 계산식은 두 증가량의 비로 해석되므로 비 개념을 보조 선수로 둔다. 교과서 본문 확인 전 낮은 신뢰도로 둔다.,prerequisite_ref;textbook_page_refs;extraction_notes,Find textbook sequencing or prior-knowledge evidence for the prerequisite relation.,pending_textbook_pdf,,,,,,,,,,
7,중1(교육과정 학년군: 중1-3),변화와 관계,일차함수와 그 그래프,m1_mis_function_value_input_output__often_confused_with__m1_expr_substitution,cross_unit,m1_mis_function_value_input_output,함숫값과 입력값 혼동,일차함수와 그 그래프,m1_expr_substitution,대입,문자의 사용과 식,often_confused_with,low,2,curriculum_math_2022: printed p. 35; [9수02-14]; achievement_standard; 함수의 개념을 이해하고 함숫값을 구하는 성취기준 | achievement_math_2022: 일차함수와 그 그래프 section; [9수02-14] achievement levels; achievement_level; 두 양 사이의 관계가 함수인지 판단하고 함숫값을 구하는 수행 수준을 구분,related_ids에서 확인된 오개념 위험 연결을 낮은 신뢰도 edge로 보강. 교과서 근거 확인 후 유지 또는 조정.,misconception_ref;problem_pattern_ref;textbook_page_refs;extraction_notes,"Find misconception, caution, example, or problem-pattern evidence for the confusion risk.",pending_textbook_pdf,,,,,,,,,,
7,중1(교육과정 학년군: 중1-3),변화와 관계,일차함수와 그 그래프,m1_mis_slope_sign__often_confused_with__m1_graph_increase_decrease,cross_unit,m1_mis_slope_sign,기울기 부호와 그래프 방향 혼동,일차함수와 그 그래프,m1_graph_increase_decrease,증가와 감소,좌표평면과 그래프,often_confused_with,low,1,"achievement_math_2022: 일차함수와 그 그래프 section; [9수02-16] achievement levels; achievement_level; 일차함수의 그래프의 성질 이해, 그래프의 식 구하기, 기울기 부호 판단 수준을 구분",related_ids에서 확인된 오개념 위험 연결을 낮은 신뢰도 edge로 보강. 교과서 근거 확인 후 유지 또는 조정.,misconception_ref;problem_pattern_ref;textbook_page_refs;extraction_notes,"Find misconception, caution, example, or problem-pattern evidence for the confusion risk.",pending_textbook_pdf,,,,,,,,,,
7,중1(교육과정 학년군: 중1-3),변화와 관계,일차함수와 그 그래프,m1_func_function__contains__m1_func_correspondence,intra_unit,m1_func_function,함수,일차함수와 그 그래프,m1_func_correspondence,대응 관계,일차함수와 그 그래프,contains,high,2,"curriculum_math_2022: printed p. 36; achievement-standard considerations; teaching_note; 함수의 개념은 한 양이 변함에 따라 다른 양이 하나씩 정해지는 두 양 사이의 대응 관계로 도입하고, 공학 도구로 함수의 그래프와 성질을 탐구하게 함 | achievement_math_2022: 일차함수와 그 그래프 section; [9수02-14] achievement levels; achievement_level; 두 양 사이의 관계가 함수인지 판단하고 함숫값을 구하는 수행 수준을 구분",,structure_ref;textbook_page_refs,Find textbook structure evidence for the containment relation.,pending_textbook_pdf,,,,,,,,,,
7,중1(교육과정 학년군: 중1-3),변화와 관계,일차함수와 그 그래프,m1_func_function__contains__m1_func_linear_function,intra_unit,m1_func_function,함수,일차함수와 그 그래프,m1_func_linear_function,일차함수,일차함수와 그 그래프,contains,high,2,"curriculum_math_2022: printed p. 35; [9수02-15]; achievement_standard; 일차함수의 개념을 이해하고 그 그래프를 그리는 성취기준 | achievement_math_2022: 일차함수와 그 그래프 section; [9수02-15] achievement levels; achievement_level; 일차함수인지 판단하고 기울기, x절편, y절편, 평행이동 등을 이용하여 그래프를 그리는 수행 수준을 구분",,structure_ref;textbook_page_refs,Find textbook structure evidence for the containment relation.,pending_textbook_pdf,,,,,,,,,,
7,중1(교육과정 학년군: 중1-3),변화와 관계,일차함수와 그 그래프,m1_func_function__contains__m1_func_two_quantity_relation,intra_unit,m1_func_function,함수,일차함수와 그 그래프,m1_func_two_quantity_relation,두 양 사이의 관계,일차함수와 그 그래프,contains,high,2,"curriculum_math_2022: printed p. 36; achievement-standard considerations; teaching_note; 함수의 개념은 한 양이 변함에 따라 다른 양이 하나씩 정해지는 두 양 사이의 대응 관계로 도입하고, 공학 도구로 함수의 그래프와 성질을 탐구하게 함 | achievement_math_2022: 일차함수와 그 그래프 section; [9수02-14] achievement levels; achievement_level; 두 양 사이의 관계가 함수인지 판단하고 함숫값을 구하는 수행 수준을 구분",,structure_ref;textbook_page_refs,Find textbook structure evidence for the containment relation.,pending_textbook_pdf,,,,,,,,,,
7,중1(교육과정 학년군: 중1-3),변화와 관계,일차함수와 그 그래프,m1_func_function__contains__m1_func_unique_correspondence,intra_unit,m1_func_function,함수,일차함수와 그 그래프,m1_func_unique_correspondence,하나씩 정해지는 대응,일차함수와 그 그래프,contains,high,2,"curriculum_math_2022: printed p. 36; achievement-standard considerations; teaching_note; 함수의 개념은 한 양이 변함에 따라 다른 양이 하나씩 정해지는 두 양 사이의 대응 관계로 도입하고, 공학 도구로 함수의 그래프와 성질을 탐구하게 함 | achievement_math_2022: 일차함수와 그 그래프 section; [9수02-14] achievement levels; achievement_level; 두 양 사이의 관계가 함수인지 판단하고 함숫값을 구하는 수행 수준을 구분",함수는 한 양이 변함에 따라 다른 양이 하나씩 정해지는 대응 관계로 도입된다.,structure_ref;textbook_page_refs,Find textbook structure evidence for the containment relation.,pending_textbook_pdf,,,,,,,,,,
7,중1(교육과정 학년군: 중1-3),변화와 관계,일차함수와 그 그래프,m1_func_function__contains__m1_func_value,intra_unit,m1_func_function,함수,일차함수와 그 그래프,m1_func_value,함숫값,일차함수와 그 그래프,contains,high,3,"curriculum_math_2022: printed p. 35; [9수02-14]; achievement_standard; 함수의 개념을 이해하고 함숫값을 구하는 성취기준 | curriculum_math_2022: printed p. 36; terms and symbols for 변화와 관계; term_list; 대입, 다항식, 항, 단항식, 상수항, 계수, 차수, 일차식, 동류항, 등식, 방정식, 미지수, 해, 근, 항등식, 이항, 일차방정식, 변수, 좌표, 그래프, 인수, 인수분해, 완전제곱식, 이차방정식, 중근, 근의 공식, 이차함수, 포물선, 축, 꼭짓점, 최댓값, 최솟값 등을 다룸 | achievement_math_2022: 일차함수와 그 그래프 section; [9수02-14] achievement levels; achievement_level; 두 양 사이의 관계가 함수인지 판단하고 함숫값을 구하는 수행 수준을 구분",,structure_ref;textbook_page_refs,Find textbook structure evidence for the containment relation.,pending_textbook_pdf,,,,,,,,,,
7,중1(교육과정 학년군: 중1-3),변화와 관계,일차함수와 그 그래프,m1_func_graph_drawing__contains__m1_func_parallel_translation,intra_unit,m1_func_graph_drawing,일차함수 그래프 그리기,일차함수와 그 그래프,m1_func_parallel_translation,평행이동,일차함수와 그 그래프,contains,high,2,"curriculum_math_2022: printed p. 36; terms and symbols for 변화와 관계; term_list; 대입, 다항식, 항, 단항식, 상수항, 계수, 차수, 일차식, 동류항, 등식, 방정식, 미지수, 해, 근, 항등식, 이항, 일차방정식, 변수, 좌표, 그래프, 인수, 인수분해, 완전제곱식, 이차방정식, 중근, 근의 공식, 이차함수, 포물선, 축, 꼭짓점, 최댓값, 최솟값 등을 다룸 | achievement_math_2022: 일차함수와 그 그래프 section; [9수02-15] achievement levels; achievement_level; 일차함수인지 판단하고 기울기, x절편, y절편, 평행이동 등을 이용하여 그래프를 그리는 수행 수준을 구분",,structure_ref;textbook_page_refs,Find textbook structure evidence for the containment relation.,pending_textbook_pdf,,,,,,,,,,
7,중1(교육과정 학년군: 중1-3),변화와 관계,일차함수와 그 그래프,m1_func_graph_properties__contains__m1_func_slope,intra_unit,m1_func_graph_properties,일차함수의 그래프의 성질,일차함수와 그 그래프,m1_func_slope,기울기,일차함수와 그 그래프,contains,high,3,"curriculum_math_2022: printed p. 36; terms and symbols for 변화와 관계; term_list; 대입, 다항식, 항, 단항식, 상수항, 계수, 차수, 일차식, 동류항, 등식, 방정식, 미지수, 해, 근, 항등식, 이항, 일차방정식, 변수, 좌표, 그래프, 인수, 인수분해, 완전제곱식, 이차방정식, 중근, 근의 공식, 이차함수, 포물선, 축, 꼭짓점, 최댓값, 최솟값 등을 다룸 | achievement_math_2022: 일차함수와 그 그래프 section; [9수02-15] achievement levels; achievement_level; 일차함수인지 판단하고 기울기, x절편, y절편, 평행이동 등을 이용하여 그래프를 그리는 수행 수준을 구분 | achievement_math_2022: 일차함수와 그 그래프 section; [9수02-16] achievement levels; achievement_level; 일차함수의 그래프의 성질 이해, 그래프의 식 구하기, 기울기 부호 판단 수준을 구분",,structure_ref;textbook_page_refs,Find textbook structure evidence for the containment relation.,pending_textbook_pdf,,,,,,,,,,
7,중1(교육과정 학년군: 중1-3),변화와 관계,일차함수와 그 그래프,m1_func_graph_properties__contains__m1_func_x_intercept,intra_unit,m1_func_graph_properties,일차함수의 그래프의 성질,일차함수와 그 그래프,m1_func_x_intercept,x절편,일차함수와 그 그래프,contains,high,2,"curriculum_math_2022: printed p. 36; terms and symbols for 변화와 관계; term_list; 대입, 다항식, 항, 단항식, 상수항, 계수, 차수, 일차식, 동류항, 등식, 방정식, 미지수, 해, 근, 항등식, 이항, 일차방정식, 변수, 좌표, 그래프, 인수, 인수분해, 완전제곱식, 이차방정식, 중근, 근의 공식, 이차함수, 포물선, 축, 꼭짓점, 최댓값, 최솟값 등을 다룸 | achievement_math_2022: 일차함수와 그 그래프 section; [9수02-15] achievement levels; achievement_level; 일차함수인지 판단하고 기울기, x절편, y절편, 평행이동 등을 이용하여 그래프를 그리는 수행 수준을 구분",,structure_ref;textbook_page_refs,Find textbook structure evidence for the containment relation.,pending_textbook_pdf,,,,,,,,,,
7,중1(교육과정 학년군: 중1-3),변화와 관계,일차함수와 그 그래프,m1_func_graph_properties__contains__m1_func_y_intercept,intra_unit,m1_func_graph_properties,일차함수의 그래프의 성질,일차함수와 그 그래프,m1_func_y_intercept,y절편,일차함수와 그 그래프,contains,high,3,"curriculum_math_2022: printed p. 36; terms and symbols for 변화와 관계; term_list; 대입, 다항식, 항, 단항식, 상수항, 계수, 차수, 일차식, 동류항, 등식, 방정식, 미지수, 해, 근, 항등식, 이항, 일차방정식, 변수, 좌표, 그래프, 인수, 인수분해, 완전제곱식, 이차방정식, 중근, 근의 공식, 이차함수, 포물선, 축, 꼭짓점, 최댓값, 최솟값 등을 다룸 | achievement_math_2022: 일차함수와 그 그래프 section; [9수02-15] achievement levels; achievement_level; 일차함수인지 판단하고 기울기, x절편, y절편, 평행이동 등을 이용하여 그래프를 그리는 수행 수준을 구분 | achievement_math_2022: 일차함수와 그 그래프 section; [9수02-16] achievement levels; achievement_level; 일차함수의 그래프의 성질 이해, 그래프의 식 구하기, 기울기 부호 판단 수준을 구분",,structure_ref;textbook_page_refs,Find textbook structure evidence for the containment relation.,pending_textbook_pdf,,,,,,,,,,
7,중1(교육과정 학년군: 중1-3),변화와 관계,일차함수와 그 그래프,m1_func_linear_function__contains__m1_func_linear_formula,intra_unit,m1_func_linear_function,일차함수,일차함수와 그 그래프,m1_func_linear_formula,일차함수의 식,일차함수와 그 그래프,contains,high,2,"curriculum_math_2022: printed p. 35; [9수02-15]; achievement_standard; 일차함수의 개념을 이해하고 그 그래프를 그리는 성취기준 | achievement_math_2022: 일차함수와 그 그래프 section; [9수02-15] achievement levels; achievement_level; 일차함수인지 판단하고 기울기, x절편, y절편, 평행이동 등을 이용하여 그래프를 그리는 수행 수준을 구분",,structure_ref;textbook_page_refs,Find textbook structure evidence for the containment relation.,pending_textbook_pdf,,,,,,,,,,
7,중1(교육과정 학년군: 중1-3),변화와 관계,일차함수와 그 그래프,m1_func_linear_graph__contains__m1_func_y_ax_b_graph,intra_unit,m1_func_linear_graph,일차함수의 그래프,일차함수와 그 그래프,m1_func_y_ax_b_graph,일차함수 y=ax+b의 그래프,일차함수와 그 그래프,contains,medium,1,"achievement_math_2022: 일차함수와 그 그래프 section; [9수02-15] achievement levels; achievement_level; 일차함수인지 판단하고 기울기, x절편, y절편, 평행이동 등을 이용하여 그래프를 그리는 수행 수준을 구분",,structure_ref;textbook_page_refs,Find textbook structure evidence for the containment relation.,pending_textbook_pdf,,,,,,,,,,
7,중1(교육과정 학년군: 중1-3),변화와 관계,일차함수와 그 그래프,m1_func_linear_graph__contains__m1_func_y_ax_graph,intra_unit,m1_func_linear_graph,일차함수의 그래프,일차함수와 그 그래프,m1_func_y_ax_graph,일차함수 y=ax의 그래프,일차함수와 그 그래프,contains,medium,1,"achievement_math_2022: 일차함수와 그 그래프 section; [9수02-15] achievement levels; achievement_level; 일차함수인지 판단하고 기울기, x절편, y절편, 평행이동 등을 이용하여 그래프를 그리는 수행 수준을 구분",,structure_ref;textbook_page_refs,Find textbook structure evidence for the containment relation.,pending_textbook_pdf,,,,,,,,,,
7,중1(교육과정 학년군: 중1-3),변화와 관계,일차함수와 그 그래프,m1_func_slope__contains__m1_func_slope_sign,intra_unit,m1_func_slope,기울기,일차함수와 그 그래프,m1_func_slope_sign,기울기의 부호,일차함수와 그 그래프,contains,high,1,"achievement_math_2022: 일차함수와 그 그래프 section; [9수02-16] achievement levels; achievement_level; 일차함수의 그래프의 성질 이해, 그래프의 식 구하기, 기울기 부호 판단 수준을 구분",,structure_ref;textbook_page_refs,Find textbook structure evidence for the containment relation.,pending_textbook_pdf,,,,,,,,,,
7,중1(교육과정 학년군: 중1-3),변화와 관계,일차함수와 그 그래프,m1_func_unit__contains__m1_func_find_graph_equation,intra_unit,m1_func_unit,일차함수와 그 그래프,일차함수와 그 그래프,m1_func_find_graph_equation,일차함수 그래프의 식 구하기,일차함수와 그 그래프,contains,high,2,"curriculum_math_2022: printed p. 35; [9수02-16]; achievement_standard; 일차함수의 그래프의 성질을 이해하고 활용하는 성취기준 | achievement_math_2022: 일차함수와 그 그래프 section; [9수02-16] achievement levels; achievement_level; 일차함수의 그래프의 성질 이해, 그래프의 식 구하기, 기울기 부호 판단 수준을 구분",,structure_ref;textbook_page_refs,Find textbook structure evidence for the containment relation.,pending_textbook_pdf,,,,,,,,,,
7,중1(교육과정 학년군: 중1-3),변화와 관계,일차함수와 그 그래프,m1_func_unit__contains__m1_func_function,intra_unit,m1_func_unit,일차함수와 그 그래프,일차함수와 그 그래프,m1_func_function,함수,일차함수와 그 그래프,contains,high,4,"curriculum_math_2022: printed p. 35; [9수02-14]; achievement_standard; 함수의 개념을 이해하고 함숫값을 구하는 성취기준 | curriculum_math_2022: printed p. 36; achievement-standard considerations; teaching_note; 함수의 개념은 한 양이 변함에 따라 다른 양이 하나씩 정해지는 두 양 사이의 대응 관계로 도입하고, 공학 도구로 함수의 그래프와 성질을 탐구하게 함 | curriculum_math_2022: printed p. 36; terms and symbols for 변화와 관계; term_list; 대입, 다항식, 항, 단항식, 상수항, 계수, 차수, 일차식, 동류항, 등식, 방정식, 미지수, 해, 근, 항등식, 이항, 일차방정식, 변수, 좌표, 그래프, 인수, 인수분해, 완전제곱식, 이차방정식, 중근, 근의 공식, 이차함수, 포물선, 축, 꼭짓점, 최댓값, 최솟값 등을 다룸 | achievement_math_2022: 일차함수와 그 그래프 section; [9수02-14] achievement levels; achievement_level; 두 양 사이의 관계가 함수인지 판단하고 함숫값을 구하는 수행 수준을 구분",,structure_ref;textbook_page_refs,Find textbook structure evidence for the containment relation.,pending_textbook_pdf,,,,,,,,,,
7,중1(교육과정 학년군: 중1-3),변화와 관계,일차함수와 그 그래프,m1_func_unit__contains__m1_func_function_judgement,intra_unit,m1_func_unit,일차함수와 그 그래프,일차함수와 그 그래프,m1_func_function_judgement,함수인지 판단하기,일차함수와 그 그래프,contains,high,2,curriculum_math_2022: printed p. 35; [9수02-14]; achievement_standard; 함수의 개념을 이해하고 함숫값을 구하는 성취기준 | achievement_math_2022: 일차함수와 그 그래프 section; [9수02-14] achievement levels; achievement_level; 두 양 사이의 관계가 함수인지 판단하고 함숫값을 구하는 수행 수준을 구분,,structure_ref;textbook_page_refs,Find textbook structure evidence for the containment relation.,pending_textbook_pdf,,,,,,,,,,
7,중1(교육과정 학년군: 중1-3),변화와 관계,일차함수와 그 그래프,m1_func_unit__contains__m1_func_graph_drawing,intra_unit,m1_func_unit,일차함수와 그 그래프,일차함수와 그 그래프,m1_func_graph_drawing,일차함수 그래프 그리기,일차함수와 그 그래프,contains,high,2,"curriculum_math_2022: printed p. 35; [9수02-15]; achievement_standard; 일차함수의 개념을 이해하고 그 그래프를 그리는 성취기준 | achievement_math_2022: 일차함수와 그 그래프 section; [9수02-15] achievement levels; achievement_level; 일차함수인지 판단하고 기울기, x절편, y절편, 평행이동 등을 이용하여 그래프를 그리는 수행 수준을 구분",,structure_ref;textbook_page_refs,Find textbook structure evidence for the containment relation.,pending_textbook_pdf,,,,,,,,,,
7,중1(교육과정 학년군: 중1-3),변화와 관계,일차함수와 그 그래프,m1_func_unit__contains__m1_func_graph_properties,intra_unit,m1_func_unit,일차함수와 그 그래프,일차함수와 그 그래프,m1_func_graph_properties,일차함수의 그래프의 성질,일차함수와 그 그래프,contains,high,2,"curriculum_math_2022: printed p. 35; [9수02-16]; achievement_standard; 일차함수의 그래프의 성질을 이해하고 활용하는 성취기준 | achievement_math_2022: 일차함수와 그 그래프 section; [9수02-16] achievement levels; achievement_level; 일차함수의 그래프의 성질 이해, 그래프의 식 구하기, 기울기 부호 판단 수준을 구분",,structure_ref;textbook_page_refs,Find textbook structure evidence for the containment relation.,pending_textbook_pdf,,,,,,,,,,
7,중1(교육과정 학년군: 중1-3),변화와 관계,일차함수와 그 그래프,m1_func_unit__contains__m1_func_linear_function,intra_unit,m1_func_unit,일차함수와 그 그래프,일차함수와 그 그래프,m1_func_linear_function,일차함수,일차함수와 그 그래프,contains,high,3,"curriculum_math_2022: printed p. 35; [9수02-15]; achievement_standard; 일차함수의 개념을 이해하고 그 그래프를 그리는 성취기준 | curriculum_math_2022: printed p. 36; terms and symbols for 변화와 관계; term_list; 대입, 다항식, 항, 단항식, 상수항, 계수, 차수, 일차식, 동류항, 등식, 방정식, 미지수, 해, 근, 항등식, 이항, 일차방정식, 변수, 좌표, 그래프, 인수, 인수분해, 완전제곱식, 이차방정식, 중근, 근의 공식, 이차함수, 포물선, 축, 꼭짓점, 최댓값, 최솟값 등을 다룸 | achievement_math_2022: 일차함수와 그 그래프 section; [9수02-15] achievement levels; achievement_level; 일차함수인지 판단하고 기울기, x절편, y절편, 평행이동 등을 이용하여 그래프를 그리는 수행 수준을 구분",,structure_ref;textbook_page_refs,Find textbook structure evidence for the containment relation.,pending_textbook_pdf,,,,,,,,,,
7,중1(교육과정 학년군: 중1-3),변화와 관계,일차함수와 그 그래프,m1_func_unit__contains__m1_func_linear_graph,intra_unit,m1_func_unit,일차함수와 그 그래프,일차함수와 그 그래프,m1_func_linear_graph,일차함수의 그래프,일차함수와 그 그래프,contains,high,3,"curriculum_math_2022: printed p. 35; [9수02-15]; achievement_standard; 일차함수의 개념을 이해하고 그 그래프를 그리는 성취기준 | curriculum_math_2022: printed p. 36; terms usable in teaching and learning situations; instructional_term_list; 식의 값, 좌변, 우변, 양변, 이차식, 전개식, 연립일차방정식, 소거, 가감법, 대입법, 함수의 그래프 등은 교수·학습 상황에서 사용할 수 있음 | achievement_math_2022: 일차함수와 그 그래프 section; [9수02-15] achievement levels; achievement_level; 일차함수인지 판단하고 기울기, x절편, y절편, 평행이동 등을 이용하여 그래프를 그리는 수행 수준을 구분",,structure_ref;textbook_page_refs,Find textbook structure evidence for the containment relation.,pending_textbook_pdf,,,,,,,,,,
7,중1(교육과정 학년군: 중1-3),변화와 관계,일차함수와 그 그래프,m1_func_unit__contains__m1_func_problem_solving,intra_unit,m1_func_unit,일차함수와 그 그래프,일차함수와 그 그래프,m1_func_problem_solving,일차함수 활용 문제 해결,일차함수와 그 그래프,contains,high,2,"curriculum_math_2022: printed p. 35; [9수02-16]; achievement_standard; 일차함수의 그래프의 성질을 이해하고 활용하는 성취기준 | achievement_math_2022: 일차함수와 그 그래프 section; [9수02-16] achievement levels; achievement_level; 일차함수의 그래프의 성질 이해, 그래프의 식 구하기, 기울기 부호 판단 수준을 구분",,structure_ref;textbook_page_refs,Find textbook structure evidence for the containment relation.,pending_textbook_pdf,,,,,,,,,,
7,중1(교육과정 학년군: 중1-3),변화와 관계,일차함수와 그 그래프,m1_func_unit__contains__m1_func_tech_tool_graph,intra_unit,m1_func_unit,일차함수와 그 그래프,일차함수와 그 그래프,m1_func_tech_tool_graph,공학 도구로 함수 그래프 탐구하기,일차함수와 그 그래프,contains,medium,2,"curriculum_math_2022: printed p. 36; achievement-standard considerations; teaching_note; 함수의 개념은 한 양이 변함에 따라 다른 양이 하나씩 정해지는 두 양 사이의 대응 관계로 도입하고, 공학 도구로 함수의 그래프와 성질을 탐구하게 함 | achievement_math_2022: 일차함수와 그 그래프 section; [9수02-15] achievement levels; achievement_level; 일차함수인지 판단하고 기울기, x절편, y절편, 평행이동 등을 이용하여 그래프를 그리는 수행 수준을 구분",,structure_ref;textbook_page_refs,Find textbook structure evidence for the containment relation.,pending_textbook_pdf,,,,,,,,,,
7,중1(교육과정 학년군: 중1-3),변화와 관계,일차함수와 그 그래프,m1_func_unit__contains__m1_func_value,intra_unit,m1_func_unit,일차함수와 그 그래프,일차함수와 그 그래프,m1_func_value,함숫값,일차함수와 그 그래프,contains,high,3,"curriculum_math_2022: printed p. 35; [9수02-14]; achievement_standard; 함수의 개념을 이해하고 함숫값을 구하는 성취기준 | curriculum_math_2022: printed p. 36; terms and symbols for 변화와 관계; term_list; 대입, 다항식, 항, 단항식, 상수항, 계수, 차수, 일차식, 동류항, 등식, 방정식, 미지수, 해, 근, 항등식, 이항, 일차방정식, 변수, 좌표, 그래프, 인수, 인수분해, 완전제곱식, 이차방정식, 중근, 근의 공식, 이차함수, 포물선, 축, 꼭짓점, 최댓값, 최솟값 등을 다룸 | achievement_math_2022: 일차함수와 그 그래프 section; [9수02-14] achievement levels; achievement_level; 두 양 사이의 관계가 함수인지 판단하고 함숫값을 구하는 수행 수준을 구분",,structure_ref;textbook_page_refs,Find textbook structure evidence for the containment relation.,pending_textbook_pdf,,,,,,,,,,
7,중1(교육과정 학년군: 중1-3),변화와 관계,일차함수와 그 그래프,m1_func_correspondence__prerequisite_for__m1_func_function,intra_unit,m1_func_correspondence,대응 관계,일차함수와 그 그래프,m1_func_function,함수,일차함수와 그 그래프,prerequisite_for,high,4,"curriculum_math_2022: printed p. 35; [9수02-14]; achievement_standard; 함수의 개념을 이해하고 함숫값을 구하는 성취기준 | curriculum_math_2022: printed p. 36; achievement-standard considerations; teaching_note; 함수의 개념은 한 양이 변함에 따라 다른 양이 하나씩 정해지는 두 양 사이의 대응 관계로 도입하고, 공학 도구로 함수의 그래프와 성질을 탐구하게 함 | curriculum_math_2022: printed p. 36; terms and symbols for 변화와 관계; term_list; 대입, 다항식, 항, 단항식, 상수항, 계수, 차수, 일차식, 동류항, 등식, 방정식, 미지수, 해, 근, 항등식, 이항, 일차방정식, 변수, 좌표, 그래프, 인수, 인수분해, 완전제곱식, 이차방정식, 중근, 근의 공식, 이차함수, 포물선, 축, 꼭짓점, 최댓값, 최솟값 등을 다룸 | achievement_math_2022: 일차함수와 그 그래프 section; [9수02-14] achievement levels; achievement_level; 두 양 사이의 관계가 함수인지 판단하고 함숫값을 구하는 수행 수준을 구분",,prerequisite_ref;textbook_page_refs,Find textbook sequencing or prior-knowledge evidence for the prerequisite relation.,pending_textbook_pdf,,,,,,,,,,
7,중1(교육과정 학년군: 중1-3),변화와 관계,일차함수와 그 그래프,m1_func_correspondence__prerequisite_for__m1_func_function_judgement,intra_unit,m1_func_correspondence,대응 관계,일차함수와 그 그래프,m1_func_function_judgement,함수인지 판단하기,일차함수와 그 그래프,prerequisite_for,high,2,curriculum_math_2022: printed p. 35; [9수02-14]; achievement_standard; 함수의 개념을 이해하고 함숫값을 구하는 성취기준 | achievement_math_2022: 일차함수와 그 그래프 section; [9수02-14] achievement levels; achievement_level; 두 양 사이의 관계가 함수인지 판단하고 함숫값을 구하는 수행 수준을 구분,,prerequisite_ref;textbook_page_refs,Find textbook sequencing or prior-knowledge evidence for the prerequisite relation.,pending_textbook_pdf,,,,,,,,,,
7,중1(교육과정 학년군: 중1-3),변화와 관계,일차함수와 그 그래프,m1_func_correspondence__prerequisite_for__m1_func_unique_correspondence,intra_unit,m1_func_correspondence,대응 관계,일차함수와 그 그래프,m1_func_unique_correspondence,하나씩 정해지는 대응,일차함수와 그 그래프,prerequisite_for,high,2,"curriculum_math_2022: printed p. 36; achievement-standard considerations; teaching_note; 함수의 개념은 한 양이 변함에 따라 다른 양이 하나씩 정해지는 두 양 사이의 대응 관계로 도입하고, 공학 도구로 함수의 그래프와 성질을 탐구하게 함 | achievement_math_2022: 일차함수와 그 그래프 section; [9수02-14] achievement levels; achievement_level; 두 양 사이의 관계가 함수인지 판단하고 함숫값을 구하는 수행 수준을 구분",대응 관계를 바탕으로 하나씩 정해지는 함수 조건을 판단한다.,prerequisite_ref;textbook_page_refs,Find textbook sequencing or prior-knowledge evidence for the prerequisite relation.,pending_textbook_pdf,,,,,,,,,,
7,중1(교육과정 학년군: 중1-3),변화와 관계,일차함수와 그 그래프,m1_func_function__prerequisite_for__m1_func_function_judgement,intra_unit,m1_func_function,함수,일차함수와 그 그래프,m1_func_function_judgement,함수인지 판단하기,일차함수와 그 그래프,prerequisite_for,high,2,curriculum_math_2022: printed p. 35; [9수02-14]; achievement_standard; 함수의 개념을 이해하고 함숫값을 구하는 성취기준 | achievement_math_2022: 일차함수와 그 그래프 section; [9수02-14] achievement levels; achievement_level; 두 양 사이의 관계가 함수인지 판단하고 함숫값을 구하는 수행 수준을 구분,,prerequisite_ref;textbook_page_refs,Find textbook sequencing or prior-knowledge evidence for the prerequisite relation.,pending_textbook_pdf,,,,,,,,,,
7,중1(교육과정 학년군: 중1-3),변화와 관계,일차함수와 그 그래프,m1_func_function__prerequisite_for__m1_func_linear_function,intra_unit,m1_func_function,함수,일차함수와 그 그래프,m1_func_linear_function,일차함수,일차함수와 그 그래프,prerequisite_for,high,3,"curriculum_math_2022: printed p. 35; [9수02-15]; achievement_standard; 일차함수의 개념을 이해하고 그 그래프를 그리는 성취기준 | curriculum_math_2022: printed p. 36; terms and symbols for 변화와 관계; term_list; 대입, 다항식, 항, 단항식, 상수항, 계수, 차수, 일차식, 동류항, 등식, 방정식, 미지수, 해, 근, 항등식, 이항, 일차방정식, 변수, 좌표, 그래프, 인수, 인수분해, 완전제곱식, 이차방정식, 중근, 근의 공식, 이차함수, 포물선, 축, 꼭짓점, 최댓값, 최솟값 등을 다룸 | achievement_math_2022: 일차함수와 그 그래프 section; [9수02-15] achievement levels; achievement_level; 일차함수인지 판단하고 기울기, x절편, y절편, 평행이동 등을 이용하여 그래프를 그리는 수행 수준을 구분",,prerequisite_ref;textbook_page_refs,Find textbook sequencing or prior-knowledge evidence for the prerequisite relation.,pending_textbook_pdf,,,,,,,,,,
7,중1(교육과정 학년군: 중1-3),변화와 관계,일차함수와 그 그래프,m1_func_function__prerequisite_for__m1_func_value,intra_unit,m1_func_function,함수,일차함수와 그 그래프,m1_func_value,함숫값,일차함수와 그 그래프,prerequisite_for,high,3,"curriculum_math_2022: printed p. 35; [9수02-14]; achievement_standard; 함수의 개념을 이해하고 함숫값을 구하는 성취기준 | curriculum_math_2022: printed p. 36; terms and symbols for 변화와 관계; term_list; 대입, 다항식, 항, 단항식, 상수항, 계수, 차수, 일차식, 동류항, 등식, 방정식, 미지수, 해, 근, 항등식, 이항, 일차방정식, 변수, 좌표, 그래프, 인수, 인수분해, 완전제곱식, 이차방정식, 중근, 근의 공식, 이차함수, 포물선, 축, 꼭짓점, 최댓값, 최솟값 등을 다룸 | achievement_math_2022: 일차함수와 그 그래프 section; [9수02-14] achievement levels; achievement_level; 두 양 사이의 관계가 함수인지 판단하고 함숫값을 구하는 수행 수준을 구분",,prerequisite_ref;textbook_page_refs,Find textbook sequencing or prior-knowledge evidence for the prerequisite relation.,pending_textbook_pdf,,,,,,,,,,
7,중1(교육과정 학년군: 중1-3),변화와 관계,일차함수와 그 그래프,m1_func_graph_properties__prerequisite_for__m1_func_find_graph_equation,intra_unit,m1_func_graph_properties,일차함수의 그래프의 성질,일차함수와 그 그래프,m1_func_find_graph_equation,일차함수 그래프의 식 구하기,일차함수와 그 그래프,prerequisite_for,high,2,"curriculum_math_2022: printed p. 35; [9수02-16]; achievement_standard; 일차함수의 그래프의 성질을 이해하고 활용하는 성취기준 | achievement_math_2022: 일차함수와 그 그래프 section; [9수02-16] achievement levels; achievement_level; 일차함수의 그래프의 성질 이해, 그래프의 식 구하기, 기울기 부호 판단 수준을 구분",,prerequisite_ref;textbook_page_refs,Find textbook sequencing or prior-knowledge evidence for the prerequisite relation.,pending_textbook_pdf,,,,,,,,,,
7,중1(교육과정 학년군: 중1-3),변화와 관계,일차함수와 그 그래프,m1_func_graph_properties__prerequisite_for__m1_func_problem_solving,intra_unit,m1_func_graph_properties,일차함수의 그래프의 성질,일차함수와 그 그래프,m1_func_problem_solving,일차함수 활용 문제 해결,일차함수와 그 그래프,prerequisite_for,high,2,"curriculum_math_2022: printed p. 35; [9수02-16]; achievement_standard; 일차함수의 그래프의 성질을 이해하고 활용하는 성취기준 | achievement_math_2022: 일차함수와 그 그래프 section; [9수02-16] achievement levels; achievement_level; 일차함수의 그래프의 성질 이해, 그래프의 식 구하기, 기울기 부호 판단 수준을 구분",,prerequisite_ref;textbook_page_refs,Find textbook sequencing or prior-knowledge evidence for the prerequisite relation.,pending_textbook_pdf,,,,,,,,,,
7,중1(교육과정 학년군: 중1-3),변화와 관계,일차함수와 그 그래프,m1_func_linear_formula__prerequisite_for__m1_func_find_graph_equation,intra_unit,m1_func_linear_formula,일차함수의 식,일차함수와 그 그래프,m1_func_find_graph_equation,일차함수 그래프의 식 구하기,일차함수와 그 그래프,prerequisite_for,high,2,"curriculum_math_2022: printed p. 35; [9수02-16]; achievement_standard; 일차함수의 그래프의 성질을 이해하고 활용하는 성취기준 | achievement_math_2022: 일차함수와 그 그래프 section; [9수02-16] achievement levels; achievement_level; 일차함수의 그래프의 성질 이해, 그래프의 식 구하기, 기울기 부호 판단 수준을 구분",,prerequisite_ref;textbook_page_refs,Find textbook sequencing or prior-knowledge evidence for the prerequisite relation.,pending_textbook_pdf,,,,,,,,,,
7,중1(교육과정 학년군: 중1-3),변화와 관계,일차함수와 그 그래프,m1_func_linear_function__prerequisite_for__m1_func_linear_formula,intra_unit,m1_func_linear_function,일차함수,일차함수와 그 그래프,m1_func_linear_formula,일차함수의 식,일차함수와 그 그래프,prerequisite_for,high,2,"curriculum_math_2022: printed p. 35; [9수02-15]; achievement_standard; 일차함수의 개념을 이해하고 그 그래프를 그리는 성취기준 | achievement_math_2022: 일차함수와 그 그래프 section; [9수02-15] achievement levels; achievement_level; 일차함수인지 판단하고 기울기, x절편, y절편, 평행이동 등을 이용하여 그래프를 그리는 수행 수준을 구분",,prerequisite_ref;textbook_page_refs,Find textbook sequencing or prior-knowledge evidence for the prerequisite relation.,pending_textbook_pdf,,,,,,,,,,
7,중1(교육과정 학년군: 중1-3),변화와 관계,일차함수와 그 그래프,m1_func_linear_function__prerequisite_for__m1_func_linear_graph,intra_unit,m1_func_linear_function,일차함수,일차함수와 그 그래프,m1_func_linear_graph,일차함수의 그래프,일차함수와 그 그래프,prerequisite_for,high,3,"curriculum_math_2022: printed p. 35; [9수02-15]; achievement_standard; 일차함수의 개념을 이해하고 그 그래프를 그리는 성취기준 | curriculum_math_2022: printed p. 36; terms usable in teaching and learning situations; instructional_term_list; 식의 값, 좌변, 우변, 양변, 이차식, 전개식, 연립일차방정식, 소거, 가감법, 대입법, 함수의 그래프 등은 교수·학습 상황에서 사용할 수 있음 | achievement_math_2022: 일차함수와 그 그래프 section; [9수02-15] achievement levels; achievement_level; 일차함수인지 판단하고 기울기, x절편, y절편, 평행이동 등을 이용하여 그래프를 그리는 수행 수준을 구분",,prerequisite_ref;textbook_page_refs,Find textbook sequencing or prior-knowledge evidence for the prerequisite relation.,pending_textbook_pdf,,,,,,,,,,
7,중1(교육과정 학년군: 중1-3),변화와 관계,일차함수와 그 그래프,m1_func_linear_function__prerequisite_for__m1_func_y_ax_graph,intra_unit,m1_func_linear_function,일차함수,일차함수와 그 그래프,m1_func_y_ax_graph,일차함수 y=ax의 그래프,일차함수와 그 그래프,prerequisite_for,medium,1,"achievement_math_2022: 일차함수와 그 그래프 section; [9수02-15] achievement levels; achievement_level; 일차함수인지 판단하고 기울기, x절편, y절편, 평행이동 등을 이용하여 그래프를 그리는 수행 수준을 구분",,prerequisite_ref;textbook_page_refs,Find textbook sequencing or prior-knowledge evidence for the prerequisite relation.,pending_textbook_pdf,,,,,,,,,,
7,중1(교육과정 학년군: 중1-3),변화와 관계,일차함수와 그 그래프,m1_func_linear_graph__prerequisite_for__m1_func_graph_drawing,intra_unit,m1_func_linear_graph,일차함수의 그래프,일차함수와 그 그래프,m1_func_graph_drawing,일차함수 그래프 그리기,일차함수와 그 그래프,prerequisite_for,high,2,"curriculum_math_2022: printed p. 35; [9수02-15]; achievement_standard; 일차함수의 개념을 이해하고 그 그래프를 그리는 성취기준 | achievement_math_2022: 일차함수와 그 그래프 section; [9수02-15] achievement levels; achievement_level; 일차함수인지 판단하고 기울기, x절편, y절편, 평행이동 등을 이용하여 그래프를 그리는 수행 수준을 구분",,prerequisite_ref;textbook_page_refs,Find textbook sequencing or prior-knowledge evidence for the prerequisite relation.,pending_textbook_pdf,,,,,,,,,,
7,중1(교육과정 학년군: 중1-3),변화와 관계,일차함수와 그 그래프,m1_func_linear_graph__prerequisite_for__m1_func_graph_properties,intra_unit,m1_func_linear_graph,일차함수의 그래프,일차함수와 그 그래프,m1_func_graph_properties,일차함수의 그래프의 성질,일차함수와 그 그래프,prerequisite_for,high,2,"curriculum_math_2022: printed p. 35; [9수02-16]; achievement_standard; 일차함수의 그래프의 성질을 이해하고 활용하는 성취기준 | achievement_math_2022: 일차함수와 그 그래프 section; [9수02-16] achievement levels; achievement_level; 일차함수의 그래프의 성질 이해, 그래프의 식 구하기, 기울기 부호 판단 수준을 구분",,prerequisite_ref;textbook_page_refs,Find textbook sequencing or prior-knowledge evidence for the prerequisite relation.,pending_textbook_pdf,,,,,,,,,,
7,중1(교육과정 학년군: 중1-3),변화와 관계,일차함수와 그 그래프,m1_func_linear_graph__prerequisite_for__m1_func_parallel_translation,intra_unit,m1_func_linear_graph,일차함수의 그래프,일차함수와 그 그래프,m1_func_parallel_translation,평행이동,일차함수와 그 그래프,prerequisite_for,high,2,"curriculum_math_2022: printed p. 36; terms and symbols for 변화와 관계; term_list; 대입, 다항식, 항, 단항식, 상수항, 계수, 차수, 일차식, 동류항, 등식, 방정식, 미지수, 해, 근, 항등식, 이항, 일차방정식, 변수, 좌표, 그래프, 인수, 인수분해, 완전제곱식, 이차방정식, 중근, 근의 공식, 이차함수, 포물선, 축, 꼭짓점, 최댓값, 최솟값 등을 다룸 | achievement_math_2022: 일차함수와 그 그래프 section; [9수02-15] achievement levels; achievement_level; 일차함수인지 판단하고 기울기, x절편, y절편, 평행이동 등을 이용하여 그래프를 그리는 수행 수준을 구분",,prerequisite_ref;textbook_page_refs,Find textbook sequencing or prior-knowledge evidence for the prerequisite relation.,pending_textbook_pdf,,,,,,,,,,
7,중1(교육과정 학년군: 중1-3),변화와 관계,일차함수와 그 그래프,m1_func_linear_graph__prerequisite_for__m1_func_slope,intra_unit,m1_func_linear_graph,일차함수의 그래프,일차함수와 그 그래프,m1_func_slope,기울기,일차함수와 그 그래프,prerequisite_for,high,3,"curriculum_math_2022: printed p. 36; terms and symbols for 변화와 관계; term_list; 대입, 다항식, 항, 단항식, 상수항, 계수, 차수, 일차식, 동류항, 등식, 방정식, 미지수, 해, 근, 항등식, 이항, 일차방정식, 변수, 좌표, 그래프, 인수, 인수분해, 완전제곱식, 이차방정식, 중근, 근의 공식, 이차함수, 포물선, 축, 꼭짓점, 최댓값, 최솟값 등을 다룸 | achievement_math_2022: 일차함수와 그 그래프 section; [9수02-15] achievement levels; achievement_level; 일차함수인지 판단하고 기울기, x절편, y절편, 평행이동 등을 이용하여 그래프를 그리는 수행 수준을 구분 | achievement_math_2022: 일차함수와 그 그래프 section; [9수02-16] achievement levels; achievement_level; 일차함수의 그래프의 성질 이해, 그래프의 식 구하기, 기울기 부호 판단 수준을 구분",,prerequisite_ref;textbook_page_refs,Find textbook sequencing or prior-knowledge evidence for the prerequisite relation.,pending_textbook_pdf,,,,,,,,,,
7,중1(교육과정 학년군: 중1-3),변화와 관계,일차함수와 그 그래프,m1_func_linear_graph__prerequisite_for__m1_func_tech_tool_graph,intra_unit,m1_func_linear_graph,일차함수의 그래프,일차함수와 그 그래프,m1_func_tech_tool_graph,공학 도구로 함수 그래프 탐구하기,일차함수와 그 그래프,prerequisite_for,medium,2,"curriculum_math_2022: printed p. 36; achievement-standard considerations; teaching_note; 함수의 개념은 한 양이 변함에 따라 다른 양이 하나씩 정해지는 두 양 사이의 대응 관계로 도입하고, 공학 도구로 함수의 그래프와 성질을 탐구하게 함 | achievement_math_2022: 일차함수와 그 그래프 section; [9수02-15] achievement levels; achievement_level; 일차함수인지 판단하고 기울기, x절편, y절편, 평행이동 등을 이용하여 그래프를 그리는 수행 수준을 구분",,prerequisite_ref;textbook_page_refs,Find textbook sequencing or prior-knowledge evidence for the prerequisite relation.,pending_textbook_pdf,,,,,,,,,,
7,중1(교육과정 학년군: 중1-3),변화와 관계,일차함수와 그 그래프,m1_func_linear_graph__prerequisite_for__m1_func_x_intercept,intra_unit,m1_func_linear_graph,일차함수의 그래프,일차함수와 그 그래프,m1_func_x_intercept,x절편,일차함수와 그 그래프,prerequisite_for,high,2,"curriculum_math_2022: printed p. 36; terms and symbols for 변화와 관계; term_list; 대입, 다항식, 항, 단항식, 상수항, 계수, 차수, 일차식, 동류항, 등식, 방정식, 미지수, 해, 근, 항등식, 이항, 일차방정식, 변수, 좌표, 그래프, 인수, 인수분해, 완전제곱식, 이차방정식, 중근, 근의 공식, 이차함수, 포물선, 축, 꼭짓점, 최댓값, 최솟값 등을 다룸 | achievement_math_2022: 일차함수와 그 그래프 section; [9수02-15] achievement levels; achievement_level; 일차함수인지 판단하고 기울기, x절편, y절편, 평행이동 등을 이용하여 그래프를 그리는 수행 수준을 구분",,prerequisite_ref;textbook_page_refs,Find textbook sequencing or prior-knowledge evidence for the prerequisite relation.,pending_textbook_pdf,,,,,,,,,,
7,중1(교육과정 학년군: 중1-3),변화와 관계,일차함수와 그 그래프,m1_func_linear_graph__prerequisite_for__m1_func_y_intercept,intra_unit,m1_func_linear_graph,일차함수의 그래프,일차함수와 그 그래프,m1_func_y_intercept,y절편,일차함수와 그 그래프,prerequisite_for,high,3,"curriculum_math_2022: printed p. 36; terms and symbols for 변화와 관계; term_list; 대입, 다항식, 항, 단항식, 상수항, 계수, 차수, 일차식, 동류항, 등식, 방정식, 미지수, 해, 근, 항등식, 이항, 일차방정식, 변수, 좌표, 그래프, 인수, 인수분해, 완전제곱식, 이차방정식, 중근, 근의 공식, 이차함수, 포물선, 축, 꼭짓점, 최댓값, 최솟값 등을 다룸 | achievement_math_2022: 일차함수와 그 그래프 section; [9수02-15] achievement levels; achievement_level; 일차함수인지 판단하고 기울기, x절편, y절편, 평행이동 등을 이용하여 그래프를 그리는 수행 수준을 구분 | achievement_math_2022: 일차함수와 그 그래프 section; [9수02-16] achievement levels; achievement_level; 일차함수의 그래프의 성질 이해, 그래프의 식 구하기, 기울기 부호 판단 수준을 구분",,prerequisite_ref;textbook_page_refs,Find textbook sequencing or prior-knowledge evidence for the prerequisite relation.,pending_textbook_pdf,,,,,,,,,,
7,중1(교육과정 학년군: 중1-3),변화와 관계,일차함수와 그 그래프,m1_func_parallel_translation__prerequisite_for__m1_func_y_ax_b_graph,intra_unit,m1_func_parallel_translation,평행이동,일차함수와 그 그래프,m1_func_y_ax_b_graph,일차함수 y=ax+b의 그래프,일차함수와 그 그래프,prerequisite_for,medium,1,"achievement_math_2022: 일차함수와 그 그래프 section; [9수02-15] achievement levels; achievement_level; 일차함수인지 판단하고 기울기, x절편, y절편, 평행이동 등을 이용하여 그래프를 그리는 수행 수준을 구분",,prerequisite_ref;textbook_page_refs,Find textbook sequencing or prior-knowledge evidence for the prerequisite relation.,pending_textbook_pdf,,,,,,,,,,
7,중1(교육과정 학년군: 중1-3),변화와 관계,일차함수와 그 그래프,m1_func_slope__prerequisite_for__m1_func_slope_sign,intra_unit,m1_func_slope,기울기,일차함수와 그 그래프,m1_func_slope_sign,기울기의 부호,일차함수와 그 그래프,prerequisite_for,high,1,"achievement_math_2022: 일차함수와 그 그래프 section; [9수02-16] achievement levels; achievement_level; 일차함수의 그래프의 성질 이해, 그래프의 식 구하기, 기울기 부호 판단 수준을 구분",,prerequisite_ref;textbook_page_refs,Find textbook sequencing or prior-knowledge evidence for the prerequisite relation.,pending_textbook_pdf,,,,,,,,,,
7,중1(교육과정 학년군: 중1-3),변화와 관계,일차함수와 그 그래프,m1_func_two_quantity_relation__prerequisite_for__m1_func_correspondence,intra_unit,m1_func_two_quantity_relation,두 양 사이의 관계,일차함수와 그 그래프,m1_func_correspondence,대응 관계,일차함수와 그 그래프,prerequisite_for,high,2,"curriculum_math_2022: printed p. 36; achievement-standard considerations; teaching_note; 함수의 개념은 한 양이 변함에 따라 다른 양이 하나씩 정해지는 두 양 사이의 대응 관계로 도입하고, 공학 도구로 함수의 그래프와 성질을 탐구하게 함 | achievement_math_2022: 일차함수와 그 그래프 section; [9수02-14] achievement levels; achievement_level; 두 양 사이의 관계가 함수인지 판단하고 함숫값을 구하는 수행 수준을 구분",,prerequisite_ref;textbook_page_refs,Find textbook sequencing or prior-knowledge evidence for the prerequisite relation.,pending_textbook_pdf,,,,,,,,,,
7,중1(교육과정 학년군: 중1-3),변화와 관계,일차함수와 그 그래프,m1_func_two_quantity_relation__prerequisite_for__m1_func_function,intra_unit,m1_func_two_quantity_relation,두 양 사이의 관계,일차함수와 그 그래프,m1_func_function,함수,일차함수와 그 그래프,prerequisite_for,high,4,"curriculum_math_2022: printed p. 35; [9수02-14]; achievement_standard; 함수의 개념을 이해하고 함숫값을 구하는 성취기준 | curriculum_math_2022: printed p. 36; achievement-standard considerations; teaching_note; 함수의 개념은 한 양이 변함에 따라 다른 양이 하나씩 정해지는 두 양 사이의 대응 관계로 도입하고, 공학 도구로 함수의 그래프와 성질을 탐구하게 함 | curriculum_math_2022: printed p. 36; terms and symbols for 변화와 관계; term_list; 대입, 다항식, 항, 단항식, 상수항, 계수, 차수, 일차식, 동류항, 등식, 방정식, 미지수, 해, 근, 항등식, 이항, 일차방정식, 변수, 좌표, 그래프, 인수, 인수분해, 완전제곱식, 이차방정식, 중근, 근의 공식, 이차함수, 포물선, 축, 꼭짓점, 최댓값, 최솟값 등을 다룸 | achievement_math_2022: 일차함수와 그 그래프 section; [9수02-14] achievement levels; achievement_level; 두 양 사이의 관계가 함수인지 판단하고 함숫값을 구하는 수행 수준을 구분",,prerequisite_ref;textbook_page_refs,Find textbook sequencing or prior-knowledge evidence for the prerequisite relation.,pending_textbook_pdf,,,,,,,,,,
7,중1(교육과정 학년군: 중1-3),변화와 관계,일차함수와 그 그래프,m1_func_y_ax_graph__prerequisite_for__m1_func_y_ax_b_graph,intra_unit,m1_func_y_ax_graph,일차함수 y=ax의 그래프,일차함수와 그 그래프,m1_func_y_ax_b_graph,일차함수 y=ax+b의 그래프,일차함수와 그 그래프,prerequisite_for,medium,1,"achievement_math_2022: 일차함수와 그 그래프 section; [9수02-15] achievement levels; achievement_level; 일차함수인지 판단하고 기울기, x절편, y절편, 평행이동 등을 이용하여 그래프를 그리는 수행 수준을 구분",,prerequisite_ref;textbook_page_refs,Find textbook sequencing or prior-knowledge evidence for the prerequisite relation.,pending_textbook_pdf,,,,,,,,,,
7,중1(교육과정 학년군: 중1-3),변화와 관계,일차함수와 그 그래프,m1_func_linear_formula__represented_by__m1_func_linear_graph,intra_unit,m1_func_linear_formula,일차함수의 식,일차함수와 그 그래프,m1_func_linear_graph,일차함수의 그래프,일차함수와 그 그래프,represented_by,medium,2,"curriculum_math_2022: printed p. 35; [9수02-15]; achievement_standard; 일차함수의 개념을 이해하고 그 그래프를 그리는 성취기준 | achievement_math_2022: 일차함수와 그 그래프 section; [9수02-15] achievement levels; achievement_level; 일차함수인지 판단하고 기울기, x절편, y절편, 평행이동 등을 이용하여 그래프를 그리는 수행 수준을 구분",A linear-function formula is represented by its graph.,representation_ref;textbook_page_refs,"Find textbook representation evidence such as a table, graph, expression, or diagram.",pending_textbook_pdf,,,,,,,,,,
7,중1(교육과정 학년군: 중1-3),변화와 관계,일차함수와 그 그래프,m1_func_linear_formula__represented_by__m1_func_y_ax_b_graph,intra_unit,m1_func_linear_formula,일차함수의 식,일차함수와 그 그래프,m1_func_y_ax_b_graph,일차함수 y=ax+b의 그래프,일차함수와 그 그래프,represented_by,medium,2,"curriculum_math_2022: printed p. 35; [9수02-15]; achievement_standard; 일차함수의 개념을 이해하고 그 그래프를 그리는 성취기준 | achievement_math_2022: 일차함수와 그 그래프 section; [9수02-15] achievement levels; achievement_level; 일차함수인지 판단하고 기울기, x절편, y절편, 평행이동 등을 이용하여 그래프를 그리는 수행 수준을 구분",The formula y=ax+b is represented by its corresponding linear graph.,representation_ref;textbook_page_refs,"Find textbook representation evidence such as a table, graph, expression, or diagram.",pending_textbook_pdf,,,,,,,,,,
7,중1(교육과정 학년군: 중1-3),변화와 관계,일차함수와 그 그래프,m1_func_linear_formula__represented_by__m1_func_y_ax_graph,intra_unit,m1_func_linear_formula,일차함수의 식,일차함수와 그 그래프,m1_func_y_ax_graph,일차함수 y=ax의 그래프,일차함수와 그 그래프,represented_by,medium,2,"curriculum_math_2022: printed p. 35; [9수02-15]; achievement_standard; 일차함수의 개념을 이해하고 그 그래프를 그리는 성취기준 | achievement_math_2022: 일차함수와 그 그래프 section; [9수02-15] achievement levels; achievement_level; 일차함수인지 판단하고 기울기, x절편, y절편, 평행이동 등을 이용하여 그래프를 그리는 수행 수준을 구분",The formula y=ax is represented by its corresponding linear graph.,representation_ref;textbook_page_refs,"Find textbook representation evidence such as a table, graph, expression, or diagram.",pending_textbook_pdf,,,,,,,,,,
7,중1(교육과정 학년군: 중1-3),변화와 관계,일차함수와 그 그래프,m1_func_linear_function__represented_by__m1_func_linear_formula,intra_unit,m1_func_linear_function,일차함수,일차함수와 그 그래프,m1_func_linear_formula,일차함수의 식,일차함수와 그 그래프,represented_by,high,2,"curriculum_math_2022: printed p. 35; [9수02-15]; achievement_standard; 일차함수의 개념을 이해하고 그 그래프를 그리는 성취기준 | achievement_math_2022: 일차함수와 그 그래프 section; [9수02-15] achievement levels; achievement_level; 일차함수인지 판단하고 기울기, x절편, y절편, 평행이동 등을 이용하여 그래프를 그리는 수행 수준을 구분",,representation_ref;textbook_page_refs,"Find textbook representation evidence such as a table, graph, expression, or diagram.",pending_textbook_pdf,,,,,,,,,,
7,중1(교육과정 학년군: 중1-3),변화와 관계,일차함수와 그 그래프,m1_func_linear_function__represented_by__m1_func_linear_graph,intra_unit,m1_func_linear_function,일차함수,일차함수와 그 그래프,m1_func_linear_graph,일차함수의 그래프,일차함수와 그 그래프,represented_by,high,2,"curriculum_math_2022: printed p. 35; [9수02-15]; achievement_standard; 일차함수의 개념을 이해하고 그 그래프를 그리는 성취기준 | achievement_math_2022: 일차함수와 그 그래프 section; [9수02-15] achievement levels; achievement_level; 일차함수인지 판단하고 기울기, x절편, y절편, 평행이동 등을 이용하여 그래프를 그리는 수행 수준을 구분",,representation_ref;textbook_page_refs,"Find textbook representation evidence such as a table, graph, expression, or diagram.",pending_textbook_pdf,,,,,,,,,,
7,중1(교육과정 학년군: 중1-3),변화와 관계,일차함수와 그 그래프,m1_func_correspondence__used_in__m1_func_function_judgement,intra_unit,m1_func_correspondence,대응 관계,일차함수와 그 그래프,m1_func_function_judgement,함수인지 판단하기,일차함수와 그 그래프,used_in,high,3,"curriculum_math_2022: printed p. 35; [9수02-14]; achievement_standard; 함수의 개념을 이해하고 함숫값을 구하는 성취기준 | curriculum_math_2022: printed p. 36; achievement-standard considerations; teaching_note; 함수의 개념은 한 양이 변함에 따라 다른 양이 하나씩 정해지는 두 양 사이의 대응 관계로 도입하고, 공학 도구로 함수의 그래프와 성질을 탐구하게 함 | achievement_math_2022: 일차함수와 그 그래프 section; [9수02-14] achievement levels; achievement_level; 두 양 사이의 관계가 함수인지 판단하고 함숫값을 구하는 수행 수준을 구분",,procedure_ref;textbook_page_refs,"Find a worked example, procedure, or application where this source concept is used.",pending_textbook_pdf,,,,,,,,,,
7,중1(교육과정 학년군: 중1-3),변화와 관계,일차함수와 그 그래프,m1_func_find_graph_equation__used_in__m1_func_problem_solving,intra_unit,m1_func_find_graph_equation,일차함수 그래프의 식 구하기,일차함수와 그 그래프,m1_func_problem_solving,일차함수 활용 문제 해결,일차함수와 그 그래프,used_in,medium,2,"curriculum_math_2022: printed p. 35; [9수02-16]; achievement_standard; 일차함수의 그래프의 성질을 이해하고 활용하는 성취기준 | achievement_math_2022: 일차함수와 그 그래프 section; [9수02-16] achievement levels; achievement_level; 일차함수의 그래프의 성질 이해, 그래프의 식 구하기, 기울기 부호 판단 수준을 구분",Finding the graph equation is used in linear-function problem solving.,procedure_ref;textbook_page_refs,"Find a worked example, procedure, or application where this source concept is used.",pending_textbook_pdf,,,,,,,,,,
7,중1(교육과정 학년군: 중1-3),변화와 관계,일차함수와 그 그래프,m1_func_graph_properties__used_in__m1_func_find_graph_equation,intra_unit,m1_func_graph_properties,일차함수의 그래프의 성질,일차함수와 그 그래프,m1_func_find_graph_equation,일차함수 그래프의 식 구하기,일차함수와 그 그래프,used_in,high,2,"curriculum_math_2022: printed p. 35; [9수02-16]; achievement_standard; 일차함수의 그래프의 성질을 이해하고 활용하는 성취기준 | achievement_math_2022: 일차함수와 그 그래프 section; [9수02-16] achievement levels; achievement_level; 일차함수의 그래프의 성질 이해, 그래프의 식 구하기, 기울기 부호 판단 수준을 구분",,procedure_ref;textbook_page_refs,"Find a worked example, procedure, or application where this source concept is used.",pending_textbook_pdf,,,,,,,,,,
7,중1(교육과정 학년군: 중1-3),변화와 관계,일차함수와 그 그래프,m1_func_graph_properties__used_in__m1_func_problem_solving,intra_unit,m1_func_graph_properties,일차함수의 그래프의 성질,일차함수와 그 그래프,m1_func_problem_solving,일차함수 활용 문제 해결,일차함수와 그 그래프,used_in,high,2,"curriculum_math_2022: printed p. 35; [9수02-16]; achievement_standard; 일차함수의 그래프의 성질을 이해하고 활용하는 성취기준 | achievement_math_2022: 일차함수와 그 그래프 section; [9수02-16] achievement levels; achievement_level; 일차함수의 그래프의 성질 이해, 그래프의 식 구하기, 기울기 부호 판단 수준을 구분",,procedure_ref;textbook_page_refs,"Find a worked example, procedure, or application where this source concept is used.",pending_textbook_pdf,,,,,,,,,,
7,중1(교육과정 학년군: 중1-3),변화와 관계,일차함수와 그 그래프,m1_func_linear_graph__used_in__m1_func_graph_drawing,intra_unit,m1_func_linear_graph,일차함수의 그래프,일차함수와 그 그래프,m1_func_graph_drawing,일차함수 그래프 그리기,일차함수와 그 그래프,used_in,high,2,"curriculum_math_2022: printed p. 35; [9수02-15]; achievement_standard; 일차함수의 개념을 이해하고 그 그래프를 그리는 성취기준 | achievement_math_2022: 일차함수와 그 그래프 section; [9수02-15] achievement levels; achievement_level; 일차함수인지 판단하고 기울기, x절편, y절편, 평행이동 등을 이용하여 그래프를 그리는 수행 수준을 구분",,procedure_ref;textbook_page_refs,"Find a worked example, procedure, or application where this source concept is used.",pending_textbook_pdf,,,,,,,,,,
7,중1(교육과정 학년군: 중1-3),변화와 관계,일차함수와 그 그래프,m1_func_linear_graph__used_in__m1_func_graph_properties,intra_unit,m1_func_linear_graph,일차함수의 그래프,일차함수와 그 그래프,m1_func_graph_properties,일차함수의 그래프의 성질,일차함수와 그 그래프,used_in,high,2,"curriculum_math_2022: printed p. 35; [9수02-16]; achievement_standard; 일차함수의 그래프의 성질을 이해하고 활용하는 성취기준 | achievement_math_2022: 일차함수와 그 그래프 section; [9수02-16] achievement levels; achievement_level; 일차함수의 그래프의 성질 이해, 그래프의 식 구하기, 기울기 부호 판단 수준을 구분",,procedure_ref;textbook_page_refs,"Find a worked example, procedure, or application where this source concept is used.",pending_textbook_pdf,,,,,,,,,,
7,중1(교육과정 학년군: 중1-3),변화와 관계,일차함수와 그 그래프,m1_func_parallel_translation__used_in__m1_func_y_ax_b_graph,intra_unit,m1_func_parallel_translation,평행이동,일차함수와 그 그래프,m1_func_y_ax_b_graph,일차함수 y=ax+b의 그래프,일차함수와 그 그래프,used_in,medium,2,"curriculum_math_2022: printed p. 36; terms and symbols for 변화와 관계; term_list; 대입, 다항식, 항, 단항식, 상수항, 계수, 차수, 일차식, 동류항, 등식, 방정식, 미지수, 해, 근, 항등식, 이항, 일차방정식, 변수, 좌표, 그래프, 인수, 인수분해, 완전제곱식, 이차방정식, 중근, 근의 공식, 이차함수, 포물선, 축, 꼭짓점, 최댓값, 최솟값 등을 다룸 | achievement_math_2022: 일차함수와 그 그래프 section; [9수02-15] achievement levels; achievement_level; 일차함수인지 판단하고 기울기, x절편, y절편, 평행이동 등을 이용하여 그래프를 그리는 수행 수준을 구분",,procedure_ref;textbook_page_refs,"Find a worked example, procedure, or application where this source concept is used.",pending_textbook_pdf,,,,,,,,,,
7,중1(교육과정 학년군: 중1-3),변화와 관계,일차함수와 그 그래프,m1_func_slope__used_in__m1_func_find_graph_equation,intra_unit,m1_func_slope,기울기,일차함수와 그 그래프,m1_func_find_graph_equation,일차함수 그래프의 식 구하기,일차함수와 그 그래프,used_in,medium,2,"curriculum_math_2022: printed p. 35; [9수02-16]; achievement_standard; 일차함수의 그래프의 성질을 이해하고 활용하는 성취기준 | achievement_math_2022: 일차함수와 그 그래프 section; [9수02-16] achievement levels; achievement_level; 일차함수의 그래프의 성질 이해, 그래프의 식 구하기, 기울기 부호 판단 수준을 구분",Slope is used when finding a linear-function equation from its graph.,procedure_ref;textbook_page_refs,"Find a worked example, procedure, or application where this source concept is used.",pending_textbook_pdf,,,,,,,,,,
7,중1(교육과정 학년군: 중1-3),변화와 관계,일차함수와 그 그래프,m1_func_slope__used_in__m1_func_graph_drawing,intra_unit,m1_func_slope,기울기,일차함수와 그 그래프,m1_func_graph_drawing,일차함수 그래프 그리기,일차함수와 그 그래프,used_in,medium,2,"curriculum_math_2022: printed p. 35; [9수02-15]; achievement_standard; 일차함수의 개념을 이해하고 그 그래프를 그리는 성취기준 | achievement_math_2022: 일차함수와 그 그래프 section; [9수02-15] achievement levels; achievement_level; 일차함수인지 판단하고 기울기, x절편, y절편, 평행이동 등을 이용하여 그래프를 그리는 수행 수준을 구분",Slope is used to draw a linear-function graph.,procedure_ref;textbook_page_refs,"Find a worked example, procedure, or application where this source concept is used.",pending_textbook_pdf,,,,,,,,,,
7,중1(교육과정 학년군: 중1-3),변화와 관계,일차함수와 그 그래프,m1_func_slope_sign__used_in__m1_func_graph_drawing,intra_unit,m1_func_slope_sign,기울기의 부호,일차함수와 그 그래프,m1_func_graph_drawing,일차함수 그래프 그리기,일차함수와 그 그래프,used_in,medium,3,"curriculum_math_2022: printed p. 35; [9수02-15]; achievement_standard; 일차함수의 개념을 이해하고 그 그래프를 그리는 성취기준 | achievement_math_2022: 일차함수와 그 그래프 section; [9수02-15] achievement levels; achievement_level; 일차함수인지 판단하고 기울기, x절편, y절편, 평행이동 등을 이용하여 그래프를 그리는 수행 수준을 구분 | achievement_math_2022: 일차함수와 그 그래프 section; [9수02-16] achievement levels; achievement_level; 일차함수의 그래프의 성질 이해, 그래프의 식 구하기, 기울기 부호 판단 수준을 구분",기울기의 부호는 그래프가 증가 또는 감소하는 방향을 판단하며 그래프 그리기에 활용된다.,procedure_ref;textbook_page_refs,"Find a worked example, procedure, or application where this source concept is used.",pending_textbook_pdf,,,,,,,,,,
7,중1(교육과정 학년군: 중1-3),변화와 관계,일차함수와 그 그래프,m1_func_tech_tool_graph__used_in__m1_func_graph_properties,intra_unit,m1_func_tech_tool_graph,공학 도구로 함수 그래프 탐구하기,일차함수와 그 그래프,m1_func_graph_properties,일차함수의 그래프의 성질,일차함수와 그 그래프,used_in,medium,2,"curriculum_math_2022: printed p. 36; achievement-standard considerations; teaching_note; 함수의 개념은 한 양이 변함에 따라 다른 양이 하나씩 정해지는 두 양 사이의 대응 관계로 도입하고, 공학 도구로 함수의 그래프와 성질을 탐구하게 함 | achievement_math_2022: 일차함수와 그 그래프 section; [9수02-15] achievement levels; achievement_level; 일차함수인지 판단하고 기울기, x절편, y절편, 평행이동 등을 이용하여 그래프를 그리는 수행 수준을 구분",,procedure_ref;textbook_page_refs,"Find a worked example, procedure, or application where this source concept is used.",pending_textbook_pdf,,,,,,,,,,
7,중1(교육과정 학년군: 중1-3),변화와 관계,일차함수와 그 그래프,m1_func_two_quantity_relation__used_in__m1_func_correspondence,intra_unit,m1_func_two_quantity_relation,두 양 사이의 관계,일차함수와 그 그래프,m1_func_correspondence,대응 관계,일차함수와 그 그래프,used_in,high,2,"curriculum_math_2022: printed p. 36; achievement-standard considerations; teaching_note; 함수의 개념은 한 양이 변함에 따라 다른 양이 하나씩 정해지는 두 양 사이의 대응 관계로 도입하고, 공학 도구로 함수의 그래프와 성질을 탐구하게 함 | achievement_math_2022: 일차함수와 그 그래프 section; [9수02-14] achievement levels; achievement_level; 두 양 사이의 관계가 함수인지 판단하고 함숫값을 구하는 수행 수준을 구분",,procedure_ref;textbook_page_refs,"Find a worked example, procedure, or application where this source concept is used.",pending_textbook_pdf,,,,,,,,,,
7,중1(교육과정 학년군: 중1-3),변화와 관계,일차함수와 그 그래프,m1_func_two_quantity_relation__used_in__m1_func_function_judgement,intra_unit,m1_func_two_quantity_relation,두 양 사이의 관계,일차함수와 그 그래프,m1_func_function_judgement,함수인지 판단하기,일차함수와 그 그래프,used_in,medium,2,"curriculum_math_2022: printed p. 36; achievement-standard considerations; teaching_note; 함수의 개념은 한 양이 변함에 따라 다른 양이 하나씩 정해지는 두 양 사이의 대응 관계로 도입하고, 공학 도구로 함수의 그래프와 성질을 탐구하게 함 | achievement_math_2022: 일차함수와 그 그래프 section; [9수02-14] achievement levels; achievement_level; 두 양 사이의 관계가 함수인지 판단하고 함숫값을 구하는 수행 수준을 구분",Judging whether a relation is a function starts from a relation between two quantities.,procedure_ref;textbook_page_refs,"Find a worked example, procedure, or application where this source concept is used.",pending_textbook_pdf,,,,,,,,,,
7,중1(교육과정 학년군: 중1-3),변화와 관계,일차함수와 그 그래프,m1_func_unique_correspondence__used_in__m1_func_function_judgement,intra_unit,m1_func_unique_correspondence,하나씩 정해지는 대응,일차함수와 그 그래프,m1_func_function_judgement,함수인지 판단하기,일차함수와 그 그래프,used_in,high,3,"curriculum_math_2022: printed p. 35; [9수02-14]; achievement_standard; 함수의 개념을 이해하고 함숫값을 구하는 성취기준 | curriculum_math_2022: printed p. 36; achievement-standard considerations; teaching_note; 함수의 개념은 한 양이 변함에 따라 다른 양이 하나씩 정해지는 두 양 사이의 대응 관계로 도입하고, 공학 도구로 함수의 그래프와 성질을 탐구하게 함 | achievement_math_2022: 일차함수와 그 그래프 section; [9수02-14] achievement levels; achievement_level; 두 양 사이의 관계가 함수인지 판단하고 함숫값을 구하는 수행 수준을 구분",하나씩 정해지는 대응 조건은 함수인지 판단할 때 사용된다.,procedure_ref;textbook_page_refs,"Find a worked example, procedure, or application where this source concept is used.",pending_textbook_pdf,,,,,,,,,,
7,중1(교육과정 학년군: 중1-3),변화와 관계,일차함수와 그 그래프,m1_func_x_intercept__used_in__m1_func_graph_drawing,intra_unit,m1_func_x_intercept,x절편,일차함수와 그 그래프,m1_func_graph_drawing,일차함수 그래프 그리기,일차함수와 그 그래프,used_in,medium,2,"curriculum_math_2022: printed p. 36; terms and symbols for 변화와 관계; term_list; 대입, 다항식, 항, 단항식, 상수항, 계수, 차수, 일차식, 동류항, 등식, 방정식, 미지수, 해, 근, 항등식, 이항, 일차방정식, 변수, 좌표, 그래프, 인수, 인수분해, 완전제곱식, 이차방정식, 중근, 근의 공식, 이차함수, 포물선, 축, 꼭짓점, 최댓값, 최솟값 등을 다룸 | achievement_math_2022: 일차함수와 그 그래프 section; [9수02-15] achievement levels; achievement_level; 일차함수인지 판단하고 기울기, x절편, y절편, 평행이동 등을 이용하여 그래프를 그리는 수행 수준을 구분",The x-intercept can be used to draw or locate a linear-function graph.,procedure_ref;textbook_page_refs,"Find a worked example, procedure, or application where this source concept is used.",pending_textbook_pdf,,,,,,,,,,
7,중1(교육과정 학년군: 중1-3),변화와 관계,일차함수와 그 그래프,m1_func_y_intercept__used_in__m1_func_find_graph_equation,intra_unit,m1_func_y_intercept,y절편,일차함수와 그 그래프,m1_func_find_graph_equation,일차함수 그래프의 식 구하기,일차함수와 그 그래프,used_in,medium,2,"curriculum_math_2022: printed p. 35; [9수02-16]; achievement_standard; 일차함수의 그래프의 성질을 이해하고 활용하는 성취기준 | achievement_math_2022: 일차함수와 그 그래프 section; [9수02-16] achievement levels; achievement_level; 일차함수의 그래프의 성질 이해, 그래프의 식 구하기, 기울기 부호 판단 수준을 구분",The y-intercept is used when finding a linear-function equation from its graph.,procedure_ref;textbook_page_refs,"Find a worked example, procedure, or application where this source concept is used.",pending_textbook_pdf,,,,,,,,,,
7,중1(교육과정 학년군: 중1-3),변화와 관계,일차함수와 그 그래프,m1_func_y_intercept__used_in__m1_func_graph_drawing,intra_unit,m1_func_y_intercept,y절편,일차함수와 그 그래프,m1_func_graph_drawing,일차함수 그래프 그리기,일차함수와 그 그래프,used_in,medium,2,"curriculum_math_2022: printed p. 36; terms and symbols for 변화와 관계; term_list; 대입, 다항식, 항, 단항식, 상수항, 계수, 차수, 일차식, 동류항, 등식, 방정식, 미지수, 해, 근, 항등식, 이항, 일차방정식, 변수, 좌표, 그래프, 인수, 인수분해, 완전제곱식, 이차방정식, 중근, 근의 공식, 이차함수, 포물선, 축, 꼭짓점, 최댓값, 최솟값 등을 다룸 | achievement_math_2022: 일차함수와 그 그래프 section; [9수02-15] achievement levels; achievement_level; 일차함수인지 판단하고 기울기, x절편, y절편, 평행이동 등을 이용하여 그래프를 그리는 수행 수준을 구분",The y-intercept is used to draw a linear-function graph.,procedure_ref;textbook_page_refs,"Find a worked example, procedure, or application where this source concept is used.",pending_textbook_pdf,,,,,,,,,,
7,중1(교육과정 학년군: 중1-3),변화와 관계,일차함수와 그 그래프,m1_func_slope__contrasts_with__m1_func_y_intercept,intra_unit,m1_func_slope,기울기,일차함수와 그 그래프,m1_func_y_intercept,y절편,일차함수와 그 그래프,contrasts_with,medium,2,"achievement_math_2022: 일차함수와 그 그래프 section; [9수02-15] achievement levels; achievement_level; 일차함수인지 판단하고 기울기, x절편, y절편, 평행이동 등을 이용하여 그래프를 그리는 수행 수준을 구분 | achievement_math_2022: 일차함수와 그 그래프 section; [9수02-16] achievement levels; achievement_level; 일차함수의 그래프의 성질 이해, 그래프의 식 구하기, 기울기 부호 판단 수준을 구분",기울기는 변화 정도이고 y절편은 y축과 만나는 값이므로 구별한다.,contrast_ref;textbook_page_refs,Find textbook wording or examples that distinguish the two concepts.,pending_textbook_pdf,,,,,,,,,,
7,중1(교육과정 학년군: 중1-3),변화와 관계,일차함수와 그 그래프,m1_func_x_intercept__contrasts_with__m1_func_y_intercept,intra_unit,m1_func_x_intercept,x절편,일차함수와 그 그래프,m1_func_y_intercept,y절편,일차함수와 그 그래프,contrasts_with,medium,3,"curriculum_math_2022: printed p. 36; terms and symbols for 변화와 관계; term_list; 대입, 다항식, 항, 단항식, 상수항, 계수, 차수, 일차식, 동류항, 등식, 방정식, 미지수, 해, 근, 항등식, 이항, 일차방정식, 변수, 좌표, 그래프, 인수, 인수분해, 완전제곱식, 이차방정식, 중근, 근의 공식, 이차함수, 포물선, 축, 꼭짓점, 최댓값, 최솟값 등을 다룸 | achievement_math_2022: 일차함수와 그 그래프 section; [9수02-15] achievement levels; achievement_level; 일차함수인지 판단하고 기울기, x절편, y절편, 평행이동 등을 이용하여 그래프를 그리는 수행 수준을 구분 | achievement_math_2022: 일차함수와 그 그래프 section; [9수02-16] achievement levels; achievement_level; 일차함수의 그래프의 성질 이해, 그래프의 식 구하기, 기울기 부호 판단 수준을 구분",x절편과 y절편은 그래프가 만나는 축과 좌표 해석이 다르므로 구별한다.,contrast_ref;textbook_page_refs,Find textbook wording or examples that distinguish the two concepts.,pending_textbook_pdf,,,,,,,,,,
7,중1(교육과정 학년군: 중1-3),변화와 관계,일차함수와 그 그래프,m1_func_y_ax_graph__contrasts_with__m1_func_y_ax_b_graph,intra_unit,m1_func_y_ax_graph,일차함수 y=ax의 그래프,일차함수와 그 그래프,m1_func_y_ax_b_graph,일차함수 y=ax+b의 그래프,일차함수와 그 그래프,contrasts_with,medium,1,"achievement_math_2022: 일차함수와 그 그래프 section; [9수02-15] achievement levels; achievement_level; 일차함수인지 판단하고 기울기, x절편, y절편, 평행이동 등을 이용하여 그래프를 그리는 수행 수준을 구분",y=ax 그래프와 y=ax+b 그래프는 기본 그래프와 평행이동된 그래프로 구별해 다룬다.,contrast_ref;textbook_page_refs,Find textbook wording or examples that distinguish the two concepts.,pending_textbook_pdf,,,,,,,,,,
7,중1(교육과정 학년군: 중1-3),변화와 관계,일차함수와 그 그래프,m1_func_parallel_translation__related_to__m1_func_y_ax_graph,intra_unit,m1_func_parallel_translation,평행이동,일차함수와 그 그래프,m1_func_y_ax_graph,일차함수 y=ax의 그래프,일차함수와 그 그래프,related_to,medium,2,"curriculum_math_2022: printed p. 36; terms and symbols for 변화와 관계; term_list; 대입, 다항식, 항, 단항식, 상수항, 계수, 차수, 일차식, 동류항, 등식, 방정식, 미지수, 해, 근, 항등식, 이항, 일차방정식, 변수, 좌표, 그래프, 인수, 인수분해, 완전제곱식, 이차방정식, 중근, 근의 공식, 이차함수, 포물선, 축, 꼭짓점, 최댓값, 최솟값 등을 다룸 | achievement_math_2022: 일차함수와 그 그래프 section; [9수02-15] achievement levels; achievement_level; 일차함수인지 판단하고 기울기, x절편, y절편, 평행이동 등을 이용하여 그래프를 그리는 수행 수준을 구분",Parallel translation is introduced from the base graph y=ax when interpreting y=ax+b.,related_ref;textbook_page_refs,Find textbook wording or examples that justify keeping these concepts linked.,pending_textbook_pdf,,,,,,,,,,
7,중1(교육과정 학년군: 중1-3),변화와 관계,일차함수와 그 그래프,m1_func_y_ax_b_graph__related_to__m1_func_slope,intra_unit,m1_func_y_ax_b_graph,일차함수 y=ax+b의 그래프,일차함수와 그 그래프,m1_func_slope,기울기,일차함수와 그 그래프,related_to,medium,3,"curriculum_math_2022: printed p. 36; terms and symbols for 변화와 관계; term_list; 대입, 다항식, 항, 단항식, 상수항, 계수, 차수, 일차식, 동류항, 등식, 방정식, 미지수, 해, 근, 항등식, 이항, 일차방정식, 변수, 좌표, 그래프, 인수, 인수분해, 완전제곱식, 이차방정식, 중근, 근의 공식, 이차함수, 포물선, 축, 꼭짓점, 최댓값, 최솟값 등을 다룸 | achievement_math_2022: 일차함수와 그 그래프 section; [9수02-15] achievement levels; achievement_level; 일차함수인지 판단하고 기울기, x절편, y절편, 평행이동 등을 이용하여 그래프를 그리는 수행 수준을 구분 | achievement_math_2022: 일차함수와 그 그래프 section; [9수02-16] achievement levels; achievement_level; 일차함수의 그래프의 성질 이해, 그래프의 식 구하기, 기울기 부호 판단 수준을 구분",The graph of y=ax+b is interpreted together with its slope.,related_ref;textbook_page_refs,Find textbook wording or examples that justify keeping these concepts linked.,pending_textbook_pdf,,,,,,,,,,
7,중1(교육과정 학년군: 중1-3),변화와 관계,일차함수와 그 그래프,m1_func_y_ax_b_graph__related_to__m1_func_y_intercept,intra_unit,m1_func_y_ax_b_graph,일차함수 y=ax+b의 그래프,일차함수와 그 그래프,m1_func_y_intercept,y절편,일차함수와 그 그래프,related_to,medium,3,"curriculum_math_2022: printed p. 36; terms and symbols for 변화와 관계; term_list; 대입, 다항식, 항, 단항식, 상수항, 계수, 차수, 일차식, 동류항, 등식, 방정식, 미지수, 해, 근, 항등식, 이항, 일차방정식, 변수, 좌표, 그래프, 인수, 인수분해, 완전제곱식, 이차방정식, 중근, 근의 공식, 이차함수, 포물선, 축, 꼭짓점, 최댓값, 최솟값 등을 다룸 | achievement_math_2022: 일차함수와 그 그래프 section; [9수02-15] achievement levels; achievement_level; 일차함수인지 판단하고 기울기, x절편, y절편, 평행이동 등을 이용하여 그래프를 그리는 수행 수준을 구분 | achievement_math_2022: 일차함수와 그 그래프 section; [9수02-16] achievement levels; achievement_level; 일차함수의 그래프의 성질 이해, 그래프의 식 구하기, 기울기 부호 판단 수준을 구분",The graph of y=ax+b is interpreted together with its y-intercept.,related_ref;textbook_page_refs,Find textbook wording or examples that justify keeping these concepts linked.,pending_textbook_pdf,,,,,,,,,,
7,중1(교육과정 학년군: 중1-3),변화와 관계,일차함수와 그 그래프,m1_func_y_ax_graph__related_to__m1_func_slope,intra_unit,m1_func_y_ax_graph,일차함수 y=ax의 그래프,일차함수와 그 그래프,m1_func_slope,기울기,일차함수와 그 그래프,related_to,medium,2,"curriculum_math_2022: printed p. 36; terms and symbols for 변화와 관계; term_list; 대입, 다항식, 항, 단항식, 상수항, 계수, 차수, 일차식, 동류항, 등식, 방정식, 미지수, 해, 근, 항등식, 이항, 일차방정식, 변수, 좌표, 그래프, 인수, 인수분해, 완전제곱식, 이차방정식, 중근, 근의 공식, 이차함수, 포물선, 축, 꼭짓점, 최댓값, 최솟값 등을 다룸 | achievement_math_2022: 일차함수와 그 그래프 section; [9수02-15] achievement levels; achievement_level; 일차함수인지 판단하고 기울기, x절편, y절편, 평행이동 등을 이용하여 그래프를 그리는 수행 수준을 구분",The graph of y=ax is interpreted together with its slope.,related_ref;textbook_page_refs,Find textbook wording or examples that justify keeping these concepts linked.,pending_textbook_pdf,,,,,,,,,,
7,중1(교육과정 학년군: 중1-3),변화와 관계,일차함수와 그 그래프,m1_coord_coordinate_plane__prerequisite_for__m1_func_graph_drawing,cross_unit,m1_coord_coordinate_plane,좌표평면,좌표평면과 그래프,m1_func_graph_drawing,일차함수 그래프 그리기,일차함수와 그 그래프,prerequisite_for,high,2,"curriculum_math_2022: printed p. 35; [9수02-15]; achievement_standard; 일차함수의 개념을 이해하고 그 그래프를 그리는 성취기준 | achievement_math_2022: 일차함수와 그 그래프 section; [9수02-15] achievement levels; achievement_level; 일차함수인지 판단하고 기울기, x절편, y절편, 평행이동 등을 이용하여 그래프를 그리는 수행 수준을 구분",,prerequisite_ref;textbook_page_refs,Find textbook sequencing or prior-knowledge evidence for the prerequisite relation.,pending_textbook_pdf,,,,,,,,,,
7,중1(교육과정 학년군: 중1-3),변화와 관계,일차함수와 그 그래프,m1_coord_coordinate_plane__prerequisite_for__m1_func_linear_graph,cross_unit,m1_coord_coordinate_plane,좌표평면,좌표평면과 그래프,m1_func_linear_graph,일차함수의 그래프,일차함수와 그 그래프,prerequisite_for,high,3,"curriculum_math_2022: printed p. 35; [9수02-15]; achievement_standard; 일차함수의 개념을 이해하고 그 그래프를 그리는 성취기준 | curriculum_math_2022: printed p. 36; terms usable in teaching and learning situations; instructional_term_list; 식의 값, 좌변, 우변, 양변, 이차식, 전개식, 연립일차방정식, 소거, 가감법, 대입법, 함수의 그래프 등은 교수·학습 상황에서 사용할 수 있음 | achievement_math_2022: 일차함수와 그 그래프 section; [9수02-15] achievement levels; achievement_level; 일차함수인지 판단하고 기울기, x절편, y절편, 평행이동 등을 이용하여 그래프를 그리는 수행 수준을 구분",,prerequisite_ref;textbook_page_refs,Find textbook sequencing or prior-knowledge evidence for the prerequisite relation.,pending_textbook_pdf,,,,,,,,,,
7,중1(교육과정 학년군: 중1-3),변화와 관계,일차함수와 그 그래프,m1_coord_graph_unit__prerequisite_for__m1_func_unit,cross_unit,m1_coord_graph_unit,좌표평면과 그래프,좌표평면과 그래프,m1_func_unit,일차함수와 그 그래프,일차함수와 그 그래프,prerequisite_for,high,6,"curriculum_math_2022: printed p. 34; [9수02-05]; achievement_standard; 순서쌍과 좌표를 이해하고 편리함을 인식하는 성취기준 | curriculum_math_2022: printed p. 34; [9수02-06]; achievement_standard; 다양한 상황을 그래프로 나타내고 주어진 그래프를 해석하는 성취기준 | curriculum_math_2022: printed p. 35; [9수02-14]; achievement_standard; 함수의 개념을 이해하고 함숫값을 구하는 성취기준 | curriculum_math_2022: printed p. 35; [9수02-15]; achievement_standard; 일차함수의 개념을 이해하고 그 그래프를 그리는 성취기준 | achievement_math_2022: 일차함수와 그 그래프 section; [9수02-14] achievement levels; achievement_level; 두 양 사이의 관계가 함수인지 판단하고 함숫값을 구하는 수행 수준을 구분 | achievement_math_2022: 일차함수와 그 그래프 section; [9수02-15] achievement levels; achievement_level; 일차함수인지 판단하고 기울기, x절편, y절편, 평행이동 등을 이용하여 그래프를 그리는 수행 수준을 구분",,prerequisite_ref;textbook_page_refs,Find textbook sequencing or prior-knowledge evidence for the prerequisite relation.,pending_textbook_pdf,,,,,,,,,,
7,중1(교육과정 학년군: 중1-3),변화와 관계,일차함수와 그 그래프,m1_coord_x_axis__prerequisite_for__m1_func_x_intercept,cross_unit,m1_coord_x_axis,x축,좌표평면과 그래프,m1_func_x_intercept,x절편,일차함수와 그 그래프,prerequisite_for,high,2,"curriculum_math_2022: printed p. 36; terms and symbols for 변화와 관계; term_list; 대입, 다항식, 항, 단항식, 상수항, 계수, 차수, 일차식, 동류항, 등식, 방정식, 미지수, 해, 근, 항등식, 이항, 일차방정식, 변수, 좌표, 그래프, 인수, 인수분해, 완전제곱식, 이차방정식, 중근, 근의 공식, 이차함수, 포물선, 축, 꼭짓점, 최댓값, 최솟값 등을 다룸 | achievement_math_2022: 일차함수와 그 그래프 section; [9수02-15] achievement levels; achievement_level; 일차함수인지 판단하고 기울기, x절편, y절편, 평행이동 등을 이용하여 그래프를 그리는 수행 수준을 구분",,prerequisite_ref;textbook_page_refs,Find textbook sequencing or prior-knowledge evidence for the prerequisite relation.,pending_textbook_pdf,,,,,,,,,,
7,중1(교육과정 학년군: 중1-3),변화와 관계,일차함수와 그 그래프,m1_coord_y_axis__prerequisite_for__m1_func_y_intercept,cross_unit,m1_coord_y_axis,y축,좌표평면과 그래프,m1_func_y_intercept,y절편,일차함수와 그 그래프,prerequisite_for,high,3,"curriculum_math_2022: printed p. 36; terms and symbols for 변화와 관계; term_list; 대입, 다항식, 항, 단항식, 상수항, 계수, 차수, 일차식, 동류항, 등식, 방정식, 미지수, 해, 근, 항등식, 이항, 일차방정식, 변수, 좌표, 그래프, 인수, 인수분해, 완전제곱식, 이차방정식, 중근, 근의 공식, 이차함수, 포물선, 축, 꼭짓점, 최댓값, 최솟값 등을 다룸 | achievement_math_2022: 일차함수와 그 그래프 section; [9수02-15] achievement levels; achievement_level; 일차함수인지 판단하고 기울기, x절편, y절편, 평행이동 등을 이용하여 그래프를 그리는 수행 수준을 구분 | achievement_math_2022: 일차함수와 그 그래프 section; [9수02-16] achievement levels; achievement_level; 일차함수의 그래프의 성질 이해, 그래프의 식 구하기, 기울기 부호 판단 수준을 구분",,prerequisite_ref;textbook_page_refs,Find textbook sequencing or prior-knowledge evidence for the prerequisite relation.,pending_textbook_pdf,,,,,,,,,,
7,중1(교육과정 학년군: 중1-3),변화와 관계,일차함수와 그 그래프,m1_eq_unit__prerequisite_for__m1_func_unit,cross_unit,m1_eq_unit,일차방정식,일차방정식,m1_func_unit,일차함수와 그 그래프,일차함수와 그 그래프,prerequisite_for,high,3,curriculum_math_2022: printed p. 35; [9수02-14]; achievement_standard; 함수의 개념을 이해하고 함숫값을 구하는 성취기준 | curriculum_math_2022: printed p. 35; [9수02-15]; achievement_standard; 일차함수의 개념을 이해하고 그 그래프를 그리는 성취기준 | curriculum_math_2022: printed p. 35; [9수02-16]; achievement_standard; 일차함수의 그래프의 성질을 이해하고 활용하는 성취기준,,prerequisite_ref;textbook_page_refs,Find textbook sequencing or prior-knowledge evidence for the prerequisite relation.,pending_textbook_pdf,,,,,,,,,,
7,중1(교육과정 학년군: 중1-3),변화와 관계,일차함수와 그 그래프,m1_expr_linear_expression__prerequisite_for__m1_func_linear_function,cross_unit,m1_expr_linear_expression,일차식,문자의 사용과 식,m1_func_linear_function,일차함수,일차함수와 그 그래프,prerequisite_for,high,2,"curriculum_math_2022: printed p. 35; [9수02-15]; achievement_standard; 일차함수의 개념을 이해하고 그 그래프를 그리는 성취기준 | achievement_math_2022: 일차함수와 그 그래프 section; [9수02-15] achievement levels; achievement_level; 일차함수인지 판단하고 기울기, x절편, y절편, 평행이동 등을 이용하여 그래프를 그리는 수행 수준을 구분",,prerequisite_ref;textbook_page_refs,Find textbook sequencing or prior-knowledge evidence for the prerequisite relation.,pending_textbook_pdf,,,,,,,,,,
7,중1(교육과정 학년군: 중1-3),변화와 관계,일차함수와 그 그래프,m1_expr_substitution__prerequisite_for__m1_func_value,cross_unit,m1_expr_substitution,대입,문자의 사용과 식,m1_func_value,함숫값,일차함수와 그 그래프,prerequisite_for,high,3,"curriculum_math_2022: printed p. 35; [9수02-14]; achievement_standard; 함수의 개념을 이해하고 함숫값을 구하는 성취기준 | curriculum_math_2022: printed p. 36; terms and symbols for 변화와 관계; term_list; 대입, 다항식, 항, 단항식, 상수항, 계수, 차수, 일차식, 동류항, 등식, 방정식, 미지수, 해, 근, 항등식, 이항, 일차방정식, 변수, 좌표, 그래프, 인수, 인수분해, 완전제곱식, 이차방정식, 중근, 근의 공식, 이차함수, 포물선, 축, 꼭짓점, 최댓값, 최솟값 등을 다룸 | achievement_math_2022: 일차함수와 그 그래프 section; [9수02-14] achievement levels; achievement_level; 두 양 사이의 관계가 함수인지 판단하고 함숫값을 구하는 수행 수준을 구분",,prerequisite_ref;textbook_page_refs,Find textbook sequencing or prior-knowledge evidence for the prerequisite relation.,pending_textbook_pdf,,,,,,,,,,
7,중1(교육과정 학년군: 중1-3),변화와 관계,일차함수와 그 그래프,m1_expr_unit__prerequisite_for__m1_func_unit,cross_unit,m1_expr_unit,문자의 사용과 식,문자의 사용과 식,m1_func_unit,일차함수와 그 그래프,일차함수와 그 그래프,prerequisite_for,high,5,"curriculum_math_2022: printed p. 34; [9수02-01]; achievement_standard; 다양한 상황을 문자를 사용한 식으로 나타내고 식의 값을 구하는 성취기준 | curriculum_math_2022: printed p. 35; [9수02-14]; achievement_standard; 함수의 개념을 이해하고 함숫값을 구하는 성취기준 | curriculum_math_2022: printed p. 35; [9수02-15]; achievement_standard; 일차함수의 개념을 이해하고 그 그래프를 그리는 성취기준 | achievement_math_2022: 일차함수와 그 그래프 section; [9수02-14] achievement levels; achievement_level; 두 양 사이의 관계가 함수인지 판단하고 함숫값을 구하는 수행 수준을 구분 | achievement_math_2022: 일차함수와 그 그래프 section; [9수02-15] achievement levels; achievement_level; 일차함수인지 판단하고 기울기, x절편, y절편, 평행이동 등을 이용하여 그래프를 그리는 수행 수준을 구분",,prerequisite_ref;textbook_page_refs,Find textbook sequencing or prior-knowledge evidence for the prerequisite relation.,pending_textbook_pdf,,,,,,,,,,
7,중1(교육과정 학년군: 중1-3),변화와 관계,일차함수와 그 그래프,m1_func_function__prerequisite_for__m1_quad_func_quadratic_function,cross_unit,m1_func_function,함수,일차함수와 그 그래프,m1_quad_func_quadratic_function,이차함수,이차함수와 그 그래프,prerequisite_for,high,4,curriculum_math_2022: printed p. 35; [9수02-14]; achievement_standard; 함수의 개념을 이해하고 함숫값을 구하는 성취기준 | curriculum_math_2022: printed p. 35; [9수02-21]; achievement_standard; 이차함수의 개념을 이해하는 성취기준 | achievement_math_2022: 일차함수와 그 그래프 section; [9수02-14] achievement levels; achievement_level; 두 양 사이의 관계가 함수인지 판단하고 함숫값을 구하는 수행 수준을 구분 | achievement_math_2022: 이차함수와 그 그래프 section; [9수02-21] achievement levels; achievement_level; 주어진 상황을 식으로 나타내어 이차함수인지 판단하거나 주어진 함수 중 이차함수를 찾는 수준을 구분,,prerequisite_ref;textbook_page_refs,Find textbook sequencing or prior-knowledge evidence for the prerequisite relation.,pending_textbook_pdf,,,,,,,,,,
7,중1(교육과정 학년군: 중1-3),변화와 관계,일차함수와 그 그래프,m1_func_function__prerequisite_for__m1_quad_func_situation_to_formula,cross_unit,m1_func_function,함수,일차함수와 그 그래프,m1_quad_func_situation_to_formula,상황을 이차함수 식으로 나타내기,이차함수와 그 그래프,prerequisite_for,high,3,"curriculum_math_2022: printed p. 35; [9수02-21]; achievement_standard; 이차함수의 개념을 이해하는 성취기준 | achievement_math_2022: 이차함수와 그 그래프 section; [9수02-21] achievement levels; achievement_level; 주어진 상황을 식으로 나타내어 이차함수인지 판단하거나 주어진 함수 중 이차함수를 찾는 수준을 구분 | achievement_research_report_2022: 연구보고서 p. 220; 이차함수와 그 그래프 성취기준별 성취수준; research_report_achievement_level_context; 이차함수 개념, 이차함수인지 판단하기, 상황을 식으로 나타내기, y=ax^2, y=a(x-p)^2, y=ax^2+q, y=a(x-p)^2+q, y=ax^2+bx+c 그래프와 성질, 표를 이용한 y=ax^2 그래프 그리기를 다루는 성취수준 맥락",,prerequisite_ref;textbook_page_refs,Find textbook sequencing or prior-knowledge evidence for the prerequisite relation.,pending_textbook_pdf,,,,,,,,,,
7,중1(교육과정 학년군: 중1-3),변화와 관계,일차함수와 그 그래프,m1_func_linear_formula__prerequisite_for__m1_func_equation_function_form_conversion,cross_unit,m1_func_linear_formula,일차함수의 식,일차함수와 그 그래프,m1_func_equation_function_form_conversion,미지수가 2개인 일차방정식을 y=ax+b 꼴로 나타내기,일차함수와 일차방정식의 관계,prerequisite_for,medium,2,curriculum_math_2022: printed p. 35; [9수02-17]; achievement_standard; 일차함수와 미지수가 2개인 일차방정식의 관계를 설명하는 성취기준 | achievement_math_2022: 일차함수와 일차방정식의 관계 section; [9수02-17] achievement levels; achievement_level; 미지수가 2개인 일차방정식의 해를 일차함수의 그래프로 나타내고 관계를 설명하는 수행 수준을 구분,,prerequisite_ref;textbook_page_refs,Find textbook sequencing or prior-knowledge evidence for the prerequisite relation.,pending_textbook_pdf,,,,,,,,,,
7,중1(교육과정 학년군: 중1-3),변화와 관계,일차함수와 그 그래프,m1_func_linear_graph__prerequisite_for__m1_func_two_linear_graphs,cross_unit,m1_func_linear_graph,일차함수의 그래프,일차함수와 그 그래프,m1_func_two_linear_graphs,두 일차함수의 그래프,일차함수와 일차방정식의 관계,prerequisite_for,high,2,curriculum_math_2022: printed p. 35; [9수02-18]; achievement_standard; 두 일차함수의 그래프와 연립일차방정식의 관계를 설명하는 성취기준 | achievement_math_2022: 일차함수와 일차방정식의 관계 section; [9수02-18] achievement levels; achievement_level; 두 일차함수의 그래프의 교점과 연립일차방정식의 해 사이의 관계를 설명하는 수행 수준을 구분,,prerequisite_ref;textbook_page_refs,Find textbook sequencing or prior-knowledge evidence for the prerequisite relation.,pending_textbook_pdf,,,,,,,,,,
7,중1(교육과정 학년군: 중1-3),변화와 관계,일차함수와 그 그래프,m1_func_linear_graph__prerequisite_for__m1_func_two_variable_equation_as_graph,cross_unit,m1_func_linear_graph,일차함수의 그래프,일차함수와 그 그래프,m1_func_two_variable_equation_as_graph,미지수가 2개인 일차방정식의 해를 그래프로 나타내기,일차함수와 일차방정식의 관계,prerequisite_for,high,2,curriculum_math_2022: printed p. 35; [9수02-17]; achievement_standard; 일차함수와 미지수가 2개인 일차방정식의 관계를 설명하는 성취기준 | achievement_math_2022: 일차함수와 일차방정식의 관계 section; [9수02-17] achievement levels; achievement_level; 미지수가 2개인 일차방정식의 해를 일차함수의 그래프로 나타내고 관계를 설명하는 수행 수준을 구분,,prerequisite_ref;textbook_page_refs,Find textbook sequencing or prior-knowledge evidence for the prerequisite relation.,pending_textbook_pdf,,,,,,,,,,
7,중1(교육과정 학년군: 중1-3),변화와 관계,일차함수와 그 그래프,m1_func_linear_graph__prerequisite_for__m1_func_two_variable_linear_equation_graph,cross_unit,m1_func_linear_graph,일차함수의 그래프,일차함수와 그 그래프,m1_func_two_variable_linear_equation_graph,미지수가 2개인 일차방정식의 그래프,일차함수와 일차방정식의 관계,prerequisite_for,high,2,curriculum_math_2022: printed p. 35; [9수02-17]; achievement_standard; 일차함수와 미지수가 2개인 일차방정식의 관계를 설명하는 성취기준 | achievement_math_2022: 일차함수와 일차방정식의 관계 section; [9수02-17] achievement levels; achievement_level; 미지수가 2개인 일차방정식의 해를 일차함수의 그래프로 나타내고 관계를 설명하는 수행 수준을 구분,,prerequisite_ref;textbook_page_refs,Find textbook sequencing or prior-knowledge evidence for the prerequisite relation.,pending_textbook_pdf,,,,,,,,,,
7,중1(교육과정 학년군: 중1-3),변화와 관계,일차함수와 그 그래프,m1_func_parallel_translation__prerequisite_for__m1_quad_func_p_parameter_horizontal_shift,cross_unit,m1_func_parallel_translation,평행이동,일차함수와 그 그래프,m1_quad_func_p_parameter_horizontal_shift,p 값과 좌우 평행이동,이차함수와 그 그래프,prerequisite_for,medium,2,"achievement_math_2022: 이차함수와 그 그래프 section; [9수02-22] achievement levels; achievement_level; y=ax^2, y=a(x-p)^2+q, y=ax^2+bx+c 꼴의 이차함수 그래프를 그리고 성질을 설명하는 수준을 구분 | achievement_research_report_2022: 연구보고서 p. 220; 이차함수와 그 그래프 성취기준별 성취수준; research_report_achievement_level_context; 이차함수 개념, 이차함수인지 판단하기, 상황을 식으로 나타내기, y=ax^2, y=a(x-p)^2, y=ax^2+q, y=a(x-p)^2+q, y=ax^2+bx+c 그래프와 성질, 표를 이용한 y=ax^2 그래프 그리기를 다루는 성취수준 맥락",,prerequisite_ref;textbook_page_refs,Find textbook sequencing or prior-knowledge evidence for the prerequisite relation.,pending_textbook_pdf,,,,,,,,,,
7,중1(교육과정 학년군: 중1-3),변화와 관계,일차함수와 그 그래프,m1_func_parallel_translation__prerequisite_for__m1_quad_func_q_parameter_vertical_shift,cross_unit,m1_func_parallel_translation,평행이동,일차함수와 그 그래프,m1_quad_func_q_parameter_vertical_shift,q 값과 상하 평행이동,이차함수와 그 그래프,prerequisite_for,medium,2,"achievement_math_2022: 이차함수와 그 그래프 section; [9수02-22] achievement levels; achievement_level; y=ax^2, y=a(x-p)^2+q, y=ax^2+bx+c 꼴의 이차함수 그래프를 그리고 성질을 설명하는 수준을 구분 | achievement_research_report_2022: 연구보고서 p. 220; 이차함수와 그 그래프 성취기준별 성취수준; research_report_achievement_level_context; 이차함수 개념, 이차함수인지 판단하기, 상황을 식으로 나타내기, y=ax^2, y=a(x-p)^2, y=ax^2+q, y=a(x-p)^2+q, y=ax^2+bx+c 그래프와 성질, 표를 이용한 y=ax^2 그래프 그리기를 다루는 성취수준 맥락",,prerequisite_ref;textbook_page_refs,Find textbook sequencing or prior-knowledge evidence for the prerequisite relation.,pending_textbook_pdf,,,,,,,,,,
7,중1(교육과정 학년군: 중1-3),변화와 관계,일차함수와 그 그래프,m1_func_parallel_translation__prerequisite_for__m1_quad_func_shifted_square_form,cross_unit,m1_func_parallel_translation,평행이동,일차함수와 그 그래프,m1_quad_func_shifted_square_form,y=a(x-p)^2 꼴,이차함수와 그 그래프,prerequisite_for,medium,2,"achievement_math_2022: 이차함수와 그 그래프 section; [9수02-22] achievement levels; achievement_level; y=ax^2, y=a(x-p)^2+q, y=ax^2+bx+c 꼴의 이차함수 그래프를 그리고 성질을 설명하는 수준을 구분 | achievement_research_report_2022: 연구보고서 p. 220; 이차함수와 그 그래프 성취기준별 성취수준; research_report_achievement_level_context; 이차함수 개념, 이차함수인지 판단하기, 상황을 식으로 나타내기, y=ax^2, y=a(x-p)^2, y=ax^2+q, y=a(x-p)^2+q, y=ax^2+bx+c 그래프와 성질, 표를 이용한 y=ax^2 그래프 그리기를 다루는 성취수준 맥락",,prerequisite_ref;textbook_page_refs,Find textbook sequencing or prior-knowledge evidence for the prerequisite relation.,pending_textbook_pdf,,,,,,,,,,
7,중1(교육과정 학년군: 중1-3),변화와 관계,일차함수와 그 그래프,m1_func_parallel_translation__prerequisite_for__m1_quad_func_vertex_form,cross_unit,m1_func_parallel_translation,평행이동,일차함수와 그 그래프,m1_quad_func_vertex_form,y=a(x-p)^2+q 꼴,이차함수와 그 그래프,prerequisite_for,medium,2,"achievement_math_2022: 이차함수와 그 그래프 section; [9수02-22] achievement levels; achievement_level; y=ax^2, y=a(x-p)^2+q, y=ax^2+bx+c 꼴의 이차함수 그래프를 그리고 성질을 설명하는 수준을 구분 | achievement_research_report_2022: 연구보고서 p. 220; 이차함수와 그 그래프 성취기준별 성취수준; research_report_achievement_level_context; 이차함수 개념, 이차함수인지 판단하기, 상황을 식으로 나타내기, y=ax^2, y=a(x-p)^2, y=ax^2+q, y=a(x-p)^2+q, y=ax^2+bx+c 그래프와 성질, 표를 이용한 y=ax^2 그래프 그리기를 다루는 성취수준 맥락",,prerequisite_ref;textbook_page_refs,Find textbook sequencing or prior-knowledge evidence for the prerequisite relation.,pending_textbook_pdf,,,,,,,,,,
7,중1(교육과정 학년군: 중1-3),변화와 관계,일차함수와 그 그래프,m1_func_parallel_translation__prerequisite_for__m1_quad_func_vertical_shift_form,cross_unit,m1_func_parallel_translation,평행이동,일차함수와 그 그래프,m1_quad_func_vertical_shift_form,y=ax^2+q 꼴,이차함수와 그 그래프,prerequisite_for,medium,2,"achievement_math_2022: 이차함수와 그 그래프 section; [9수02-22] achievement levels; achievement_level; y=ax^2, y=a(x-p)^2+q, y=ax^2+bx+c 꼴의 이차함수 그래프를 그리고 성질을 설명하는 수준을 구분 | achievement_research_report_2022: 연구보고서 p. 220; 이차함수와 그 그래프 성취기준별 성취수준; research_report_achievement_level_context; 이차함수 개념, 이차함수인지 판단하기, 상황을 식으로 나타내기, y=ax^2, y=a(x-p)^2, y=ax^2+q, y=a(x-p)^2+q, y=ax^2+bx+c 그래프와 성질, 표를 이용한 y=ax^2 그래프 그리기를 다루는 성취수준 맥락",,prerequisite_ref;textbook_page_refs,Find textbook sequencing or prior-knowledge evidence for the prerequisite relation.,pending_textbook_pdf,,,,,,,,,,
7,중1(교육과정 학년군: 중1-3),변화와 관계,일차함수와 그 그래프,m1_func_unit__prerequisite_for__m1_func_eq_relation_unit,cross_unit,m1_func_unit,일차함수와 그 그래프,일차함수와 그 그래프,m1_func_eq_relation_unit,일차함수와 일차방정식의 관계,일차함수와 일차방정식의 관계,prerequisite_for,high,4,curriculum_math_2022: printed p. 35; [9수02-17]; achievement_standard; 일차함수와 미지수가 2개인 일차방정식의 관계를 설명하는 성취기준 | curriculum_math_2022: printed p. 35; [9수02-18]; achievement_standard; 두 일차함수의 그래프와 연립일차방정식의 관계를 설명하는 성취기준 | achievement_math_2022: 일차함수와 일차방정식의 관계 section; [9수02-17] achievement levels; achievement_level; 미지수가 2개인 일차방정식의 해를 일차함수의 그래프로 나타내고 관계를 설명하는 수행 수준을 구분 | achievement_math_2022: 일차함수와 일차방정식의 관계 section; [9수02-18] achievement levels; achievement_level; 두 일차함수의 그래프의 교점과 연립일차방정식의 해 사이의 관계를 설명하는 수행 수준을 구분,,prerequisite_ref;textbook_page_refs,Find textbook sequencing or prior-knowledge evidence for the prerequisite relation.,pending_textbook_pdf,,,,,,,,,,
7,중1(교육과정 학년군: 중1-3),변화와 관계,일차함수와 그 그래프,m1_func_unit__prerequisite_for__m1_quad_func_unit,cross_unit,m1_func_unit,일차함수와 그 그래프,일차함수와 그 그래프,m1_quad_func_unit,이차함수와 그 그래프,이차함수와 그 그래프,prerequisite_for,high,4,curriculum_math_2022: printed p. 35; [9수02-14]; achievement_standard; 함수의 개념을 이해하고 함숫값을 구하는 성취기준 | curriculum_math_2022: printed p. 35; [9수02-21]; achievement_standard; 이차함수의 개념을 이해하는 성취기준 | achievement_math_2022: 일차함수와 그 그래프 section; [9수02-14] achievement levels; achievement_level; 두 양 사이의 관계가 함수인지 판단하고 함숫값을 구하는 수행 수준을 구분 | achievement_math_2022: 이차함수와 그 그래프 section; [9수02-21] achievement levels; achievement_level; 주어진 상황을 식으로 나타내어 이차함수인지 판단하거나 주어진 함수 중 이차함수를 찾는 수준을 구분,,prerequisite_ref;textbook_page_refs,Find textbook sequencing or prior-knowledge evidence for the prerequisite relation.,pending_textbook_pdf,,,,,,,,,,
7,중1(교육과정 학년군: 중1-3),변화와 관계,일차함수와 그 그래프,m1_func_value__prerequisite_for__m1_quad_func_maximum,cross_unit,m1_func_value,함숫값,일차함수와 그 그래프,m1_quad_func_maximum,최댓값,이차함수와 그 그래프,prerequisite_for,high,3,"curriculum_math_2022: printed p. 36; terms and symbols for 변화와 관계; term_list; 대입, 다항식, 항, 단항식, 상수항, 계수, 차수, 일차식, 동류항, 등식, 방정식, 미지수, 해, 근, 항등식, 이항, 일차방정식, 변수, 좌표, 그래프, 인수, 인수분해, 완전제곱식, 이차방정식, 중근, 근의 공식, 이차함수, 포물선, 축, 꼭짓점, 최댓값, 최솟값 등을 다룸 | curriculum_math_2022: printed p. 36; achievement-standard considerations; teaching_note; 이차함수의 최댓값과 최솟값은 x의 범위가 실수 전체인 경우만 다루고, 이차방정식은 해가 실수인 경우만 다루며 근과 계수와의 관계는 다루지 않음 | achievement_math_2022: 이차함수와 그 그래프 section; [9수02-22] achievement levels; achievement_level; y=ax^2, y=a(x-p)^2+q, y=ax^2+bx+c 꼴의 이차함수 그래프를 그리고 성질을 설명하는 수준을 구분",,prerequisite_ref;textbook_page_refs,Find textbook sequencing or prior-knowledge evidence for the prerequisite relation.,pending_textbook_pdf,,,,,,,,,,
7,중1(교육과정 학년군: 중1-3),변화와 관계,일차함수와 그 그래프,m1_func_value__prerequisite_for__m1_quad_func_minimum,cross_unit,m1_func_value,함숫값,일차함수와 그 그래프,m1_quad_func_minimum,최솟값,이차함수와 그 그래프,prerequisite_for,high,3,"curriculum_math_2022: printed p. 36; terms and symbols for 변화와 관계; term_list; 대입, 다항식, 항, 단항식, 상수항, 계수, 차수, 일차식, 동류항, 등식, 방정식, 미지수, 해, 근, 항등식, 이항, 일차방정식, 변수, 좌표, 그래프, 인수, 인수분해, 완전제곱식, 이차방정식, 중근, 근의 공식, 이차함수, 포물선, 축, 꼭짓점, 최댓값, 최솟값 등을 다룸 | curriculum_math_2022: printed p. 36; achievement-standard considerations; teaching_note; 이차함수의 최댓값과 최솟값은 x의 범위가 실수 전체인 경우만 다루고, 이차방정식은 해가 실수인 경우만 다루며 근과 계수와의 관계는 다루지 않음 | achievement_math_2022: 이차함수와 그 그래프 section; [9수02-22] achievement levels; achievement_level; y=ax^2, y=a(x-p)^2+q, y=ax^2+bx+c 꼴의 이차함수 그래프를 그리고 성질을 설명하는 수준을 구분",,prerequisite_ref;textbook_page_refs,Find textbook sequencing or prior-knowledge evidence for the prerequisite relation.,pending_textbook_pdf,,,,,,,,,,
7,중1(교육과정 학년군: 중1-3),변화와 관계,일차함수와 그 그래프,m1_func_value__prerequisite_for__m1_quad_func_value_table,cross_unit,m1_func_value,함숫값,일차함수와 그 그래프,m1_quad_func_value_table,이차함수의 값의 표,이차함수와 그 그래프,prerequisite_for,medium,2,"achievement_math_2022: 이차함수와 그 그래프 section; [9수02-22] achievement levels; achievement_level; y=ax^2, y=a(x-p)^2+q, y=ax^2+bx+c 꼴의 이차함수 그래프를 그리고 성질을 설명하는 수준을 구분 | achievement_research_report_2022: 연구보고서 p. 220; 이차함수와 그 그래프 성취기준별 성취수준; research_report_achievement_level_context; 이차함수 개념, 이차함수인지 판단하기, 상황을 식으로 나타내기, y=ax^2, y=a(x-p)^2, y=ax^2+q, y=a(x-p)^2+q, y=ax^2+bx+c 그래프와 성질, 표를 이용한 y=ax^2 그래프 그리기를 다루는 성취수준 맥락",,prerequisite_ref;textbook_page_refs,Find textbook sequencing or prior-knowledge evidence for the prerequisite relation.,pending_textbook_pdf,,,,,,,,,,
7,중1(교육과정 학년군: 중1-3),변화와 관계,일차함수와 그 그래프,m1_func_value__prerequisite_for__m1_quad_func_value_table_ordered_pairs,cross_unit,m1_func_value,함숫값,일차함수와 그 그래프,m1_quad_func_value_table_ordered_pairs,값의 표에서 순서쌍 만들기,이차함수와 그 그래프,prerequisite_for,medium,2,"achievement_math_2022: 이차함수와 그 그래프 section; [9수02-22] achievement levels; achievement_level; y=ax^2, y=a(x-p)^2+q, y=ax^2+bx+c 꼴의 이차함수 그래프를 그리고 성질을 설명하는 수준을 구분 | achievement_research_report_2022: 연구보고서 p. 220; 이차함수와 그 그래프 성취기준별 성취수준; research_report_achievement_level_context; 이차함수 개념, 이차함수인지 판단하기, 상황을 식으로 나타내기, y=ax^2, y=a(x-p)^2, y=ax^2+q, y=a(x-p)^2+q, y=ax^2+bx+c 그래프와 성질, 표를 이용한 y=ax^2 그래프 그리기를 다루는 성취수준 맥락",,prerequisite_ref;textbook_page_refs,Find textbook sequencing or prior-knowledge evidence for the prerequisite relation.,pending_textbook_pdf,,,,,,,,,,
7,중1(교육과정 학년군: 중1-3),변화와 관계,일차함수와 그 그래프,m1_func_value__prerequisite_for__m1_quad_func_y_fx,cross_unit,m1_func_value,함숫값,일차함수와 그 그래프,m1_quad_func_y_fx,y=f(x),이차함수와 그 그래프,prerequisite_for,high,2,"curriculum_math_2022: printed p. 36; terms and symbols for 변화와 관계; term_list; 대입, 다항식, 항, 단항식, 상수항, 계수, 차수, 일차식, 동류항, 등식, 방정식, 미지수, 해, 근, 항등식, 이항, 일차방정식, 변수, 좌표, 그래프, 인수, 인수분해, 완전제곱식, 이차방정식, 중근, 근의 공식, 이차함수, 포물선, 축, 꼭짓점, 최댓값, 최솟값 등을 다룸 | curriculum_math_2022: printed p. 35; [9수02-22]; achievement_standard; 이차함수의 그래프를 그리고 그 성질을 설명하는 성취기준",,prerequisite_ref;textbook_page_refs,Find textbook sequencing or prior-knowledge evidence for the prerequisite relation.,pending_textbook_pdf,,,,,,,,,,
7,중1(교육과정 학년군: 중1-3),변화와 관계,일차함수와 그 그래프,m1_graph_graph__prerequisite_for__m1_func_linear_graph,cross_unit,m1_graph_graph,그래프,좌표평면과 그래프,m1_func_linear_graph,일차함수의 그래프,일차함수와 그 그래프,prerequisite_for,high,3,"curriculum_math_2022: printed p. 35; [9수02-15]; achievement_standard; 일차함수의 개념을 이해하고 그 그래프를 그리는 성취기준 | curriculum_math_2022: printed p. 36; terms usable in teaching and learning situations; instructional_term_list; 식의 값, 좌변, 우변, 양변, 이차식, 전개식, 연립일차방정식, 소거, 가감법, 대입법, 함수의 그래프 등은 교수·학습 상황에서 사용할 수 있음 | achievement_math_2022: 일차함수와 그 그래프 section; [9수02-15] achievement levels; achievement_level; 일차함수인지 판단하고 기울기, x절편, y절편, 평행이동 등을 이용하여 그래프를 그리는 수행 수준을 구분",,prerequisite_ref;textbook_page_refs,Find textbook sequencing or prior-knowledge evidence for the prerequisite relation.,pending_textbook_pdf,,,,,,,,,,
7,중1(교육과정 학년군: 중1-3),변화와 관계,일차함수와 그 그래프,m1_prop_direct_proportion__prerequisite_for__m1_func_y_ax_graph,cross_unit,m1_prop_direct_proportion,정비례,좌표평면과 그래프,m1_func_y_ax_graph,일차함수 y=ax의 그래프,일차함수와 그 그래프,prerequisite_for,medium,1,"achievement_math_2022: 일차함수와 그 그래프 section; [9수02-15] achievement levels; achievement_level; 일차함수인지 판단하고 기울기, x절편, y절편, 평행이동 등을 이용하여 그래프를 그리는 수행 수준을 구분",,prerequisite_ref;textbook_page_refs,Find textbook sequencing or prior-knowledge evidence for the prerequisite relation.,pending_textbook_pdf,,,,,,,,,,
7,중1(교육과정 학년군: 중1-3),변화와 관계,일차함수와 그 그래프,m1_repr_expression__prerequisite_for__m1_func_linear_formula,cross_unit,m1_repr_expression,식,좌표평면과 그래프,m1_func_linear_formula,일차함수의 식,일차함수와 그 그래프,prerequisite_for,high,2,"curriculum_math_2022: printed p. 35; [9수02-15]; achievement_standard; 일차함수의 개념을 이해하고 그 그래프를 그리는 성취기준 | achievement_math_2022: 일차함수와 그 그래프 section; [9수02-15] achievement levels; achievement_level; 일차함수인지 판단하고 기울기, x절편, y절편, 평행이동 등을 이용하여 그래프를 그리는 수행 수준을 구분",,prerequisite_ref;textbook_page_refs,Find textbook sequencing or prior-knowledge evidence for the prerequisite relation.,pending_textbook_pdf,,,,,,,,,,
7,중1(교육과정 학년군: 중1-3),변화와 관계,일차함수와 그 그래프,m1_repr_expression__prerequisite_for__m1_func_two_quantity_relation,cross_unit,m1_repr_expression,식,좌표평면과 그래프,m1_func_two_quantity_relation,두 양 사이의 관계,일차함수와 그 그래프,prerequisite_for,high,2,"curriculum_math_2022: printed p. 36; achievement-standard considerations; teaching_note; 함수의 개념은 한 양이 변함에 따라 다른 양이 하나씩 정해지는 두 양 사이의 대응 관계로 도입하고, 공학 도구로 함수의 그래프와 성질을 탐구하게 함 | achievement_math_2022: 일차함수와 그 그래프 section; [9수02-14] achievement levels; achievement_level; 두 양 사이의 관계가 함수인지 판단하고 함숫값을 구하는 수행 수준을 구분",,prerequisite_ref;textbook_page_refs,Find textbook sequencing or prior-knowledge evidence for the prerequisite relation.,pending_textbook_pdf,,,,,,,,,,
7,중1(교육과정 학년군: 중1-3),변화와 관계,일차함수와 그 그래프,m1_repr_table__prerequisite_for__m1_func_two_quantity_relation,cross_unit,m1_repr_table,표,좌표평면과 그래프,m1_func_two_quantity_relation,두 양 사이의 관계,일차함수와 그 그래프,prerequisite_for,high,2,"curriculum_math_2022: printed p. 36; achievement-standard considerations; teaching_note; 함수의 개념은 한 양이 변함에 따라 다른 양이 하나씩 정해지는 두 양 사이의 대응 관계로 도입하고, 공학 도구로 함수의 그래프와 성질을 탐구하게 함 | achievement_math_2022: 일차함수와 그 그래프 section; [9수02-14] achievement levels; achievement_level; 두 양 사이의 관계가 함수인지 판단하고 함숫값을 구하는 수행 수준을 구분",,prerequisite_ref;textbook_page_refs,Find textbook sequencing or prior-knowledge evidence for the prerequisite relation.,pending_textbook_pdf,,,,,,,,,,
7,중1(교육과정 학년군: 중1-3),변화와 관계,일차함수와 그 그래프,m1_coord_coordinate_plane__used_in__m1_func_linear_graph,cross_unit,m1_coord_coordinate_plane,좌표평면,좌표평면과 그래프,m1_func_linear_graph,일차함수의 그래프,일차함수와 그 그래프,used_in,high,2,"curriculum_math_2022: printed p. 35; [9수02-15]; achievement_standard; 일차함수의 개념을 이해하고 그 그래프를 그리는 성취기준 | achievement_math_2022: 일차함수와 그 그래프 section; [9수02-15] achievement levels; achievement_level; 일차함수인지 판단하고 기울기, x절편, y절편, 평행이동 등을 이용하여 그래프를 그리는 수행 수준을 구분",,procedure_ref;textbook_page_refs,"Find a worked example, procedure, or application where this source concept is used.",pending_textbook_pdf,,,,,,,,,,
7,중1(교육과정 학년군: 중1-3),변화와 관계,일차함수와 그 그래프,m1_expr_substitution__used_in__m1_func_value,cross_unit,m1_expr_substitution,대입,문자의 사용과 식,m1_func_value,함숫값,일차함수와 그 그래프,used_in,high,2,curriculum_math_2022: printed p. 35; [9수02-14]; achievement_standard; 함수의 개념을 이해하고 함숫값을 구하는 성취기준 | achievement_math_2022: 일차함수와 그 그래프 section; [9수02-14] achievement levels; achievement_level; 두 양 사이의 관계가 함수인지 판단하고 함숫값을 구하는 수행 수준을 구분,,procedure_ref;textbook_page_refs,"Find a worked example, procedure, or application where this source concept is used.",pending_textbook_pdf,,,,,,,,,,
7,중1(교육과정 학년군: 중1-3),변화와 관계,일차함수와 그 그래프,m1_func_linear_graph__used_in__m1_func_equation_relation,cross_unit,m1_func_linear_graph,일차함수의 그래프,일차함수와 그 그래프,m1_func_equation_relation,일차함수와 미지수가 2개인 일차방정식의 관계,일차함수와 일차방정식의 관계,used_in,high,2,curriculum_math_2022: printed p. 35; [9수02-17]; achievement_standard; 일차함수와 미지수가 2개인 일차방정식의 관계를 설명하는 성취기준 | achievement_math_2022: 일차함수와 일차방정식의 관계 section; [9수02-17] achievement levels; achievement_level; 미지수가 2개인 일차방정식의 해를 일차함수의 그래프로 나타내고 관계를 설명하는 수행 수준을 구분,,procedure_ref;textbook_page_refs,"Find a worked example, procedure, or application where this source concept is used.",pending_textbook_pdf,,,,,,,,,,
7,중1(교육과정 학년군: 중1-3),변화와 관계,일차함수와 그 그래프,m1_func_parallel_translation__used_in__m1_quad_func_vertex_form,cross_unit,m1_func_parallel_translation,평행이동,일차함수와 그 그래프,m1_quad_func_vertex_form,y=a(x-p)^2+q 꼴,이차함수와 그 그래프,used_in,medium,2,"achievement_math_2022: 이차함수와 그 그래프 section; [9수02-22] achievement levels; achievement_level; y=ax^2, y=a(x-p)^2+q, y=ax^2+bx+c 꼴의 이차함수 그래프를 그리고 성질을 설명하는 수준을 구분 | achievement_research_report_2022: 연구보고서 p. 220; 이차함수와 그 그래프 성취기준별 성취수준; research_report_achievement_level_context; 이차함수 개념, 이차함수인지 판단하기, 상황을 식으로 나타내기, y=ax^2, y=a(x-p)^2, y=ax^2+q, y=a(x-p)^2+q, y=ax^2+bx+c 그래프와 성질, 표를 이용한 y=ax^2 그래프 그리기를 다루는 성취수준 맥락",,procedure_ref;textbook_page_refs,"Find a worked example, procedure, or application where this source concept is used.",pending_textbook_pdf,,,,,,,,,,
7,중1(교육과정 학년군: 중1-3),변화와 관계,일차함수와 그 그래프,m1_func_tech_tool_graph__used_in__m1_quad_func_tech_tool_graph,cross_unit,m1_func_tech_tool_graph,공학 도구로 함수 그래프 탐구하기,일차함수와 그 그래프,m1_quad_func_tech_tool_graph,공학 도구로 이차함수 그래프 탐구하기,이차함수와 그 그래프,used_in,medium,4,"curriculum_math_2022: printed p. 36; achievement-standard considerations; teaching_note; 함수의 개념은 한 양이 변함에 따라 다른 양이 하나씩 정해지는 두 양 사이의 대응 관계로 도입하고, 공학 도구로 함수의 그래프와 성질을 탐구하게 함 | curriculum_math_2022: printed p. 35; [9수02-22]; achievement_standard; 이차함수의 그래프를 그리고 그 성질을 설명하는 성취기준 | achievement_math_2022: 일차함수와 그 그래프 section; [9수02-15] achievement levels; achievement_level; 일차함수인지 판단하고 기울기, x절편, y절편, 평행이동 등을 이용하여 그래프를 그리는 수행 수준을 구분 | achievement_math_2022: 이차함수와 그 그래프 section; [9수02-22] achievement levels; achievement_level; y=ax^2, y=a(x-p)^2+q, y=ax^2+bx+c 꼴의 이차함수 그래프를 그리고 성질을 설명하는 수준을 구분",General technology-supported graph exploration is reused for quadratic-function graph exploration.,procedure_ref;textbook_page_refs,"Find a worked example, procedure, or application where this source concept is used.",pending_textbook_pdf,,,,,,,,,,
7,중1(교육과정 학년군: 중1-3),변화와 관계,일차함수와 그 그래프,m1_func_x_intercept__used_in__m1_coord_x_axis,cross_unit,m1_func_x_intercept,x절편,일차함수와 그 그래프,m1_coord_x_axis,x축,좌표평면과 그래프,used_in,high,2,"curriculum_math_2022: printed p. 36; terms and symbols for 변화와 관계; term_list; 대입, 다항식, 항, 단항식, 상수항, 계수, 차수, 일차식, 동류항, 등식, 방정식, 미지수, 해, 근, 항등식, 이항, 일차방정식, 변수, 좌표, 그래프, 인수, 인수분해, 완전제곱식, 이차방정식, 중근, 근의 공식, 이차함수, 포물선, 축, 꼭짓점, 최댓값, 최솟값 등을 다룸 | achievement_math_2022: 일차함수와 그 그래프 section; [9수02-15] achievement levels; achievement_level; 일차함수인지 판단하고 기울기, x절편, y절편, 평행이동 등을 이용하여 그래프를 그리는 수행 수준을 구분",,procedure_ref;textbook_page_refs,"Find a worked example, procedure, or application where this source concept is used.",pending_textbook_pdf,,,,,,,,,,
7,중1(교육과정 학년군: 중1-3),변화와 관계,일차함수와 그 그래프,m1_func_y_intercept__used_in__m1_coord_y_axis,cross_unit,m1_func_y_intercept,y절편,일차함수와 그 그래프,m1_coord_y_axis,y축,좌표평면과 그래프,used_in,high,2,"curriculum_math_2022: printed p. 36; terms and symbols for 변화와 관계; term_list; 대입, 다항식, 항, 단항식, 상수항, 계수, 차수, 일차식, 동류항, 등식, 방정식, 미지수, 해, 근, 항등식, 이항, 일차방정식, 변수, 좌표, 그래프, 인수, 인수분해, 완전제곱식, 이차방정식, 중근, 근의 공식, 이차함수, 포물선, 축, 꼭짓점, 최댓값, 최솟값 등을 다룸 | achievement_math_2022: 일차함수와 그 그래프 section; [9수02-15] achievement levels; achievement_level; 일차함수인지 판단하고 기울기, x절편, y절편, 평행이동 등을 이용하여 그래프를 그리는 수행 수준을 구분",,procedure_ref;textbook_page_refs,"Find a worked example, procedure, or application where this source concept is used.",pending_textbook_pdf,,,,,,,,,,
7,중1(교육과정 학년군: 중1-3),변화와 관계,일차함수와 그 그래프,m1_graph_increase_decrease__used_in__m1_func_slope_sign,cross_unit,m1_graph_increase_decrease,증가와 감소,좌표평면과 그래프,m1_func_slope_sign,기울기의 부호,일차함수와 그 그래프,used_in,medium,1,"achievement_math_2022: 일차함수와 그 그래프 section; [9수02-16] achievement levels; achievement_level; 일차함수의 그래프의 성질 이해, 그래프의 식 구하기, 기울기 부호 판단 수준을 구분",,procedure_ref;textbook_page_refs,"Find a worked example, procedure, or application where this source concept is used.",pending_textbook_pdf,,,,,,,,,,
7,중1(교육과정 학년군: 중1-3),변화와 관계,일차함수와 그 그래프,m1_func_value__contrasts_with__m1_expr_value,cross_unit,m1_func_value,함숫값,일차함수와 그 그래프,m1_expr_value,식의 값,문자의 사용과 식,contrasts_with,medium,5,"curriculum_math_2022: printed p. 34; [9수02-01]; achievement_standard; 다양한 상황을 문자를 사용한 식으로 나타내고 식의 값을 구하는 성취기준 | curriculum_math_2022: printed p. 35; [9수02-14]; achievement_standard; 함수의 개념을 이해하고 함숫값을 구하는 성취기준 | curriculum_math_2022: printed p. 36; terms and symbols for 변화와 관계; term_list; 대입, 다항식, 항, 단항식, 상수항, 계수, 차수, 일차식, 동류항, 등식, 방정식, 미지수, 해, 근, 항등식, 이항, 일차방정식, 변수, 좌표, 그래프, 인수, 인수분해, 완전제곱식, 이차방정식, 중근, 근의 공식, 이차함수, 포물선, 축, 꼭짓점, 최댓값, 최솟값 등을 다룸 | achievement_math_2022: 문자의 사용과 식 section; [9수02-01] achievement levels; achievement_level; 문자를 사용한 식으로 나타내기, 문자의 특징 이해, 식의 값 계산 수준을 구분 | achievement_math_2022: 일차함수와 그 그래프 section; [9수02-14] achievement levels; achievement_level; 두 양 사이의 관계가 함수인지 판단하고 함숫값을 구하는 수행 수준을 구분","A function value is the output corresponding to an input, while an expression value is obtained by evaluating an expression after substitution.",contrast_ref;textbook_page_refs,Find textbook wording or examples that distinguish the two concepts.,pending_textbook_pdf,,,,,,,,,,
7,중1(교육과정 학년군: 중1-3),변화와 관계,일차함수와 그 그래프,m1_func_equation_x_axis_intersection__related_to__m1_func_x_intercept,cross_unit,m1_func_equation_x_axis_intersection,일차방정식 그래프의 x축과의 교점,일차함수와 일차방정식의 관계,m1_func_x_intercept,x절편,일차함수와 그 그래프,related_to,medium,4,"curriculum_math_2022: printed p. 35; [9수02-17]; achievement_standard; 일차함수와 미지수가 2개인 일차방정식의 관계를 설명하는 성취기준 | achievement_math_2022: 일차함수와 일차방정식의 관계 section; [9수02-17] achievement levels; achievement_level; 미지수가 2개인 일차방정식의 해를 일차함수의 그래프로 나타내고 관계를 설명하는 수행 수준을 구분 | curriculum_math_2022: printed p. 36; terms and symbols for 변화와 관계; term_list; 대입, 다항식, 항, 단항식, 상수항, 계수, 차수, 일차식, 동류항, 등식, 방정식, 미지수, 해, 근, 항등식, 이항, 일차방정식, 변수, 좌표, 그래프, 인수, 인수분해, 완전제곱식, 이차방정식, 중근, 근의 공식, 이차함수, 포물선, 축, 꼭짓점, 최댓값, 최솟값 등을 다룸 | achievement_math_2022: 일차함수와 그 그래프 section; [9수02-15] achievement levels; achievement_level; 일차함수인지 판단하고 기울기, x절편, y절편, 평행이동 등을 이용하여 그래프를 그리는 수행 수준을 구분","The equation-graph x-axis intersection is related to, but not treated as a prerequisite for, the general x-intercept term.",related_ref;textbook_page_refs,Find textbook wording or examples that justify keeping these concepts linked.,pending_textbook_pdf,,,,,,,,,,
7,중1(교육과정 학년군: 중1-3),변화와 관계,일차함수와 그 그래프,m1_func_equation_y_axis_intersection__related_to__m1_func_y_intercept,cross_unit,m1_func_equation_y_axis_intersection,일차방정식 그래프의 y축과의 교점,일차함수와 일차방정식의 관계,m1_func_y_intercept,y절편,일차함수와 그 그래프,related_to,medium,4,"curriculum_math_2022: printed p. 35; [9수02-17]; achievement_standard; 일차함수와 미지수가 2개인 일차방정식의 관계를 설명하는 성취기준 | achievement_math_2022: 일차함수와 일차방정식의 관계 section; [9수02-17] achievement levels; achievement_level; 미지수가 2개인 일차방정식의 해를 일차함수의 그래프로 나타내고 관계를 설명하는 수행 수준을 구분 | curriculum_math_2022: printed p. 36; terms and symbols for 변화와 관계; term_list; 대입, 다항식, 항, 단항식, 상수항, 계수, 차수, 일차식, 동류항, 등식, 방정식, 미지수, 해, 근, 항등식, 이항, 일차방정식, 변수, 좌표, 그래프, 인수, 인수분해, 완전제곱식, 이차방정식, 중근, 근의 공식, 이차함수, 포물선, 축, 꼭짓점, 최댓값, 최솟값 등을 다룸 | achievement_math_2022: 일차함수와 그 그래프 section; [9수02-15] achievement levels; achievement_level; 일차함수인지 판단하고 기울기, x절편, y절편, 평행이동 등을 이용하여 그래프를 그리는 수행 수준을 구분","The equation-graph y-axis intersection is related to, but not treated as a prerequisite for, the general y-intercept term.",related_ref;textbook_page_refs,Find textbook wording or examples that justify keeping these concepts linked.,pending_textbook_pdf,,,,,,,,,,
7,중1(교육과정 학년군: 중1-3),변화와 관계,일차함수와 그 그래프,m1_system_unit__related_to__m1_func_unit,cross_unit,m1_system_unit,연립일차방정식,연립일차방정식,m1_func_unit,일차함수와 그 그래프,일차함수와 그 그래프,related_to,medium,8,"curriculum_math_2022: printed p. 35; [9수02-13]; achievement_standard; 미지수가 2개인 연립일차방정식을 풀고 활용하는 성취기준 | curriculum_math_2022: printed p. 35; [9수02-14]; achievement_standard; 함수의 개념을 이해하고 함숫값을 구하는 성취기준 | curriculum_math_2022: printed p. 35; [9수02-15]; achievement_standard; 일차함수의 개념을 이해하고 그 그래프를 그리는 성취기준 | curriculum_math_2022: printed p. 35; [9수02-18]; achievement_standard; 두 일차함수의 그래프와 연립일차방정식의 관계를 설명하는 성취기준 | achievement_math_2022: 연립일차방정식 section; [9수02-13] achievement levels; achievement_level; 미지수가 2개인 연립일차방정식을 여러 가지 방법으로 풀고 활용하는 수행 수준을 구분 | achievement_math_2022: 일차함수와 그 그래프 section; [9수02-14] achievement levels; achievement_level; 두 양 사이의 관계가 함수인지 판단하고 함숫값을 구하는 수행 수준을 구분 | achievement_math_2022: 일차함수와 그 그래프 section; [9수02-15] achievement levels; achievement_level; 일차함수인지 판단하고 기울기, x절편, y절편, 평행이동 등을 이용하여 그래프를 그리는 수행 수준을 구분 | achievement_math_2022: 일차함수와 일차방정식의 관계 section; [9수02-18] achievement levels; achievement_level; 두 일차함수의 그래프의 교점과 연립일차방정식의 해 사이의 관계를 설명하는 수행 수준을 구분",Linear-function graph work later connects back to simultaneous linear equations through graphical solution interpretation.,related_ref;textbook_page_refs,Find textbook wording or examples that justify keeping these concepts linked.,pending_textbook_pdf,,,,,,,,,,
