packet_rank,grade,domain,unit,edge_id,edge_scope,source_id,source_label_ko,source_unit,target_id,target_label_ko,target_unit,relationship_type,confidence,source_ref_count,current_source_refs,notes,required_evidence_fields,evidence_focus,extraction_status,structure_ref,prerequisite_ref,representation_ref,procedure_ref,contrast_ref,misconception_ref,problem_pattern_ref,related_ref,textbook_page_refs,extraction_notes
13,중1(교육과정 학년군: 중1-3),도형과 측정,입체도형의 성질,m1_geo_solid_unit__contains__m1_geo_orthographic_drawing,intra_unit,m1_geo_solid_unit,입체도형의 성질,입체도형의 성질,m1_geo_orthographic_drawing,겨냥도,입체도형의 성질,contains,low,1,achievement_research_report_2022: 연구보고서 p. 173; 직육면체와 정육면체 성취기준별 성취수준; research_report_achievement_level_context; 직육면체와 정육면체의 겨냥도와 전개도를 그리고 전개도가 될 수 있는 것과 될 수 없는 것을 구별하는 성취수준 맥락,,structure_ref;textbook_page_refs;extraction_notes,Find textbook structure evidence for the containment relation.,pending_textbook_pdf,,,,,,,,,,
13,중1(교육과정 학년군: 중1-3),도형과 측정,입체도형의 성질,m1_geo_solid_unit__contains__m1_mis_complex_area_volume_scope,intra_unit,m1_geo_solid_unit,입체도형의 성질,입체도형의 성질,m1_mis_complex_area_volume_scope,지나치게 복잡한 넓이·부피 변형 문제 범위 혼동,입체도형의 성질,contains,low,1,"curriculum_math_2022: printed p. 39; achievement-standard considerations; teaching_note; 삼각비 사이의 관계는 다루지 않고, 삼각비 값은 0도에서 90도까지의 각도만 다루며, 원과 비례에 관한 성질과 지나치게 복잡한 넓이·둘레·겉넓이·부피 문제는 다루지 않음",,structure_ref;textbook_page_refs;extraction_notes,Find textbook structure evidence for the containment relation.,pending_textbook_pdf,,,,,,,,,,
13,중1(교육과정 학년군: 중1-3),도형과 측정,입체도형의 성질,m1_geo_solid_unit__contains__m1_mis_solid_net_adjacency,intra_unit,m1_geo_solid_unit,입체도형의 성질,입체도형의 성질,m1_mis_solid_net_adjacency,전개도에서 붙는 면의 이웃 관계를 잘못 판단하는 오류,입체도형의 성질,contains,low,2,achievement_research_report_2022: 연구보고서 p. 173; 직육면체와 정육면체 성취기준별 성취수준; research_report_achievement_level_context; 직육면체와 정육면체의 겨냥도와 전개도를 그리고 전개도가 될 수 있는 것과 될 수 없는 것을 구별하는 성취수준 맥락 | achievement_research_report_2022: 연구보고서 p. 174; 각기둥과 원기둥 전개도 성취기준별 성취수준; research_report_achievement_level_context; 각기둥과 원기둥의 전개도를 그리고 전개도가 될 수 있는 것과 될 수 없는 것을 구별하는 성취수준 맥락,,structure_ref;textbook_page_refs;extraction_notes,Find textbook structure evidence for the containment relation.,pending_textbook_pdf,,,,,,,,,,
13,중1(교육과정 학년군: 중1-3),도형과 측정,입체도형의 성질,m1_geo_solid_unit__contains__m1_mis_surface_area_volume,intra_unit,m1_geo_solid_unit,입체도형의 성질,입체도형의 성질,m1_mis_surface_area_volume,겉넓이와 부피를 같은 측정량으로 보는 오류,입체도형의 성질,contains,low,2,curriculum_math_2022: printed p. 38; [9수03-08]; achievement_standard; 입체도형의 겉넓이와 부피를 구하는 성취기준 | achievement_math_2022: 입체도형의 성질 section; [9수03-07]~[9수03-08] achievement levels; achievement_level; 다면체와 회전체의 성질을 모형이나 공학 도구로 탐구하고 입체도형의 겉넓이와 부피를 구하는 수준을 구분,,structure_ref;textbook_page_refs;extraction_notes,Find textbook structure evidence for the containment relation.,pending_textbook_pdf,,,,,,,,,,
13,중1(교육과정 학년군: 중1-3),도형과 측정,입체도형의 성질,m1_geo_solid_unit__prerequisite_for__m1_geo_orthographic_drawing,intra_unit,m1_geo_solid_unit,입체도형의 성질,입체도형의 성질,m1_geo_orthographic_drawing,겨냥도,입체도형의 성질,prerequisite_for,low,1,achievement_research_report_2022: 연구보고서 p. 173; 직육면체와 정육면체 성취기준별 성취수준; research_report_achievement_level_context; 직육면체와 정육면체의 겨냥도와 전개도를 그리고 전개도가 될 수 있는 것과 될 수 없는 것을 구별하는 성취수준 맥락,,prerequisite_ref;textbook_page_refs;extraction_notes,Find textbook sequencing or prior-knowledge evidence for the prerequisite relation.,pending_textbook_pdf,,,,,,,,,,
13,중1(교육과정 학년군: 중1-3),도형과 측정,입체도형의 성질,m1_geo_solid_component_identification__used_in__m1_geo_prism,intra_unit,m1_geo_solid_component_identification,면·모서리·꼭짓점 찾기,입체도형의 성질,m1_geo_prism,기둥 모양 입체도형,입체도형의 성질,used_in,low,2,"achievement_research_report_2022: 연구보고서 p. 174; 각기둥과 각뿔 성취기준별 성취수준; research_report_achievement_level_context; 각기둥과 각뿔에서 면, 모서리, 꼭짓점을 찾고 성질을 설명하는 성취수준 맥락 | achievement_research_report_2022: 연구보고서 p. 181; 도형과 측정 영역별 성취수준; research_report_achievement_level_context; 각기둥과 각뿔, 원기둥, 원뿔, 구의 구성 요소와 성질을 이해하는 도형과 측정 영역별 성취수준 맥락",각기둥의 구성 요소 찾기 맥락을 기둥 모양 입체도형 계열에 보수적으로 연결한다. 원기둥까지 포함되는 세부 범위는 교과서 확인이 필요하다.,procedure_ref;textbook_page_refs;extraction_notes,"Find a worked example, procedure, or application where this source concept is used.",pending_textbook_pdf,,,,,,,,,,
13,중1(교육과정 학년군: 중1-3),도형과 측정,입체도형의 성질,m1_geo_solid_component_identification__used_in__m1_geo_pyramid,intra_unit,m1_geo_solid_component_identification,면·모서리·꼭짓점 찾기,입체도형의 성질,m1_geo_pyramid,뿔 모양 입체도형,입체도형의 성질,used_in,low,2,"achievement_research_report_2022: 연구보고서 p. 174; 각기둥과 각뿔 성취기준별 성취수준; research_report_achievement_level_context; 각기둥과 각뿔에서 면, 모서리, 꼭짓점을 찾고 성질을 설명하는 성취수준 맥락 | achievement_research_report_2022: 연구보고서 p. 181; 도형과 측정 영역별 성취수준; research_report_achievement_level_context; 각기둥과 각뿔, 원기둥, 원뿔, 구의 구성 요소와 성질을 이해하는 도형과 측정 영역별 성취수준 맥락",각뿔의 구성 요소 찾기 맥락을 뿔 모양 입체도형 계열에 보수적으로 연결한다. 원뿔까지 포함되는 세부 범위는 교과서 확인이 필요하다.,procedure_ref;textbook_page_refs;extraction_notes,"Find a worked example, procedure, or application where this source concept is used.",pending_textbook_pdf,,,,,,,,,,
13,중1(교육과정 학년군: 중1-3),도형과 측정,입체도형의 성질,m1_geo_orthographic_drawing__contrasts_with__m1_geo_solid_net,intra_unit,m1_geo_orthographic_drawing,겨냥도,입체도형의 성질,m1_geo_solid_net,전개도,입체도형의 성질,contrasts_with,low,1,achievement_research_report_2022: 연구보고서 p. 173; 직육면체와 정육면체 성취기준별 성취수준; research_report_achievement_level_context; 직육면체와 정육면체의 겨냥도와 전개도를 그리고 전개도가 될 수 있는 것과 될 수 없는 것을 구별하는 성취수준 맥락,겨냥도와 전개도는 모두 입체도형을 평면에 나타내지만 표현 목적이 다르다. 중학교 교과서 근거 확인 전까지 낮은 신뢰도로 둔다.,contrast_ref;textbook_page_refs;extraction_notes,Find textbook wording or examples that distinguish the two concepts.,pending_textbook_pdf,,,,,,,,,,
13,중1(교육과정 학년군: 중1-3),도형과 측정,입체도형의 성질,m1_mis_complex_area_volume_scope__often_confused_with__m1_geo_surface_area,intra_unit,m1_mis_complex_area_volume_scope,지나치게 복잡한 넓이·부피 변형 문제 범위 혼동,입체도형의 성질,m1_geo_surface_area,겉넓이,입체도형의 성질,often_confused_with,low,1,"curriculum_math_2022: printed p. 39; achievement-standard considerations; teaching_note; 삼각비 사이의 관계는 다루지 않고, 삼각비 값은 0도에서 90도까지의 각도만 다루며, 원과 비례에 관한 성질과 지나치게 복잡한 넓이·둘레·겉넓이·부피 문제는 다루지 않음",,misconception_ref;problem_pattern_ref;textbook_page_refs;extraction_notes,"Find misconception, caution, example, or problem-pattern evidence for the confusion risk.",pending_textbook_pdf,,,,,,,,,,
13,중1(교육과정 학년군: 중1-3),도형과 측정,입체도형의 성질,m1_mis_complex_area_volume_scope__often_confused_with__m1_geo_volume,intra_unit,m1_mis_complex_area_volume_scope,지나치게 복잡한 넓이·부피 변형 문제 범위 혼동,입체도형의 성질,m1_geo_volume,부피,입체도형의 성질,often_confused_with,low,1,"curriculum_math_2022: printed p. 39; achievement-standard considerations; teaching_note; 삼각비 사이의 관계는 다루지 않고, 삼각비 값은 0도에서 90도까지의 각도만 다루며, 원과 비례에 관한 성질과 지나치게 복잡한 넓이·둘레·겉넓이·부피 문제는 다루지 않음",,misconception_ref;problem_pattern_ref;textbook_page_refs;extraction_notes,"Find misconception, caution, example, or problem-pattern evidence for the confusion risk.",pending_textbook_pdf,,,,,,,,,,
13,중1(교육과정 학년군: 중1-3),도형과 측정,입체도형의 성질,m1_mis_solid_net_adjacency__often_confused_with__m1_geo_solid_net,intra_unit,m1_mis_solid_net_adjacency,전개도에서 붙는 면의 이웃 관계를 잘못 판단하는 오류,입체도형의 성질,m1_geo_solid_net,전개도,입체도형의 성질,often_confused_with,low,2,achievement_research_report_2022: 연구보고서 p. 173; 직육면체와 정육면체 성취기준별 성취수준; research_report_achievement_level_context; 직육면체와 정육면체의 겨냥도와 전개도를 그리고 전개도가 될 수 있는 것과 될 수 없는 것을 구별하는 성취수준 맥락 | achievement_research_report_2022: 연구보고서 p. 174; 각기둥과 원기둥 전개도 성취기준별 성취수준; research_report_achievement_level_context; 각기둥과 원기둥의 전개도를 그리고 전개도가 될 수 있는 것과 될 수 없는 것을 구별하는 성취수준 맥락,related_ids에서 확인된 오개념 위험 연결을 낮은 신뢰도 edge로 보강. 교과서 근거 확인 후 유지 또는 조정.,misconception_ref;problem_pattern_ref;textbook_page_refs;extraction_notes,"Find misconception, caution, example, or problem-pattern evidence for the confusion risk.",pending_textbook_pdf,,,,,,,,,,
13,중1(교육과정 학년군: 중1-3),도형과 측정,입체도형의 성질,m1_mis_solid_net_adjacency__often_confused_with__m1_geo_solid_net_validity_judgement,intra_unit,m1_mis_solid_net_adjacency,전개도에서 붙는 면의 이웃 관계를 잘못 판단하는 오류,입체도형의 성질,m1_geo_solid_net_validity_judgement,전개도가 될 수 있는지 판단하기,입체도형의 성질,often_confused_with,low,2,achievement_research_report_2022: 연구보고서 p. 173; 직육면체와 정육면체 성취기준별 성취수준; research_report_achievement_level_context; 직육면체와 정육면체의 겨냥도와 전개도를 그리고 전개도가 될 수 있는 것과 될 수 없는 것을 구별하는 성취수준 맥락 | achievement_research_report_2022: 연구보고서 p. 174; 각기둥과 원기둥 전개도 성취기준별 성취수준; research_report_achievement_level_context; 각기둥과 원기둥의 전개도를 그리고 전개도가 될 수 있는 것과 될 수 없는 것을 구별하는 성취수준 맥락,전개도 가능 여부 판단에서 접었을 때 맞닿는 면과 모서리 관계를 잘못 해석할 위험을 분리했다.,misconception_ref;problem_pattern_ref;textbook_page_refs;extraction_notes,"Find misconception, caution, example, or problem-pattern evidence for the confusion risk.",pending_textbook_pdf,,,,,,,,,,
13,중1(교육과정 학년군: 중1-3),도형과 측정,입체도형의 성질,m1_mis_surface_area_volume__often_confused_with__m1_geo_surface_area,intra_unit,m1_mis_surface_area_volume,겉넓이와 부피를 같은 측정량으로 보는 오류,입체도형의 성질,m1_geo_surface_area,겉넓이,입체도형의 성질,often_confused_with,low,2,curriculum_math_2022: printed p. 38; [9수03-08]; achievement_standard; 입체도형의 겉넓이와 부피를 구하는 성취기준 | achievement_math_2022: 입체도형의 성질 section; [9수03-07]~[9수03-08] achievement levels; achievement_level; 다면체와 회전체의 성질을 모형이나 공학 도구로 탐구하고 입체도형의 겉넓이와 부피를 구하는 수준을 구분,,misconception_ref;problem_pattern_ref;textbook_page_refs;extraction_notes,"Find misconception, caution, example, or problem-pattern evidence for the confusion risk.",pending_textbook_pdf,,,,,,,,,,
13,중1(교육과정 학년군: 중1-3),도형과 측정,입체도형의 성질,m1_mis_surface_area_volume__often_confused_with__m1_geo_volume,intra_unit,m1_mis_surface_area_volume,겉넓이와 부피를 같은 측정량으로 보는 오류,입체도형의 성질,m1_geo_volume,부피,입체도형의 성질,often_confused_with,low,2,curriculum_math_2022: printed p. 38; [9수03-08]; achievement_standard; 입체도형의 겉넓이와 부피를 구하는 성취기준 | achievement_math_2022: 입체도형의 성질 section; [9수03-07]~[9수03-08] achievement levels; achievement_level; 다면체와 회전체의 성질을 모형이나 공학 도구로 탐구하고 입체도형의 겉넓이와 부피를 구하는 수준을 구분,,misconception_ref;problem_pattern_ref;textbook_page_refs;extraction_notes,"Find misconception, caution, example, or problem-pattern evidence for the confusion risk.",pending_textbook_pdf,,,,,,,,,,
13,중1(교육과정 학년군: 중1-3),도형과 측정,입체도형의 성질,m1_geo_solid_unit__contains__m1_geo_axis_of_rotation,intra_unit,m1_geo_solid_unit,입체도형의 성질,입체도형의 성질,m1_geo_axis_of_rotation,회전축,입체도형의 성질,contains,high,3,"curriculum_math_2022: printed pp. 38-39; terms and symbols for 도형과 측정; term_list; 교점, 교선, 두 점 사이의 거리, 중점, 수직이등분선, 꼬인 위치, 교각, 맞꼭지각, 엇각, 동위각, 평각, 직교, 수선의 발, 작도, 대변, 대각, 삼각형의 합동 조건, 내각, 외각, 부채꼴, 중심각, 호, 현, 활꼴, 할선, 다면체, 각뿔대, 정다면체, 회전체, 회전축, 원뿔대, 증명, 접선, 접점, 접한다, 외심, 외접, 외접원, 내심, 내접, 내접원, 중선, 무게중심, 닮음, 닮음비, 삼각형의 닮음 조건, 피타고라스 정리, 삼각비, 사인, 코사인, 탄젠트, 원주각 등을 다룸 | curriculum_math_2022: printed p. 38; [9수03-07]; achievement_standard; 모형이나 공학 도구로 다면체와 회전체의 성질을 탐구하고 설명하는 성취기준 | achievement_math_2022: 입체도형의 성질 section; [9수03-07]~[9수03-08] achievement levels; achievement_level; 다면체와 회전체의 성질을 모형이나 공학 도구로 탐구하고 입체도형의 겉넓이와 부피를 구하는 수준을 구분",,structure_ref;textbook_page_refs,Find textbook structure evidence for the containment relation.,pending_textbook_pdf,,,,,,,,,,
13,중1(교육과정 학년군: 중1-3),도형과 측정,입체도형의 성질,m1_geo_solid_unit__contains__m1_geo_convex_polyhedron_scope,intra_unit,m1_geo_solid_unit,입체도형의 성질,입체도형의 성질,m1_geo_convex_polyhedron_scope,볼록한 다면체 범위,입체도형의 성질,contains,high,1,"curriculum_math_2022: printed pp. 38-39; [9수03-05], [9수03-07] explanation and considerations; teaching_note; 다각형의 내각·외각·대각선을 탐구해 성질을 일반화하고, 다각형과 다면체는 볼록인 경우만 다루며 회전체 단면은 성질 이해에 필요한 정도로 다룸",,structure_ref;textbook_page_refs,Find textbook structure evidence for the containment relation.,pending_textbook_pdf,,,,,,,,,,
13,중1(교육과정 학년군: 중1-3),도형과 측정,입체도형의 성질,m1_geo_solid_unit__contains__m1_geo_frustum_cone,intra_unit,m1_geo_solid_unit,입체도형의 성질,입체도형의 성질,m1_geo_frustum_cone,원뿔대,입체도형의 성질,contains,high,3,"curriculum_math_2022: printed pp. 38-39; terms and symbols for 도형과 측정; term_list; 교점, 교선, 두 점 사이의 거리, 중점, 수직이등분선, 꼬인 위치, 교각, 맞꼭지각, 엇각, 동위각, 평각, 직교, 수선의 발, 작도, 대변, 대각, 삼각형의 합동 조건, 내각, 외각, 부채꼴, 중심각, 호, 현, 활꼴, 할선, 다면체, 각뿔대, 정다면체, 회전체, 회전축, 원뿔대, 증명, 접선, 접점, 접한다, 외심, 외접, 외접원, 내심, 내접, 내접원, 중선, 무게중심, 닮음, 닮음비, 삼각형의 닮음 조건, 피타고라스 정리, 삼각비, 사인, 코사인, 탄젠트, 원주각 등을 다룸 | curriculum_math_2022: printed p. 38; [9수03-07]; achievement_standard; 모형이나 공학 도구로 다면체와 회전체의 성질을 탐구하고 설명하는 성취기준 | achievement_math_2022: 입체도형의 성질 section; [9수03-07]~[9수03-08] achievement levels; achievement_level; 다면체와 회전체의 성질을 모형이나 공학 도구로 탐구하고 입체도형의 겉넓이와 부피를 구하는 수준을 구분",,structure_ref;textbook_page_refs,Find textbook structure evidence for the containment relation.,pending_textbook_pdf,,,,,,,,,,
13,중1(교육과정 학년군: 중1-3),도형과 측정,입체도형의 성질,m1_geo_solid_unit__contains__m1_geo_frustum_pyramid,intra_unit,m1_geo_solid_unit,입체도형의 성질,입체도형의 성질,m1_geo_frustum_pyramid,각뿔대,입체도형의 성질,contains,high,3,"curriculum_math_2022: printed pp. 38-39; terms and symbols for 도형과 측정; term_list; 교점, 교선, 두 점 사이의 거리, 중점, 수직이등분선, 꼬인 위치, 교각, 맞꼭지각, 엇각, 동위각, 평각, 직교, 수선의 발, 작도, 대변, 대각, 삼각형의 합동 조건, 내각, 외각, 부채꼴, 중심각, 호, 현, 활꼴, 할선, 다면체, 각뿔대, 정다면체, 회전체, 회전축, 원뿔대, 증명, 접선, 접점, 접한다, 외심, 외접, 외접원, 내심, 내접, 내접원, 중선, 무게중심, 닮음, 닮음비, 삼각형의 닮음 조건, 피타고라스 정리, 삼각비, 사인, 코사인, 탄젠트, 원주각 등을 다룸 | curriculum_math_2022: printed p. 38; [9수03-07]; achievement_standard; 모형이나 공학 도구로 다면체와 회전체의 성질을 탐구하고 설명하는 성취기준 | achievement_math_2022: 입체도형의 성질 section; [9수03-07]~[9수03-08] achievement levels; achievement_level; 다면체와 회전체의 성질을 모형이나 공학 도구로 탐구하고 입체도형의 겉넓이와 부피를 구하는 수준을 구분",,structure_ref;textbook_page_refs,Find textbook structure evidence for the containment relation.,pending_textbook_pdf,,,,,,,,,,
13,중1(교육과정 학년군: 중1-3),도형과 측정,입체도형의 성질,m1_geo_solid_unit__contains__m1_geo_model_tool_solid,intra_unit,m1_geo_solid_unit,입체도형의 성질,입체도형의 성질,m1_geo_model_tool_solid,모형과 공학 도구로 입체도형 탐구,입체도형의 성질,contains,high,3,"curriculum_math_2022: printed p. 38; [9수03-07]; achievement_standard; 모형이나 공학 도구로 다면체와 회전체의 성질을 탐구하고 설명하는 성취기준 | curriculum_math_2022: printed pp. 38-39; [9수03-05], [9수03-07] explanation and considerations; teaching_note; 다각형의 내각·외각·대각선을 탐구해 성질을 일반화하고, 다각형과 다면체는 볼록인 경우만 다루며 회전체 단면은 성질 이해에 필요한 정도로 다룸 | achievement_math_2022: 입체도형의 성질 section; [9수03-07]~[9수03-08] achievement levels; achievement_level; 다면체와 회전체의 성질을 모형이나 공학 도구로 탐구하고 입체도형의 겉넓이와 부피를 구하는 수준을 구분",,structure_ref;textbook_page_refs,Find textbook structure evidence for the containment relation.,pending_textbook_pdf,,,,,,,,,,
13,중1(교육과정 학년군: 중1-3),도형과 측정,입체도형의 성질,m1_geo_solid_unit__contains__m1_geo_net_surface_area_strategy,intra_unit,m1_geo_solid_unit,입체도형의 성질,입체도형의 성질,m1_geo_net_surface_area_strategy,전개도로 겉넓이 구하기,입체도형의 성질,contains,medium,3,"curriculum_math_2022: printed pp. 38-39; [9수03-05], [9수03-07] explanation and considerations; teaching_note; 다각형의 내각·외각·대각선을 탐구해 성질을 일반화하고, 다각형과 다면체는 볼록인 경우만 다루며 회전체 단면은 성질 이해에 필요한 정도로 다룸 | curriculum_math_2022: printed p. 38; [9수03-08]; achievement_standard; 입체도형의 겉넓이와 부피를 구하는 성취기준 | achievement_math_2022: 입체도형의 성질 section; [9수03-07]~[9수03-08] achievement levels; achievement_level; 다면체와 회전체의 성질을 모형이나 공학 도구로 탐구하고 입체도형의 겉넓이와 부피를 구하는 수준을 구분",,structure_ref;textbook_page_refs,Find textbook structure evidence for the containment relation.,pending_textbook_pdf,,,,,,,,,,
13,중1(교육과정 학년군: 중1-3),도형과 측정,입체도형의 성질,m1_geo_solid_unit__contains__m1_geo_polyhedron,intra_unit,m1_geo_solid_unit,입체도형의 성질,입체도형의 성질,m1_geo_polyhedron,다면체,입체도형의 성질,contains,high,3,"curriculum_math_2022: printed pp. 38-39; terms and symbols for 도형과 측정; term_list; 교점, 교선, 두 점 사이의 거리, 중점, 수직이등분선, 꼬인 위치, 교각, 맞꼭지각, 엇각, 동위각, 평각, 직교, 수선의 발, 작도, 대변, 대각, 삼각형의 합동 조건, 내각, 외각, 부채꼴, 중심각, 호, 현, 활꼴, 할선, 다면체, 각뿔대, 정다면체, 회전체, 회전축, 원뿔대, 증명, 접선, 접점, 접한다, 외심, 외접, 외접원, 내심, 내접, 내접원, 중선, 무게중심, 닮음, 닮음비, 삼각형의 닮음 조건, 피타고라스 정리, 삼각비, 사인, 코사인, 탄젠트, 원주각 등을 다룸 | curriculum_math_2022: printed p. 38; [9수03-07]; achievement_standard; 모형이나 공학 도구로 다면체와 회전체의 성질을 탐구하고 설명하는 성취기준 | achievement_math_2022: 입체도형의 성질 section; [9수03-07]~[9수03-08] achievement levels; achievement_level; 다면체와 회전체의 성질을 모형이나 공학 도구로 탐구하고 입체도형의 겉넓이와 부피를 구하는 수준을 구분",,structure_ref;textbook_page_refs,Find textbook structure evidence for the containment relation.,pending_textbook_pdf,,,,,,,,,,
13,중1(교육과정 학년군: 중1-3),도형과 측정,입체도형의 성질,m1_geo_solid_unit__contains__m1_geo_prism,intra_unit,m1_geo_solid_unit,입체도형의 성질,입체도형의 성질,m1_geo_prism,기둥 모양 입체도형,입체도형의 성질,contains,medium,4,"curriculum_math_2022: printed p. 38; [9수03-08]; achievement_standard; 입체도형의 겉넓이와 부피를 구하는 성취기준 | achievement_math_2022: 입체도형의 성질 section; [9수03-07]~[9수03-08] achievement levels; achievement_level; 다면체와 회전체의 성질을 모형이나 공학 도구로 탐구하고 입체도형의 겉넓이와 부피를 구하는 수준을 구분 | achievement_research_report_2022: 연구보고서 p. 103; 입체도형의 모양 성취기준별 성취수준; research_report_prerequisite_context; 주변 물건에서 직육면체, 원기둥, 구의 모양을 찾고 특징을 말하는 초등 연계 입체도형 기초 맥락 | achievement_research_report_2022: 연구보고서 p. 108; 도형과 측정 영역별 성취수준; research_report_achievement_level_context; 직육면체, 원기둥, 구의 모양을 이해하고 주변 물건을 분류하는 도형과 측정 영역별 성취수준 맥락",,structure_ref;textbook_page_refs,Find textbook structure evidence for the containment relation.,pending_textbook_pdf,,,,,,,,,,
13,중1(교육과정 학년군: 중1-3),도형과 측정,입체도형의 성질,m1_geo_solid_unit__contains__m1_geo_pyramid,intra_unit,m1_geo_solid_unit,입체도형의 성질,입체도형의 성질,m1_geo_pyramid,뿔 모양 입체도형,입체도형의 성질,contains,medium,4,"curriculum_math_2022: printed p. 38; [9수03-08]; achievement_standard; 입체도형의 겉넓이와 부피를 구하는 성취기준 | achievement_math_2022: 입체도형의 성질 section; [9수03-07]~[9수03-08] achievement levels; achievement_level; 다면체와 회전체의 성질을 모형이나 공학 도구로 탐구하고 입체도형의 겉넓이와 부피를 구하는 수준을 구분 | achievement_research_report_2022: 연구보고서 p. 174; 각기둥과 각뿔 성취기준별 성취수준; research_report_achievement_level_context; 각기둥과 각뿔에서 면, 모서리, 꼭짓점을 찾고 성질을 설명하는 성취수준 맥락 | achievement_research_report_2022: 연구보고서 p. 181; 도형과 측정 영역별 성취수준; research_report_achievement_level_context; 각기둥과 각뿔, 원기둥, 원뿔, 구의 구성 요소와 성질을 이해하는 도형과 측정 영역별 성취수준 맥락",,structure_ref;textbook_page_refs,Find textbook structure evidence for the containment relation.,pending_textbook_pdf,,,,,,,,,,
13,중1(교육과정 학년군: 중1-3),도형과 측정,입체도형의 성질,m1_geo_solid_unit__contains__m1_geo_regular_polyhedron,intra_unit,m1_geo_solid_unit,입체도형의 성질,입체도형의 성질,m1_geo_regular_polyhedron,정다면체,입체도형의 성질,contains,high,3,"curriculum_math_2022: printed pp. 38-39; terms and symbols for 도형과 측정; term_list; 교점, 교선, 두 점 사이의 거리, 중점, 수직이등분선, 꼬인 위치, 교각, 맞꼭지각, 엇각, 동위각, 평각, 직교, 수선의 발, 작도, 대변, 대각, 삼각형의 합동 조건, 내각, 외각, 부채꼴, 중심각, 호, 현, 활꼴, 할선, 다면체, 각뿔대, 정다면체, 회전체, 회전축, 원뿔대, 증명, 접선, 접점, 접한다, 외심, 외접, 외접원, 내심, 내접, 내접원, 중선, 무게중심, 닮음, 닮음비, 삼각형의 닮음 조건, 피타고라스 정리, 삼각비, 사인, 코사인, 탄젠트, 원주각 등을 다룸 | curriculum_math_2022: printed p. 38; [9수03-07]; achievement_standard; 모형이나 공학 도구로 다면체와 회전체의 성질을 탐구하고 설명하는 성취기준 | achievement_math_2022: 입체도형의 성질 section; [9수03-07]~[9수03-08] achievement levels; achievement_level; 다면체와 회전체의 성질을 모형이나 공학 도구로 탐구하고 입체도형의 겉넓이와 부피를 구하는 수준을 구분",,structure_ref;textbook_page_refs,Find textbook structure evidence for the containment relation.,pending_textbook_pdf,,,,,,,,,,
13,중1(교육과정 학년군: 중1-3),도형과 측정,입체도형의 성질,m1_geo_solid_unit__contains__m1_geo_rotation_generation,intra_unit,m1_geo_solid_unit,입체도형의 성질,입체도형의 성질,m1_geo_rotation_generation,평면도형을 회전시켜 회전체 만들기,입체도형의 성질,contains,high,3,"curriculum_math_2022: printed pp. 38-39; terms and symbols for 도형과 측정; term_list; 교점, 교선, 두 점 사이의 거리, 중점, 수직이등분선, 꼬인 위치, 교각, 맞꼭지각, 엇각, 동위각, 평각, 직교, 수선의 발, 작도, 대변, 대각, 삼각형의 합동 조건, 내각, 외각, 부채꼴, 중심각, 호, 현, 활꼴, 할선, 다면체, 각뿔대, 정다면체, 회전체, 회전축, 원뿔대, 증명, 접선, 접점, 접한다, 외심, 외접, 외접원, 내심, 내접, 내접원, 중선, 무게중심, 닮음, 닮음비, 삼각형의 닮음 조건, 피타고라스 정리, 삼각비, 사인, 코사인, 탄젠트, 원주각 등을 다룸 | curriculum_math_2022: printed p. 38; [9수03-07]; achievement_standard; 모형이나 공학 도구로 다면체와 회전체의 성질을 탐구하고 설명하는 성취기준 | achievement_math_2022: 입체도형의 성질 section; [9수03-07]~[9수03-08] achievement levels; achievement_level; 다면체와 회전체의 성질을 모형이나 공학 도구로 탐구하고 입체도형의 겉넓이와 부피를 구하는 수준을 구분",,structure_ref;textbook_page_refs,Find textbook structure evidence for the containment relation.,pending_textbook_pdf,,,,,,,,,,
13,중1(교육과정 학년군: 중1-3),도형과 측정,입체도형의 성질,m1_geo_solid_unit__contains__m1_geo_solid_component_identification,intra_unit,m1_geo_solid_unit,입체도형의 성질,입체도형의 성질,m1_geo_solid_component_identification,면·모서리·꼭짓점 찾기,입체도형의 성질,contains,medium,4,"curriculum_math_2022: printed p. 38; [9수03-07]; achievement_standard; 모형이나 공학 도구로 다면체와 회전체의 성질을 탐구하고 설명하는 성취기준 | achievement_math_2022: 입체도형의 성질 section; [9수03-07]~[9수03-08] achievement levels; achievement_level; 다면체와 회전체의 성질을 모형이나 공학 도구로 탐구하고 입체도형의 겉넓이와 부피를 구하는 수준을 구분 | achievement_research_report_2022: 연구보고서 p. 174; 각기둥과 각뿔 성취기준별 성취수준; research_report_achievement_level_context; 각기둥과 각뿔에서 면, 모서리, 꼭짓점을 찾고 성질을 설명하는 성취수준 맥락 | achievement_research_report_2022: 연구보고서 p. 181; 도형과 측정 영역별 성취수준; research_report_achievement_level_context; 각기둥과 각뿔, 원기둥, 원뿔, 구의 구성 요소와 성질을 이해하는 도형과 측정 영역별 성취수준 맥락",,structure_ref;textbook_page_refs,Find textbook structure evidence for the containment relation.,pending_textbook_pdf,,,,,,,,,,
13,중1(교육과정 학년군: 중1-3),도형과 측정,입체도형의 성질,m1_geo_solid_unit__contains__m1_geo_solid_cross_section,intra_unit,m1_geo_solid_unit,입체도형의 성질,입체도형의 성질,m1_geo_solid_cross_section,입체도형의 단면,입체도형의 성질,contains,medium,3,"curriculum_math_2022: printed pp. 38-39; [9수03-05], [9수03-07] explanation and considerations; teaching_note; 다각형의 내각·외각·대각선을 탐구해 성질을 일반화하고, 다각형과 다면체는 볼록인 경우만 다루며 회전체 단면은 성질 이해에 필요한 정도로 다룸 | curriculum_math_2022: printed p. 38; [9수03-07]; achievement_standard; 모형이나 공학 도구로 다면체와 회전체의 성질을 탐구하고 설명하는 성취기준 | achievement_math_2022: 입체도형의 성질 section; [9수03-07]~[9수03-08] achievement levels; achievement_level; 다면체와 회전체의 성질을 모형이나 공학 도구로 탐구하고 입체도형의 겉넓이와 부피를 구하는 수준을 구분",,structure_ref;textbook_page_refs,Find textbook structure evidence for the containment relation.,pending_textbook_pdf,,,,,,,,,,
13,중1(교육과정 학년군: 중1-3),도형과 측정,입체도형의 성질,m1_geo_solid_unit__contains__m1_geo_solid_cross_section_prediction,intra_unit,m1_geo_solid_unit,입체도형의 성질,입체도형의 성질,m1_geo_solid_cross_section_prediction,단면 모양 예상하기,입체도형의 성질,contains,medium,3,"curriculum_math_2022: printed pp. 38-39; [9수03-05], [9수03-07] explanation and considerations; teaching_note; 다각형의 내각·외각·대각선을 탐구해 성질을 일반화하고, 다각형과 다면체는 볼록인 경우만 다루며 회전체 단면은 성질 이해에 필요한 정도로 다룸 | curriculum_math_2022: printed p. 38; [9수03-07]; achievement_standard; 모형이나 공학 도구로 다면체와 회전체의 성질을 탐구하고 설명하는 성취기준 | achievement_math_2022: 입체도형의 성질 section; [9수03-07]~[9수03-08] achievement levels; achievement_level; 다면체와 회전체의 성질을 모형이나 공학 도구로 탐구하고 입체도형의 겉넓이와 부피를 구하는 수준을 구분",,structure_ref;textbook_page_refs,Find textbook structure evidence for the containment relation.,pending_textbook_pdf,,,,,,,,,,
13,중1(교육과정 학년군: 중1-3),도형과 측정,입체도형의 성질,m1_geo_solid_unit__contains__m1_geo_solid_edge,intra_unit,m1_geo_solid_unit,입체도형의 성질,입체도형의 성질,m1_geo_solid_edge,입체도형의 모서리,입체도형의 성질,contains,medium,4,"curriculum_math_2022: printed p. 38; [9수03-07]; achievement_standard; 모형이나 공학 도구로 다면체와 회전체의 성질을 탐구하고 설명하는 성취기준 | achievement_math_2022: 입체도형의 성질 section; [9수03-07]~[9수03-08] achievement levels; achievement_level; 다면체와 회전체의 성질을 모형이나 공학 도구로 탐구하고 입체도형의 겉넓이와 부피를 구하는 수준을 구분 | achievement_research_report_2022: 연구보고서 p. 174; 각기둥과 각뿔 성취기준별 성취수준; research_report_achievement_level_context; 각기둥과 각뿔에서 면, 모서리, 꼭짓점을 찾고 성질을 설명하는 성취수준 맥락 | achievement_research_report_2022: 연구보고서 p. 181; 도형과 측정 영역별 성취수준; research_report_achievement_level_context; 각기둥과 각뿔, 원기둥, 원뿔, 구의 구성 요소와 성질을 이해하는 도형과 측정 영역별 성취수준 맥락",,structure_ref;textbook_page_refs,Find textbook structure evidence for the containment relation.,pending_textbook_pdf,,,,,,,,,,
13,중1(교육과정 학년군: 중1-3),도형과 측정,입체도형의 성질,m1_geo_solid_unit__contains__m1_geo_solid_face,intra_unit,m1_geo_solid_unit,입체도형의 성질,입체도형의 성질,m1_geo_solid_face,입체도형의 면,입체도형의 성질,contains,medium,4,"curriculum_math_2022: printed p. 38; [9수03-07]; achievement_standard; 모형이나 공학 도구로 다면체와 회전체의 성질을 탐구하고 설명하는 성취기준 | achievement_math_2022: 입체도형의 성질 section; [9수03-07]~[9수03-08] achievement levels; achievement_level; 다면체와 회전체의 성질을 모형이나 공학 도구로 탐구하고 입체도형의 겉넓이와 부피를 구하는 수준을 구분 | achievement_research_report_2022: 연구보고서 p. 174; 각기둥과 각뿔 성취기준별 성취수준; research_report_achievement_level_context; 각기둥과 각뿔에서 면, 모서리, 꼭짓점을 찾고 성질을 설명하는 성취수준 맥락 | achievement_research_report_2022: 연구보고서 p. 181; 도형과 측정 영역별 성취수준; research_report_achievement_level_context; 각기둥과 각뿔, 원기둥, 원뿔, 구의 구성 요소와 성질을 이해하는 도형과 측정 영역별 성취수준 맥락",,structure_ref;textbook_page_refs,Find textbook structure evidence for the containment relation.,pending_textbook_pdf,,,,,,,,,,
13,중1(교육과정 학년군: 중1-3),도형과 측정,입체도형의 성질,m1_geo_solid_unit__contains__m1_geo_solid_net,intra_unit,m1_geo_solid_unit,입체도형의 성질,입체도형의 성질,m1_geo_solid_net,전개도,입체도형의 성질,contains,medium,5,"curriculum_math_2022: printed pp. 38-39; [9수03-05], [9수03-07] explanation and considerations; teaching_note; 다각형의 내각·외각·대각선을 탐구해 성질을 일반화하고, 다각형과 다면체는 볼록인 경우만 다루며 회전체 단면은 성질 이해에 필요한 정도로 다룸 | curriculum_math_2022: printed p. 38; [9수03-07]; achievement_standard; 모형이나 공학 도구로 다면체와 회전체의 성질을 탐구하고 설명하는 성취기준 | achievement_math_2022: 입체도형의 성질 section; [9수03-07]~[9수03-08] achievement levels; achievement_level; 다면체와 회전체의 성질을 모형이나 공학 도구로 탐구하고 입체도형의 겉넓이와 부피를 구하는 수준을 구분 | achievement_research_report_2022: 연구보고서 p. 173; 직육면체와 정육면체 성취기준별 성취수준; research_report_achievement_level_context; 직육면체와 정육면체의 겨냥도와 전개도를 그리고 전개도가 될 수 있는 것과 될 수 없는 것을 구별하는 성취수준 맥락 | achievement_research_report_2022: 연구보고서 p. 174; 각기둥과 원기둥 전개도 성취기준별 성취수준; research_report_achievement_level_context; 각기둥과 원기둥의 전개도를 그리고 전개도가 될 수 있는 것과 될 수 없는 것을 구별하는 성취수준 맥락",,structure_ref;textbook_page_refs,Find textbook structure evidence for the containment relation.,pending_textbook_pdf,,,,,,,,,,
13,중1(교육과정 학년군: 중1-3),도형과 측정,입체도형의 성질,m1_geo_solid_unit__contains__m1_geo_solid_net_drawing,intra_unit,m1_geo_solid_unit,입체도형의 성질,입체도형의 성질,m1_geo_solid_net_drawing,전개도 그리기,입체도형의 성질,contains,medium,4,"curriculum_math_2022: printed pp. 38-39; [9수03-05], [9수03-07] explanation and considerations; teaching_note; 다각형의 내각·외각·대각선을 탐구해 성질을 일반화하고, 다각형과 다면체는 볼록인 경우만 다루며 회전체 단면은 성질 이해에 필요한 정도로 다룸 | achievement_math_2022: 입체도형의 성질 section; [9수03-07]~[9수03-08] achievement levels; achievement_level; 다면체와 회전체의 성질을 모형이나 공학 도구로 탐구하고 입체도형의 겉넓이와 부피를 구하는 수준을 구분 | achievement_research_report_2022: 연구보고서 p. 173; 직육면체와 정육면체 성취기준별 성취수준; research_report_achievement_level_context; 직육면체와 정육면체의 겨냥도와 전개도를 그리고 전개도가 될 수 있는 것과 될 수 없는 것을 구별하는 성취수준 맥락 | achievement_research_report_2022: 연구보고서 p. 174; 각기둥과 원기둥 전개도 성취기준별 성취수준; research_report_achievement_level_context; 각기둥과 원기둥의 전개도를 그리고 전개도가 될 수 있는 것과 될 수 없는 것을 구별하는 성취수준 맥락",,structure_ref;textbook_page_refs,Find textbook structure evidence for the containment relation.,pending_textbook_pdf,,,,,,,,,,
13,중1(교육과정 학년군: 중1-3),도형과 측정,입체도형의 성질,m1_geo_solid_unit__contains__m1_geo_solid_net_validity_judgement,intra_unit,m1_geo_solid_unit,입체도형의 성질,입체도형의 성질,m1_geo_solid_net_validity_judgement,전개도가 될 수 있는지 판단하기,입체도형의 성질,contains,medium,4,"curriculum_math_2022: printed pp. 38-39; [9수03-05], [9수03-07] explanation and considerations; teaching_note; 다각형의 내각·외각·대각선을 탐구해 성질을 일반화하고, 다각형과 다면체는 볼록인 경우만 다루며 회전체 단면은 성질 이해에 필요한 정도로 다룸 | achievement_math_2022: 입체도형의 성질 section; [9수03-07]~[9수03-08] achievement levels; achievement_level; 다면체와 회전체의 성질을 모형이나 공학 도구로 탐구하고 입체도형의 겉넓이와 부피를 구하는 수준을 구분 | achievement_research_report_2022: 연구보고서 p. 173; 직육면체와 정육면체 성취기준별 성취수준; research_report_achievement_level_context; 직육면체와 정육면체의 겨냥도와 전개도를 그리고 전개도가 될 수 있는 것과 될 수 없는 것을 구별하는 성취수준 맥락 | achievement_research_report_2022: 연구보고서 p. 174; 각기둥과 원기둥 전개도 성취기준별 성취수준; research_report_achievement_level_context; 각기둥과 원기둥의 전개도를 그리고 전개도가 될 수 있는 것과 될 수 없는 것을 구별하는 성취수준 맥락",,structure_ref;textbook_page_refs,Find textbook structure evidence for the containment relation.,pending_textbook_pdf,,,,,,,,,,
13,중1(교육과정 학년군: 중1-3),도형과 측정,입체도형의 성질,m1_geo_solid_unit__contains__m1_geo_solid_of_revolution,intra_unit,m1_geo_solid_unit,입체도형의 성질,입체도형의 성질,m1_geo_solid_of_revolution,회전체,입체도형의 성질,contains,high,3,"curriculum_math_2022: printed pp. 38-39; terms and symbols for 도형과 측정; term_list; 교점, 교선, 두 점 사이의 거리, 중점, 수직이등분선, 꼬인 위치, 교각, 맞꼭지각, 엇각, 동위각, 평각, 직교, 수선의 발, 작도, 대변, 대각, 삼각형의 합동 조건, 내각, 외각, 부채꼴, 중심각, 호, 현, 활꼴, 할선, 다면체, 각뿔대, 정다면체, 회전체, 회전축, 원뿔대, 증명, 접선, 접점, 접한다, 외심, 외접, 외접원, 내심, 내접, 내접원, 중선, 무게중심, 닮음, 닮음비, 삼각형의 닮음 조건, 피타고라스 정리, 삼각비, 사인, 코사인, 탄젠트, 원주각 등을 다룸 | curriculum_math_2022: printed p. 38; [9수03-07]; achievement_standard; 모형이나 공학 도구로 다면체와 회전체의 성질을 탐구하고 설명하는 성취기준 | achievement_math_2022: 입체도형의 성질 section; [9수03-07]~[9수03-08] achievement levels; achievement_level; 다면체와 회전체의 성질을 모형이나 공학 도구로 탐구하고 입체도형의 겉넓이와 부피를 구하는 수준을 구분",,structure_ref;textbook_page_refs,Find textbook structure evidence for the containment relation.,pending_textbook_pdf,,,,,,,,,,
13,중1(교육과정 학년군: 중1-3),도형과 측정,입체도형의 성질,m1_geo_solid_unit__contains__m1_geo_solid_vertex,intra_unit,m1_geo_solid_unit,입체도형의 성질,입체도형의 성질,m1_geo_solid_vertex,입체도형의 꼭짓점,입체도형의 성질,contains,medium,4,"curriculum_math_2022: printed p. 38; [9수03-07]; achievement_standard; 모형이나 공학 도구로 다면체와 회전체의 성질을 탐구하고 설명하는 성취기준 | achievement_math_2022: 입체도형의 성질 section; [9수03-07]~[9수03-08] achievement levels; achievement_level; 다면체와 회전체의 성질을 모형이나 공학 도구로 탐구하고 입체도형의 겉넓이와 부피를 구하는 수준을 구분 | achievement_research_report_2022: 연구보고서 p. 174; 각기둥과 각뿔 성취기준별 성취수준; research_report_achievement_level_context; 각기둥과 각뿔에서 면, 모서리, 꼭짓점을 찾고 성질을 설명하는 성취수준 맥락 | achievement_research_report_2022: 연구보고서 p. 181; 도형과 측정 영역별 성취수준; research_report_achievement_level_context; 각기둥과 각뿔, 원기둥, 원뿔, 구의 구성 요소와 성질을 이해하는 도형과 측정 영역별 성취수준 맥락",,structure_ref;textbook_page_refs,Find textbook structure evidence for the containment relation.,pending_textbook_pdf,,,,,,,,,,
13,중1(교육과정 학년군: 중1-3),도형과 측정,입체도형의 성질,m1_geo_solid_unit__contains__m1_geo_sphere,intra_unit,m1_geo_solid_unit,입체도형의 성질,입체도형의 성질,m1_geo_sphere,구,입체도형의 성질,contains,medium,2,curriculum_math_2022: printed p. 38; [9수03-08]; achievement_standard; 입체도형의 겉넓이와 부피를 구하는 성취기준 | achievement_math_2022: 입체도형의 성질 section; [9수03-07]~[9수03-08] achievement levels; achievement_level; 다면체와 회전체의 성질을 모형이나 공학 도구로 탐구하고 입체도형의 겉넓이와 부피를 구하는 수준을 구분,,structure_ref;textbook_page_refs,Find textbook structure evidence for the containment relation.,pending_textbook_pdf,,,,,,,,,,
13,중1(교육과정 학년군: 중1-3),도형과 측정,입체도형의 성질,m1_geo_solid_unit__contains__m1_geo_surface_area,intra_unit,m1_geo_solid_unit,입체도형의 성질,입체도형의 성질,m1_geo_surface_area,겉넓이,입체도형의 성질,contains,high,2,curriculum_math_2022: printed p. 38; [9수03-08]; achievement_standard; 입체도형의 겉넓이와 부피를 구하는 성취기준 | achievement_math_2022: 입체도형의 성질 section; [9수03-07]~[9수03-08] achievement levels; achievement_level; 다면체와 회전체의 성질을 모형이나 공학 도구로 탐구하고 입체도형의 겉넓이와 부피를 구하는 수준을 구분,,structure_ref;textbook_page_refs,Find textbook structure evidence for the containment relation.,pending_textbook_pdf,,,,,,,,,,
13,중1(교육과정 학년군: 중1-3),도형과 측정,입체도형의 성질,m1_geo_solid_unit__contains__m1_geo_volume,intra_unit,m1_geo_solid_unit,입체도형의 성질,입체도형의 성질,m1_geo_volume,부피,입체도형의 성질,contains,high,2,curriculum_math_2022: printed p. 38; [9수03-08]; achievement_standard; 입체도형의 겉넓이와 부피를 구하는 성취기준 | achievement_math_2022: 입체도형의 성질 section; [9수03-07]~[9수03-08] achievement levels; achievement_level; 다면체와 회전체의 성질을 모형이나 공학 도구로 탐구하고 입체도형의 겉넓이와 부피를 구하는 수준을 구분,,structure_ref;textbook_page_refs,Find textbook structure evidence for the containment relation.,pending_textbook_pdf,,,,,,,,,,
13,중1(교육과정 학년군: 중1-3),도형과 측정,입체도형의 성질,m1_geo_axis_of_rotation__prerequisite_for__m1_geo_rotation_generation,intra_unit,m1_geo_axis_of_rotation,회전축,입체도형의 성질,m1_geo_rotation_generation,평면도형을 회전시켜 회전체 만들기,입체도형의 성질,prerequisite_for,high,3,"curriculum_math_2022: printed pp. 38-39; terms and symbols for 도형과 측정; term_list; 교점, 교선, 두 점 사이의 거리, 중점, 수직이등분선, 꼬인 위치, 교각, 맞꼭지각, 엇각, 동위각, 평각, 직교, 수선의 발, 작도, 대변, 대각, 삼각형의 합동 조건, 내각, 외각, 부채꼴, 중심각, 호, 현, 활꼴, 할선, 다면체, 각뿔대, 정다면체, 회전체, 회전축, 원뿔대, 증명, 접선, 접점, 접한다, 외심, 외접, 외접원, 내심, 내접, 내접원, 중선, 무게중심, 닮음, 닮음비, 삼각형의 닮음 조건, 피타고라스 정리, 삼각비, 사인, 코사인, 탄젠트, 원주각 등을 다룸 | curriculum_math_2022: printed p. 38; [9수03-07]; achievement_standard; 모형이나 공학 도구로 다면체와 회전체의 성질을 탐구하고 설명하는 성취기준 | achievement_math_2022: 입체도형의 성질 section; [9수03-07]~[9수03-08] achievement levels; achievement_level; 다면체와 회전체의 성질을 모형이나 공학 도구로 탐구하고 입체도형의 겉넓이와 부피를 구하는 수준을 구분",,prerequisite_ref;textbook_page_refs,Find textbook sequencing or prior-knowledge evidence for the prerequisite relation.,pending_textbook_pdf,,,,,,,,,,
13,중1(교육과정 학년군: 중1-3),도형과 측정,입체도형의 성질,m1_geo_axis_of_rotation__prerequisite_for__m1_geo_solid_of_revolution,intra_unit,m1_geo_axis_of_rotation,회전축,입체도형의 성질,m1_geo_solid_of_revolution,회전체,입체도형의 성질,prerequisite_for,high,3,"curriculum_math_2022: printed pp. 38-39; terms and symbols for 도형과 측정; term_list; 교점, 교선, 두 점 사이의 거리, 중점, 수직이등분선, 꼬인 위치, 교각, 맞꼭지각, 엇각, 동위각, 평각, 직교, 수선의 발, 작도, 대변, 대각, 삼각형의 합동 조건, 내각, 외각, 부채꼴, 중심각, 호, 현, 활꼴, 할선, 다면체, 각뿔대, 정다면체, 회전체, 회전축, 원뿔대, 증명, 접선, 접점, 접한다, 외심, 외접, 외접원, 내심, 내접, 내접원, 중선, 무게중심, 닮음, 닮음비, 삼각형의 닮음 조건, 피타고라스 정리, 삼각비, 사인, 코사인, 탄젠트, 원주각 등을 다룸 | curriculum_math_2022: printed p. 38; [9수03-07]; achievement_standard; 모형이나 공학 도구로 다면체와 회전체의 성질을 탐구하고 설명하는 성취기준 | achievement_math_2022: 입체도형의 성질 section; [9수03-07]~[9수03-08] achievement levels; achievement_level; 다면체와 회전체의 성질을 모형이나 공학 도구로 탐구하고 입체도형의 겉넓이와 부피를 구하는 수준을 구분",,prerequisite_ref;textbook_page_refs,Find textbook sequencing or prior-knowledge evidence for the prerequisite relation.,pending_textbook_pdf,,,,,,,,,,
13,중1(교육과정 학년군: 중1-3),도형과 측정,입체도형의 성질,m1_geo_polyhedron__prerequisite_for__m1_geo_convex_polyhedron_scope,intra_unit,m1_geo_polyhedron,다면체,입체도형의 성질,m1_geo_convex_polyhedron_scope,볼록한 다면체 범위,입체도형의 성질,prerequisite_for,high,1,"curriculum_math_2022: printed pp. 38-39; [9수03-05], [9수03-07] explanation and considerations; teaching_note; 다각형의 내각·외각·대각선을 탐구해 성질을 일반화하고, 다각형과 다면체는 볼록인 경우만 다루며 회전체 단면은 성질 이해에 필요한 정도로 다룸",,prerequisite_ref;textbook_page_refs,Find textbook sequencing or prior-knowledge evidence for the prerequisite relation.,pending_textbook_pdf,,,,,,,,,,
13,중1(교육과정 학년군: 중1-3),도형과 측정,입체도형의 성질,m1_geo_polyhedron__prerequisite_for__m1_geo_prism,intra_unit,m1_geo_polyhedron,다면체,입체도형의 성질,m1_geo_prism,기둥 모양 입체도형,입체도형의 성질,prerequisite_for,medium,4,"curriculum_math_2022: printed p. 38; [9수03-08]; achievement_standard; 입체도형의 겉넓이와 부피를 구하는 성취기준 | achievement_math_2022: 입체도형의 성질 section; [9수03-07]~[9수03-08] achievement levels; achievement_level; 다면체와 회전체의 성질을 모형이나 공학 도구로 탐구하고 입체도형의 겉넓이와 부피를 구하는 수준을 구분 | achievement_research_report_2022: 연구보고서 p. 103; 입체도형의 모양 성취기준별 성취수준; research_report_prerequisite_context; 주변 물건에서 직육면체, 원기둥, 구의 모양을 찾고 특징을 말하는 초등 연계 입체도형 기초 맥락 | achievement_research_report_2022: 연구보고서 p. 108; 도형과 측정 영역별 성취수준; research_report_achievement_level_context; 직육면체, 원기둥, 구의 모양을 이해하고 주변 물건을 분류하는 도형과 측정 영역별 성취수준 맥락",,prerequisite_ref;textbook_page_refs,Find textbook sequencing or prior-knowledge evidence for the prerequisite relation.,pending_textbook_pdf,,,,,,,,,,
13,중1(교육과정 학년군: 중1-3),도형과 측정,입체도형의 성질,m1_geo_polyhedron__prerequisite_for__m1_geo_pyramid,intra_unit,m1_geo_polyhedron,다면체,입체도형의 성질,m1_geo_pyramid,뿔 모양 입체도형,입체도형의 성질,prerequisite_for,medium,4,"curriculum_math_2022: printed p. 38; [9수03-08]; achievement_standard; 입체도형의 겉넓이와 부피를 구하는 성취기준 | achievement_math_2022: 입체도형의 성질 section; [9수03-07]~[9수03-08] achievement levels; achievement_level; 다면체와 회전체의 성질을 모형이나 공학 도구로 탐구하고 입체도형의 겉넓이와 부피를 구하는 수준을 구분 | achievement_research_report_2022: 연구보고서 p. 174; 각기둥과 각뿔 성취기준별 성취수준; research_report_achievement_level_context; 각기둥과 각뿔에서 면, 모서리, 꼭짓점을 찾고 성질을 설명하는 성취수준 맥락 | achievement_research_report_2022: 연구보고서 p. 181; 도형과 측정 영역별 성취수준; research_report_achievement_level_context; 각기둥과 각뿔, 원기둥, 원뿔, 구의 구성 요소와 성질을 이해하는 도형과 측정 영역별 성취수준 맥락",,prerequisite_ref;textbook_page_refs,Find textbook sequencing or prior-knowledge evidence for the prerequisite relation.,pending_textbook_pdf,,,,,,,,,,
13,중1(교육과정 학년군: 중1-3),도형과 측정,입체도형의 성질,m1_geo_polyhedron__prerequisite_for__m1_geo_regular_polyhedron,intra_unit,m1_geo_polyhedron,다면체,입체도형의 성질,m1_geo_regular_polyhedron,정다면체,입체도형의 성질,prerequisite_for,high,3,"curriculum_math_2022: printed pp. 38-39; terms and symbols for 도형과 측정; term_list; 교점, 교선, 두 점 사이의 거리, 중점, 수직이등분선, 꼬인 위치, 교각, 맞꼭지각, 엇각, 동위각, 평각, 직교, 수선의 발, 작도, 대변, 대각, 삼각형의 합동 조건, 내각, 외각, 부채꼴, 중심각, 호, 현, 활꼴, 할선, 다면체, 각뿔대, 정다면체, 회전체, 회전축, 원뿔대, 증명, 접선, 접점, 접한다, 외심, 외접, 외접원, 내심, 내접, 내접원, 중선, 무게중심, 닮음, 닮음비, 삼각형의 닮음 조건, 피타고라스 정리, 삼각비, 사인, 코사인, 탄젠트, 원주각 등을 다룸 | curriculum_math_2022: printed p. 38; [9수03-07]; achievement_standard; 모형이나 공학 도구로 다면체와 회전체의 성질을 탐구하고 설명하는 성취기준 | achievement_math_2022: 입체도형의 성질 section; [9수03-07]~[9수03-08] achievement levels; achievement_level; 다면체와 회전체의 성질을 모형이나 공학 도구로 탐구하고 입체도형의 겉넓이와 부피를 구하는 수준을 구분",,prerequisite_ref;textbook_page_refs,Find textbook sequencing or prior-knowledge evidence for the prerequisite relation.,pending_textbook_pdf,,,,,,,,,,
13,중1(교육과정 학년군: 중1-3),도형과 측정,입체도형의 성질,m1_geo_pyramid__prerequisite_for__m1_geo_frustum_pyramid,intra_unit,m1_geo_pyramid,뿔 모양 입체도형,입체도형의 성질,m1_geo_frustum_pyramid,각뿔대,입체도형의 성질,prerequisite_for,high,3,"curriculum_math_2022: printed pp. 38-39; terms and symbols for 도형과 측정; term_list; 교점, 교선, 두 점 사이의 거리, 중점, 수직이등분선, 꼬인 위치, 교각, 맞꼭지각, 엇각, 동위각, 평각, 직교, 수선의 발, 작도, 대변, 대각, 삼각형의 합동 조건, 내각, 외각, 부채꼴, 중심각, 호, 현, 활꼴, 할선, 다면체, 각뿔대, 정다면체, 회전체, 회전축, 원뿔대, 증명, 접선, 접점, 접한다, 외심, 외접, 외접원, 내심, 내접, 내접원, 중선, 무게중심, 닮음, 닮음비, 삼각형의 닮음 조건, 피타고라스 정리, 삼각비, 사인, 코사인, 탄젠트, 원주각 등을 다룸 | curriculum_math_2022: printed p. 38; [9수03-07]; achievement_standard; 모형이나 공학 도구로 다면체와 회전체의 성질을 탐구하고 설명하는 성취기준 | achievement_math_2022: 입체도형의 성질 section; [9수03-07]~[9수03-08] achievement levels; achievement_level; 다면체와 회전체의 성질을 모형이나 공학 도구로 탐구하고 입체도형의 겉넓이와 부피를 구하는 수준을 구분",,prerequisite_ref;textbook_page_refs,Find textbook sequencing or prior-knowledge evidence for the prerequisite relation.,pending_textbook_pdf,,,,,,,,,,
13,중1(교육과정 학년군: 중1-3),도형과 측정,입체도형의 성질,m1_geo_solid_cross_section__prerequisite_for__m1_geo_solid_cross_section_prediction,intra_unit,m1_geo_solid_cross_section,입체도형의 단면,입체도형의 성질,m1_geo_solid_cross_section_prediction,단면 모양 예상하기,입체도형의 성질,prerequisite_for,medium,3,"curriculum_math_2022: printed pp. 38-39; [9수03-05], [9수03-07] explanation and considerations; teaching_note; 다각형의 내각·외각·대각선을 탐구해 성질을 일반화하고, 다각형과 다면체는 볼록인 경우만 다루며 회전체 단면은 성질 이해에 필요한 정도로 다룸 | curriculum_math_2022: printed p. 38; [9수03-07]; achievement_standard; 모형이나 공학 도구로 다면체와 회전체의 성질을 탐구하고 설명하는 성취기준 | achievement_math_2022: 입체도형의 성질 section; [9수03-07]~[9수03-08] achievement levels; achievement_level; 다면체와 회전체의 성질을 모형이나 공학 도구로 탐구하고 입체도형의 겉넓이와 부피를 구하는 수준을 구분",,prerequisite_ref;textbook_page_refs,Find textbook sequencing or prior-knowledge evidence for the prerequisite relation.,pending_textbook_pdf,,,,,,,,,,
13,중1(교육과정 학년군: 중1-3),도형과 측정,입체도형의 성질,m1_geo_solid_edge__prerequisite_for__m1_geo_solid_component_identification,intra_unit,m1_geo_solid_edge,입체도형의 모서리,입체도형의 성질,m1_geo_solid_component_identification,면·모서리·꼭짓점 찾기,입체도형의 성질,prerequisite_for,medium,4,"curriculum_math_2022: printed p. 38; [9수03-07]; achievement_standard; 모형이나 공학 도구로 다면체와 회전체의 성질을 탐구하고 설명하는 성취기준 | achievement_math_2022: 입체도형의 성질 section; [9수03-07]~[9수03-08] achievement levels; achievement_level; 다면체와 회전체의 성질을 모형이나 공학 도구로 탐구하고 입체도형의 겉넓이와 부피를 구하는 수준을 구분 | achievement_research_report_2022: 연구보고서 p. 174; 각기둥과 각뿔 성취기준별 성취수준; research_report_achievement_level_context; 각기둥과 각뿔에서 면, 모서리, 꼭짓점을 찾고 성질을 설명하는 성취수준 맥락 | achievement_research_report_2022: 연구보고서 p. 181; 도형과 측정 영역별 성취수준; research_report_achievement_level_context; 각기둥과 각뿔, 원기둥, 원뿔, 구의 구성 요소와 성질을 이해하는 도형과 측정 영역별 성취수준 맥락",,prerequisite_ref;textbook_page_refs,Find textbook sequencing or prior-knowledge evidence for the prerequisite relation.,pending_textbook_pdf,,,,,,,,,,
13,중1(교육과정 학년군: 중1-3),도형과 측정,입체도형의 성질,m1_geo_solid_edge__prerequisite_for__m1_geo_solid_net_validity_judgement,intra_unit,m1_geo_solid_edge,입체도형의 모서리,입체도형의 성질,m1_geo_solid_net_validity_judgement,전개도가 될 수 있는지 판단하기,입체도형의 성질,prerequisite_for,medium,4,"curriculum_math_2022: printed pp. 38-39; [9수03-05], [9수03-07] explanation and considerations; teaching_note; 다각형의 내각·외각·대각선을 탐구해 성질을 일반화하고, 다각형과 다면체는 볼록인 경우만 다루며 회전체 단면은 성질 이해에 필요한 정도로 다룸 | achievement_math_2022: 입체도형의 성질 section; [9수03-07]~[9수03-08] achievement levels; achievement_level; 다면체와 회전체의 성질을 모형이나 공학 도구로 탐구하고 입체도형의 겉넓이와 부피를 구하는 수준을 구분 | achievement_research_report_2022: 연구보고서 p. 173; 직육면체와 정육면체 성취기준별 성취수준; research_report_achievement_level_context; 직육면체와 정육면체의 겨냥도와 전개도를 그리고 전개도가 될 수 있는 것과 될 수 없는 것을 구별하는 성취수준 맥락 | achievement_research_report_2022: 연구보고서 p. 174; 각기둥과 원기둥 전개도 성취기준별 성취수준; research_report_achievement_level_context; 각기둥과 원기둥의 전개도를 그리고 전개도가 될 수 있는 것과 될 수 없는 것을 구별하는 성취수준 맥락",,prerequisite_ref;textbook_page_refs,Find textbook sequencing or prior-knowledge evidence for the prerequisite relation.,pending_textbook_pdf,,,,,,,,,,
13,중1(교육과정 학년군: 중1-3),도형과 측정,입체도형의 성질,m1_geo_solid_edge__prerequisite_for__m1_geo_solid_vertex,intra_unit,m1_geo_solid_edge,입체도형의 모서리,입체도형의 성질,m1_geo_solid_vertex,입체도형의 꼭짓점,입체도형의 성질,prerequisite_for,medium,4,"curriculum_math_2022: printed p. 38; [9수03-07]; achievement_standard; 모형이나 공학 도구로 다면체와 회전체의 성질을 탐구하고 설명하는 성취기준 | achievement_math_2022: 입체도형의 성질 section; [9수03-07]~[9수03-08] achievement levels; achievement_level; 다면체와 회전체의 성질을 모형이나 공학 도구로 탐구하고 입체도형의 겉넓이와 부피를 구하는 수준을 구분 | achievement_research_report_2022: 연구보고서 p. 174; 각기둥과 각뿔 성취기준별 성취수준; research_report_achievement_level_context; 각기둥과 각뿔에서 면, 모서리, 꼭짓점을 찾고 성질을 설명하는 성취수준 맥락 | achievement_research_report_2022: 연구보고서 p. 181; 도형과 측정 영역별 성취수준; research_report_achievement_level_context; 각기둥과 각뿔, 원기둥, 원뿔, 구의 구성 요소와 성질을 이해하는 도형과 측정 영역별 성취수준 맥락",,prerequisite_ref;textbook_page_refs,Find textbook sequencing or prior-knowledge evidence for the prerequisite relation.,pending_textbook_pdf,,,,,,,,,,
13,중1(교육과정 학년군: 중1-3),도형과 측정,입체도형의 성질,m1_geo_solid_face__prerequisite_for__m1_geo_solid_component_identification,intra_unit,m1_geo_solid_face,입체도형의 면,입체도형의 성질,m1_geo_solid_component_identification,면·모서리·꼭짓점 찾기,입체도형의 성질,prerequisite_for,medium,4,"curriculum_math_2022: printed p. 38; [9수03-07]; achievement_standard; 모형이나 공학 도구로 다면체와 회전체의 성질을 탐구하고 설명하는 성취기준 | achievement_math_2022: 입체도형의 성질 section; [9수03-07]~[9수03-08] achievement levels; achievement_level; 다면체와 회전체의 성질을 모형이나 공학 도구로 탐구하고 입체도형의 겉넓이와 부피를 구하는 수준을 구분 | achievement_research_report_2022: 연구보고서 p. 174; 각기둥과 각뿔 성취기준별 성취수준; research_report_achievement_level_context; 각기둥과 각뿔에서 면, 모서리, 꼭짓점을 찾고 성질을 설명하는 성취수준 맥락 | achievement_research_report_2022: 연구보고서 p. 181; 도형과 측정 영역별 성취수준; research_report_achievement_level_context; 각기둥과 각뿔, 원기둥, 원뿔, 구의 구성 요소와 성질을 이해하는 도형과 측정 영역별 성취수준 맥락",,prerequisite_ref;textbook_page_refs,Find textbook sequencing or prior-knowledge evidence for the prerequisite relation.,pending_textbook_pdf,,,,,,,,,,
13,중1(교육과정 학년군: 중1-3),도형과 측정,입체도형의 성질,m1_geo_solid_face__prerequisite_for__m1_geo_solid_edge,intra_unit,m1_geo_solid_face,입체도형의 면,입체도형의 성질,m1_geo_solid_edge,입체도형의 모서리,입체도형의 성질,prerequisite_for,medium,4,"curriculum_math_2022: printed p. 38; [9수03-07]; achievement_standard; 모형이나 공학 도구로 다면체와 회전체의 성질을 탐구하고 설명하는 성취기준 | achievement_math_2022: 입체도형의 성질 section; [9수03-07]~[9수03-08] achievement levels; achievement_level; 다면체와 회전체의 성질을 모형이나 공학 도구로 탐구하고 입체도형의 겉넓이와 부피를 구하는 수준을 구분 | achievement_research_report_2022: 연구보고서 p. 174; 각기둥과 각뿔 성취기준별 성취수준; research_report_achievement_level_context; 각기둥과 각뿔에서 면, 모서리, 꼭짓점을 찾고 성질을 설명하는 성취수준 맥락 | achievement_research_report_2022: 연구보고서 p. 181; 도형과 측정 영역별 성취수준; research_report_achievement_level_context; 각기둥과 각뿔, 원기둥, 원뿔, 구의 구성 요소와 성질을 이해하는 도형과 측정 영역별 성취수준 맥락",,prerequisite_ref;textbook_page_refs,Find textbook sequencing or prior-knowledge evidence for the prerequisite relation.,pending_textbook_pdf,,,,,,,,,,
13,중1(교육과정 학년군: 중1-3),도형과 측정,입체도형의 성질,m1_geo_solid_face__prerequisite_for__m1_geo_solid_net_drawing,intra_unit,m1_geo_solid_face,입체도형의 면,입체도형의 성질,m1_geo_solid_net_drawing,전개도 그리기,입체도형의 성질,prerequisite_for,medium,4,"curriculum_math_2022: printed pp. 38-39; [9수03-05], [9수03-07] explanation and considerations; teaching_note; 다각형의 내각·외각·대각선을 탐구해 성질을 일반화하고, 다각형과 다면체는 볼록인 경우만 다루며 회전체 단면은 성질 이해에 필요한 정도로 다룸 | achievement_math_2022: 입체도형의 성질 section; [9수03-07]~[9수03-08] achievement levels; achievement_level; 다면체와 회전체의 성질을 모형이나 공학 도구로 탐구하고 입체도형의 겉넓이와 부피를 구하는 수준을 구분 | achievement_research_report_2022: 연구보고서 p. 173; 직육면체와 정육면체 성취기준별 성취수준; research_report_achievement_level_context; 직육면체와 정육면체의 겨냥도와 전개도를 그리고 전개도가 될 수 있는 것과 될 수 없는 것을 구별하는 성취수준 맥락 | achievement_research_report_2022: 연구보고서 p. 174; 각기둥과 원기둥 전개도 성취기준별 성취수준; research_report_achievement_level_context; 각기둥과 원기둥의 전개도를 그리고 전개도가 될 수 있는 것과 될 수 없는 것을 구별하는 성취수준 맥락",,prerequisite_ref;textbook_page_refs,Find textbook sequencing or prior-knowledge evidence for the prerequisite relation.,pending_textbook_pdf,,,,,,,,,,
13,중1(교육과정 학년군: 중1-3),도형과 측정,입체도형의 성질,m1_geo_solid_face__prerequisite_for__m1_geo_solid_net_validity_judgement,intra_unit,m1_geo_solid_face,입체도형의 면,입체도형의 성질,m1_geo_solid_net_validity_judgement,전개도가 될 수 있는지 판단하기,입체도형의 성질,prerequisite_for,medium,4,"curriculum_math_2022: printed pp. 38-39; [9수03-05], [9수03-07] explanation and considerations; teaching_note; 다각형의 내각·외각·대각선을 탐구해 성질을 일반화하고, 다각형과 다면체는 볼록인 경우만 다루며 회전체 단면은 성질 이해에 필요한 정도로 다룸 | achievement_math_2022: 입체도형의 성질 section; [9수03-07]~[9수03-08] achievement levels; achievement_level; 다면체와 회전체의 성질을 모형이나 공학 도구로 탐구하고 입체도형의 겉넓이와 부피를 구하는 수준을 구분 | achievement_research_report_2022: 연구보고서 p. 173; 직육면체와 정육면체 성취기준별 성취수준; research_report_achievement_level_context; 직육면체와 정육면체의 겨냥도와 전개도를 그리고 전개도가 될 수 있는 것과 될 수 없는 것을 구별하는 성취수준 맥락 | achievement_research_report_2022: 연구보고서 p. 174; 각기둥과 원기둥 전개도 성취기준별 성취수준; research_report_achievement_level_context; 각기둥과 원기둥의 전개도를 그리고 전개도가 될 수 있는 것과 될 수 없는 것을 구별하는 성취수준 맥락",,prerequisite_ref;textbook_page_refs,Find textbook sequencing or prior-knowledge evidence for the prerequisite relation.,pending_textbook_pdf,,,,,,,,,,
13,중1(교육과정 학년군: 중1-3),도형과 측정,입체도형의 성질,m1_geo_solid_net__prerequisite_for__m1_geo_net_surface_area_strategy,intra_unit,m1_geo_solid_net,전개도,입체도형의 성질,m1_geo_net_surface_area_strategy,전개도로 겉넓이 구하기,입체도형의 성질,prerequisite_for,medium,3,"curriculum_math_2022: printed pp. 38-39; [9수03-05], [9수03-07] explanation and considerations; teaching_note; 다각형의 내각·외각·대각선을 탐구해 성질을 일반화하고, 다각형과 다면체는 볼록인 경우만 다루며 회전체 단면은 성질 이해에 필요한 정도로 다룸 | curriculum_math_2022: printed p. 38; [9수03-08]; achievement_standard; 입체도형의 겉넓이와 부피를 구하는 성취기준 | achievement_math_2022: 입체도형의 성질 section; [9수03-07]~[9수03-08] achievement levels; achievement_level; 다면체와 회전체의 성질을 모형이나 공학 도구로 탐구하고 입체도형의 겉넓이와 부피를 구하는 수준을 구분",,prerequisite_ref;textbook_page_refs,Find textbook sequencing or prior-knowledge evidence for the prerequisite relation.,pending_textbook_pdf,,,,,,,,,,
13,중1(교육과정 학년군: 중1-3),도형과 측정,입체도형의 성질,m1_geo_solid_net__prerequisite_for__m1_geo_solid_net_drawing,intra_unit,m1_geo_solid_net,전개도,입체도형의 성질,m1_geo_solid_net_drawing,전개도 그리기,입체도형의 성질,prerequisite_for,medium,4,"curriculum_math_2022: printed pp. 38-39; [9수03-05], [9수03-07] explanation and considerations; teaching_note; 다각형의 내각·외각·대각선을 탐구해 성질을 일반화하고, 다각형과 다면체는 볼록인 경우만 다루며 회전체 단면은 성질 이해에 필요한 정도로 다룸 | achievement_math_2022: 입체도형의 성질 section; [9수03-07]~[9수03-08] achievement levels; achievement_level; 다면체와 회전체의 성질을 모형이나 공학 도구로 탐구하고 입체도형의 겉넓이와 부피를 구하는 수준을 구분 | achievement_research_report_2022: 연구보고서 p. 173; 직육면체와 정육면체 성취기준별 성취수준; research_report_achievement_level_context; 직육면체와 정육면체의 겨냥도와 전개도를 그리고 전개도가 될 수 있는 것과 될 수 없는 것을 구별하는 성취수준 맥락 | achievement_research_report_2022: 연구보고서 p. 174; 각기둥과 원기둥 전개도 성취기준별 성취수준; research_report_achievement_level_context; 각기둥과 원기둥의 전개도를 그리고 전개도가 될 수 있는 것과 될 수 없는 것을 구별하는 성취수준 맥락",,prerequisite_ref;textbook_page_refs,Find textbook sequencing or prior-knowledge evidence for the prerequisite relation.,pending_textbook_pdf,,,,,,,,,,
13,중1(교육과정 학년군: 중1-3),도형과 측정,입체도형의 성질,m1_geo_solid_net__prerequisite_for__m1_geo_solid_net_validity_judgement,intra_unit,m1_geo_solid_net,전개도,입체도형의 성질,m1_geo_solid_net_validity_judgement,전개도가 될 수 있는지 판단하기,입체도형의 성질,prerequisite_for,medium,4,"curriculum_math_2022: printed pp. 38-39; [9수03-05], [9수03-07] explanation and considerations; teaching_note; 다각형의 내각·외각·대각선을 탐구해 성질을 일반화하고, 다각형과 다면체는 볼록인 경우만 다루며 회전체 단면은 성질 이해에 필요한 정도로 다룸 | achievement_math_2022: 입체도형의 성질 section; [9수03-07]~[9수03-08] achievement levels; achievement_level; 다면체와 회전체의 성질을 모형이나 공학 도구로 탐구하고 입체도형의 겉넓이와 부피를 구하는 수준을 구분 | achievement_research_report_2022: 연구보고서 p. 173; 직육면체와 정육면체 성취기준별 성취수준; research_report_achievement_level_context; 직육면체와 정육면체의 겨냥도와 전개도를 그리고 전개도가 될 수 있는 것과 될 수 없는 것을 구별하는 성취수준 맥락 | achievement_research_report_2022: 연구보고서 p. 174; 각기둥과 원기둥 전개도 성취기준별 성취수준; research_report_achievement_level_context; 각기둥과 원기둥의 전개도를 그리고 전개도가 될 수 있는 것과 될 수 없는 것을 구별하는 성취수준 맥락",,prerequisite_ref;textbook_page_refs,Find textbook sequencing or prior-knowledge evidence for the prerequisite relation.,pending_textbook_pdf,,,,,,,,,,
13,중1(교육과정 학년군: 중1-3),도형과 측정,입체도형의 성질,m1_geo_solid_net__prerequisite_for__m1_geo_surface_area,intra_unit,m1_geo_solid_net,전개도,입체도형의 성질,m1_geo_surface_area,겉넓이,입체도형의 성질,prerequisite_for,high,2,curriculum_math_2022: printed p. 38; [9수03-08]; achievement_standard; 입체도형의 겉넓이와 부피를 구하는 성취기준 | achievement_math_2022: 입체도형의 성질 section; [9수03-07]~[9수03-08] achievement levels; achievement_level; 다면체와 회전체의 성질을 모형이나 공학 도구로 탐구하고 입체도형의 겉넓이와 부피를 구하는 수준을 구분,,prerequisite_ref;textbook_page_refs,Find textbook sequencing or prior-knowledge evidence for the prerequisite relation.,pending_textbook_pdf,,,,,,,,,,
13,중1(교육과정 학년군: 중1-3),도형과 측정,입체도형의 성질,m1_geo_solid_of_revolution__prerequisite_for__m1_geo_frustum_cone,intra_unit,m1_geo_solid_of_revolution,회전체,입체도형의 성질,m1_geo_frustum_cone,원뿔대,입체도형의 성질,prerequisite_for,high,3,"curriculum_math_2022: printed pp. 38-39; terms and symbols for 도형과 측정; term_list; 교점, 교선, 두 점 사이의 거리, 중점, 수직이등분선, 꼬인 위치, 교각, 맞꼭지각, 엇각, 동위각, 평각, 직교, 수선의 발, 작도, 대변, 대각, 삼각형의 합동 조건, 내각, 외각, 부채꼴, 중심각, 호, 현, 활꼴, 할선, 다면체, 각뿔대, 정다면체, 회전체, 회전축, 원뿔대, 증명, 접선, 접점, 접한다, 외심, 외접, 외접원, 내심, 내접, 내접원, 중선, 무게중심, 닮음, 닮음비, 삼각형의 닮음 조건, 피타고라스 정리, 삼각비, 사인, 코사인, 탄젠트, 원주각 등을 다룸 | curriculum_math_2022: printed p. 38; [9수03-07]; achievement_standard; 모형이나 공학 도구로 다면체와 회전체의 성질을 탐구하고 설명하는 성취기준 | achievement_math_2022: 입체도형의 성질 section; [9수03-07]~[9수03-08] achievement levels; achievement_level; 다면체와 회전체의 성질을 모형이나 공학 도구로 탐구하고 입체도형의 겉넓이와 부피를 구하는 수준을 구분",,prerequisite_ref;textbook_page_refs,Find textbook sequencing or prior-knowledge evidence for the prerequisite relation.,pending_textbook_pdf,,,,,,,,,,
13,중1(교육과정 학년군: 중1-3),도형과 측정,입체도형의 성질,m1_geo_solid_of_revolution__prerequisite_for__m1_geo_sphere,intra_unit,m1_geo_solid_of_revolution,회전체,입체도형의 성질,m1_geo_sphere,구,입체도형의 성질,prerequisite_for,medium,2,curriculum_math_2022: printed p. 38; [9수03-08]; achievement_standard; 입체도형의 겉넓이와 부피를 구하는 성취기준 | achievement_math_2022: 입체도형의 성질 section; [9수03-07]~[9수03-08] achievement levels; achievement_level; 다면체와 회전체의 성질을 모형이나 공학 도구로 탐구하고 입체도형의 겉넓이와 부피를 구하는 수준을 구분,,prerequisite_ref;textbook_page_refs,Find textbook sequencing or prior-knowledge evidence for the prerequisite relation.,pending_textbook_pdf,,,,,,,,,,
13,중1(교육과정 학년군: 중1-3),도형과 측정,입체도형의 성질,m1_geo_solid_unit__prerequisite_for__m1_geo_model_tool_solid,intra_unit,m1_geo_solid_unit,입체도형의 성질,입체도형의 성질,m1_geo_model_tool_solid,모형과 공학 도구로 입체도형 탐구,입체도형의 성질,prerequisite_for,high,3,"curriculum_math_2022: printed p. 38; [9수03-07]; achievement_standard; 모형이나 공학 도구로 다면체와 회전체의 성질을 탐구하고 설명하는 성취기준 | curriculum_math_2022: printed pp. 38-39; [9수03-05], [9수03-07] explanation and considerations; teaching_note; 다각형의 내각·외각·대각선을 탐구해 성질을 일반화하고, 다각형과 다면체는 볼록인 경우만 다루며 회전체 단면은 성질 이해에 필요한 정도로 다룸 | achievement_math_2022: 입체도형의 성질 section; [9수03-07]~[9수03-08] achievement levels; achievement_level; 다면체와 회전체의 성질을 모형이나 공학 도구로 탐구하고 입체도형의 겉넓이와 부피를 구하는 수준을 구분",,prerequisite_ref;textbook_page_refs,Find textbook sequencing or prior-knowledge evidence for the prerequisite relation.,pending_textbook_pdf,,,,,,,,,,
13,중1(교육과정 학년군: 중1-3),도형과 측정,입체도형의 성질,m1_geo_solid_unit__prerequisite_for__m1_geo_solid_cross_section,intra_unit,m1_geo_solid_unit,입체도형의 성질,입체도형의 성질,m1_geo_solid_cross_section,입체도형의 단면,입체도형의 성질,prerequisite_for,medium,3,"curriculum_math_2022: printed pp. 38-39; [9수03-05], [9수03-07] explanation and considerations; teaching_note; 다각형의 내각·외각·대각선을 탐구해 성질을 일반화하고, 다각형과 다면체는 볼록인 경우만 다루며 회전체 단면은 성질 이해에 필요한 정도로 다룸 | curriculum_math_2022: printed p. 38; [9수03-07]; achievement_standard; 모형이나 공학 도구로 다면체와 회전체의 성질을 탐구하고 설명하는 성취기준 | achievement_math_2022: 입체도형의 성질 section; [9수03-07]~[9수03-08] achievement levels; achievement_level; 다면체와 회전체의 성질을 모형이나 공학 도구로 탐구하고 입체도형의 겉넓이와 부피를 구하는 수준을 구분",,prerequisite_ref;textbook_page_refs,Find textbook sequencing or prior-knowledge evidence for the prerequisite relation.,pending_textbook_pdf,,,,,,,,,,
13,중1(교육과정 학년군: 중1-3),도형과 측정,입체도형의 성질,m1_geo_solid_unit__prerequisite_for__m1_geo_solid_net,intra_unit,m1_geo_solid_unit,입체도형의 성질,입체도형의 성질,m1_geo_solid_net,전개도,입체도형의 성질,prerequisite_for,medium,5,"curriculum_math_2022: printed pp. 38-39; [9수03-05], [9수03-07] explanation and considerations; teaching_note; 다각형의 내각·외각·대각선을 탐구해 성질을 일반화하고, 다각형과 다면체는 볼록인 경우만 다루며 회전체 단면은 성질 이해에 필요한 정도로 다룸 | curriculum_math_2022: printed p. 38; [9수03-07]; achievement_standard; 모형이나 공학 도구로 다면체와 회전체의 성질을 탐구하고 설명하는 성취기준 | achievement_math_2022: 입체도형의 성질 section; [9수03-07]~[9수03-08] achievement levels; achievement_level; 다면체와 회전체의 성질을 모형이나 공학 도구로 탐구하고 입체도형의 겉넓이와 부피를 구하는 수준을 구분 | achievement_research_report_2022: 연구보고서 p. 173; 직육면체와 정육면체 성취기준별 성취수준; research_report_achievement_level_context; 직육면체와 정육면체의 겨냥도와 전개도를 그리고 전개도가 될 수 있는 것과 될 수 없는 것을 구별하는 성취수준 맥락 | achievement_research_report_2022: 연구보고서 p. 174; 각기둥과 원기둥 전개도 성취기준별 성취수준; research_report_achievement_level_context; 각기둥과 원기둥의 전개도를 그리고 전개도가 될 수 있는 것과 될 수 없는 것을 구별하는 성취수준 맥락",,prerequisite_ref;textbook_page_refs,Find textbook sequencing or prior-knowledge evidence for the prerequisite relation.,pending_textbook_pdf,,,,,,,,,,
13,중1(교육과정 학년군: 중1-3),도형과 측정,입체도형의 성질,m1_geo_solid_unit__prerequisite_for__m1_geo_volume,intra_unit,m1_geo_solid_unit,입체도형의 성질,입체도형의 성질,m1_geo_volume,부피,입체도형의 성질,prerequisite_for,high,2,curriculum_math_2022: printed p. 38; [9수03-08]; achievement_standard; 입체도형의 겉넓이와 부피를 구하는 성취기준 | achievement_math_2022: 입체도형의 성질 section; [9수03-07]~[9수03-08] achievement levels; achievement_level; 다면체와 회전체의 성질을 모형이나 공학 도구로 탐구하고 입체도형의 겉넓이와 부피를 구하는 수준을 구분,,prerequisite_ref;textbook_page_refs,Find textbook sequencing or prior-knowledge evidence for the prerequisite relation.,pending_textbook_pdf,,,,,,,,,,
13,중1(교육과정 학년군: 중1-3),도형과 측정,입체도형의 성질,m1_geo_solid_vertex__prerequisite_for__m1_geo_solid_component_identification,intra_unit,m1_geo_solid_vertex,입체도형의 꼭짓점,입체도형의 성질,m1_geo_solid_component_identification,면·모서리·꼭짓점 찾기,입체도형의 성질,prerequisite_for,medium,4,"curriculum_math_2022: printed p. 38; [9수03-07]; achievement_standard; 모형이나 공학 도구로 다면체와 회전체의 성질을 탐구하고 설명하는 성취기준 | achievement_math_2022: 입체도형의 성질 section; [9수03-07]~[9수03-08] achievement levels; achievement_level; 다면체와 회전체의 성질을 모형이나 공학 도구로 탐구하고 입체도형의 겉넓이와 부피를 구하는 수준을 구분 | achievement_research_report_2022: 연구보고서 p. 174; 각기둥과 각뿔 성취기준별 성취수준; research_report_achievement_level_context; 각기둥과 각뿔에서 면, 모서리, 꼭짓점을 찾고 성질을 설명하는 성취수준 맥락 | achievement_research_report_2022: 연구보고서 p. 181; 도형과 측정 영역별 성취수준; research_report_achievement_level_context; 각기둥과 각뿔, 원기둥, 원뿔, 구의 구성 요소와 성질을 이해하는 도형과 측정 영역별 성취수준 맥락",,prerequisite_ref;textbook_page_refs,Find textbook sequencing or prior-knowledge evidence for the prerequisite relation.,pending_textbook_pdf,,,,,,,,,,
13,중1(교육과정 학년군: 중1-3),도형과 측정,입체도형의 성질,m1_geo_surface_area__prerequisite_for__m1_geo_net_surface_area_strategy,intra_unit,m1_geo_surface_area,겉넓이,입체도형의 성질,m1_geo_net_surface_area_strategy,전개도로 겉넓이 구하기,입체도형의 성질,prerequisite_for,medium,3,"curriculum_math_2022: printed pp. 38-39; [9수03-05], [9수03-07] explanation and considerations; teaching_note; 다각형의 내각·외각·대각선을 탐구해 성질을 일반화하고, 다각형과 다면체는 볼록인 경우만 다루며 회전체 단면은 성질 이해에 필요한 정도로 다룸 | curriculum_math_2022: printed p. 38; [9수03-08]; achievement_standard; 입체도형의 겉넓이와 부피를 구하는 성취기준 | achievement_math_2022: 입체도형의 성질 section; [9수03-07]~[9수03-08] achievement levels; achievement_level; 다면체와 회전체의 성질을 모형이나 공학 도구로 탐구하고 입체도형의 겉넓이와 부피를 구하는 수준을 구분",,prerequisite_ref;textbook_page_refs,Find textbook sequencing or prior-knowledge evidence for the prerequisite relation.,pending_textbook_pdf,,,,,,,,,,
13,중1(교육과정 학년군: 중1-3),도형과 측정,입체도형의 성질,m1_geo_axis_of_rotation__used_in__m1_geo_rotation_generation,intra_unit,m1_geo_axis_of_rotation,회전축,입체도형의 성질,m1_geo_rotation_generation,평면도형을 회전시켜 회전체 만들기,입체도형의 성질,used_in,high,3,"curriculum_math_2022: printed p. 38; [9수03-07]; achievement_standard; 모형이나 공학 도구로 다면체와 회전체의 성질을 탐구하고 설명하는 성취기준 | curriculum_math_2022: printed pp. 38-39; terms and symbols for 도형과 측정; term_list; 교점, 교선, 두 점 사이의 거리, 중점, 수직이등분선, 꼬인 위치, 교각, 맞꼭지각, 엇각, 동위각, 평각, 직교, 수선의 발, 작도, 대변, 대각, 삼각형의 합동 조건, 내각, 외각, 부채꼴, 중심각, 호, 현, 활꼴, 할선, 다면체, 각뿔대, 정다면체, 회전체, 회전축, 원뿔대, 증명, 접선, 접점, 접한다, 외심, 외접, 외접원, 내심, 내접, 내접원, 중선, 무게중심, 닮음, 닮음비, 삼각형의 닮음 조건, 피타고라스 정리, 삼각비, 사인, 코사인, 탄젠트, 원주각 등을 다룸 | achievement_math_2022: 입체도형의 성질 section; [9수03-07]~[9수03-08] achievement levels; achievement_level; 다면체와 회전체의 성질을 모형이나 공학 도구로 탐구하고 입체도형의 겉넓이와 부피를 구하는 수준을 구분",,procedure_ref;textbook_page_refs,"Find a worked example, procedure, or application where this source concept is used.",pending_textbook_pdf,,,,,,,,,,
13,중1(교육과정 학년군: 중1-3),도형과 측정,입체도형의 성질,m1_geo_axis_of_rotation__used_in__m1_geo_solid_of_revolution,intra_unit,m1_geo_axis_of_rotation,회전축,입체도형의 성질,m1_geo_solid_of_revolution,회전체,입체도형의 성질,used_in,high,3,"curriculum_math_2022: printed p. 38; [9수03-07]; achievement_standard; 모형이나 공학 도구로 다면체와 회전체의 성질을 탐구하고 설명하는 성취기준 | curriculum_math_2022: printed pp. 38-39; terms and symbols for 도형과 측정; term_list; 교점, 교선, 두 점 사이의 거리, 중점, 수직이등분선, 꼬인 위치, 교각, 맞꼭지각, 엇각, 동위각, 평각, 직교, 수선의 발, 작도, 대변, 대각, 삼각형의 합동 조건, 내각, 외각, 부채꼴, 중심각, 호, 현, 활꼴, 할선, 다면체, 각뿔대, 정다면체, 회전체, 회전축, 원뿔대, 증명, 접선, 접점, 접한다, 외심, 외접, 외접원, 내심, 내접, 내접원, 중선, 무게중심, 닮음, 닮음비, 삼각형의 닮음 조건, 피타고라스 정리, 삼각비, 사인, 코사인, 탄젠트, 원주각 등을 다룸 | achievement_math_2022: 입체도형의 성질 section; [9수03-07]~[9수03-08] achievement levels; achievement_level; 다면체와 회전체의 성질을 모형이나 공학 도구로 탐구하고 입체도형의 겉넓이와 부피를 구하는 수준을 구분",,procedure_ref;textbook_page_refs,"Find a worked example, procedure, or application where this source concept is used.",pending_textbook_pdf,,,,,,,,,,
13,중1(교육과정 학년군: 중1-3),도형과 측정,입체도형의 성질,m1_geo_model_tool_solid__used_in__m1_geo_polyhedron,intra_unit,m1_geo_model_tool_solid,모형과 공학 도구로 입체도형 탐구,입체도형의 성질,m1_geo_polyhedron,다면체,입체도형의 성질,used_in,high,2,curriculum_math_2022: printed p. 38; [9수03-07]; achievement_standard; 모형이나 공학 도구로 다면체와 회전체의 성질을 탐구하고 설명하는 성취기준 | achievement_math_2022: 입체도형의 성질 section; [9수03-07]~[9수03-08] achievement levels; achievement_level; 다면체와 회전체의 성질을 모형이나 공학 도구로 탐구하고 입체도형의 겉넓이와 부피를 구하는 수준을 구분,,procedure_ref;textbook_page_refs,"Find a worked example, procedure, or application where this source concept is used.",pending_textbook_pdf,,,,,,,,,,
13,중1(교육과정 학년군: 중1-3),도형과 측정,입체도형의 성질,m1_geo_model_tool_solid__used_in__m1_geo_solid_cross_section,intra_unit,m1_geo_model_tool_solid,모형과 공학 도구로 입체도형 탐구,입체도형의 성질,m1_geo_solid_cross_section,입체도형의 단면,입체도형의 성질,used_in,medium,3,"curriculum_math_2022: printed p. 38; [9수03-07]; achievement_standard; 모형이나 공학 도구로 다면체와 회전체의 성질을 탐구하고 설명하는 성취기준 | curriculum_math_2022: printed pp. 38-39; [9수03-05], [9수03-07] explanation and considerations; teaching_note; 다각형의 내각·외각·대각선을 탐구해 성질을 일반화하고, 다각형과 다면체는 볼록인 경우만 다루며 회전체 단면은 성질 이해에 필요한 정도로 다룸 | achievement_math_2022: 입체도형의 성질 section; [9수03-07]~[9수03-08] achievement levels; achievement_level; 다면체와 회전체의 성질을 모형이나 공학 도구로 탐구하고 입체도형의 겉넓이와 부피를 구하는 수준을 구분",모형과 공학 도구 탐구는 입체도형의 단면 관찰을 보조하는 절차로 연결된다.,procedure_ref;textbook_page_refs,"Find a worked example, procedure, or application where this source concept is used.",pending_textbook_pdf,,,,,,,,,,
13,중1(교육과정 학년군: 중1-3),도형과 측정,입체도형의 성질,m1_geo_model_tool_solid__used_in__m1_geo_solid_cross_section_prediction,intra_unit,m1_geo_model_tool_solid,모형과 공학 도구로 입체도형 탐구,입체도형의 성질,m1_geo_solid_cross_section_prediction,단면 모양 예상하기,입체도형의 성질,used_in,medium,3,"curriculum_math_2022: printed p. 38; [9수03-07]; achievement_standard; 모형이나 공학 도구로 다면체와 회전체의 성질을 탐구하고 설명하는 성취기준 | curriculum_math_2022: printed pp. 38-39; [9수03-05], [9수03-07] explanation and considerations; teaching_note; 다각형의 내각·외각·대각선을 탐구해 성질을 일반화하고, 다각형과 다면체는 볼록인 경우만 다루며 회전체 단면은 성질 이해에 필요한 정도로 다룸 | achievement_math_2022: 입체도형의 성질 section; [9수03-07]~[9수03-08] achievement levels; achievement_level; 다면체와 회전체의 성질을 모형이나 공학 도구로 탐구하고 입체도형의 겉넓이와 부피를 구하는 수준을 구분",모형과 공학 도구 탐구는 단면 모양을 관찰하고 예상하는 절차를 보조한다.,procedure_ref;textbook_page_refs,"Find a worked example, procedure, or application where this source concept is used.",pending_textbook_pdf,,,,,,,,,,
13,중1(교육과정 학년군: 중1-3),도형과 측정,입체도형의 성질,m1_geo_model_tool_solid__used_in__m1_geo_solid_of_revolution,intra_unit,m1_geo_model_tool_solid,모형과 공학 도구로 입체도형 탐구,입체도형의 성질,m1_geo_solid_of_revolution,회전체,입체도형의 성질,used_in,high,2,curriculum_math_2022: printed p. 38; [9수03-07]; achievement_standard; 모형이나 공학 도구로 다면체와 회전체의 성질을 탐구하고 설명하는 성취기준 | achievement_math_2022: 입체도형의 성질 section; [9수03-07]~[9수03-08] achievement levels; achievement_level; 다면체와 회전체의 성질을 모형이나 공학 도구로 탐구하고 입체도형의 겉넓이와 부피를 구하는 수준을 구분,,procedure_ref;textbook_page_refs,"Find a worked example, procedure, or application where this source concept is used.",pending_textbook_pdf,,,,,,,,,,
13,중1(교육과정 학년군: 중1-3),도형과 측정,입체도형의 성질,m1_geo_net_surface_area_strategy__used_in__m1_geo_surface_area,intra_unit,m1_geo_net_surface_area_strategy,전개도로 겉넓이 구하기,입체도형의 성질,m1_geo_surface_area,겉넓이,입체도형의 성질,used_in,medium,3,"curriculum_math_2022: printed pp. 38-39; [9수03-05], [9수03-07] explanation and considerations; teaching_note; 다각형의 내각·외각·대각선을 탐구해 성질을 일반화하고, 다각형과 다면체는 볼록인 경우만 다루며 회전체 단면은 성질 이해에 필요한 정도로 다룸 | curriculum_math_2022: printed p. 38; [9수03-08]; achievement_standard; 입체도형의 겉넓이와 부피를 구하는 성취기준 | achievement_math_2022: 입체도형의 성질 section; [9수03-07]~[9수03-08] achievement levels; achievement_level; 다면체와 회전체의 성질을 모형이나 공학 도구로 탐구하고 입체도형의 겉넓이와 부피를 구하는 수준을 구분",전개도를 이용한 각 면의 넓이 합산은 겉넓이 계산 전략으로 사용된다.,procedure_ref;textbook_page_refs,"Find a worked example, procedure, or application where this source concept is used.",pending_textbook_pdf,,,,,,,,,,
13,중1(교육과정 학년군: 중1-3),도형과 측정,입체도형의 성질,m1_geo_polyhedron__used_in__m1_geo_prism,intra_unit,m1_geo_polyhedron,다면체,입체도형의 성질,m1_geo_prism,기둥 모양 입체도형,입체도형의 성질,used_in,medium,2,curriculum_math_2022: printed p. 38; [9수03-08]; achievement_standard; 입체도형의 겉넓이와 부피를 구하는 성취기준 | achievement_math_2022: 입체도형의 성질 section; [9수03-07]~[9수03-08] achievement levels; achievement_level; 다면체와 회전체의 성질을 모형이나 공학 도구로 탐구하고 입체도형의 겉넓이와 부피를 구하는 수준을 구분,,procedure_ref;textbook_page_refs,"Find a worked example, procedure, or application where this source concept is used.",pending_textbook_pdf,,,,,,,,,,
13,중1(교육과정 학년군: 중1-3),도형과 측정,입체도형의 성질,m1_geo_polyhedron__used_in__m1_geo_pyramid,intra_unit,m1_geo_polyhedron,다면체,입체도형의 성질,m1_geo_pyramid,뿔 모양 입체도형,입체도형의 성질,used_in,medium,2,curriculum_math_2022: printed p. 38; [9수03-08]; achievement_standard; 입체도형의 겉넓이와 부피를 구하는 성취기준 | achievement_math_2022: 입체도형의 성질 section; [9수03-07]~[9수03-08] achievement levels; achievement_level; 다면체와 회전체의 성질을 모형이나 공학 도구로 탐구하고 입체도형의 겉넓이와 부피를 구하는 수준을 구분,,procedure_ref;textbook_page_refs,"Find a worked example, procedure, or application where this source concept is used.",pending_textbook_pdf,,,,,,,,,,
13,중1(교육과정 학년군: 중1-3),도형과 측정,입체도형의 성질,m1_geo_polyhedron__used_in__m1_geo_regular_polyhedron,intra_unit,m1_geo_polyhedron,다면체,입체도형의 성질,m1_geo_regular_polyhedron,정다면체,입체도형의 성질,used_in,high,3,"curriculum_math_2022: printed p. 38; [9수03-07]; achievement_standard; 모형이나 공학 도구로 다면체와 회전체의 성질을 탐구하고 설명하는 성취기준 | curriculum_math_2022: printed pp. 38-39; terms and symbols for 도형과 측정; term_list; 교점, 교선, 두 점 사이의 거리, 중점, 수직이등분선, 꼬인 위치, 교각, 맞꼭지각, 엇각, 동위각, 평각, 직교, 수선의 발, 작도, 대변, 대각, 삼각형의 합동 조건, 내각, 외각, 부채꼴, 중심각, 호, 현, 활꼴, 할선, 다면체, 각뿔대, 정다면체, 회전체, 회전축, 원뿔대, 증명, 접선, 접점, 접한다, 외심, 외접, 외접원, 내심, 내접, 내접원, 중선, 무게중심, 닮음, 닮음비, 삼각형의 닮음 조건, 피타고라스 정리, 삼각비, 사인, 코사인, 탄젠트, 원주각 등을 다룸 | achievement_math_2022: 입체도형의 성질 section; [9수03-07]~[9수03-08] achievement levels; achievement_level; 다면체와 회전체의 성질을 모형이나 공학 도구로 탐구하고 입체도형의 겉넓이와 부피를 구하는 수준을 구분",,procedure_ref;textbook_page_refs,"Find a worked example, procedure, or application where this source concept is used.",pending_textbook_pdf,,,,,,,,,,
13,중1(교육과정 학년군: 중1-3),도형과 측정,입체도형의 성질,m1_geo_prism__used_in__m1_geo_surface_area,intra_unit,m1_geo_prism,기둥 모양 입체도형,입체도형의 성질,m1_geo_surface_area,겉넓이,입체도형의 성질,used_in,medium,2,curriculum_math_2022: printed p. 38; [9수03-08]; achievement_standard; 입체도형의 겉넓이와 부피를 구하는 성취기준 | achievement_math_2022: 입체도형의 성질 section; [9수03-07]~[9수03-08] achievement levels; achievement_level; 다면체와 회전체의 성질을 모형이나 공학 도구로 탐구하고 입체도형의 겉넓이와 부피를 구하는 수준을 구분,Prisms are target solids for surface-area calculation.,procedure_ref;textbook_page_refs,"Find a worked example, procedure, or application where this source concept is used.",pending_textbook_pdf,,,,,,,,,,
13,중1(교육과정 학년군: 중1-3),도형과 측정,입체도형의 성질,m1_geo_prism__used_in__m1_geo_volume,intra_unit,m1_geo_prism,기둥 모양 입체도형,입체도형의 성질,m1_geo_volume,부피,입체도형의 성질,used_in,medium,2,curriculum_math_2022: printed p. 38; [9수03-08]; achievement_standard; 입체도형의 겉넓이와 부피를 구하는 성취기준 | achievement_math_2022: 입체도형의 성질 section; [9수03-07]~[9수03-08] achievement levels; achievement_level; 다면체와 회전체의 성질을 모형이나 공학 도구로 탐구하고 입체도형의 겉넓이와 부피를 구하는 수준을 구분,Prisms are target solids for volume calculation.,procedure_ref;textbook_page_refs,"Find a worked example, procedure, or application where this source concept is used.",pending_textbook_pdf,,,,,,,,,,
13,중1(교육과정 학년군: 중1-3),도형과 측정,입체도형의 성질,m1_geo_pyramid__used_in__m1_geo_frustum_pyramid,intra_unit,m1_geo_pyramid,뿔 모양 입체도형,입체도형의 성질,m1_geo_frustum_pyramid,각뿔대,입체도형의 성질,used_in,high,2,"curriculum_math_2022: printed pp. 38-39; terms and symbols for 도형과 측정; term_list; 교점, 교선, 두 점 사이의 거리, 중점, 수직이등분선, 꼬인 위치, 교각, 맞꼭지각, 엇각, 동위각, 평각, 직교, 수선의 발, 작도, 대변, 대각, 삼각형의 합동 조건, 내각, 외각, 부채꼴, 중심각, 호, 현, 활꼴, 할선, 다면체, 각뿔대, 정다면체, 회전체, 회전축, 원뿔대, 증명, 접선, 접점, 접한다, 외심, 외접, 외접원, 내심, 내접, 내접원, 중선, 무게중심, 닮음, 닮음비, 삼각형의 닮음 조건, 피타고라스 정리, 삼각비, 사인, 코사인, 탄젠트, 원주각 등을 다룸 | achievement_math_2022: 입체도형의 성질 section; [9수03-07]~[9수03-08] achievement levels; achievement_level; 다면체와 회전체의 성질을 모형이나 공학 도구로 탐구하고 입체도형의 겉넓이와 부피를 구하는 수준을 구분",,procedure_ref;textbook_page_refs,"Find a worked example, procedure, or application where this source concept is used.",pending_textbook_pdf,,,,,,,,,,
13,중1(교육과정 학년군: 중1-3),도형과 측정,입체도형의 성질,m1_geo_pyramid__used_in__m1_geo_surface_area,intra_unit,m1_geo_pyramid,뿔 모양 입체도형,입체도형의 성질,m1_geo_surface_area,겉넓이,입체도형의 성질,used_in,medium,2,curriculum_math_2022: printed p. 38; [9수03-08]; achievement_standard; 입체도형의 겉넓이와 부피를 구하는 성취기준 | achievement_math_2022: 입체도형의 성질 section; [9수03-07]~[9수03-08] achievement levels; achievement_level; 다면체와 회전체의 성질을 모형이나 공학 도구로 탐구하고 입체도형의 겉넓이와 부피를 구하는 수준을 구분,Pyramids are target solids for surface-area calculation.,procedure_ref;textbook_page_refs,"Find a worked example, procedure, or application where this source concept is used.",pending_textbook_pdf,,,,,,,,,,
13,중1(교육과정 학년군: 중1-3),도형과 측정,입체도형의 성질,m1_geo_pyramid__used_in__m1_geo_volume,intra_unit,m1_geo_pyramid,뿔 모양 입체도형,입체도형의 성질,m1_geo_volume,부피,입체도형의 성질,used_in,medium,2,curriculum_math_2022: printed p. 38; [9수03-08]; achievement_standard; 입체도형의 겉넓이와 부피를 구하는 성취기준 | achievement_math_2022: 입체도형의 성질 section; [9수03-07]~[9수03-08] achievement levels; achievement_level; 다면체와 회전체의 성질을 모형이나 공학 도구로 탐구하고 입체도형의 겉넓이와 부피를 구하는 수준을 구분,Pyramids are target solids for volume calculation.,procedure_ref;textbook_page_refs,"Find a worked example, procedure, or application where this source concept is used.",pending_textbook_pdf,,,,,,,,,,
13,중1(교육과정 학년군: 중1-3),도형과 측정,입체도형의 성질,m1_geo_rotation_generation__used_in__m1_geo_solid_of_revolution,intra_unit,m1_geo_rotation_generation,평면도형을 회전시켜 회전체 만들기,입체도형의 성질,m1_geo_solid_of_revolution,회전체,입체도형의 성질,used_in,high,3,"curriculum_math_2022: printed p. 38; [9수03-07]; achievement_standard; 모형이나 공학 도구로 다면체와 회전체의 성질을 탐구하고 설명하는 성취기준 | curriculum_math_2022: printed pp. 38-39; terms and symbols for 도형과 측정; term_list; 교점, 교선, 두 점 사이의 거리, 중점, 수직이등분선, 꼬인 위치, 교각, 맞꼭지각, 엇각, 동위각, 평각, 직교, 수선의 발, 작도, 대변, 대각, 삼각형의 합동 조건, 내각, 외각, 부채꼴, 중심각, 호, 현, 활꼴, 할선, 다면체, 각뿔대, 정다면체, 회전체, 회전축, 원뿔대, 증명, 접선, 접점, 접한다, 외심, 외접, 외접원, 내심, 내접, 내접원, 중선, 무게중심, 닮음, 닮음비, 삼각형의 닮음 조건, 피타고라스 정리, 삼각비, 사인, 코사인, 탄젠트, 원주각 등을 다룸 | achievement_math_2022: 입체도형의 성질 section; [9수03-07]~[9수03-08] achievement levels; achievement_level; 다면체와 회전체의 성질을 모형이나 공학 도구로 탐구하고 입체도형의 겉넓이와 부피를 구하는 수준을 구분",,procedure_ref;textbook_page_refs,"Find a worked example, procedure, or application where this source concept is used.",pending_textbook_pdf,,,,,,,,,,
13,중1(교육과정 학년군: 중1-3),도형과 측정,입체도형의 성질,m1_geo_solid_component_identification__used_in__m1_geo_polyhedron,intra_unit,m1_geo_solid_component_identification,면·모서리·꼭짓점 찾기,입체도형의 성질,m1_geo_polyhedron,다면체,입체도형의 성질,used_in,medium,4,"curriculum_math_2022: printed p. 38; [9수03-07]; achievement_standard; 모형이나 공학 도구로 다면체와 회전체의 성질을 탐구하고 설명하는 성취기준 | achievement_math_2022: 입체도형의 성질 section; [9수03-07]~[9수03-08] achievement levels; achievement_level; 다면체와 회전체의 성질을 모형이나 공학 도구로 탐구하고 입체도형의 겉넓이와 부피를 구하는 수준을 구분 | achievement_research_report_2022: 연구보고서 p. 174; 각기둥과 각뿔 성취기준별 성취수준; research_report_achievement_level_context; 각기둥과 각뿔에서 면, 모서리, 꼭짓점을 찾고 성질을 설명하는 성취수준 맥락 | achievement_research_report_2022: 연구보고서 p. 181; 도형과 측정 영역별 성취수준; research_report_achievement_level_context; 각기둥과 각뿔, 원기둥, 원뿔, 구의 구성 요소와 성질을 이해하는 도형과 측정 영역별 성취수준 맥락","다면체의 성질 설명에서 면, 모서리, 꼭짓점 확인 절차가 사용된다.",procedure_ref;textbook_page_refs,"Find a worked example, procedure, or application where this source concept is used.",pending_textbook_pdf,,,,,,,,,,
13,중1(교육과정 학년군: 중1-3),도형과 측정,입체도형의 성질,m1_geo_solid_cross_section__used_in__m1_geo_solid_cross_section_prediction,intra_unit,m1_geo_solid_cross_section,입체도형의 단면,입체도형의 성질,m1_geo_solid_cross_section_prediction,단면 모양 예상하기,입체도형의 성질,used_in,medium,3,"curriculum_math_2022: printed pp. 38-39; [9수03-05], [9수03-07] explanation and considerations; teaching_note; 다각형의 내각·외각·대각선을 탐구해 성질을 일반화하고, 다각형과 다면체는 볼록인 경우만 다루며 회전체 단면은 성질 이해에 필요한 정도로 다룸 | curriculum_math_2022: printed p. 38; [9수03-07]; achievement_standard; 모형이나 공학 도구로 다면체와 회전체의 성질을 탐구하고 설명하는 성취기준 | achievement_math_2022: 입체도형의 성질 section; [9수03-07]~[9수03-08] achievement levels; achievement_level; 다면체와 회전체의 성질을 모형이나 공학 도구로 탐구하고 입체도형의 겉넓이와 부피를 구하는 수준을 구분",,procedure_ref;textbook_page_refs,"Find a worked example, procedure, or application where this source concept is used.",pending_textbook_pdf,,,,,,,,,,
13,중1(교육과정 학년군: 중1-3),도형과 측정,입체도형의 성질,m1_geo_solid_edge__used_in__m1_geo_solid_component_identification,intra_unit,m1_geo_solid_edge,입체도형의 모서리,입체도형의 성질,m1_geo_solid_component_identification,면·모서리·꼭짓점 찾기,입체도형의 성질,used_in,medium,4,"curriculum_math_2022: printed p. 38; [9수03-07]; achievement_standard; 모형이나 공학 도구로 다면체와 회전체의 성질을 탐구하고 설명하는 성취기준 | achievement_math_2022: 입체도형의 성질 section; [9수03-07]~[9수03-08] achievement levels; achievement_level; 다면체와 회전체의 성질을 모형이나 공학 도구로 탐구하고 입체도형의 겉넓이와 부피를 구하는 수준을 구분 | achievement_research_report_2022: 연구보고서 p. 174; 각기둥과 각뿔 성취기준별 성취수준; research_report_achievement_level_context; 각기둥과 각뿔에서 면, 모서리, 꼭짓점을 찾고 성질을 설명하는 성취수준 맥락 | achievement_research_report_2022: 연구보고서 p. 181; 도형과 측정 영역별 성취수준; research_report_achievement_level_context; 각기둥과 각뿔, 원기둥, 원뿔, 구의 구성 요소와 성질을 이해하는 도형과 측정 영역별 성취수준 맥락",입체도형의 구성 요소 찾기는 모서리를 구별해 세는 절차를 포함한다.,procedure_ref;textbook_page_refs,"Find a worked example, procedure, or application where this source concept is used.",pending_textbook_pdf,,,,,,,,,,
13,중1(교육과정 학년군: 중1-3),도형과 측정,입체도형의 성질,m1_geo_solid_face__used_in__m1_geo_solid_component_identification,intra_unit,m1_geo_solid_face,입체도형의 면,입체도형의 성질,m1_geo_solid_component_identification,면·모서리·꼭짓점 찾기,입체도형의 성질,used_in,medium,4,"curriculum_math_2022: printed p. 38; [9수03-07]; achievement_standard; 모형이나 공학 도구로 다면체와 회전체의 성질을 탐구하고 설명하는 성취기준 | achievement_math_2022: 입체도형의 성질 section; [9수03-07]~[9수03-08] achievement levels; achievement_level; 다면체와 회전체의 성질을 모형이나 공학 도구로 탐구하고 입체도형의 겉넓이와 부피를 구하는 수준을 구분 | achievement_research_report_2022: 연구보고서 p. 174; 각기둥과 각뿔 성취기준별 성취수준; research_report_achievement_level_context; 각기둥과 각뿔에서 면, 모서리, 꼭짓점을 찾고 성질을 설명하는 성취수준 맥락 | achievement_research_report_2022: 연구보고서 p. 181; 도형과 측정 영역별 성취수준; research_report_achievement_level_context; 각기둥과 각뿔, 원기둥, 원뿔, 구의 구성 요소와 성질을 이해하는 도형과 측정 영역별 성취수준 맥락",입체도형의 구성 요소 찾기는 면을 구별해 세는 절차를 포함한다.,procedure_ref;textbook_page_refs,"Find a worked example, procedure, or application where this source concept is used.",pending_textbook_pdf,,,,,,,,,,
13,중1(교육과정 학년군: 중1-3),도형과 측정,입체도형의 성질,m1_geo_solid_net__used_in__m1_geo_net_surface_area_strategy,intra_unit,m1_geo_solid_net,전개도,입체도형의 성질,m1_geo_net_surface_area_strategy,전개도로 겉넓이 구하기,입체도형의 성질,used_in,medium,3,"curriculum_math_2022: printed pp. 38-39; [9수03-05], [9수03-07] explanation and considerations; teaching_note; 다각형의 내각·외각·대각선을 탐구해 성질을 일반화하고, 다각형과 다면체는 볼록인 경우만 다루며 회전체 단면은 성질 이해에 필요한 정도로 다룸 | curriculum_math_2022: printed p. 38; [9수03-08]; achievement_standard; 입체도형의 겉넓이와 부피를 구하는 성취기준 | achievement_math_2022: 입체도형의 성질 section; [9수03-07]~[9수03-08] achievement levels; achievement_level; 다면체와 회전체의 성질을 모형이나 공학 도구로 탐구하고 입체도형의 겉넓이와 부피를 구하는 수준을 구분",,procedure_ref;textbook_page_refs,"Find a worked example, procedure, or application where this source concept is used.",pending_textbook_pdf,,,,,,,,,,
13,중1(교육과정 학년군: 중1-3),도형과 측정,입체도형의 성질,m1_geo_solid_net__used_in__m1_geo_solid_net_drawing,intra_unit,m1_geo_solid_net,전개도,입체도형의 성질,m1_geo_solid_net_drawing,전개도 그리기,입체도형의 성질,used_in,medium,4,"curriculum_math_2022: printed pp. 38-39; [9수03-05], [9수03-07] explanation and considerations; teaching_note; 다각형의 내각·외각·대각선을 탐구해 성질을 일반화하고, 다각형과 다면체는 볼록인 경우만 다루며 회전체 단면은 성질 이해에 필요한 정도로 다룸 | achievement_math_2022: 입체도형의 성질 section; [9수03-07]~[9수03-08] achievement levels; achievement_level; 다면체와 회전체의 성질을 모형이나 공학 도구로 탐구하고 입체도형의 겉넓이와 부피를 구하는 수준을 구분 | achievement_research_report_2022: 연구보고서 p. 173; 직육면체와 정육면체 성취기준별 성취수준; research_report_achievement_level_context; 직육면체와 정육면체의 겨냥도와 전개도를 그리고 전개도가 될 수 있는 것과 될 수 없는 것을 구별하는 성취수준 맥락 | achievement_research_report_2022: 연구보고서 p. 174; 각기둥과 원기둥 전개도 성취기준별 성취수준; research_report_achievement_level_context; 각기둥과 원기둥의 전개도를 그리고 전개도가 될 수 있는 것과 될 수 없는 것을 구별하는 성취수준 맥락",,procedure_ref;textbook_page_refs,"Find a worked example, procedure, or application where this source concept is used.",pending_textbook_pdf,,,,,,,,,,
13,중1(교육과정 학년군: 중1-3),도형과 측정,입체도형의 성질,m1_geo_solid_net__used_in__m1_geo_solid_net_validity_judgement,intra_unit,m1_geo_solid_net,전개도,입체도형의 성질,m1_geo_solid_net_validity_judgement,전개도가 될 수 있는지 판단하기,입체도형의 성질,used_in,medium,4,"curriculum_math_2022: printed pp. 38-39; [9수03-05], [9수03-07] explanation and considerations; teaching_note; 다각형의 내각·외각·대각선을 탐구해 성질을 일반화하고, 다각형과 다면체는 볼록인 경우만 다루며 회전체 단면은 성질 이해에 필요한 정도로 다룸 | achievement_math_2022: 입체도형의 성질 section; [9수03-07]~[9수03-08] achievement levels; achievement_level; 다면체와 회전체의 성질을 모형이나 공학 도구로 탐구하고 입체도형의 겉넓이와 부피를 구하는 수준을 구분 | achievement_research_report_2022: 연구보고서 p. 173; 직육면체와 정육면체 성취기준별 성취수준; research_report_achievement_level_context; 직육면체와 정육면체의 겨냥도와 전개도를 그리고 전개도가 될 수 있는 것과 될 수 없는 것을 구별하는 성취수준 맥락 | achievement_research_report_2022: 연구보고서 p. 174; 각기둥과 원기둥 전개도 성취기준별 성취수준; research_report_achievement_level_context; 각기둥과 원기둥의 전개도를 그리고 전개도가 될 수 있는 것과 될 수 없는 것을 구별하는 성취수준 맥락",,procedure_ref;textbook_page_refs,"Find a worked example, procedure, or application where this source concept is used.",pending_textbook_pdf,,,,,,,,,,
13,중1(교육과정 학년군: 중1-3),도형과 측정,입체도형의 성질,m1_geo_solid_net__used_in__m1_geo_surface_area,intra_unit,m1_geo_solid_net,전개도,입체도형의 성질,m1_geo_surface_area,겉넓이,입체도형의 성질,used_in,medium,2,curriculum_math_2022: printed p. 38; [9수03-08]; achievement_standard; 입체도형의 겉넓이와 부피를 구하는 성취기준 | achievement_math_2022: 입체도형의 성질 section; [9수03-07]~[9수03-08] achievement levels; achievement_level; 다면체와 회전체의 성질을 모형이나 공학 도구로 탐구하고 입체도형의 겉넓이와 부피를 구하는 수준을 구분,,procedure_ref;textbook_page_refs,"Find a worked example, procedure, or application where this source concept is used.",pending_textbook_pdf,,,,,,,,,,
13,중1(교육과정 학년군: 중1-3),도형과 측정,입체도형의 성질,m1_geo_solid_of_revolution__used_in__m1_geo_frustum_cone,intra_unit,m1_geo_solid_of_revolution,회전체,입체도형의 성질,m1_geo_frustum_cone,원뿔대,입체도형의 성질,used_in,high,2,"curriculum_math_2022: printed pp. 38-39; terms and symbols for 도형과 측정; term_list; 교점, 교선, 두 점 사이의 거리, 중점, 수직이등분선, 꼬인 위치, 교각, 맞꼭지각, 엇각, 동위각, 평각, 직교, 수선의 발, 작도, 대변, 대각, 삼각형의 합동 조건, 내각, 외각, 부채꼴, 중심각, 호, 현, 활꼴, 할선, 다면체, 각뿔대, 정다면체, 회전체, 회전축, 원뿔대, 증명, 접선, 접점, 접한다, 외심, 외접, 외접원, 내심, 내접, 내접원, 중선, 무게중심, 닮음, 닮음비, 삼각형의 닮음 조건, 피타고라스 정리, 삼각비, 사인, 코사인, 탄젠트, 원주각 등을 다룸 | achievement_math_2022: 입체도형의 성질 section; [9수03-07]~[9수03-08] achievement levels; achievement_level; 다면체와 회전체의 성질을 모형이나 공학 도구로 탐구하고 입체도형의 겉넓이와 부피를 구하는 수준을 구분",,procedure_ref;textbook_page_refs,"Find a worked example, procedure, or application where this source concept is used.",pending_textbook_pdf,,,,,,,,,,
13,중1(교육과정 학년군: 중1-3),도형과 측정,입체도형의 성질,m1_geo_solid_of_revolution__used_in__m1_geo_solid_cross_section_prediction,intra_unit,m1_geo_solid_of_revolution,회전체,입체도형의 성질,m1_geo_solid_cross_section_prediction,단면 모양 예상하기,입체도형의 성질,used_in,medium,3,"curriculum_math_2022: printed pp. 38-39; [9수03-05], [9수03-07] explanation and considerations; teaching_note; 다각형의 내각·외각·대각선을 탐구해 성질을 일반화하고, 다각형과 다면체는 볼록인 경우만 다루며 회전체 단면은 성질 이해에 필요한 정도로 다룸 | curriculum_math_2022: printed p. 38; [9수03-07]; achievement_standard; 모형이나 공학 도구로 다면체와 회전체의 성질을 탐구하고 설명하는 성취기준 | achievement_math_2022: 입체도형의 성질 section; [9수03-07]~[9수03-08] achievement levels; achievement_level; 다면체와 회전체의 성질을 모형이나 공학 도구로 탐구하고 입체도형의 겉넓이와 부피를 구하는 수준을 구분",회전체 단면은 성질 이해에 필요한 정도로 다루므로 단면 모양 예상 절차와 연결한다.,procedure_ref;textbook_page_refs,"Find a worked example, procedure, or application where this source concept is used.",pending_textbook_pdf,,,,,,,,,,
13,중1(교육과정 학년군: 중1-3),도형과 측정,입체도형의 성질,m1_geo_solid_vertex__used_in__m1_geo_solid_component_identification,intra_unit,m1_geo_solid_vertex,입체도형의 꼭짓점,입체도형의 성질,m1_geo_solid_component_identification,면·모서리·꼭짓점 찾기,입체도형의 성질,used_in,medium,4,"curriculum_math_2022: printed p. 38; [9수03-07]; achievement_standard; 모형이나 공학 도구로 다면체와 회전체의 성질을 탐구하고 설명하는 성취기준 | achievement_math_2022: 입체도형의 성질 section; [9수03-07]~[9수03-08] achievement levels; achievement_level; 다면체와 회전체의 성질을 모형이나 공학 도구로 탐구하고 입체도형의 겉넓이와 부피를 구하는 수준을 구분 | achievement_research_report_2022: 연구보고서 p. 174; 각기둥과 각뿔 성취기준별 성취수준; research_report_achievement_level_context; 각기둥과 각뿔에서 면, 모서리, 꼭짓점을 찾고 성질을 설명하는 성취수준 맥락 | achievement_research_report_2022: 연구보고서 p. 181; 도형과 측정 영역별 성취수준; research_report_achievement_level_context; 각기둥과 각뿔, 원기둥, 원뿔, 구의 구성 요소와 성질을 이해하는 도형과 측정 영역별 성취수준 맥락",입체도형의 구성 요소 찾기는 꼭짓점을 구별해 세는 절차를 포함한다.,procedure_ref;textbook_page_refs,"Find a worked example, procedure, or application where this source concept is used.",pending_textbook_pdf,,,,,,,,,,
13,중1(교육과정 학년군: 중1-3),도형과 측정,입체도형의 성질,m1_geo_sphere__used_in__m1_geo_surface_area,intra_unit,m1_geo_sphere,구,입체도형의 성질,m1_geo_surface_area,겉넓이,입체도형의 성질,used_in,medium,2,curriculum_math_2022: printed p. 38; [9수03-08]; achievement_standard; 입체도형의 겉넓이와 부피를 구하는 성취기준 | achievement_math_2022: 입체도형의 성질 section; [9수03-07]~[9수03-08] achievement levels; achievement_level; 다면체와 회전체의 성질을 모형이나 공학 도구로 탐구하고 입체도형의 겉넓이와 부피를 구하는 수준을 구분,Spheres are target solids for surface-area calculation.,procedure_ref;textbook_page_refs,"Find a worked example, procedure, or application where this source concept is used.",pending_textbook_pdf,,,,,,,,,,
13,중1(교육과정 학년군: 중1-3),도형과 측정,입체도형의 성질,m1_geo_sphere__used_in__m1_geo_volume,intra_unit,m1_geo_sphere,구,입체도형의 성질,m1_geo_volume,부피,입체도형의 성질,used_in,medium,2,curriculum_math_2022: printed p. 38; [9수03-08]; achievement_standard; 입체도형의 겉넓이와 부피를 구하는 성취기준 | achievement_math_2022: 입체도형의 성질 section; [9수03-07]~[9수03-08] achievement levels; achievement_level; 다면체와 회전체의 성질을 모형이나 공학 도구로 탐구하고 입체도형의 겉넓이와 부피를 구하는 수준을 구분,Spheres are target solids for volume calculation.,procedure_ref;textbook_page_refs,"Find a worked example, procedure, or application where this source concept is used.",pending_textbook_pdf,,,,,,,,,,
13,중1(교육과정 학년군: 중1-3),도형과 측정,입체도형의 성질,m1_geo_surface_area__used_in__m1_geo_net_surface_area_strategy,intra_unit,m1_geo_surface_area,겉넓이,입체도형의 성질,m1_geo_net_surface_area_strategy,전개도로 겉넓이 구하기,입체도형의 성질,used_in,medium,2,curriculum_math_2022: printed p. 38; [9수03-08]; achievement_standard; 입체도형의 겉넓이와 부피를 구하는 성취기준 | achievement_math_2022: 입체도형의 성질 section; [9수03-07]~[9수03-08] achievement levels; achievement_level; 다면체와 회전체의 성질을 모형이나 공학 도구로 탐구하고 입체도형의 겉넓이와 부피를 구하는 수준을 구분,,procedure_ref;textbook_page_refs,"Find a worked example, procedure, or application where this source concept is used.",pending_textbook_pdf,,,,,,,,,,
13,중1(교육과정 학년군: 중1-3),도형과 측정,입체도형의 성질,m1_geo_frustum_pyramid__contrasts_with__m1_geo_frustum_cone,intra_unit,m1_geo_frustum_pyramid,각뿔대,입체도형의 성질,m1_geo_frustum_cone,원뿔대,입체도형의 성질,contrasts_with,medium,2,"curriculum_math_2022: printed pp. 38-39; terms and symbols for 도형과 측정; term_list; 교점, 교선, 두 점 사이의 거리, 중점, 수직이등분선, 꼬인 위치, 교각, 맞꼭지각, 엇각, 동위각, 평각, 직교, 수선의 발, 작도, 대변, 대각, 삼각형의 합동 조건, 내각, 외각, 부채꼴, 중심각, 호, 현, 활꼴, 할선, 다면체, 각뿔대, 정다면체, 회전체, 회전축, 원뿔대, 증명, 접선, 접점, 접한다, 외심, 외접, 외접원, 내심, 내접, 내접원, 중선, 무게중심, 닮음, 닮음비, 삼각형의 닮음 조건, 피타고라스 정리, 삼각비, 사인, 코사인, 탄젠트, 원주각 등을 다룸 | achievement_math_2022: 입체도형의 성질 section; [9수03-07]~[9수03-08] achievement levels; achievement_level; 다면체와 회전체의 성질을 모형이나 공학 도구로 탐구하고 입체도형의 겉넓이와 부피를 구하는 수준을 구분",각뿔대와 원뿔대는 입체도형 용어 목록에서 서로 다른 계열의 뿔대이다.,contrast_ref;textbook_page_refs,Find textbook wording or examples that distinguish the two concepts.,pending_textbook_pdf,,,,,,,,,,
13,중1(교육과정 학년군: 중1-3),도형과 측정,입체도형의 성질,m1_geo_surface_area__contrasts_with__m1_geo_volume,intra_unit,m1_geo_surface_area,겉넓이,입체도형의 성질,m1_geo_volume,부피,입체도형의 성질,contrasts_with,high,2,curriculum_math_2022: printed p. 38; [9수03-08]; achievement_standard; 입체도형의 겉넓이와 부피를 구하는 성취기준 | achievement_math_2022: 입체도형의 성질 section; [9수03-07]~[9수03-08] achievement levels; achievement_level; 다면체와 회전체의 성질을 모형이나 공학 도구로 탐구하고 입체도형의 겉넓이와 부피를 구하는 수준을 구분,,contrast_ref;textbook_page_refs,Find textbook wording or examples that distinguish the two concepts.,pending_textbook_pdf,,,,,,,,,,
13,중1(교육과정 학년군: 중1-3),도형과 측정,입체도형의 성질,m1_geo_volume__contrasts_with__m1_geo_surface_area,intra_unit,m1_geo_volume,부피,입체도형의 성질,m1_geo_surface_area,겉넓이,입체도형의 성질,contrasts_with,high,2,curriculum_math_2022: printed p. 38; [9수03-08]; achievement_standard; 입체도형의 겉넓이와 부피를 구하는 성취기준 | achievement_math_2022: 입체도형의 성질 section; [9수03-07]~[9수03-08] achievement levels; achievement_level; 다면체와 회전체의 성질을 모형이나 공학 도구로 탐구하고 입체도형의 겉넓이와 부피를 구하는 수준을 구분,,contrast_ref;textbook_page_refs,Find textbook wording or examples that distinguish the two concepts.,pending_textbook_pdf,,,,,,,,,,
13,중1(교육과정 학년군: 중1-3),도형과 측정,입체도형의 성질,m1_geo_convex_polyhedron_scope__related_to__m1_geo_polyhedron,intra_unit,m1_geo_convex_polyhedron_scope,볼록한 다면체 범위,입체도형의 성질,m1_geo_polyhedron,다면체,입체도형의 성질,related_to,high,3,"curriculum_math_2022: printed pp. 38-39; [9수03-05], [9수03-07] explanation and considerations; teaching_note; 다각형의 내각·외각·대각선을 탐구해 성질을 일반화하고, 다각형과 다면체는 볼록인 경우만 다루며 회전체 단면은 성질 이해에 필요한 정도로 다룸 | curriculum_math_2022: printed p. 38; [9수03-07]; achievement_standard; 모형이나 공학 도구로 다면체와 회전체의 성질을 탐구하고 설명하는 성취기준 | achievement_math_2022: 입체도형의 성질 section; [9수03-07]~[9수03-08] achievement levels; achievement_level; 다면체와 회전체의 성질을 모형이나 공학 도구로 탐구하고 입체도형의 겉넓이와 부피를 구하는 수준을 구분",다면체 성질은 교육과정 유의사항의 볼록한 다면체 범위 안에서 다룬다.,related_ref;textbook_page_refs,Find textbook wording or examples that justify keeping these concepts linked.,pending_textbook_pdf,,,,,,,,,,
13,중1(교육과정 학년군: 중1-3),도형과 측정,입체도형의 성질,m1_geo_model_tool_solid__related_to__m1_geo_solid_net,intra_unit,m1_geo_model_tool_solid,모형과 공학 도구로 입체도형 탐구,입체도형의 성질,m1_geo_solid_net,전개도,입체도형의 성질,related_to,medium,3,"curriculum_math_2022: printed p. 38; [9수03-07]; achievement_standard; 모형이나 공학 도구로 다면체와 회전체의 성질을 탐구하고 설명하는 성취기준 | curriculum_math_2022: printed pp. 38-39; [9수03-05], [9수03-07] explanation and considerations; teaching_note; 다각형의 내각·외각·대각선을 탐구해 성질을 일반화하고, 다각형과 다면체는 볼록인 경우만 다루며 회전체 단면은 성질 이해에 필요한 정도로 다룸 | achievement_math_2022: 입체도형의 성질 section; [9수03-07]~[9수03-08] achievement levels; achievement_level; 다면체와 회전체의 성질을 모형이나 공학 도구로 탐구하고 입체도형의 겉넓이와 부피를 구하는 수준을 구분","Models and technology tools support exploration of solids, including net-based observation.",related_ref;textbook_page_refs,Find textbook wording or examples that justify keeping these concepts linked.,pending_textbook_pdf,,,,,,,,,,
13,중1(교육과정 학년군: 중1-3),도형과 측정,입체도형의 성질,m1_geo_solid_cross_section__related_to__m1_geo_solid_net,intra_unit,m1_geo_solid_cross_section,입체도형의 단면,입체도형의 성질,m1_geo_solid_net,전개도,입체도형의 성질,related_to,medium,2,"curriculum_math_2022: printed pp. 38-39; [9수03-05], [9수03-07] explanation and considerations; teaching_note; 다각형의 내각·외각·대각선을 탐구해 성질을 일반화하고, 다각형과 다면체는 볼록인 경우만 다루며 회전체 단면은 성질 이해에 필요한 정도로 다룸 | achievement_math_2022: 입체도형의 성질 section; [9수03-07]~[9수03-08] achievement levels; achievement_level; 다면체와 회전체의 성질을 모형이나 공학 도구로 탐구하고 입체도형의 겉넓이와 부피를 구하는 수준을 구분",Cross sections and nets are different plane-based ways to examine solids.,related_ref;textbook_page_refs,Find textbook wording or examples that justify keeping these concepts linked.,pending_textbook_pdf,,,,,,,,,,
13,중1(교육과정 학년군: 중1-3),도형과 측정,입체도형의 성질,m1_geo_solid_face__related_to__m1_geo_solid_vertex,intra_unit,m1_geo_solid_face,입체도형의 면,입체도형의 성질,m1_geo_solid_vertex,입체도형의 꼭짓점,입체도형의 성질,related_to,medium,4,"curriculum_math_2022: printed p. 38; [9수03-07]; achievement_standard; 모형이나 공학 도구로 다면체와 회전체의 성질을 탐구하고 설명하는 성취기준 | achievement_math_2022: 입체도형의 성질 section; [9수03-07]~[9수03-08] achievement levels; achievement_level; 다면체와 회전체의 성질을 모형이나 공학 도구로 탐구하고 입체도형의 겉넓이와 부피를 구하는 수준을 구분 | achievement_research_report_2022: 연구보고서 p. 174; 각기둥과 각뿔 성취기준별 성취수준; research_report_achievement_level_context; 각기둥과 각뿔에서 면, 모서리, 꼭짓점을 찾고 성질을 설명하는 성취수준 맥락 | achievement_research_report_2022: 연구보고서 p. 181; 도형과 측정 영역별 성취수준; research_report_achievement_level_context; 각기둥과 각뿔, 원기둥, 원뿔, 구의 구성 요소와 성질을 이해하는 도형과 측정 영역별 성취수준 맥락",면과 꼭짓점은 입체도형의 구성 요소를 구별해 설명할 때 함께 쓰인다.,related_ref;textbook_page_refs,Find textbook wording or examples that justify keeping these concepts linked.,pending_textbook_pdf,,,,,,,,,,
13,중1(교육과정 학년군: 중1-3),도형과 측정,입체도형의 성질,m1_geo_solid_net_drawing__related_to__m1_geo_net_surface_area_strategy,intra_unit,m1_geo_solid_net_drawing,전개도 그리기,입체도형의 성질,m1_geo_net_surface_area_strategy,전개도로 겉넓이 구하기,입체도형의 성질,related_to,medium,3,"curriculum_math_2022: printed pp. 38-39; [9수03-05], [9수03-07] explanation and considerations; teaching_note; 다각형의 내각·외각·대각선을 탐구해 성질을 일반화하고, 다각형과 다면체는 볼록인 경우만 다루며 회전체 단면은 성질 이해에 필요한 정도로 다룸 | curriculum_math_2022: printed p. 38; [9수03-08]; achievement_standard; 입체도형의 겉넓이와 부피를 구하는 성취기준 | achievement_math_2022: 입체도형의 성질 section; [9수03-07]~[9수03-08] achievement levels; achievement_level; 다면체와 회전체의 성질을 모형이나 공학 도구로 탐구하고 입체도형의 겉넓이와 부피를 구하는 수준을 구분","전개도 그리기와 전개도로 겉넓이를 구하는 전략은 같은 전개도 표현을 쓰지만, 전자는 표현 생성이고 후자는 계산 전략이다.",related_ref;textbook_page_refs,Find textbook wording or examples that justify keeping these concepts linked.,pending_textbook_pdf,,,,,,,,,,
13,중1(교육과정 학년군: 중1-3),도형과 측정,입체도형의 성질,m1_geo_solid_net_drawing__related_to__m1_geo_solid_net_validity_judgement,intra_unit,m1_geo_solid_net_drawing,전개도 그리기,입체도형의 성질,m1_geo_solid_net_validity_judgement,전개도가 될 수 있는지 판단하기,입체도형의 성질,related_to,medium,2,achievement_research_report_2022: 연구보고서 p. 173; 직육면체와 정육면체 성취기준별 성취수준; research_report_achievement_level_context; 직육면체와 정육면체의 겨냥도와 전개도를 그리고 전개도가 될 수 있는 것과 될 수 없는 것을 구별하는 성취수준 맥락 | achievement_research_report_2022: 연구보고서 p. 174; 각기둥과 원기둥 전개도 성취기준별 성취수준; research_report_achievement_level_context; 각기둥과 원기둥의 전개도를 그리고 전개도가 될 수 있는 것과 될 수 없는 것을 구별하는 성취수준 맥락,전개도를 그리는 절차와 전개도 가능 여부를 판단하는 절차는 연구보고서 성취수준 맥락에서 함께 등장한다.,related_ref;textbook_page_refs,Find textbook wording or examples that justify keeping these concepts linked.,pending_textbook_pdf,,,,,,,,,,
13,중1(교육과정 학년군: 중1-3),도형과 측정,입체도형의 성질,m1_geo_domain__contains__m1_geo_solid_unit,cross_unit,m1_geo_domain,도형과 측정,도형과 측정,m1_geo_solid_unit,입체도형의 성질,입체도형의 성질,contains,high,4,"curriculum_math_2022: printed p. 38; [9수03-07]; achievement_standard; 모형이나 공학 도구로 다면체와 회전체의 성질을 탐구하고 설명하는 성취기준 | curriculum_math_2022: printed p. 38; [9수03-08]; achievement_standard; 입체도형의 겉넓이와 부피를 구하는 성취기준 | curriculum_math_2022: printed pp. 38-39; [9수03-05], [9수03-07] explanation and considerations; teaching_note; 다각형의 내각·외각·대각선을 탐구해 성질을 일반화하고, 다각형과 다면체는 볼록인 경우만 다루며 회전체 단면은 성질 이해에 필요한 정도로 다룸 | achievement_math_2022: 입체도형의 성질 section; [9수03-07]~[9수03-08] achievement levels; achievement_level; 다면체와 회전체의 성질을 모형이나 공학 도구로 탐구하고 입체도형의 겉넓이와 부피를 구하는 수준을 구분",,structure_ref;textbook_page_refs,Find textbook structure evidence for the containment relation.,pending_textbook_pdf,,,,,,,,,,
13,중1(교육과정 학년군: 중1-3),도형과 측정,입체도형의 성질,m1_geo_area__prerequisite_for__m1_geo_net_surface_area_strategy,cross_unit,m1_geo_area,넓이,도형과 측정,m1_geo_net_surface_area_strategy,전개도로 겉넓이 구하기,입체도형의 성질,prerequisite_for,medium,3,"curriculum_math_2022: printed pp. 38-39; [9수03-05], [9수03-07] explanation and considerations; teaching_note; 다각형의 내각·외각·대각선을 탐구해 성질을 일반화하고, 다각형과 다면체는 볼록인 경우만 다루며 회전체 단면은 성질 이해에 필요한 정도로 다룸 | curriculum_math_2022: printed p. 38; [9수03-08]; achievement_standard; 입체도형의 겉넓이와 부피를 구하는 성취기준 | achievement_math_2022: 입체도형의 성질 section; [9수03-07]~[9수03-08] achievement levels; achievement_level; 다면체와 회전체의 성질을 모형이나 공학 도구로 탐구하고 입체도형의 겉넓이와 부피를 구하는 수준을 구분",,prerequisite_ref;textbook_page_refs,Find textbook sequencing or prior-knowledge evidence for the prerequisite relation.,pending_textbook_pdf,,,,,,,,,,
13,중1(교육과정 학년군: 중1-3),도형과 측정,입체도형의 성질,m1_geo_line__prerequisite_for__m1_geo_axis_of_rotation,cross_unit,m1_geo_line,직선,기본 도형,m1_geo_axis_of_rotation,회전축,입체도형의 성질,prerequisite_for,high,3,"curriculum_math_2022: printed pp. 38-39; terms and symbols for 도형과 측정; term_list; 교점, 교선, 두 점 사이의 거리, 중점, 수직이등분선, 꼬인 위치, 교각, 맞꼭지각, 엇각, 동위각, 평각, 직교, 수선의 발, 작도, 대변, 대각, 삼각형의 합동 조건, 내각, 외각, 부채꼴, 중심각, 호, 현, 활꼴, 할선, 다면체, 각뿔대, 정다면체, 회전체, 회전축, 원뿔대, 증명, 접선, 접점, 접한다, 외심, 외접, 외접원, 내심, 내접, 내접원, 중선, 무게중심, 닮음, 닮음비, 삼각형의 닮음 조건, 피타고라스 정리, 삼각비, 사인, 코사인, 탄젠트, 원주각 등을 다룸 | curriculum_math_2022: printed p. 38; [9수03-07]; achievement_standard; 모형이나 공학 도구로 다면체와 회전체의 성질을 탐구하고 설명하는 성취기준 | achievement_math_2022: 입체도형의 성질 section; [9수03-07]~[9수03-08] achievement levels; achievement_level; 다면체와 회전체의 성질을 모형이나 공학 도구로 탐구하고 입체도형의 겉넓이와 부피를 구하는 수준을 구분",,prerequisite_ref;textbook_page_refs,Find textbook sequencing or prior-knowledge evidence for the prerequisite relation.,pending_textbook_pdf,,,,,,,,,,
13,중1(교육과정 학년군: 중1-3),도형과 측정,입체도형의 성질,m1_geo_line_segment__prerequisite_for__m1_geo_solid_edge,cross_unit,m1_geo_line_segment,선분,기본 도형,m1_geo_solid_edge,입체도형의 모서리,입체도형의 성질,prerequisite_for,medium,4,"curriculum_math_2022: printed p. 38; [9수03-07]; achievement_standard; 모형이나 공학 도구로 다면체와 회전체의 성질을 탐구하고 설명하는 성취기준 | achievement_math_2022: 입체도형의 성질 section; [9수03-07]~[9수03-08] achievement levels; achievement_level; 다면체와 회전체의 성질을 모형이나 공학 도구로 탐구하고 입체도형의 겉넓이와 부피를 구하는 수준을 구분 | achievement_research_report_2022: 연구보고서 p. 174; 각기둥과 각뿔 성취기준별 성취수준; research_report_achievement_level_context; 각기둥과 각뿔에서 면, 모서리, 꼭짓점을 찾고 성질을 설명하는 성취수준 맥락 | achievement_research_report_2022: 연구보고서 p. 181; 도형과 측정 영역별 성취수준; research_report_achievement_level_context; 각기둥과 각뿔, 원기둥, 원뿔, 구의 구성 요소와 성질을 이해하는 도형과 측정 영역별 성취수준 맥락",,prerequisite_ref;textbook_page_refs,Find textbook sequencing or prior-knowledge evidence for the prerequisite relation.,pending_textbook_pdf,,,,,,,,,,
13,중1(교육과정 학년군: 중1-3),도형과 측정,입체도형의 성질,m1_geo_parallel_lines__prerequisite_for__m1_geo_frustum_pyramid,cross_unit,m1_geo_parallel_lines,평행선,기본 도형,m1_geo_frustum_pyramid,각뿔대,입체도형의 성질,prerequisite_for,high,3,"curriculum_math_2022: printed pp. 38-39; terms and symbols for 도형과 측정; term_list; 교점, 교선, 두 점 사이의 거리, 중점, 수직이등분선, 꼬인 위치, 교각, 맞꼭지각, 엇각, 동위각, 평각, 직교, 수선의 발, 작도, 대변, 대각, 삼각형의 합동 조건, 내각, 외각, 부채꼴, 중심각, 호, 현, 활꼴, 할선, 다면체, 각뿔대, 정다면체, 회전체, 회전축, 원뿔대, 증명, 접선, 접점, 접한다, 외심, 외접, 외접원, 내심, 내접, 내접원, 중선, 무게중심, 닮음, 닮음비, 삼각형의 닮음 조건, 피타고라스 정리, 삼각비, 사인, 코사인, 탄젠트, 원주각 등을 다룸 | curriculum_math_2022: printed p. 38; [9수03-07]; achievement_standard; 모형이나 공학 도구로 다면체와 회전체의 성질을 탐구하고 설명하는 성취기준 | achievement_math_2022: 입체도형의 성질 section; [9수03-07]~[9수03-08] achievement levels; achievement_level; 다면체와 회전체의 성질을 모형이나 공학 도구로 탐구하고 입체도형의 겉넓이와 부피를 구하는 수준을 구분",,prerequisite_ref;textbook_page_refs,Find textbook sequencing or prior-knowledge evidence for the prerequisite relation.,pending_textbook_pdf,,,,,,,,,,
13,중1(교육과정 학년군: 중1-3),도형과 측정,입체도형의 성질,m1_geo_plane__prerequisite_for__m1_geo_solid_cross_section,cross_unit,m1_geo_plane,평면,기본 도형,m1_geo_solid_cross_section,입체도형의 단면,입체도형의 성질,prerequisite_for,medium,3,"curriculum_math_2022: printed pp. 38-39; [9수03-05], [9수03-07] explanation and considerations; teaching_note; 다각형의 내각·외각·대각선을 탐구해 성질을 일반화하고, 다각형과 다면체는 볼록인 경우만 다루며 회전체 단면은 성질 이해에 필요한 정도로 다룸 | curriculum_math_2022: printed p. 38; [9수03-07]; achievement_standard; 모형이나 공학 도구로 다면체와 회전체의 성질을 탐구하고 설명하는 성취기준 | achievement_math_2022: 입체도형의 성질 section; [9수03-07]~[9수03-08] achievement levels; achievement_level; 다면체와 회전체의 성질을 모형이나 공학 도구로 탐구하고 입체도형의 겉넓이와 부피를 구하는 수준을 구분",,prerequisite_ref;textbook_page_refs,Find textbook sequencing or prior-knowledge evidence for the prerequisite relation.,pending_textbook_pdf,,,,,,,,,,
13,중1(교육과정 학년군: 중1-3),도형과 측정,입체도형의 성질,m1_geo_plane__prerequisite_for__m1_geo_solid_cross_section_prediction,cross_unit,m1_geo_plane,평면,기본 도형,m1_geo_solid_cross_section_prediction,단면 모양 예상하기,입체도형의 성질,prerequisite_for,medium,3,"curriculum_math_2022: printed pp. 38-39; [9수03-05], [9수03-07] explanation and considerations; teaching_note; 다각형의 내각·외각·대각선을 탐구해 성질을 일반화하고, 다각형과 다면체는 볼록인 경우만 다루며 회전체 단면은 성질 이해에 필요한 정도로 다룸 | curriculum_math_2022: printed p. 38; [9수03-07]; achievement_standard; 모형이나 공학 도구로 다면체와 회전체의 성질을 탐구하고 설명하는 성취기준 | achievement_math_2022: 입체도형의 성질 section; [9수03-07]~[9수03-08] achievement levels; achievement_level; 다면체와 회전체의 성질을 모형이나 공학 도구로 탐구하고 입체도형의 겉넓이와 부피를 구하는 수준을 구분",,prerequisite_ref;textbook_page_refs,Find textbook sequencing or prior-knowledge evidence for the prerequisite relation.,pending_textbook_pdf,,,,,,,,,,
13,중1(교육과정 학년군: 중1-3),도형과 측정,입체도형의 성질,m1_geo_plane_properties_unit__prerequisite_for__m1_geo_rotation_generation,cross_unit,m1_geo_plane_properties_unit,평면도형의 성질,평면도형의 성질,m1_geo_rotation_generation,평면도형을 회전시켜 회전체 만들기,입체도형의 성질,prerequisite_for,high,3,"curriculum_math_2022: printed pp. 38-39; terms and symbols for 도형과 측정; term_list; 교점, 교선, 두 점 사이의 거리, 중점, 수직이등분선, 꼬인 위치, 교각, 맞꼭지각, 엇각, 동위각, 평각, 직교, 수선의 발, 작도, 대변, 대각, 삼각형의 합동 조건, 내각, 외각, 부채꼴, 중심각, 호, 현, 활꼴, 할선, 다면체, 각뿔대, 정다면체, 회전체, 회전축, 원뿔대, 증명, 접선, 접점, 접한다, 외심, 외접, 외접원, 내심, 내접, 내접원, 중선, 무게중심, 닮음, 닮음비, 삼각형의 닮음 조건, 피타고라스 정리, 삼각비, 사인, 코사인, 탄젠트, 원주각 등을 다룸 | curriculum_math_2022: printed p. 38; [9수03-07]; achievement_standard; 모형이나 공학 도구로 다면체와 회전체의 성질을 탐구하고 설명하는 성취기준 | achievement_math_2022: 입체도형의 성질 section; [9수03-07]~[9수03-08] achievement levels; achievement_level; 다면체와 회전체의 성질을 모형이나 공학 도구로 탐구하고 입체도형의 겉넓이와 부피를 구하는 수준을 구분",,prerequisite_ref;textbook_page_refs,Find textbook sequencing or prior-knowledge evidence for the prerequisite relation.,pending_textbook_pdf,,,,,,,,,,
13,중1(교육과정 학년군: 중1-3),도형과 측정,입체도형의 성질,m1_geo_plane_properties_unit__prerequisite_for__m1_geo_solid_face,cross_unit,m1_geo_plane_properties_unit,평면도형의 성질,평면도형의 성질,m1_geo_solid_face,입체도형의 면,입체도형의 성질,prerequisite_for,medium,4,"curriculum_math_2022: printed p. 38; [9수03-07]; achievement_standard; 모형이나 공학 도구로 다면체와 회전체의 성질을 탐구하고 설명하는 성취기준 | achievement_math_2022: 입체도형의 성질 section; [9수03-07]~[9수03-08] achievement levels; achievement_level; 다면체와 회전체의 성질을 모형이나 공학 도구로 탐구하고 입체도형의 겉넓이와 부피를 구하는 수준을 구분 | achievement_research_report_2022: 연구보고서 p. 174; 각기둥과 각뿔 성취기준별 성취수준; research_report_achievement_level_context; 각기둥과 각뿔에서 면, 모서리, 꼭짓점을 찾고 성질을 설명하는 성취수준 맥락 | achievement_research_report_2022: 연구보고서 p. 181; 도형과 측정 영역별 성취수준; research_report_achievement_level_context; 각기둥과 각뿔, 원기둥, 원뿔, 구의 구성 요소와 성질을 이해하는 도형과 측정 영역별 성취수준 맥락",,prerequisite_ref;textbook_page_refs,Find textbook sequencing or prior-knowledge evidence for the prerequisite relation.,pending_textbook_pdf,,,,,,,,,,
13,중1(교육과정 학년군: 중1-3),도형과 측정,입체도형의 성질,m1_geo_plane_properties_unit__prerequisite_for__m1_geo_solid_net,cross_unit,m1_geo_plane_properties_unit,평면도형의 성질,평면도형의 성질,m1_geo_solid_net,전개도,입체도형의 성질,prerequisite_for,medium,5,"curriculum_math_2022: printed pp. 38-39; [9수03-05], [9수03-07] explanation and considerations; teaching_note; 다각형의 내각·외각·대각선을 탐구해 성질을 일반화하고, 다각형과 다면체는 볼록인 경우만 다루며 회전체 단면은 성질 이해에 필요한 정도로 다룸 | curriculum_math_2022: printed p. 38; [9수03-07]; achievement_standard; 모형이나 공학 도구로 다면체와 회전체의 성질을 탐구하고 설명하는 성취기준 | achievement_math_2022: 입체도형의 성질 section; [9수03-07]~[9수03-08] achievement levels; achievement_level; 다면체와 회전체의 성질을 모형이나 공학 도구로 탐구하고 입체도형의 겉넓이와 부피를 구하는 수준을 구분 | achievement_research_report_2022: 연구보고서 p. 173; 직육면체와 정육면체 성취기준별 성취수준; research_report_achievement_level_context; 직육면체와 정육면체의 겨냥도와 전개도를 그리고 전개도가 될 수 있는 것과 될 수 없는 것을 구별하는 성취수준 맥락 | achievement_research_report_2022: 연구보고서 p. 174; 각기둥과 원기둥 전개도 성취기준별 성취수준; research_report_achievement_level_context; 각기둥과 원기둥의 전개도를 그리고 전개도가 될 수 있는 것과 될 수 없는 것을 구별하는 성취수준 맥락",,prerequisite_ref;textbook_page_refs,Find textbook sequencing or prior-knowledge evidence for the prerequisite relation.,pending_textbook_pdf,,,,,,,,,,
13,중1(교육과정 학년군: 중1-3),도형과 측정,입체도형의 성질,m1_geo_plane_properties_unit__prerequisite_for__m1_geo_solid_of_revolution,cross_unit,m1_geo_plane_properties_unit,평면도형의 성질,평면도형의 성질,m1_geo_solid_of_revolution,회전체,입체도형의 성질,prerequisite_for,high,3,"curriculum_math_2022: printed pp. 38-39; terms and symbols for 도형과 측정; term_list; 교점, 교선, 두 점 사이의 거리, 중점, 수직이등분선, 꼬인 위치, 교각, 맞꼭지각, 엇각, 동위각, 평각, 직교, 수선의 발, 작도, 대변, 대각, 삼각형의 합동 조건, 내각, 외각, 부채꼴, 중심각, 호, 현, 활꼴, 할선, 다면체, 각뿔대, 정다면체, 회전체, 회전축, 원뿔대, 증명, 접선, 접점, 접한다, 외심, 외접, 외접원, 내심, 내접, 내접원, 중선, 무게중심, 닮음, 닮음비, 삼각형의 닮음 조건, 피타고라스 정리, 삼각비, 사인, 코사인, 탄젠트, 원주각 등을 다룸 | curriculum_math_2022: printed p. 38; [9수03-07]; achievement_standard; 모형이나 공학 도구로 다면체와 회전체의 성질을 탐구하고 설명하는 성취기준 | achievement_math_2022: 입체도형의 성질 section; [9수03-07]~[9수03-08] achievement levels; achievement_level; 다면체와 회전체의 성질을 모형이나 공학 도구로 탐구하고 입체도형의 겉넓이와 부피를 구하는 수준을 구분",,prerequisite_ref;textbook_page_refs,Find textbook sequencing or prior-knowledge evidence for the prerequisite relation.,pending_textbook_pdf,,,,,,,,,,
13,중1(교육과정 학년군: 중1-3),도형과 측정,입체도형의 성질,m1_geo_plane_properties_unit__prerequisite_for__m1_geo_solid_unit,cross_unit,m1_geo_plane_properties_unit,평면도형의 성질,평면도형의 성질,m1_geo_solid_unit,입체도형의 성질,입체도형의 성질,prerequisite_for,high,4,"curriculum_math_2022: printed p. 38; [9수03-07]; achievement_standard; 모형이나 공학 도구로 다면체와 회전체의 성질을 탐구하고 설명하는 성취기준 | curriculum_math_2022: printed p. 38; [9수03-08]; achievement_standard; 입체도형의 겉넓이와 부피를 구하는 성취기준 | curriculum_math_2022: printed pp. 38-39; [9수03-05], [9수03-07] explanation and considerations; teaching_note; 다각형의 내각·외각·대각선을 탐구해 성질을 일반화하고, 다각형과 다면체는 볼록인 경우만 다루며 회전체 단면은 성질 이해에 필요한 정도로 다룸 | achievement_math_2022: 입체도형의 성질 section; [9수03-07]~[9수03-08] achievement levels; achievement_level; 다면체와 회전체의 성질을 모형이나 공학 도구로 탐구하고 입체도형의 겉넓이와 부피를 구하는 수준을 구분",,prerequisite_ref;textbook_page_refs,Find textbook sequencing or prior-knowledge evidence for the prerequisite relation.,pending_textbook_pdf,,,,,,,,,,
13,중1(교육과정 학년군: 중1-3),도형과 측정,입체도형의 성질,m1_geo_plane_properties_unit__prerequisite_for__m1_geo_surface_area,cross_unit,m1_geo_plane_properties_unit,평면도형의 성질,평면도형의 성질,m1_geo_surface_area,겉넓이,입체도형의 성질,prerequisite_for,high,2,curriculum_math_2022: printed p. 38; [9수03-08]; achievement_standard; 입체도형의 겉넓이와 부피를 구하는 성취기준 | achievement_math_2022: 입체도형의 성질 section; [9수03-07]~[9수03-08] achievement levels; achievement_level; 다면체와 회전체의 성질을 모형이나 공학 도구로 탐구하고 입체도형의 겉넓이와 부피를 구하는 수준을 구분,,prerequisite_ref;textbook_page_refs,Find textbook sequencing or prior-knowledge evidence for the prerequisite relation.,pending_textbook_pdf,,,,,,,,,,
13,중1(교육과정 학년군: 중1-3),도형과 측정,입체도형의 성질,m1_geo_point__prerequisite_for__m1_geo_solid_vertex,cross_unit,m1_geo_point,점,기본 도형,m1_geo_solid_vertex,입체도형의 꼭짓점,입체도형의 성질,prerequisite_for,medium,4,"curriculum_math_2022: printed p. 38; [9수03-07]; achievement_standard; 모형이나 공학 도구로 다면체와 회전체의 성질을 탐구하고 설명하는 성취기준 | achievement_math_2022: 입체도형의 성질 section; [9수03-07]~[9수03-08] achievement levels; achievement_level; 다면체와 회전체의 성질을 모형이나 공학 도구로 탐구하고 입체도형의 겉넓이와 부피를 구하는 수준을 구분 | achievement_research_report_2022: 연구보고서 p. 174; 각기둥과 각뿔 성취기준별 성취수준; research_report_achievement_level_context; 각기둥과 각뿔에서 면, 모서리, 꼭짓점을 찾고 성질을 설명하는 성취수준 맥락 | achievement_research_report_2022: 연구보고서 p. 181; 도형과 측정 영역별 성취수준; research_report_achievement_level_context; 각기둥과 각뿔, 원기둥, 원뿔, 구의 구성 요소와 성질을 이해하는 도형과 측정 영역별 성취수준 맥락",,prerequisite_ref;textbook_page_refs,Find textbook sequencing or prior-knowledge evidence for the prerequisite relation.,pending_textbook_pdf,,,,,,,,,,
13,중1(교육과정 학년군: 중1-3),도형과 측정,입체도형의 성질,m1_geo_polygon__prerequisite_for__m1_geo_polyhedron,cross_unit,m1_geo_polygon,다각형,평면도형의 성질,m1_geo_polyhedron,다면체,입체도형의 성질,prerequisite_for,high,3,"curriculum_math_2022: printed pp. 38-39; terms and symbols for 도형과 측정; term_list; 교점, 교선, 두 점 사이의 거리, 중점, 수직이등분선, 꼬인 위치, 교각, 맞꼭지각, 엇각, 동위각, 평각, 직교, 수선의 발, 작도, 대변, 대각, 삼각형의 합동 조건, 내각, 외각, 부채꼴, 중심각, 호, 현, 활꼴, 할선, 다면체, 각뿔대, 정다면체, 회전체, 회전축, 원뿔대, 증명, 접선, 접점, 접한다, 외심, 외접, 외접원, 내심, 내접, 내접원, 중선, 무게중심, 닮음, 닮음비, 삼각형의 닮음 조건, 피타고라스 정리, 삼각비, 사인, 코사인, 탄젠트, 원주각 등을 다룸 | curriculum_math_2022: printed p. 38; [9수03-07]; achievement_standard; 모형이나 공학 도구로 다면체와 회전체의 성질을 탐구하고 설명하는 성취기준 | achievement_math_2022: 입체도형의 성질 section; [9수03-07]~[9수03-08] achievement levels; achievement_level; 다면체와 회전체의 성질을 모형이나 공학 도구로 탐구하고 입체도형의 겉넓이와 부피를 구하는 수준을 구분",,prerequisite_ref;textbook_page_refs,Find textbook sequencing or prior-knowledge evidence for the prerequisite relation.,pending_textbook_pdf,,,,,,,,,,
13,중1(교육과정 학년군: 중1-3),도형과 측정,입체도형의 성질,m1_geo_polygon__prerequisite_for__m1_geo_regular_polyhedron,cross_unit,m1_geo_polygon,다각형,평면도형의 성질,m1_geo_regular_polyhedron,정다면체,입체도형의 성질,prerequisite_for,high,3,"curriculum_math_2022: printed pp. 38-39; terms and symbols for 도형과 측정; term_list; 교점, 교선, 두 점 사이의 거리, 중점, 수직이등분선, 꼬인 위치, 교각, 맞꼭지각, 엇각, 동위각, 평각, 직교, 수선의 발, 작도, 대변, 대각, 삼각형의 합동 조건, 내각, 외각, 부채꼴, 중심각, 호, 현, 활꼴, 할선, 다면체, 각뿔대, 정다면체, 회전체, 회전축, 원뿔대, 증명, 접선, 접점, 접한다, 외심, 외접, 외접원, 내심, 내접, 내접원, 중선, 무게중심, 닮음, 닮음비, 삼각형의 닮음 조건, 피타고라스 정리, 삼각비, 사인, 코사인, 탄젠트, 원주각 등을 다룸 | curriculum_math_2022: printed p. 38; [9수03-07]; achievement_standard; 모형이나 공학 도구로 다면체와 회전체의 성질을 탐구하고 설명하는 성취기준 | achievement_math_2022: 입체도형의 성질 section; [9수03-07]~[9수03-08] achievement levels; achievement_level; 다면체와 회전체의 성질을 모형이나 공학 도구로 탐구하고 입체도형의 겉넓이와 부피를 구하는 수준을 구분",,prerequisite_ref;textbook_page_refs,Find textbook sequencing or prior-knowledge evidence for the prerequisite relation.,pending_textbook_pdf,,,,,,,,,,
13,중1(교육과정 학년군: 중1-3),도형과 측정,입체도형의 성질,m1_geo_area__used_in__m1_geo_surface_area,cross_unit,m1_geo_area,넓이,도형과 측정,m1_geo_surface_area,겉넓이,입체도형의 성질,used_in,medium,2,curriculum_math_2022: printed p. 38; [9수03-08]; achievement_standard; 입체도형의 겉넓이와 부피를 구하는 성취기준 | achievement_math_2022: 입체도형의 성질 section; [9수03-07]~[9수03-08] achievement levels; achievement_level; 다면체와 회전체의 성질을 모형이나 공학 도구로 탐구하고 입체도형의 겉넓이와 부피를 구하는 수준을 구분,,procedure_ref;textbook_page_refs,"Find a worked example, procedure, or application where this source concept is used.",pending_textbook_pdf,,,,,,,,,,
13,중1(교육과정 학년군: 중1-3),도형과 측정,입체도형의 성질,m1_geo_figure__used_in__m1_geo_solid_unit,cross_unit,m1_geo_figure,도형,도형과 측정,m1_geo_solid_unit,입체도형의 성질,입체도형의 성질,used_in,medium,3,curriculum_math_2022: printed p. 38; [9수03-07]; achievement_standard; 모형이나 공학 도구로 다면체와 회전체의 성질을 탐구하고 설명하는 성취기준 | curriculum_math_2022: printed p. 38; [9수03-08]; achievement_standard; 입체도형의 겉넓이와 부피를 구하는 성취기준 | achievement_math_2022: 입체도형의 성질 section; [9수03-07]~[9수03-08] achievement levels; achievement_level; 다면체와 회전체의 성질을 모형이나 공학 도구로 탐구하고 입체도형의 겉넓이와 부피를 구하는 수준을 구분,,procedure_ref;textbook_page_refs,"Find a worked example, procedure, or application where this source concept is used.",pending_textbook_pdf,,,,,,,,,,
13,중1(교육과정 학년군: 중1-3),도형과 측정,입체도형의 성질,m1_geo_convex_polyhedron_scope__related_to__m1_geo_convex_polygon_scope,cross_unit,m1_geo_convex_polyhedron_scope,볼록한 다면체 범위,입체도형의 성질,m1_geo_convex_polygon_scope,볼록다각형 범위,평면도형의 성질,related_to,medium,3,"curriculum_math_2022: printed pp. 38-39; [9수03-05], [9수03-07] explanation and considerations; teaching_note; 다각형의 내각·외각·대각선을 탐구해 성질을 일반화하고, 다각형과 다면체는 볼록인 경우만 다루며 회전체 단면은 성질 이해에 필요한 정도로 다룸 | curriculum_math_2022: printed pp. 37-38; [9수03-05]; achievement_standard; 다각형의 성질을 이해하고 설명하는 성취기준 | curriculum_math_2022: printed p. 38; [9수03-07]; achievement_standard; 모형이나 공학 도구로 다면체와 회전체의 성질을 탐구하고 설명하는 성취기준",다각형과 다면체 모두 교육과정 유의사항에서 볼록한 경우로 범위를 제한한다.,related_ref;textbook_page_refs,Find textbook wording or examples that justify keeping these concepts linked.,pending_textbook_pdf,,,,,,,,,,
