packet_rank,grade,domain,unit,edge_id,edge_scope,source_id,source_label_ko,source_unit,target_id,target_label_ko,target_unit,relationship_type,confidence,source_ref_count,current_source_refs,notes,required_evidence_fields,evidence_focus,extraction_status,structure_ref,prerequisite_ref,representation_ref,procedure_ref,contrast_ref,misconception_ref,problem_pattern_ref,related_ref,textbook_page_refs,extraction_notes
28,중1(교육과정 학년군: 중1-3),도형과 측정,작도와 합동,m1_geo_construction_congruence_unit__contains__m1_mis_congruence_correspondence_order,intra_unit,m1_geo_construction_congruence_unit,작도와 합동,작도와 합동,m1_mis_congruence_correspondence_order,합동 판별에서 대응 순서를 무시하는 오류,작도와 합동,contains,low,2,curriculum_math_2022: printed p. 37; [9수03-04]; achievement_standard; 삼각형의 합동 조건을 이해하고 합동인지 판별하는 성취기준 | achievement_math_2022: 작도와 합동 section; [9수03-04] achievement levels; achievement_level; 삼각형의 합동 조건을 이해하고 두 삼각형의 합동 여부를 판별하는 수준을 구분,,structure_ref;textbook_page_refs;extraction_notes,Find textbook structure evidence for the containment relation.,pending_textbook_pdf,,,,,,,,,,
28,중1(교육과정 학년군: 중1-3),도형과 측정,작도와 합동,m1_geo_construction_congruence_unit__contains__m1_mis_construction_measurement_tools,intra_unit,m1_geo_construction_congruence_unit,작도와 합동,작도와 합동,m1_mis_construction_measurement_tools,눈금자나 각도기로 재서 작도하는 오류,작도와 합동,contains,low,2,"curriculum_math_2022: printed p. 37; [9수03-03]; achievement_standard; 삼각형을 작도하고 그 과정을 설명하는 성취기준 | achievement_math_2022: 작도와 합동 section; [9수03-03] achievement levels; achievement_level; 삼각형 작도와 주어진 삼각형과 합동인 삼각형 작도, 작도 과정 설명 수준을 구분",,structure_ref;textbook_page_refs;extraction_notes,Find textbook structure evidence for the containment relation.,pending_textbook_pdf,,,,,,,,,,
28,중1(교육과정 학년군: 중1-3),도형과 측정,작도와 합동,m1_geo_construction_congruence_unit__contains__m1_mis_sas_nonincluded_angle,intra_unit,m1_geo_construction_congruence_unit,작도와 합동,작도와 합동,m1_mis_sas_nonincluded_angle,끼인각이 아닌 각을 SAS 조건에 쓰는 오류,작도와 합동,contains,low,2,curriculum_math_2022: printed p. 37; [9수03-04]; achievement_standard; 삼각형의 합동 조건을 이해하고 합동인지 판별하는 성취기준 | achievement_math_2022: 작도와 합동 section; [9수03-04] achievement levels; achievement_level; 삼각형의 합동 조건을 이해하고 두 삼각형의 합동 여부를 판별하는 수준을 구분,,structure_ref;textbook_page_refs;extraction_notes,Find textbook structure evidence for the containment relation.,pending_textbook_pdf,,,,,,,,,,
28,중1(교육과정 학년군: 중1-3),도형과 측정,작도와 합동,m1_mis_congruence_correspondence_order__often_confused_with__m1_geo_correspondence_in_congruence,intra_unit,m1_mis_congruence_correspondence_order,합동 판별에서 대응 순서를 무시하는 오류,작도와 합동,m1_geo_correspondence_in_congruence,합동에서의 대응 관계,작도와 합동,often_confused_with,low,2,curriculum_math_2022: printed p. 37; [9수03-04]; achievement_standard; 삼각형의 합동 조건을 이해하고 합동인지 판별하는 성취기준 | achievement_math_2022: 작도와 합동 section; [9수03-04] achievement levels; achievement_level; 삼각형의 합동 조건을 이해하고 두 삼각형의 합동 여부를 판별하는 수준을 구분,related_ids에서 확인된 오개념 위험 연결을 낮은 신뢰도 edge로 보강. 교과서 근거 확인 후 유지 또는 조정.,misconception_ref;problem_pattern_ref;textbook_page_refs;extraction_notes,"Find misconception, caution, example, or problem-pattern evidence for the confusion risk.",pending_textbook_pdf,,,,,,,,,,
28,중1(교육과정 학년군: 중1-3),도형과 측정,작도와 합동,m1_mis_congruence_correspondence_order__often_confused_with__m1_geo_triangle_congruence_judgement,intra_unit,m1_mis_congruence_correspondence_order,합동 판별에서 대응 순서를 무시하는 오류,작도와 합동,m1_geo_triangle_congruence_judgement,삼각형의 합동 판별,작도와 합동,often_confused_with,low,2,curriculum_math_2022: printed p. 37; [9수03-04]; achievement_standard; 삼각형의 합동 조건을 이해하고 합동인지 판별하는 성취기준 | achievement_math_2022: 작도와 합동 section; [9수03-04] achievement levels; achievement_level; 삼각형의 합동 조건을 이해하고 두 삼각형의 합동 여부를 판별하는 수준을 구분,related_ids에서 확인된 오개념 위험 연결을 낮은 신뢰도 edge로 보강. 교과서 근거 확인 후 유지 또는 조정.,misconception_ref;problem_pattern_ref;textbook_page_refs;extraction_notes,"Find misconception, caution, example, or problem-pattern evidence for the confusion risk.",pending_textbook_pdf,,,,,,,,,,
28,중1(교육과정 학년군: 중1-3),도형과 측정,작도와 합동,m1_mis_construction_measurement_tools__often_confused_with__m1_geo_construction,intra_unit,m1_mis_construction_measurement_tools,눈금자나 각도기로 재서 작도하는 오류,작도와 합동,m1_geo_construction,작도,작도와 합동,often_confused_with,low,2,"curriculum_math_2022: printed p. 37; [9수03-03]; achievement_standard; 삼각형을 작도하고 그 과정을 설명하는 성취기준 | achievement_math_2022: 작도와 합동 section; [9수03-03] achievement levels; achievement_level; 삼각형 작도와 주어진 삼각형과 합동인 삼각형 작도, 작도 과정 설명 수준을 구분",related_ids에서 확인된 오개념 위험 연결을 낮은 신뢰도 edge로 보강. 교과서 근거 확인 후 유지 또는 조정.,misconception_ref;problem_pattern_ref;textbook_page_refs;extraction_notes,"Find misconception, caution, example, or problem-pattern evidence for the confusion risk.",pending_textbook_pdf,,,,,,,,,,
28,중1(교육과정 학년군: 중1-3),도형과 측정,작도와 합동,m1_mis_construction_measurement_tools__often_confused_with__m1_geo_straightedge_compass_tools,intra_unit,m1_mis_construction_measurement_tools,눈금자나 각도기로 재서 작도하는 오류,작도와 합동,m1_geo_straightedge_compass_tools,눈금 없는 자와 컴퍼스,작도와 합동,often_confused_with,low,2,"curriculum_math_2022: printed p. 37; [9수03-03]; achievement_standard; 삼각형을 작도하고 그 과정을 설명하는 성취기준 | achievement_math_2022: 작도와 합동 section; [9수03-03] achievement levels; achievement_level; 삼각형 작도와 주어진 삼각형과 합동인 삼각형 작도, 작도 과정 설명 수준을 구분",related_ids에서 확인된 오개념 위험 연결을 낮은 신뢰도 edge로 보강. 교과서 근거 확인 후 유지 또는 조정.,misconception_ref;problem_pattern_ref;textbook_page_refs;extraction_notes,"Find misconception, caution, example, or problem-pattern evidence for the confusion risk.",pending_textbook_pdf,,,,,,,,,,
28,중1(교육과정 학년군: 중1-3),도형과 측정,작도와 합동,m1_mis_sas_nonincluded_angle__often_confused_with__m1_geo_congruence_condition_selection,intra_unit,m1_mis_sas_nonincluded_angle,끼인각이 아닌 각을 SAS 조건에 쓰는 오류,작도와 합동,m1_geo_congruence_condition_selection,삼각형 합동 조건 선택하기,작도와 합동,often_confused_with,low,2,curriculum_math_2022: printed p. 37; [9수03-04]; achievement_standard; 삼각형의 합동 조건을 이해하고 합동인지 판별하는 성취기준 | achievement_math_2022: 작도와 합동 section; [9수03-04] achievement levels; achievement_level; 삼각형의 합동 조건을 이해하고 두 삼각형의 합동 여부를 판별하는 수준을 구분,related_ids에서 확인된 오개념 위험 연결을 낮은 신뢰도 edge로 보강. 교과서 근거 확인 후 유지 또는 조정.,misconception_ref;problem_pattern_ref;textbook_page_refs;extraction_notes,"Find misconception, caution, example, or problem-pattern evidence for the confusion risk.",pending_textbook_pdf,,,,,,,,,,
28,중1(교육과정 학년군: 중1-3),도형과 측정,작도와 합동,m1_mis_sas_nonincluded_angle__often_confused_with__m1_geo_triangle_congruence_asa_condition,intra_unit,m1_mis_sas_nonincluded_angle,끼인각이 아닌 각을 SAS 조건에 쓰는 오류,작도와 합동,m1_geo_triangle_congruence_asa_condition,한 쌍의 대응변의 길이와 그 양 끝각의 크기가 각각 같은 삼각형 합동 조건,작도와 합동,often_confused_with,low,2,curriculum_math_2022: printed p. 37; [9수03-04]; achievement_standard; 삼각형의 합동 조건을 이해하고 합동인지 판별하는 성취기준 | achievement_math_2022: 작도와 합동 section; [9수03-04] achievement levels; achievement_level; 삼각형의 합동 조건을 이해하고 두 삼각형의 합동 여부를 판별하는 수준을 구분,related_ids에서 확인된 오개념 위험 연결을 낮은 신뢰도 edge로 보강. 교과서 근거 확인 후 유지 또는 조정.,misconception_ref;problem_pattern_ref;textbook_page_refs;extraction_notes,"Find misconception, caution, example, or problem-pattern evidence for the confusion risk.",pending_textbook_pdf,,,,,,,,,,
28,중1(교육과정 학년군: 중1-3),도형과 측정,작도와 합동,m1_mis_sas_nonincluded_angle__often_confused_with__m1_geo_triangle_congruence_sas_condition,intra_unit,m1_mis_sas_nonincluded_angle,끼인각이 아닌 각을 SAS 조건에 쓰는 오류,작도와 합동,m1_geo_triangle_congruence_sas_condition,두 쌍의 대응변의 길이와 그 끼인각의 크기가 각각 같은 삼각형 합동 조건,작도와 합동,often_confused_with,low,2,curriculum_math_2022: printed p. 37; [9수03-04]; achievement_standard; 삼각형의 합동 조건을 이해하고 합동인지 판별하는 성취기준 | achievement_math_2022: 작도와 합동 section; [9수03-04] achievement levels; achievement_level; 삼각형의 합동 조건을 이해하고 두 삼각형의 합동 여부를 판별하는 수준을 구분,related_ids에서 확인된 오개념 위험 연결을 낮은 신뢰도 edge로 보강. 교과서 근거 확인 후 유지 또는 조정.,misconception_ref;problem_pattern_ref;textbook_page_refs;extraction_notes,"Find misconception, caution, example, or problem-pattern evidence for the confusion risk.",pending_textbook_pdf,,,,,,,,,,
28,중1(교육과정 학년군: 중1-3),도형과 측정,작도와 합동,m1_mis_sas_nonincluded_angle__often_confused_with__m1_geo_triangle_construction_sas,intra_unit,m1_mis_sas_nonincluded_angle,끼인각이 아닌 각을 SAS 조건에 쓰는 오류,작도와 합동,m1_geo_triangle_construction_sas,두 변과 그 끼인각이 주어진 삼각형 작도,작도와 합동,often_confused_with,low,2,curriculum_math_2022: printed p. 37; [9수03-04]; achievement_standard; 삼각형의 합동 조건을 이해하고 합동인지 판별하는 성취기준 | achievement_math_2022: 작도와 합동 section; [9수03-04] achievement levels; achievement_level; 삼각형의 합동 조건을 이해하고 두 삼각형의 합동 여부를 판별하는 수준을 구분,related_ids에서 확인된 오개념 위험 연결을 낮은 신뢰도 edge로 보강. 교과서 근거 확인 후 유지 또는 조정.,misconception_ref;problem_pattern_ref;textbook_page_refs;extraction_notes,"Find misconception, caution, example, or problem-pattern evidence for the confusion risk.",pending_textbook_pdf,,,,,,,,,,
28,중1(교육과정 학년군: 중1-3),도형과 측정,작도와 합동,m1_mis_congruence_similarity__often_confused_with__m1_geo_congruence,cross_unit,m1_mis_congruence_similarity,합동과 닮음을 같은 관계로 보는 오류,도형의 닮음,m1_geo_congruence,합동,작도와 합동,often_confused_with,low,3,"curriculum_math_2022: printed p. 37; [9수03-04]; achievement_standard; 삼각형의 합동 조건을 이해하고 합동인지 판별하는 성취기준 | curriculum_math_2022: printed p. 38; [9수03-12]; achievement_standard; 도형의 닮음과 닮은 도형의 성질을 이해하고 닮음비를 구하는 성취기준 | achievement_math_2022: 도형의 닮음 section; [9수03-12]~[9수03-14] achievement levels; achievement_level; 도형의 닮음, 닮은 도형의 성질, 닮음비, 삼각형의 닮음 조건, 평행선 사이의 선분의 길이의 비와 무게중심 성질을 구분",,misconception_ref;problem_pattern_ref;textbook_page_refs;extraction_notes,"Find misconception, caution, example, or problem-pattern evidence for the confusion risk.",pending_textbook_pdf,,,,,,,,,,
28,중1(교육과정 학년군: 중1-3),도형과 측정,작도와 합동,m1_geo_construction_congruence_unit__contains__m1_geo_congruence,intra_unit,m1_geo_construction_congruence_unit,작도와 합동,작도와 합동,m1_geo_congruence,합동,작도와 합동,contains,high,2,curriculum_math_2022: printed p. 37; [9수03-04]; achievement_standard; 삼각형의 합동 조건을 이해하고 합동인지 판별하는 성취기준 | achievement_math_2022: 작도와 합동 section; [9수03-04] achievement levels; achievement_level; 삼각형의 합동 조건을 이해하고 두 삼각형의 합동 여부를 판별하는 수준을 구분,,structure_ref;textbook_page_refs,Find textbook structure evidence for the containment relation.,pending_textbook_pdf,,,,,,,,,,
28,중1(교육과정 학년군: 중1-3),도형과 측정,작도와 합동,m1_geo_construction_congruence_unit__contains__m1_geo_congruence_condition_selection,intra_unit,m1_geo_construction_congruence_unit,작도와 합동,작도와 합동,m1_geo_congruence_condition_selection,삼각형 합동 조건 선택하기,작도와 합동,contains,medium,2,curriculum_math_2022: printed p. 37; [9수03-04]; achievement_standard; 삼각형의 합동 조건을 이해하고 합동인지 판별하는 성취기준 | achievement_math_2022: 작도와 합동 section; [9수03-04] achievement levels; achievement_level; 삼각형의 합동 조건을 이해하고 두 삼각형의 합동 여부를 판별하는 수준을 구분,,structure_ref;textbook_page_refs,Find textbook structure evidence for the containment relation.,pending_textbook_pdf,,,,,,,,,,
28,중1(교육과정 학년군: 중1-3),도형과 측정,작도와 합동,m1_geo_construction_congruence_unit__contains__m1_geo_congruent_corresponding_angles_equal,intra_unit,m1_geo_construction_congruence_unit,작도와 합동,작도와 합동,m1_geo_congruent_corresponding_angles_equal,합동인 도형의 대응각의 크기가 같음,작도와 합동,contains,medium,2,curriculum_math_2022: printed p. 37; [9수03-04]; achievement_standard; 삼각형의 합동 조건을 이해하고 합동인지 판별하는 성취기준 | achievement_math_2022: 작도와 합동 section; [9수03-04] achievement levels; achievement_level; 삼각형의 합동 조건을 이해하고 두 삼각형의 합동 여부를 판별하는 수준을 구분,,structure_ref;textbook_page_refs,Find textbook structure evidence for the containment relation.,pending_textbook_pdf,,,,,,,,,,
28,중1(교육과정 학년군: 중1-3),도형과 측정,작도와 합동,m1_geo_construction_congruence_unit__contains__m1_geo_congruent_corresponding_sides_equal,intra_unit,m1_geo_construction_congruence_unit,작도와 합동,작도와 합동,m1_geo_congruent_corresponding_sides_equal,합동인 도형의 대응변의 길이가 같음,작도와 합동,contains,medium,2,curriculum_math_2022: printed p. 37; [9수03-04]; achievement_standard; 삼각형의 합동 조건을 이해하고 합동인지 판별하는 성취기준 | achievement_math_2022: 작도와 합동 section; [9수03-04] achievement levels; achievement_level; 삼각형의 합동 조건을 이해하고 두 삼각형의 합동 여부를 판별하는 수준을 구분,,structure_ref;textbook_page_refs,Find textbook structure evidence for the containment relation.,pending_textbook_pdf,,,,,,,,,,
28,중1(교육과정 학년군: 중1-3),도형과 측정,작도와 합동,m1_geo_construction_congruence_unit__contains__m1_geo_construction,intra_unit,m1_geo_construction_congruence_unit,작도와 합동,작도와 합동,m1_geo_construction,작도,작도와 합동,contains,high,3,"curriculum_math_2022: printed pp. 38-39; terms and symbols for 도형과 측정; term_list; 교점, 교선, 두 점 사이의 거리, 중점, 수직이등분선, 꼬인 위치, 교각, 맞꼭지각, 엇각, 동위각, 평각, 직교, 수선의 발, 작도, 대변, 대각, 삼각형의 합동 조건, 내각, 외각, 부채꼴, 중심각, 호, 현, 활꼴, 할선, 다면체, 각뿔대, 정다면체, 회전체, 회전축, 원뿔대, 증명, 접선, 접점, 접한다, 외심, 외접, 외접원, 내심, 내접, 내접원, 중선, 무게중심, 닮음, 닮음비, 삼각형의 닮음 조건, 피타고라스 정리, 삼각비, 사인, 코사인, 탄젠트, 원주각 등을 다룸 | curriculum_math_2022: printed p. 37; [9수03-03]; achievement_standard; 삼각형을 작도하고 그 과정을 설명하는 성취기준 | achievement_math_2022: 작도와 합동 section; [9수03-03] achievement levels; achievement_level; 삼각형 작도와 주어진 삼각형과 합동인 삼각형 작도, 작도 과정 설명 수준을 구분",,structure_ref;textbook_page_refs,Find textbook structure evidence for the containment relation.,pending_textbook_pdf,,,,,,,,,,
28,중1(교육과정 학년군: 중1-3),도형과 측정,작도와 합동,m1_geo_construction_congruence_unit__contains__m1_geo_correspondence_in_congruence,intra_unit,m1_geo_construction_congruence_unit,작도와 합동,작도와 합동,m1_geo_correspondence_in_congruence,합동에서의 대응 관계,작도와 합동,contains,medium,2,curriculum_math_2022: printed p. 37; [9수03-04]; achievement_standard; 삼각형의 합동 조건을 이해하고 합동인지 판별하는 성취기준 | achievement_math_2022: 작도와 합동 section; [9수03-04] achievement levels; achievement_level; 삼각형의 합동 조건을 이해하고 두 삼각형의 합동 여부를 판별하는 수준을 구분,,structure_ref;textbook_page_refs,Find textbook structure evidence for the containment relation.,pending_textbook_pdf,,,,,,,,,,
28,중1(교육과정 학년군: 중1-3),도형과 측정,작도와 합동,m1_geo_construction_congruence_unit__contains__m1_geo_opposite_angle,intra_unit,m1_geo_construction_congruence_unit,작도와 합동,작도와 합동,m1_geo_opposite_angle,대각,작도와 합동,contains,high,3,"curriculum_math_2022: printed pp. 38-39; terms and symbols for 도형과 측정; term_list; 교점, 교선, 두 점 사이의 거리, 중점, 수직이등분선, 꼬인 위치, 교각, 맞꼭지각, 엇각, 동위각, 평각, 직교, 수선의 발, 작도, 대변, 대각, 삼각형의 합동 조건, 내각, 외각, 부채꼴, 중심각, 호, 현, 활꼴, 할선, 다면체, 각뿔대, 정다면체, 회전체, 회전축, 원뿔대, 증명, 접선, 접점, 접한다, 외심, 외접, 외접원, 내심, 내접, 내접원, 중선, 무게중심, 닮음, 닮음비, 삼각형의 닮음 조건, 피타고라스 정리, 삼각비, 사인, 코사인, 탄젠트, 원주각 등을 다룸 | curriculum_math_2022: printed p. 37; [9수03-04]; achievement_standard; 삼각형의 합동 조건을 이해하고 합동인지 판별하는 성취기준 | achievement_math_2022: 작도와 합동 section; [9수03-04] achievement levels; achievement_level; 삼각형의 합동 조건을 이해하고 두 삼각형의 합동 여부를 판별하는 수준을 구분",,structure_ref;textbook_page_refs,Find textbook structure evidence for the containment relation.,pending_textbook_pdf,,,,,,,,,,
28,중1(교육과정 학년군: 중1-3),도형과 측정,작도와 합동,m1_geo_construction_congruence_unit__contains__m1_geo_opposite_side,intra_unit,m1_geo_construction_congruence_unit,작도와 합동,작도와 합동,m1_geo_opposite_side,대변,작도와 합동,contains,high,3,"curriculum_math_2022: printed pp. 38-39; terms and symbols for 도형과 측정; term_list; 교점, 교선, 두 점 사이의 거리, 중점, 수직이등분선, 꼬인 위치, 교각, 맞꼭지각, 엇각, 동위각, 평각, 직교, 수선의 발, 작도, 대변, 대각, 삼각형의 합동 조건, 내각, 외각, 부채꼴, 중심각, 호, 현, 활꼴, 할선, 다면체, 각뿔대, 정다면체, 회전체, 회전축, 원뿔대, 증명, 접선, 접점, 접한다, 외심, 외접, 외접원, 내심, 내접, 내접원, 중선, 무게중심, 닮음, 닮음비, 삼각형의 닮음 조건, 피타고라스 정리, 삼각비, 사인, 코사인, 탄젠트, 원주각 등을 다룸 | curriculum_math_2022: printed p. 37; [9수03-04]; achievement_standard; 삼각형의 합동 조건을 이해하고 합동인지 판별하는 성취기준 | achievement_math_2022: 작도와 합동 section; [9수03-04] achievement levels; achievement_level; 삼각형의 합동 조건을 이해하고 두 삼각형의 합동 여부를 판별하는 수준을 구분",,structure_ref;textbook_page_refs,Find textbook structure evidence for the containment relation.,pending_textbook_pdf,,,,,,,,,,
28,중1(교육과정 학년군: 중1-3),도형과 측정,작도와 합동,m1_geo_construction_congruence_unit__contains__m1_geo_straightedge_compass_tools,intra_unit,m1_geo_construction_congruence_unit,작도와 합동,작도와 합동,m1_geo_straightedge_compass_tools,눈금 없는 자와 컴퍼스,작도와 합동,contains,medium,2,"curriculum_math_2022: printed p. 37; [9수03-03]; achievement_standard; 삼각형을 작도하고 그 과정을 설명하는 성취기준 | achievement_math_2022: 작도와 합동 section; [9수03-03] achievement levels; achievement_level; 삼각형 작도와 주어진 삼각형과 합동인 삼각형 작도, 작도 과정 설명 수준을 구분",,structure_ref;textbook_page_refs,Find textbook structure evidence for the containment relation.,pending_textbook_pdf,,,,,,,,,,
28,중1(교육과정 학년군: 중1-3),도형과 측정,작도와 합동,m1_geo_construction_congruence_unit__contains__m1_geo_triangle_congruence_conditions,intra_unit,m1_geo_construction_congruence_unit,작도와 합동,작도와 합동,m1_geo_triangle_congruence_conditions,삼각형의 합동 조건,작도와 합동,contains,high,3,"curriculum_math_2022: printed pp. 38-39; terms and symbols for 도형과 측정; term_list; 교점, 교선, 두 점 사이의 거리, 중점, 수직이등분선, 꼬인 위치, 교각, 맞꼭지각, 엇각, 동위각, 평각, 직교, 수선의 발, 작도, 대변, 대각, 삼각형의 합동 조건, 내각, 외각, 부채꼴, 중심각, 호, 현, 활꼴, 할선, 다면체, 각뿔대, 정다면체, 회전체, 회전축, 원뿔대, 증명, 접선, 접점, 접한다, 외심, 외접, 외접원, 내심, 내접, 내접원, 중선, 무게중심, 닮음, 닮음비, 삼각형의 닮음 조건, 피타고라스 정리, 삼각비, 사인, 코사인, 탄젠트, 원주각 등을 다룸 | curriculum_math_2022: printed p. 37; [9수03-04]; achievement_standard; 삼각형의 합동 조건을 이해하고 합동인지 판별하는 성취기준 | achievement_math_2022: 작도와 합동 section; [9수03-04] achievement levels; achievement_level; 삼각형의 합동 조건을 이해하고 두 삼각형의 합동 여부를 판별하는 수준을 구분",,structure_ref;textbook_page_refs,Find textbook structure evidence for the containment relation.,pending_textbook_pdf,,,,,,,,,,
28,중1(교육과정 학년군: 중1-3),도형과 측정,작도와 합동,m1_geo_construction_congruence_unit__contains__m1_geo_triangle_congruence_judgement,intra_unit,m1_geo_construction_congruence_unit,작도와 합동,작도와 합동,m1_geo_triangle_congruence_judgement,삼각형의 합동 판별,작도와 합동,contains,high,2,curriculum_math_2022: printed p. 37; [9수03-04]; achievement_standard; 삼각형의 합동 조건을 이해하고 합동인지 판별하는 성취기준 | achievement_math_2022: 작도와 합동 section; [9수03-04] achievement levels; achievement_level; 삼각형의 합동 조건을 이해하고 두 삼각형의 합동 여부를 판별하는 수준을 구분,,structure_ref;textbook_page_refs,Find textbook structure evidence for the containment relation.,pending_textbook_pdf,,,,,,,,,,
28,중1(교육과정 학년군: 중1-3),도형과 측정,작도와 합동,m1_geo_construction_congruence_unit__contains__m1_geo_triangle_construction,intra_unit,m1_geo_construction_congruence_unit,작도와 합동,작도와 합동,m1_geo_triangle_construction,삼각형의 작도,작도와 합동,contains,high,2,"curriculum_math_2022: printed p. 37; [9수03-03]; achievement_standard; 삼각형을 작도하고 그 과정을 설명하는 성취기준 | achievement_math_2022: 작도와 합동 section; [9수03-03] achievement levels; achievement_level; 삼각형 작도와 주어진 삼각형과 합동인 삼각형 작도, 작도 과정 설명 수준을 구분",,structure_ref;textbook_page_refs,Find textbook structure evidence for the containment relation.,pending_textbook_pdf,,,,,,,,,,
28,중1(교육과정 학년군: 중1-3),도형과 측정,작도와 합동,m1_geo_correspondence_in_congruence__contains__m1_geo_corresponding_angles_in_congruence,intra_unit,m1_geo_correspondence_in_congruence,합동에서의 대응 관계,작도와 합동,m1_geo_corresponding_angles_in_congruence,합동에서의 대응하는 각,작도와 합동,contains,medium,2,curriculum_math_2022: printed p. 37; [9수03-04]; achievement_standard; 삼각형의 합동 조건을 이해하고 합동인지 판별하는 성취기준 | achievement_math_2022: 작도와 합동 section; [9수03-04] achievement levels; achievement_level; 삼각형의 합동 조건을 이해하고 두 삼각형의 합동 여부를 판별하는 수준을 구분,,structure_ref;textbook_page_refs,Find textbook structure evidence for the containment relation.,pending_textbook_pdf,,,,,,,,,,
28,중1(교육과정 학년군: 중1-3),도형과 측정,작도와 합동,m1_geo_correspondence_in_congruence__contains__m1_geo_corresponding_sides_in_congruence,intra_unit,m1_geo_correspondence_in_congruence,합동에서의 대응 관계,작도와 합동,m1_geo_corresponding_sides_in_congruence,합동에서의 대응하는 변,작도와 합동,contains,medium,2,curriculum_math_2022: printed p. 37; [9수03-04]; achievement_standard; 삼각형의 합동 조건을 이해하고 합동인지 판별하는 성취기준 | achievement_math_2022: 작도와 합동 section; [9수03-04] achievement levels; achievement_level; 삼각형의 합동 조건을 이해하고 두 삼각형의 합동 여부를 판별하는 수준을 구분,,structure_ref;textbook_page_refs,Find textbook structure evidence for the containment relation.,pending_textbook_pdf,,,,,,,,,,
28,중1(교육과정 학년군: 중1-3),도형과 측정,작도와 합동,m1_geo_correspondence_in_congruence__contains__m1_geo_corresponding_vertices_in_congruence,intra_unit,m1_geo_correspondence_in_congruence,합동에서의 대응 관계,작도와 합동,m1_geo_corresponding_vertices_in_congruence,합동에서의 대응하는 꼭짓점,작도와 합동,contains,medium,2,curriculum_math_2022: printed p. 37; [9수03-04]; achievement_standard; 삼각형의 합동 조건을 이해하고 합동인지 판별하는 성취기준 | achievement_math_2022: 작도와 합동 section; [9수03-04] achievement levels; achievement_level; 삼각형의 합동 조건을 이해하고 두 삼각형의 합동 여부를 판별하는 수준을 구분,,structure_ref;textbook_page_refs,Find textbook structure evidence for the containment relation.,pending_textbook_pdf,,,,,,,,,,
28,중1(교육과정 학년군: 중1-3),도형과 측정,작도와 합동,m1_geo_triangle_congruence_conditions__contains__m1_geo_triangle_congruence_asa_condition,intra_unit,m1_geo_triangle_congruence_conditions,삼각형의 합동 조건,작도와 합동,m1_geo_triangle_congruence_asa_condition,한 쌍의 대응변의 길이와 그 양 끝각의 크기가 각각 같은 삼각형 합동 조건,작도와 합동,contains,medium,2,curriculum_math_2022: printed p. 37; [9수03-04]; achievement_standard; 삼각형의 합동 조건을 이해하고 합동인지 판별하는 성취기준 | achievement_math_2022: 작도와 합동 section; [9수03-04] achievement levels; achievement_level; 삼각형의 합동 조건을 이해하고 두 삼각형의 합동 여부를 판별하는 수준을 구분,,structure_ref;textbook_page_refs,Find textbook structure evidence for the containment relation.,pending_textbook_pdf,,,,,,,,,,
28,중1(교육과정 학년군: 중1-3),도형과 측정,작도와 합동,m1_geo_triangle_congruence_conditions__contains__m1_geo_triangle_congruence_sas_condition,intra_unit,m1_geo_triangle_congruence_conditions,삼각형의 합동 조건,작도와 합동,m1_geo_triangle_congruence_sas_condition,두 쌍의 대응변의 길이와 그 끼인각의 크기가 각각 같은 삼각형 합동 조건,작도와 합동,contains,medium,2,curriculum_math_2022: printed p. 37; [9수03-04]; achievement_standard; 삼각형의 합동 조건을 이해하고 합동인지 판별하는 성취기준 | achievement_math_2022: 작도와 합동 section; [9수03-04] achievement levels; achievement_level; 삼각형의 합동 조건을 이해하고 두 삼각형의 합동 여부를 판별하는 수준을 구분,,structure_ref;textbook_page_refs,Find textbook structure evidence for the containment relation.,pending_textbook_pdf,,,,,,,,,,
28,중1(교육과정 학년군: 중1-3),도형과 측정,작도와 합동,m1_geo_triangle_congruence_conditions__contains__m1_geo_triangle_congruence_sss_condition,intra_unit,m1_geo_triangle_congruence_conditions,삼각형의 합동 조건,작도와 합동,m1_geo_triangle_congruence_sss_condition,세 쌍의 대응변의 길이가 각각 같은 삼각형 합동 조건,작도와 합동,contains,medium,2,curriculum_math_2022: printed p. 37; [9수03-04]; achievement_standard; 삼각형의 합동 조건을 이해하고 합동인지 판별하는 성취기준 | achievement_math_2022: 작도와 합동 section; [9수03-04] achievement levels; achievement_level; 삼각형의 합동 조건을 이해하고 두 삼각형의 합동 여부를 판별하는 수준을 구분,,structure_ref;textbook_page_refs,Find textbook structure evidence for the containment relation.,pending_textbook_pdf,,,,,,,,,,
28,중1(교육과정 학년군: 중1-3),도형과 측정,작도와 합동,m1_geo_triangle_construction__contains__m1_geo_congruent_triangle_construction,intra_unit,m1_geo_triangle_construction,삼각형의 작도,작도와 합동,m1_geo_congruent_triangle_construction,주어진 삼각형과 합동인 삼각형 작도,작도와 합동,contains,high,2,"curriculum_math_2022: printed p. 37; [9수03-03]; achievement_standard; 삼각형을 작도하고 그 과정을 설명하는 성취기준 | achievement_math_2022: 작도와 합동 section; [9수03-03] achievement levels; achievement_level; 삼각형 작도와 주어진 삼각형과 합동인 삼각형 작도, 작도 과정 설명 수준을 구분",,structure_ref;textbook_page_refs,Find textbook structure evidence for the containment relation.,pending_textbook_pdf,,,,,,,,,,
28,중1(교육과정 학년군: 중1-3),도형과 측정,작도와 합동,m1_geo_triangle_construction__contains__m1_geo_construction_process_explanation,intra_unit,m1_geo_triangle_construction,삼각형의 작도,작도와 합동,m1_geo_construction_process_explanation,작도 과정 설명하기,작도와 합동,contains,high,2,"curriculum_math_2022: printed p. 37; [9수03-03]; achievement_standard; 삼각형을 작도하고 그 과정을 설명하는 성취기준 | achievement_math_2022: 작도와 합동 section; [9수03-03] achievement levels; achievement_level; 삼각형 작도와 주어진 삼각형과 합동인 삼각형 작도, 작도 과정 설명 수준을 구분",,structure_ref;textbook_page_refs,Find textbook structure evidence for the containment relation.,pending_textbook_pdf,,,,,,,,,,
28,중1(교육과정 학년군: 중1-3),도형과 측정,작도와 합동,m1_geo_triangle_construction__contains__m1_geo_copy_angle_construction,intra_unit,m1_geo_triangle_construction,삼각형의 작도,작도와 합동,m1_geo_copy_angle_construction,주어진 각과 크기가 같은 각 작도,작도와 합동,contains,medium,2,"curriculum_math_2022: printed p. 37; [9수03-03]; achievement_standard; 삼각형을 작도하고 그 과정을 설명하는 성취기준 | achievement_math_2022: 작도와 합동 section; [9수03-03] achievement levels; achievement_level; 삼각형 작도와 주어진 삼각형과 합동인 삼각형 작도, 작도 과정 설명 수준을 구분",,structure_ref;textbook_page_refs,Find textbook structure evidence for the containment relation.,pending_textbook_pdf,,,,,,,,,,
28,중1(교육과정 학년군: 중1-3),도형과 측정,작도와 합동,m1_geo_triangle_construction__contains__m1_geo_copy_segment_construction,intra_unit,m1_geo_triangle_construction,삼각형의 작도,작도와 합동,m1_geo_copy_segment_construction,주어진 선분과 길이가 같은 선분 작도,작도와 합동,contains,medium,2,"curriculum_math_2022: printed p. 37; [9수03-03]; achievement_standard; 삼각형을 작도하고 그 과정을 설명하는 성취기준 | achievement_math_2022: 작도와 합동 section; [9수03-03] achievement levels; achievement_level; 삼각형 작도와 주어진 삼각형과 합동인 삼각형 작도, 작도 과정 설명 수준을 구분",,structure_ref;textbook_page_refs,Find textbook structure evidence for the containment relation.,pending_textbook_pdf,,,,,,,,,,
28,중1(교육과정 학년군: 중1-3),도형과 측정,작도와 합동,m1_geo_triangle_construction__contains__m1_geo_triangle_construction_asa,intra_unit,m1_geo_triangle_construction,삼각형의 작도,작도와 합동,m1_geo_triangle_construction_asa,한 변과 그 양 끝각이 주어진 삼각형 작도,작도와 합동,contains,medium,2,"curriculum_math_2022: printed p. 37; [9수03-03]; achievement_standard; 삼각형을 작도하고 그 과정을 설명하는 성취기준 | achievement_math_2022: 작도와 합동 section; [9수03-03] achievement levels; achievement_level; 삼각형 작도와 주어진 삼각형과 합동인 삼각형 작도, 작도 과정 설명 수준을 구분",,structure_ref;textbook_page_refs,Find textbook structure evidence for the containment relation.,pending_textbook_pdf,,,,,,,,,,
28,중1(교육과정 학년군: 중1-3),도형과 측정,작도와 합동,m1_geo_triangle_construction__contains__m1_geo_triangle_construction_sas,intra_unit,m1_geo_triangle_construction,삼각형의 작도,작도와 합동,m1_geo_triangle_construction_sas,두 변과 그 끼인각이 주어진 삼각형 작도,작도와 합동,contains,medium,2,"curriculum_math_2022: printed p. 37; [9수03-03]; achievement_standard; 삼각형을 작도하고 그 과정을 설명하는 성취기준 | achievement_math_2022: 작도와 합동 section; [9수03-03] achievement levels; achievement_level; 삼각형 작도와 주어진 삼각형과 합동인 삼각형 작도, 작도 과정 설명 수준을 구분",,structure_ref;textbook_page_refs,Find textbook structure evidence for the containment relation.,pending_textbook_pdf,,,,,,,,,,
28,중1(교육과정 학년군: 중1-3),도형과 측정,작도와 합동,m1_geo_triangle_construction__contains__m1_geo_triangle_construction_sss,intra_unit,m1_geo_triangle_construction,삼각형의 작도,작도와 합동,m1_geo_triangle_construction_sss,세 변이 주어진 삼각형 작도,작도와 합동,contains,medium,2,"curriculum_math_2022: printed p. 37; [9수03-03]; achievement_standard; 삼각형을 작도하고 그 과정을 설명하는 성취기준 | achievement_math_2022: 작도와 합동 section; [9수03-03] achievement levels; achievement_level; 삼각형 작도와 주어진 삼각형과 합동인 삼각형 작도, 작도 과정 설명 수준을 구분",,structure_ref;textbook_page_refs,Find textbook structure evidence for the containment relation.,pending_textbook_pdf,,,,,,,,,,
28,중1(교육과정 학년군: 중1-3),도형과 측정,작도와 합동,m1_geo_congruence__prerequisite_for__m1_geo_congruent_corresponding_angles_equal,intra_unit,m1_geo_congruence,합동,작도와 합동,m1_geo_congruent_corresponding_angles_equal,합동인 도형의 대응각의 크기가 같음,작도와 합동,prerequisite_for,medium,2,curriculum_math_2022: printed p. 37; [9수03-04]; achievement_standard; 삼각형의 합동 조건을 이해하고 합동인지 판별하는 성취기준 | achievement_math_2022: 작도와 합동 section; [9수03-04] achievement levels; achievement_level; 삼각형의 합동 조건을 이해하고 두 삼각형의 합동 여부를 판별하는 수준을 구분,,prerequisite_ref;textbook_page_refs,Find textbook sequencing or prior-knowledge evidence for the prerequisite relation.,pending_textbook_pdf,,,,,,,,,,
28,중1(교육과정 학년군: 중1-3),도형과 측정,작도와 합동,m1_geo_congruence__prerequisite_for__m1_geo_congruent_corresponding_sides_equal,intra_unit,m1_geo_congruence,합동,작도와 합동,m1_geo_congruent_corresponding_sides_equal,합동인 도형의 대응변의 길이가 같음,작도와 합동,prerequisite_for,medium,2,curriculum_math_2022: printed p. 37; [9수03-04]; achievement_standard; 삼각형의 합동 조건을 이해하고 합동인지 판별하는 성취기준 | achievement_math_2022: 작도와 합동 section; [9수03-04] achievement levels; achievement_level; 삼각형의 합동 조건을 이해하고 두 삼각형의 합동 여부를 판별하는 수준을 구분,,prerequisite_ref;textbook_page_refs,Find textbook sequencing or prior-knowledge evidence for the prerequisite relation.,pending_textbook_pdf,,,,,,,,,,
28,중1(교육과정 학년군: 중1-3),도형과 측정,작도와 합동,m1_geo_congruence__prerequisite_for__m1_geo_congruent_triangle_construction,intra_unit,m1_geo_congruence,합동,작도와 합동,m1_geo_congruent_triangle_construction,주어진 삼각형과 합동인 삼각형 작도,작도와 합동,prerequisite_for,high,2,"curriculum_math_2022: printed p. 37; [9수03-03]; achievement_standard; 삼각형을 작도하고 그 과정을 설명하는 성취기준 | achievement_math_2022: 작도와 합동 section; [9수03-03] achievement levels; achievement_level; 삼각형 작도와 주어진 삼각형과 합동인 삼각형 작도, 작도 과정 설명 수준을 구분",,prerequisite_ref;textbook_page_refs,Find textbook sequencing or prior-knowledge evidence for the prerequisite relation.,pending_textbook_pdf,,,,,,,,,,
28,중1(교육과정 학년군: 중1-3),도형과 측정,작도와 합동,m1_geo_congruence__prerequisite_for__m1_geo_triangle_congruence_conditions,intra_unit,m1_geo_congruence,합동,작도와 합동,m1_geo_triangle_congruence_conditions,삼각형의 합동 조건,작도와 합동,prerequisite_for,high,3,"curriculum_math_2022: printed pp. 38-39; terms and symbols for 도형과 측정; term_list; 교점, 교선, 두 점 사이의 거리, 중점, 수직이등분선, 꼬인 위치, 교각, 맞꼭지각, 엇각, 동위각, 평각, 직교, 수선의 발, 작도, 대변, 대각, 삼각형의 합동 조건, 내각, 외각, 부채꼴, 중심각, 호, 현, 활꼴, 할선, 다면체, 각뿔대, 정다면체, 회전체, 회전축, 원뿔대, 증명, 접선, 접점, 접한다, 외심, 외접, 외접원, 내심, 내접, 내접원, 중선, 무게중심, 닮음, 닮음비, 삼각형의 닮음 조건, 피타고라스 정리, 삼각비, 사인, 코사인, 탄젠트, 원주각 등을 다룸 | curriculum_math_2022: printed p. 37; [9수03-04]; achievement_standard; 삼각형의 합동 조건을 이해하고 합동인지 판별하는 성취기준 | achievement_math_2022: 작도와 합동 section; [9수03-04] achievement levels; achievement_level; 삼각형의 합동 조건을 이해하고 두 삼각형의 합동 여부를 판별하는 수준을 구분",,prerequisite_ref;textbook_page_refs,Find textbook sequencing or prior-knowledge evidence for the prerequisite relation.,pending_textbook_pdf,,,,,,,,,,
28,중1(교육과정 학년군: 중1-3),도형과 측정,작도와 합동,m1_geo_congruence_condition_selection__prerequisite_for__m1_geo_triangle_congruence_judgement,intra_unit,m1_geo_congruence_condition_selection,삼각형 합동 조건 선택하기,작도와 합동,m1_geo_triangle_congruence_judgement,삼각형의 합동 판별,작도와 합동,prerequisite_for,high,2,curriculum_math_2022: printed p. 37; [9수03-04]; achievement_standard; 삼각형의 합동 조건을 이해하고 합동인지 판별하는 성취기준 | achievement_math_2022: 작도와 합동 section; [9수03-04] achievement levels; achievement_level; 삼각형의 합동 조건을 이해하고 두 삼각형의 합동 여부를 판별하는 수준을 구분,,prerequisite_ref;textbook_page_refs,Find textbook sequencing or prior-knowledge evidence for the prerequisite relation.,pending_textbook_pdf,,,,,,,,,,
28,중1(교육과정 학년군: 중1-3),도형과 측정,작도와 합동,m1_geo_construction__prerequisite_for__m1_geo_triangle_construction,intra_unit,m1_geo_construction,작도,작도와 합동,m1_geo_triangle_construction,삼각형의 작도,작도와 합동,prerequisite_for,high,2,"curriculum_math_2022: printed p. 37; [9수03-03]; achievement_standard; 삼각형을 작도하고 그 과정을 설명하는 성취기준 | achievement_math_2022: 작도와 합동 section; [9수03-03] achievement levels; achievement_level; 삼각형 작도와 주어진 삼각형과 합동인 삼각형 작도, 작도 과정 설명 수준을 구분",,prerequisite_ref;textbook_page_refs,Find textbook sequencing or prior-knowledge evidence for the prerequisite relation.,pending_textbook_pdf,,,,,,,,,,
28,중1(교육과정 학년군: 중1-3),도형과 측정,작도와 합동,m1_geo_copy_angle_construction__prerequisite_for__m1_geo_triangle_construction_asa,intra_unit,m1_geo_copy_angle_construction,주어진 각과 크기가 같은 각 작도,작도와 합동,m1_geo_triangle_construction_asa,한 변과 그 양 끝각이 주어진 삼각형 작도,작도와 합동,prerequisite_for,medium,2,"curriculum_math_2022: printed p. 37; [9수03-03]; achievement_standard; 삼각형을 작도하고 그 과정을 설명하는 성취기준 | achievement_math_2022: 작도와 합동 section; [9수03-03] achievement levels; achievement_level; 삼각형 작도와 주어진 삼각형과 합동인 삼각형 작도, 작도 과정 설명 수준을 구분",,prerequisite_ref;textbook_page_refs,Find textbook sequencing or prior-knowledge evidence for the prerequisite relation.,pending_textbook_pdf,,,,,,,,,,
28,중1(교육과정 학년군: 중1-3),도형과 측정,작도와 합동,m1_geo_copy_angle_construction__prerequisite_for__m1_geo_triangle_construction_sas,intra_unit,m1_geo_copy_angle_construction,주어진 각과 크기가 같은 각 작도,작도와 합동,m1_geo_triangle_construction_sas,두 변과 그 끼인각이 주어진 삼각형 작도,작도와 합동,prerequisite_for,medium,2,"curriculum_math_2022: printed p. 37; [9수03-03]; achievement_standard; 삼각형을 작도하고 그 과정을 설명하는 성취기준 | achievement_math_2022: 작도와 합동 section; [9수03-03] achievement levels; achievement_level; 삼각형 작도와 주어진 삼각형과 합동인 삼각형 작도, 작도 과정 설명 수준을 구분",,prerequisite_ref;textbook_page_refs,Find textbook sequencing or prior-knowledge evidence for the prerequisite relation.,pending_textbook_pdf,,,,,,,,,,
28,중1(교육과정 학년군: 중1-3),도형과 측정,작도와 합동,m1_geo_copy_segment_construction__prerequisite_for__m1_geo_triangle_construction_asa,intra_unit,m1_geo_copy_segment_construction,주어진 선분과 길이가 같은 선분 작도,작도와 합동,m1_geo_triangle_construction_asa,한 변과 그 양 끝각이 주어진 삼각형 작도,작도와 합동,prerequisite_for,medium,2,"curriculum_math_2022: printed p. 37; [9수03-03]; achievement_standard; 삼각형을 작도하고 그 과정을 설명하는 성취기준 | achievement_math_2022: 작도와 합동 section; [9수03-03] achievement levels; achievement_level; 삼각형 작도와 주어진 삼각형과 합동인 삼각형 작도, 작도 과정 설명 수준을 구분",,prerequisite_ref;textbook_page_refs,Find textbook sequencing or prior-knowledge evidence for the prerequisite relation.,pending_textbook_pdf,,,,,,,,,,
28,중1(교육과정 학년군: 중1-3),도형과 측정,작도와 합동,m1_geo_copy_segment_construction__prerequisite_for__m1_geo_triangle_construction_sas,intra_unit,m1_geo_copy_segment_construction,주어진 선분과 길이가 같은 선분 작도,작도와 합동,m1_geo_triangle_construction_sas,두 변과 그 끼인각이 주어진 삼각형 작도,작도와 합동,prerequisite_for,medium,2,"curriculum_math_2022: printed p. 37; [9수03-03]; achievement_standard; 삼각형을 작도하고 그 과정을 설명하는 성취기준 | achievement_math_2022: 작도와 합동 section; [9수03-03] achievement levels; achievement_level; 삼각형 작도와 주어진 삼각형과 합동인 삼각형 작도, 작도 과정 설명 수준을 구분",,prerequisite_ref;textbook_page_refs,Find textbook sequencing or prior-knowledge evidence for the prerequisite relation.,pending_textbook_pdf,,,,,,,,,,
28,중1(교육과정 학년군: 중1-3),도형과 측정,작도와 합동,m1_geo_copy_segment_construction__prerequisite_for__m1_geo_triangle_construction_sss,intra_unit,m1_geo_copy_segment_construction,주어진 선분과 길이가 같은 선분 작도,작도와 합동,m1_geo_triangle_construction_sss,세 변이 주어진 삼각형 작도,작도와 합동,prerequisite_for,medium,2,"curriculum_math_2022: printed p. 37; [9수03-03]; achievement_standard; 삼각형을 작도하고 그 과정을 설명하는 성취기준 | achievement_math_2022: 작도와 합동 section; [9수03-03] achievement levels; achievement_level; 삼각형 작도와 주어진 삼각형과 합동인 삼각형 작도, 작도 과정 설명 수준을 구분",,prerequisite_ref;textbook_page_refs,Find textbook sequencing or prior-knowledge evidence for the prerequisite relation.,pending_textbook_pdf,,,,,,,,,,
28,중1(교육과정 학년군: 중1-3),도형과 측정,작도와 합동,m1_geo_correspondence_in_congruence__prerequisite_for__m1_geo_triangle_congruence_conditions,intra_unit,m1_geo_correspondence_in_congruence,합동에서의 대응 관계,작도와 합동,m1_geo_triangle_congruence_conditions,삼각형의 합동 조건,작도와 합동,prerequisite_for,high,3,"curriculum_math_2022: printed pp. 38-39; terms and symbols for 도형과 측정; term_list; 교점, 교선, 두 점 사이의 거리, 중점, 수직이등분선, 꼬인 위치, 교각, 맞꼭지각, 엇각, 동위각, 평각, 직교, 수선의 발, 작도, 대변, 대각, 삼각형의 합동 조건, 내각, 외각, 부채꼴, 중심각, 호, 현, 활꼴, 할선, 다면체, 각뿔대, 정다면체, 회전체, 회전축, 원뿔대, 증명, 접선, 접점, 접한다, 외심, 외접, 외접원, 내심, 내접, 내접원, 중선, 무게중심, 닮음, 닮음비, 삼각형의 닮음 조건, 피타고라스 정리, 삼각비, 사인, 코사인, 탄젠트, 원주각 등을 다룸 | curriculum_math_2022: printed p. 37; [9수03-04]; achievement_standard; 삼각형의 합동 조건을 이해하고 합동인지 판별하는 성취기준 | achievement_math_2022: 작도와 합동 section; [9수03-04] achievement levels; achievement_level; 삼각형의 합동 조건을 이해하고 두 삼각형의 합동 여부를 판별하는 수준을 구분",,prerequisite_ref;textbook_page_refs,Find textbook sequencing or prior-knowledge evidence for the prerequisite relation.,pending_textbook_pdf,,,,,,,,,,
28,중1(교육과정 학년군: 중1-3),도형과 측정,작도와 합동,m1_geo_corresponding_angles_in_congruence__prerequisite_for__m1_geo_congruent_corresponding_angles_equal,intra_unit,m1_geo_corresponding_angles_in_congruence,합동에서의 대응하는 각,작도와 합동,m1_geo_congruent_corresponding_angles_equal,합동인 도형의 대응각의 크기가 같음,작도와 합동,prerequisite_for,medium,2,curriculum_math_2022: printed p. 37; [9수03-04]; achievement_standard; 삼각형의 합동 조건을 이해하고 합동인지 판별하는 성취기준 | achievement_math_2022: 작도와 합동 section; [9수03-04] achievement levels; achievement_level; 삼각형의 합동 조건을 이해하고 두 삼각형의 합동 여부를 판별하는 수준을 구분,,prerequisite_ref;textbook_page_refs,Find textbook sequencing or prior-knowledge evidence for the prerequisite relation.,pending_textbook_pdf,,,,,,,,,,
28,중1(교육과정 학년군: 중1-3),도형과 측정,작도와 합동,m1_geo_corresponding_angles_in_congruence__prerequisite_for__m1_geo_triangle_congruence_asa_condition,intra_unit,m1_geo_corresponding_angles_in_congruence,합동에서의 대응하는 각,작도와 합동,m1_geo_triangle_congruence_asa_condition,한 쌍의 대응변의 길이와 그 양 끝각의 크기가 각각 같은 삼각형 합동 조건,작도와 합동,prerequisite_for,medium,2,curriculum_math_2022: printed p. 37; [9수03-04]; achievement_standard; 삼각형의 합동 조건을 이해하고 합동인지 판별하는 성취기준 | achievement_math_2022: 작도와 합동 section; [9수03-04] achievement levels; achievement_level; 삼각형의 합동 조건을 이해하고 두 삼각형의 합동 여부를 판별하는 수준을 구분,,prerequisite_ref;textbook_page_refs,Find textbook sequencing or prior-knowledge evidence for the prerequisite relation.,pending_textbook_pdf,,,,,,,,,,
28,중1(교육과정 학년군: 중1-3),도형과 측정,작도와 합동,m1_geo_corresponding_angles_in_congruence__prerequisite_for__m1_geo_triangle_congruence_sas_condition,intra_unit,m1_geo_corresponding_angles_in_congruence,합동에서의 대응하는 각,작도와 합동,m1_geo_triangle_congruence_sas_condition,두 쌍의 대응변의 길이와 그 끼인각의 크기가 각각 같은 삼각형 합동 조건,작도와 합동,prerequisite_for,medium,2,curriculum_math_2022: printed p. 37; [9수03-04]; achievement_standard; 삼각형의 합동 조건을 이해하고 합동인지 판별하는 성취기준 | achievement_math_2022: 작도와 합동 section; [9수03-04] achievement levels; achievement_level; 삼각형의 합동 조건을 이해하고 두 삼각형의 합동 여부를 판별하는 수준을 구분,,prerequisite_ref;textbook_page_refs,Find textbook sequencing or prior-knowledge evidence for the prerequisite relation.,pending_textbook_pdf,,,,,,,,,,
28,중1(교육과정 학년군: 중1-3),도형과 측정,작도와 합동,m1_geo_corresponding_sides_in_congruence__prerequisite_for__m1_geo_congruent_corresponding_sides_equal,intra_unit,m1_geo_corresponding_sides_in_congruence,합동에서의 대응하는 변,작도와 합동,m1_geo_congruent_corresponding_sides_equal,합동인 도형의 대응변의 길이가 같음,작도와 합동,prerequisite_for,medium,2,curriculum_math_2022: printed p. 37; [9수03-04]; achievement_standard; 삼각형의 합동 조건을 이해하고 합동인지 판별하는 성취기준 | achievement_math_2022: 작도와 합동 section; [9수03-04] achievement levels; achievement_level; 삼각형의 합동 조건을 이해하고 두 삼각형의 합동 여부를 판별하는 수준을 구분,,prerequisite_ref;textbook_page_refs,Find textbook sequencing or prior-knowledge evidence for the prerequisite relation.,pending_textbook_pdf,,,,,,,,,,
28,중1(교육과정 학년군: 중1-3),도형과 측정,작도와 합동,m1_geo_corresponding_sides_in_congruence__prerequisite_for__m1_geo_triangle_congruence_asa_condition,intra_unit,m1_geo_corresponding_sides_in_congruence,합동에서의 대응하는 변,작도와 합동,m1_geo_triangle_congruence_asa_condition,한 쌍의 대응변의 길이와 그 양 끝각의 크기가 각각 같은 삼각형 합동 조건,작도와 합동,prerequisite_for,medium,2,curriculum_math_2022: printed p. 37; [9수03-04]; achievement_standard; 삼각형의 합동 조건을 이해하고 합동인지 판별하는 성취기준 | achievement_math_2022: 작도와 합동 section; [9수03-04] achievement levels; achievement_level; 삼각형의 합동 조건을 이해하고 두 삼각형의 합동 여부를 판별하는 수준을 구분,,prerequisite_ref;textbook_page_refs,Find textbook sequencing or prior-knowledge evidence for the prerequisite relation.,pending_textbook_pdf,,,,,,,,,,
28,중1(교육과정 학년군: 중1-3),도형과 측정,작도와 합동,m1_geo_corresponding_sides_in_congruence__prerequisite_for__m1_geo_triangle_congruence_sas_condition,intra_unit,m1_geo_corresponding_sides_in_congruence,합동에서의 대응하는 변,작도와 합동,m1_geo_triangle_congruence_sas_condition,두 쌍의 대응변의 길이와 그 끼인각의 크기가 각각 같은 삼각형 합동 조건,작도와 합동,prerequisite_for,medium,2,curriculum_math_2022: printed p. 37; [9수03-04]; achievement_standard; 삼각형의 합동 조건을 이해하고 합동인지 판별하는 성취기준 | achievement_math_2022: 작도와 합동 section; [9수03-04] achievement levels; achievement_level; 삼각형의 합동 조건을 이해하고 두 삼각형의 합동 여부를 판별하는 수준을 구분,,prerequisite_ref;textbook_page_refs,Find textbook sequencing or prior-knowledge evidence for the prerequisite relation.,pending_textbook_pdf,,,,,,,,,,
28,중1(교육과정 학년군: 중1-3),도형과 측정,작도와 합동,m1_geo_corresponding_sides_in_congruence__prerequisite_for__m1_geo_triangle_congruence_sss_condition,intra_unit,m1_geo_corresponding_sides_in_congruence,합동에서의 대응하는 변,작도와 합동,m1_geo_triangle_congruence_sss_condition,세 쌍의 대응변의 길이가 각각 같은 삼각형 합동 조건,작도와 합동,prerequisite_for,medium,2,curriculum_math_2022: printed p. 37; [9수03-04]; achievement_standard; 삼각형의 합동 조건을 이해하고 합동인지 판별하는 성취기준 | achievement_math_2022: 작도와 합동 section; [9수03-04] achievement levels; achievement_level; 삼각형의 합동 조건을 이해하고 두 삼각형의 합동 여부를 판별하는 수준을 구분,,prerequisite_ref;textbook_page_refs,Find textbook sequencing or prior-knowledge evidence for the prerequisite relation.,pending_textbook_pdf,,,,,,,,,,
28,중1(교육과정 학년군: 중1-3),도형과 측정,작도와 합동,m1_geo_opposite_angle__prerequisite_for__m1_geo_triangle_congruence_conditions,intra_unit,m1_geo_opposite_angle,대각,작도와 합동,m1_geo_triangle_congruence_conditions,삼각형의 합동 조건,작도와 합동,prerequisite_for,high,3,"curriculum_math_2022: printed pp. 38-39; terms and symbols for 도형과 측정; term_list; 교점, 교선, 두 점 사이의 거리, 중점, 수직이등분선, 꼬인 위치, 교각, 맞꼭지각, 엇각, 동위각, 평각, 직교, 수선의 발, 작도, 대변, 대각, 삼각형의 합동 조건, 내각, 외각, 부채꼴, 중심각, 호, 현, 활꼴, 할선, 다면체, 각뿔대, 정다면체, 회전체, 회전축, 원뿔대, 증명, 접선, 접점, 접한다, 외심, 외접, 외접원, 내심, 내접, 내접원, 중선, 무게중심, 닮음, 닮음비, 삼각형의 닮음 조건, 피타고라스 정리, 삼각비, 사인, 코사인, 탄젠트, 원주각 등을 다룸 | curriculum_math_2022: printed p. 37; [9수03-04]; achievement_standard; 삼각형의 합동 조건을 이해하고 합동인지 판별하는 성취기준 | achievement_math_2022: 작도와 합동 section; [9수03-04] achievement levels; achievement_level; 삼각형의 합동 조건을 이해하고 두 삼각형의 합동 여부를 판별하는 수준을 구분",,prerequisite_ref;textbook_page_refs,Find textbook sequencing or prior-knowledge evidence for the prerequisite relation.,pending_textbook_pdf,,,,,,,,,,
28,중1(교육과정 학년군: 중1-3),도형과 측정,작도와 합동,m1_geo_opposite_side__prerequisite_for__m1_geo_triangle_congruence_conditions,intra_unit,m1_geo_opposite_side,대변,작도와 합동,m1_geo_triangle_congruence_conditions,삼각형의 합동 조건,작도와 합동,prerequisite_for,high,3,"curriculum_math_2022: printed pp. 38-39; terms and symbols for 도형과 측정; term_list; 교점, 교선, 두 점 사이의 거리, 중점, 수직이등분선, 꼬인 위치, 교각, 맞꼭지각, 엇각, 동위각, 평각, 직교, 수선의 발, 작도, 대변, 대각, 삼각형의 합동 조건, 내각, 외각, 부채꼴, 중심각, 호, 현, 활꼴, 할선, 다면체, 각뿔대, 정다면체, 회전체, 회전축, 원뿔대, 증명, 접선, 접점, 접한다, 외심, 외접, 외접원, 내심, 내접, 내접원, 중선, 무게중심, 닮음, 닮음비, 삼각형의 닮음 조건, 피타고라스 정리, 삼각비, 사인, 코사인, 탄젠트, 원주각 등을 다룸 | curriculum_math_2022: printed p. 37; [9수03-04]; achievement_standard; 삼각형의 합동 조건을 이해하고 합동인지 판별하는 성취기준 | achievement_math_2022: 작도와 합동 section; [9수03-04] achievement levels; achievement_level; 삼각형의 합동 조건을 이해하고 두 삼각형의 합동 여부를 판별하는 수준을 구분",,prerequisite_ref;textbook_page_refs,Find textbook sequencing or prior-knowledge evidence for the prerequisite relation.,pending_textbook_pdf,,,,,,,,,,
28,중1(교육과정 학년군: 중1-3),도형과 측정,작도와 합동,m1_geo_triangle_congruence_conditions__prerequisite_for__m1_geo_congruence_condition_selection,intra_unit,m1_geo_triangle_congruence_conditions,삼각형의 합동 조건,작도와 합동,m1_geo_congruence_condition_selection,삼각형 합동 조건 선택하기,작도와 합동,prerequisite_for,medium,2,curriculum_math_2022: printed p. 37; [9수03-04]; achievement_standard; 삼각형의 합동 조건을 이해하고 합동인지 판별하는 성취기준 | achievement_math_2022: 작도와 합동 section; [9수03-04] achievement levels; achievement_level; 삼각형의 합동 조건을 이해하고 두 삼각형의 합동 여부를 판별하는 수준을 구분,,prerequisite_ref;textbook_page_refs,Find textbook sequencing or prior-knowledge evidence for the prerequisite relation.,pending_textbook_pdf,,,,,,,,,,
28,중1(교육과정 학년군: 중1-3),도형과 측정,작도와 합동,m1_geo_triangle_congruence_conditions__prerequisite_for__m1_geo_triangle_congruence_judgement,intra_unit,m1_geo_triangle_congruence_conditions,삼각형의 합동 조건,작도와 합동,m1_geo_triangle_congruence_judgement,삼각형의 합동 판별,작도와 합동,prerequisite_for,high,2,curriculum_math_2022: printed p. 37; [9수03-04]; achievement_standard; 삼각형의 합동 조건을 이해하고 합동인지 판별하는 성취기준 | achievement_math_2022: 작도와 합동 section; [9수03-04] achievement levels; achievement_level; 삼각형의 합동 조건을 이해하고 두 삼각형의 합동 여부를 판별하는 수준을 구분,,prerequisite_ref;textbook_page_refs,Find textbook sequencing or prior-knowledge evidence for the prerequisite relation.,pending_textbook_pdf,,,,,,,,,,
28,중1(교육과정 학년군: 중1-3),도형과 측정,작도와 합동,m1_geo_triangle_construction__prerequisite_for__m1_geo_congruent_triangle_construction,intra_unit,m1_geo_triangle_construction,삼각형의 작도,작도와 합동,m1_geo_congruent_triangle_construction,주어진 삼각형과 합동인 삼각형 작도,작도와 합동,prerequisite_for,high,2,"curriculum_math_2022: printed p. 37; [9수03-03]; achievement_standard; 삼각형을 작도하고 그 과정을 설명하는 성취기준 | achievement_math_2022: 작도와 합동 section; [9수03-03] achievement levels; achievement_level; 삼각형 작도와 주어진 삼각형과 합동인 삼각형 작도, 작도 과정 설명 수준을 구분",,prerequisite_ref;textbook_page_refs,Find textbook sequencing or prior-knowledge evidence for the prerequisite relation.,pending_textbook_pdf,,,,,,,,,,
28,중1(교육과정 학년군: 중1-3),도형과 측정,작도와 합동,m1_geo_triangle_construction__prerequisite_for__m1_geo_construction_process_explanation,intra_unit,m1_geo_triangle_construction,삼각형의 작도,작도와 합동,m1_geo_construction_process_explanation,작도 과정 설명하기,작도와 합동,prerequisite_for,high,2,"curriculum_math_2022: printed p. 37; [9수03-03]; achievement_standard; 삼각형을 작도하고 그 과정을 설명하는 성취기준 | achievement_math_2022: 작도와 합동 section; [9수03-03] achievement levels; achievement_level; 삼각형 작도와 주어진 삼각형과 합동인 삼각형 작도, 작도 과정 설명 수준을 구분",,prerequisite_ref;textbook_page_refs,Find textbook sequencing or prior-knowledge evidence for the prerequisite relation.,pending_textbook_pdf,,,,,,,,,,
28,중1(교육과정 학년군: 중1-3),도형과 측정,작도와 합동,m1_geo_congruence__represented_by__m1_geo_correspondence_in_congruence,intra_unit,m1_geo_congruence,합동,작도와 합동,m1_geo_correspondence_in_congruence,합동에서의 대응 관계,작도와 합동,represented_by,medium,2,curriculum_math_2022: printed p. 37; [9수03-04]; achievement_standard; 삼각형의 합동 조건을 이해하고 합동인지 판별하는 성취기준 | achievement_math_2022: 작도와 합동 section; [9수03-04] achievement levels; achievement_level; 삼각형의 합동 조건을 이해하고 두 삼각형의 합동 여부를 판별하는 수준을 구분,,representation_ref;textbook_page_refs,"Find textbook representation evidence such as a table, graph, expression, or diagram.",pending_textbook_pdf,,,,,,,,,,
28,중1(교육과정 학년군: 중1-3),도형과 측정,작도와 합동,m1_geo_correspondence_in_congruence__represented_by__m1_geo_corresponding_angles_in_congruence,intra_unit,m1_geo_correspondence_in_congruence,합동에서의 대응 관계,작도와 합동,m1_geo_corresponding_angles_in_congruence,합동에서의 대응하는 각,작도와 합동,represented_by,medium,2,curriculum_math_2022: printed p. 37; [9수03-04]; achievement_standard; 삼각형의 합동 조건을 이해하고 합동인지 판별하는 성취기준 | achievement_math_2022: 작도와 합동 section; [9수03-04] achievement levels; achievement_level; 삼각형의 합동 조건을 이해하고 두 삼각형의 합동 여부를 판별하는 수준을 구분,,representation_ref;textbook_page_refs,"Find textbook representation evidence such as a table, graph, expression, or diagram.",pending_textbook_pdf,,,,,,,,,,
28,중1(교육과정 학년군: 중1-3),도형과 측정,작도와 합동,m1_geo_correspondence_in_congruence__represented_by__m1_geo_corresponding_sides_in_congruence,intra_unit,m1_geo_correspondence_in_congruence,합동에서의 대응 관계,작도와 합동,m1_geo_corresponding_sides_in_congruence,합동에서의 대응하는 변,작도와 합동,represented_by,medium,2,curriculum_math_2022: printed p. 37; [9수03-04]; achievement_standard; 삼각형의 합동 조건을 이해하고 합동인지 판별하는 성취기준 | achievement_math_2022: 작도와 합동 section; [9수03-04] achievement levels; achievement_level; 삼각형의 합동 조건을 이해하고 두 삼각형의 합동 여부를 판별하는 수준을 구분,,representation_ref;textbook_page_refs,"Find textbook representation evidence such as a table, graph, expression, or diagram.",pending_textbook_pdf,,,,,,,,,,
28,중1(교육과정 학년군: 중1-3),도형과 측정,작도와 합동,m1_geo_correspondence_in_congruence__represented_by__m1_geo_corresponding_vertices_in_congruence,intra_unit,m1_geo_correspondence_in_congruence,합동에서의 대응 관계,작도와 합동,m1_geo_corresponding_vertices_in_congruence,합동에서의 대응하는 꼭짓점,작도와 합동,represented_by,medium,2,curriculum_math_2022: printed p. 37; [9수03-04]; achievement_standard; 삼각형의 합동 조건을 이해하고 합동인지 판별하는 성취기준 | achievement_math_2022: 작도와 합동 section; [9수03-04] achievement levels; achievement_level; 삼각형의 합동 조건을 이해하고 두 삼각형의 합동 여부를 판별하는 수준을 구분,,representation_ref;textbook_page_refs,"Find textbook representation evidence such as a table, graph, expression, or diagram.",pending_textbook_pdf,,,,,,,,,,
28,중1(교육과정 학년군: 중1-3),도형과 측정,작도와 합동,m1_geo_congruence__used_in__m1_geo_triangle_congruence_conditions,intra_unit,m1_geo_congruence,합동,작도와 합동,m1_geo_triangle_congruence_conditions,삼각형의 합동 조건,작도와 합동,used_in,high,2,curriculum_math_2022: printed p. 37; [9수03-04]; achievement_standard; 삼각형의 합동 조건을 이해하고 합동인지 판별하는 성취기준 | achievement_math_2022: 작도와 합동 section; [9수03-04] achievement levels; achievement_level; 삼각형의 합동 조건을 이해하고 두 삼각형의 합동 여부를 판별하는 수준을 구분,,procedure_ref;textbook_page_refs,"Find a worked example, procedure, or application where this source concept is used.",pending_textbook_pdf,,,,,,,,,,
28,중1(교육과정 학년군: 중1-3),도형과 측정,작도와 합동,m1_geo_congruence_condition_selection__used_in__m1_geo_triangle_congruence_judgement,intra_unit,m1_geo_congruence_condition_selection,삼각형 합동 조건 선택하기,작도와 합동,m1_geo_triangle_congruence_judgement,삼각형의 합동 판별,작도와 합동,used_in,medium,2,curriculum_math_2022: printed p. 37; [9수03-04]; achievement_standard; 삼각형의 합동 조건을 이해하고 합동인지 판별하는 성취기준 | achievement_math_2022: 작도와 합동 section; [9수03-04] achievement levels; achievement_level; 삼각형의 합동 조건을 이해하고 두 삼각형의 합동 여부를 판별하는 수준을 구분,,procedure_ref;textbook_page_refs,"Find a worked example, procedure, or application where this source concept is used.",pending_textbook_pdf,,,,,,,,,,
28,중1(교육과정 학년군: 중1-3),도형과 측정,작도와 합동,m1_geo_congruent_corresponding_angles_equal__used_in__m1_geo_triangle_congruence_conditions,intra_unit,m1_geo_congruent_corresponding_angles_equal,합동인 도형의 대응각의 크기가 같음,작도와 합동,m1_geo_triangle_congruence_conditions,삼각형의 합동 조건,작도와 합동,used_in,medium,2,curriculum_math_2022: printed p. 37; [9수03-04]; achievement_standard; 삼각형의 합동 조건을 이해하고 합동인지 판별하는 성취기준 | achievement_math_2022: 작도와 합동 section; [9수03-04] achievement levels; achievement_level; 삼각형의 합동 조건을 이해하고 두 삼각형의 합동 여부를 판별하는 수준을 구분,,procedure_ref;textbook_page_refs,"Find a worked example, procedure, or application where this source concept is used.",pending_textbook_pdf,,,,,,,,,,
28,중1(교육과정 학년군: 중1-3),도형과 측정,작도와 합동,m1_geo_congruent_corresponding_sides_equal__used_in__m1_geo_triangle_congruence_conditions,intra_unit,m1_geo_congruent_corresponding_sides_equal,합동인 도형의 대응변의 길이가 같음,작도와 합동,m1_geo_triangle_congruence_conditions,삼각형의 합동 조건,작도와 합동,used_in,medium,2,curriculum_math_2022: printed p. 37; [9수03-04]; achievement_standard; 삼각형의 합동 조건을 이해하고 합동인지 판별하는 성취기준 | achievement_math_2022: 작도와 합동 section; [9수03-04] achievement levels; achievement_level; 삼각형의 합동 조건을 이해하고 두 삼각형의 합동 여부를 판별하는 수준을 구분,,procedure_ref;textbook_page_refs,"Find a worked example, procedure, or application where this source concept is used.",pending_textbook_pdf,,,,,,,,,,
28,중1(교육과정 학년군: 중1-3),도형과 측정,작도와 합동,m1_geo_congruent_triangle_construction__used_in__m1_geo_congruence,intra_unit,m1_geo_congruent_triangle_construction,주어진 삼각형과 합동인 삼각형 작도,작도와 합동,m1_geo_congruence,합동,작도와 합동,used_in,high,2,"curriculum_math_2022: printed p. 37; [9수03-03]; achievement_standard; 삼각형을 작도하고 그 과정을 설명하는 성취기준 | achievement_math_2022: 작도와 합동 section; [9수03-03] achievement levels; achievement_level; 삼각형 작도와 주어진 삼각형과 합동인 삼각형 작도, 작도 과정 설명 수준을 구분",,procedure_ref;textbook_page_refs,"Find a worked example, procedure, or application where this source concept is used.",pending_textbook_pdf,,,,,,,,,,
28,중1(교육과정 학년군: 중1-3),도형과 측정,작도와 합동,m1_geo_construction__used_in__m1_geo_triangle_construction,intra_unit,m1_geo_construction,작도,작도와 합동,m1_geo_triangle_construction,삼각형의 작도,작도와 합동,used_in,high,2,"curriculum_math_2022: printed p. 37; [9수03-03]; achievement_standard; 삼각형을 작도하고 그 과정을 설명하는 성취기준 | achievement_math_2022: 작도와 합동 section; [9수03-03] achievement levels; achievement_level; 삼각형 작도와 주어진 삼각형과 합동인 삼각형 작도, 작도 과정 설명 수준을 구분",,procedure_ref;textbook_page_refs,"Find a worked example, procedure, or application where this source concept is used.",pending_textbook_pdf,,,,,,,,,,
28,중1(교육과정 학년군: 중1-3),도형과 측정,작도와 합동,m1_geo_construction_process_explanation__used_in__m1_geo_congruent_triangle_construction,intra_unit,m1_geo_construction_process_explanation,작도 과정 설명하기,작도와 합동,m1_geo_congruent_triangle_construction,주어진 삼각형과 합동인 삼각형 작도,작도와 합동,used_in,high,2,"curriculum_math_2022: printed p. 37; [9수03-03]; achievement_standard; 삼각형을 작도하고 그 과정을 설명하는 성취기준 | achievement_math_2022: 작도와 합동 section; [9수03-03] achievement levels; achievement_level; 삼각형 작도와 주어진 삼각형과 합동인 삼각형 작도, 작도 과정 설명 수준을 구분",,procedure_ref;textbook_page_refs,"Find a worked example, procedure, or application where this source concept is used.",pending_textbook_pdf,,,,,,,,,,
28,중1(교육과정 학년군: 중1-3),도형과 측정,작도와 합동,m1_geo_construction_process_explanation__used_in__m1_geo_triangle_construction,intra_unit,m1_geo_construction_process_explanation,작도 과정 설명하기,작도와 합동,m1_geo_triangle_construction,삼각형의 작도,작도와 합동,used_in,high,2,"curriculum_math_2022: printed p. 37; [9수03-03]; achievement_standard; 삼각형을 작도하고 그 과정을 설명하는 성취기준 | achievement_math_2022: 작도와 합동 section; [9수03-03] achievement levels; achievement_level; 삼각형 작도와 주어진 삼각형과 합동인 삼각형 작도, 작도 과정 설명 수준을 구분",,procedure_ref;textbook_page_refs,"Find a worked example, procedure, or application where this source concept is used.",pending_textbook_pdf,,,,,,,,,,
28,중1(교육과정 학년군: 중1-3),도형과 측정,작도와 합동,m1_geo_copy_angle_construction__used_in__m1_geo_triangle_construction,intra_unit,m1_geo_copy_angle_construction,주어진 각과 크기가 같은 각 작도,작도와 합동,m1_geo_triangle_construction,삼각형의 작도,작도와 합동,used_in,medium,2,"curriculum_math_2022: printed p. 37; [9수03-03]; achievement_standard; 삼각형을 작도하고 그 과정을 설명하는 성취기준 | achievement_math_2022: 작도와 합동 section; [9수03-03] achievement levels; achievement_level; 삼각형 작도와 주어진 삼각형과 합동인 삼각형 작도, 작도 과정 설명 수준을 구분",,procedure_ref;textbook_page_refs,"Find a worked example, procedure, or application where this source concept is used.",pending_textbook_pdf,,,,,,,,,,
28,중1(교육과정 학년군: 중1-3),도형과 측정,작도와 합동,m1_geo_copy_angle_construction__used_in__m1_geo_triangle_construction_asa,intra_unit,m1_geo_copy_angle_construction,주어진 각과 크기가 같은 각 작도,작도와 합동,m1_geo_triangle_construction_asa,한 변과 그 양 끝각이 주어진 삼각형 작도,작도와 합동,used_in,medium,2,"curriculum_math_2022: printed p. 37; [9수03-03]; achievement_standard; 삼각형을 작도하고 그 과정을 설명하는 성취기준 | achievement_math_2022: 작도와 합동 section; [9수03-03] achievement levels; achievement_level; 삼각형 작도와 주어진 삼각형과 합동인 삼각형 작도, 작도 과정 설명 수준을 구분",,procedure_ref;textbook_page_refs,"Find a worked example, procedure, or application where this source concept is used.",pending_textbook_pdf,,,,,,,,,,
28,중1(교육과정 학년군: 중1-3),도형과 측정,작도와 합동,m1_geo_copy_angle_construction__used_in__m1_geo_triangle_construction_sas,intra_unit,m1_geo_copy_angle_construction,주어진 각과 크기가 같은 각 작도,작도와 합동,m1_geo_triangle_construction_sas,두 변과 그 끼인각이 주어진 삼각형 작도,작도와 합동,used_in,medium,2,"curriculum_math_2022: printed p. 37; [9수03-03]; achievement_standard; 삼각형을 작도하고 그 과정을 설명하는 성취기준 | achievement_math_2022: 작도와 합동 section; [9수03-03] achievement levels; achievement_level; 삼각형 작도와 주어진 삼각형과 합동인 삼각형 작도, 작도 과정 설명 수준을 구분",,procedure_ref;textbook_page_refs,"Find a worked example, procedure, or application where this source concept is used.",pending_textbook_pdf,,,,,,,,,,
28,중1(교육과정 학년군: 중1-3),도형과 측정,작도와 합동,m1_geo_copy_segment_construction__used_in__m1_geo_triangle_construction,intra_unit,m1_geo_copy_segment_construction,주어진 선분과 길이가 같은 선분 작도,작도와 합동,m1_geo_triangle_construction,삼각형의 작도,작도와 합동,used_in,medium,2,"curriculum_math_2022: printed p. 37; [9수03-03]; achievement_standard; 삼각형을 작도하고 그 과정을 설명하는 성취기준 | achievement_math_2022: 작도와 합동 section; [9수03-03] achievement levels; achievement_level; 삼각형 작도와 주어진 삼각형과 합동인 삼각형 작도, 작도 과정 설명 수준을 구분",,procedure_ref;textbook_page_refs,"Find a worked example, procedure, or application where this source concept is used.",pending_textbook_pdf,,,,,,,,,,
28,중1(교육과정 학년군: 중1-3),도형과 측정,작도와 합동,m1_geo_copy_segment_construction__used_in__m1_geo_triangle_construction_asa,intra_unit,m1_geo_copy_segment_construction,주어진 선분과 길이가 같은 선분 작도,작도와 합동,m1_geo_triangle_construction_asa,한 변과 그 양 끝각이 주어진 삼각형 작도,작도와 합동,used_in,medium,2,"curriculum_math_2022: printed p. 37; [9수03-03]; achievement_standard; 삼각형을 작도하고 그 과정을 설명하는 성취기준 | achievement_math_2022: 작도와 합동 section; [9수03-03] achievement levels; achievement_level; 삼각형 작도와 주어진 삼각형과 합동인 삼각형 작도, 작도 과정 설명 수준을 구분",,procedure_ref;textbook_page_refs,"Find a worked example, procedure, or application where this source concept is used.",pending_textbook_pdf,,,,,,,,,,
28,중1(교육과정 학년군: 중1-3),도형과 측정,작도와 합동,m1_geo_copy_segment_construction__used_in__m1_geo_triangle_construction_sas,intra_unit,m1_geo_copy_segment_construction,주어진 선분과 길이가 같은 선분 작도,작도와 합동,m1_geo_triangle_construction_sas,두 변과 그 끼인각이 주어진 삼각형 작도,작도와 합동,used_in,medium,2,"curriculum_math_2022: printed p. 37; [9수03-03]; achievement_standard; 삼각형을 작도하고 그 과정을 설명하는 성취기준 | achievement_math_2022: 작도와 합동 section; [9수03-03] achievement levels; achievement_level; 삼각형 작도와 주어진 삼각형과 합동인 삼각형 작도, 작도 과정 설명 수준을 구분",,procedure_ref;textbook_page_refs,"Find a worked example, procedure, or application where this source concept is used.",pending_textbook_pdf,,,,,,,,,,
28,중1(교육과정 학년군: 중1-3),도형과 측정,작도와 합동,m1_geo_copy_segment_construction__used_in__m1_geo_triangle_construction_sss,intra_unit,m1_geo_copy_segment_construction,주어진 선분과 길이가 같은 선분 작도,작도와 합동,m1_geo_triangle_construction_sss,세 변이 주어진 삼각형 작도,작도와 합동,used_in,medium,2,"curriculum_math_2022: printed p. 37; [9수03-03]; achievement_standard; 삼각형을 작도하고 그 과정을 설명하는 성취기준 | achievement_math_2022: 작도와 합동 section; [9수03-03] achievement levels; achievement_level; 삼각형 작도와 주어진 삼각형과 합동인 삼각형 작도, 작도 과정 설명 수준을 구분",,procedure_ref;textbook_page_refs,"Find a worked example, procedure, or application where this source concept is used.",pending_textbook_pdf,,,,,,,,,,
28,중1(교육과정 학년군: 중1-3),도형과 측정,작도와 합동,m1_geo_corresponding_angles_in_congruence__used_in__m1_geo_congruent_corresponding_angles_equal,intra_unit,m1_geo_corresponding_angles_in_congruence,합동에서의 대응하는 각,작도와 합동,m1_geo_congruent_corresponding_angles_equal,합동인 도형의 대응각의 크기가 같음,작도와 합동,used_in,medium,2,curriculum_math_2022: printed p. 37; [9수03-04]; achievement_standard; 삼각형의 합동 조건을 이해하고 합동인지 판별하는 성취기준 | achievement_math_2022: 작도와 합동 section; [9수03-04] achievement levels; achievement_level; 삼각형의 합동 조건을 이해하고 두 삼각형의 합동 여부를 판별하는 수준을 구분,,procedure_ref;textbook_page_refs,"Find a worked example, procedure, or application where this source concept is used.",pending_textbook_pdf,,,,,,,,,,
28,중1(교육과정 학년군: 중1-3),도형과 측정,작도와 합동,m1_geo_corresponding_sides_in_congruence__used_in__m1_geo_congruent_corresponding_sides_equal,intra_unit,m1_geo_corresponding_sides_in_congruence,합동에서의 대응하는 변,작도와 합동,m1_geo_congruent_corresponding_sides_equal,합동인 도형의 대응변의 길이가 같음,작도와 합동,used_in,medium,2,curriculum_math_2022: printed p. 37; [9수03-04]; achievement_standard; 삼각형의 합동 조건을 이해하고 합동인지 판별하는 성취기준 | achievement_math_2022: 작도와 합동 section; [9수03-04] achievement levels; achievement_level; 삼각형의 합동 조건을 이해하고 두 삼각형의 합동 여부를 판별하는 수준을 구분,,procedure_ref;textbook_page_refs,"Find a worked example, procedure, or application where this source concept is used.",pending_textbook_pdf,,,,,,,,,,
28,중1(교육과정 학년군: 중1-3),도형과 측정,작도와 합동,m1_geo_opposite_angle__used_in__m1_geo_triangle_congruence_conditions,intra_unit,m1_geo_opposite_angle,대각,작도와 합동,m1_geo_triangle_congruence_conditions,삼각형의 합동 조건,작도와 합동,used_in,high,2,"curriculum_math_2022: printed pp. 38-39; terms and symbols for 도형과 측정; term_list; 교점, 교선, 두 점 사이의 거리, 중점, 수직이등분선, 꼬인 위치, 교각, 맞꼭지각, 엇각, 동위각, 평각, 직교, 수선의 발, 작도, 대변, 대각, 삼각형의 합동 조건, 내각, 외각, 부채꼴, 중심각, 호, 현, 활꼴, 할선, 다면체, 각뿔대, 정다면체, 회전체, 회전축, 원뿔대, 증명, 접선, 접점, 접한다, 외심, 외접, 외접원, 내심, 내접, 내접원, 중선, 무게중심, 닮음, 닮음비, 삼각형의 닮음 조건, 피타고라스 정리, 삼각비, 사인, 코사인, 탄젠트, 원주각 등을 다룸 | achievement_math_2022: 작도와 합동 section; [9수03-04] achievement levels; achievement_level; 삼각형의 합동 조건을 이해하고 두 삼각형의 합동 여부를 판별하는 수준을 구분",,procedure_ref;textbook_page_refs,"Find a worked example, procedure, or application where this source concept is used.",pending_textbook_pdf,,,,,,,,,,
28,중1(교육과정 학년군: 중1-3),도형과 측정,작도와 합동,m1_geo_opposite_side__used_in__m1_geo_triangle_congruence_conditions,intra_unit,m1_geo_opposite_side,대변,작도와 합동,m1_geo_triangle_congruence_conditions,삼각형의 합동 조건,작도와 합동,used_in,high,2,"curriculum_math_2022: printed pp. 38-39; terms and symbols for 도형과 측정; term_list; 교점, 교선, 두 점 사이의 거리, 중점, 수직이등분선, 꼬인 위치, 교각, 맞꼭지각, 엇각, 동위각, 평각, 직교, 수선의 발, 작도, 대변, 대각, 삼각형의 합동 조건, 내각, 외각, 부채꼴, 중심각, 호, 현, 활꼴, 할선, 다면체, 각뿔대, 정다면체, 회전체, 회전축, 원뿔대, 증명, 접선, 접점, 접한다, 외심, 외접, 외접원, 내심, 내접, 내접원, 중선, 무게중심, 닮음, 닮음비, 삼각형의 닮음 조건, 피타고라스 정리, 삼각비, 사인, 코사인, 탄젠트, 원주각 등을 다룸 | achievement_math_2022: 작도와 합동 section; [9수03-04] achievement levels; achievement_level; 삼각형의 합동 조건을 이해하고 두 삼각형의 합동 여부를 판별하는 수준을 구분",,procedure_ref;textbook_page_refs,"Find a worked example, procedure, or application where this source concept is used.",pending_textbook_pdf,,,,,,,,,,
28,중1(교육과정 학년군: 중1-3),도형과 측정,작도와 합동,m1_geo_straightedge_compass_tools__used_in__m1_geo_construction,intra_unit,m1_geo_straightedge_compass_tools,눈금 없는 자와 컴퍼스,작도와 합동,m1_geo_construction,작도,작도와 합동,used_in,medium,2,"curriculum_math_2022: printed p. 37; [9수03-03]; achievement_standard; 삼각형을 작도하고 그 과정을 설명하는 성취기준 | achievement_math_2022: 작도와 합동 section; [9수03-03] achievement levels; achievement_level; 삼각형 작도와 주어진 삼각형과 합동인 삼각형 작도, 작도 과정 설명 수준을 구분",자와 컴퍼스는 작도를 실행하는 도구이므로 표현(represented_by)이 아니라 used_in으로 둔다.,procedure_ref;textbook_page_refs,"Find a worked example, procedure, or application where this source concept is used.",pending_textbook_pdf,,,,,,,,,,
28,중1(교육과정 학년군: 중1-3),도형과 측정,작도와 합동,m1_geo_triangle_congruence_asa_condition__used_in__m1_geo_triangle_congruence_conditions,intra_unit,m1_geo_triangle_congruence_asa_condition,한 쌍의 대응변의 길이와 그 양 끝각의 크기가 각각 같은 삼각형 합동 조건,작도와 합동,m1_geo_triangle_congruence_conditions,삼각형의 합동 조건,작도와 합동,used_in,medium,2,curriculum_math_2022: printed p. 37; [9수03-04]; achievement_standard; 삼각형의 합동 조건을 이해하고 합동인지 판별하는 성취기준 | achievement_math_2022: 작도와 합동 section; [9수03-04] achievement levels; achievement_level; 삼각형의 합동 조건을 이해하고 두 삼각형의 합동 여부를 판별하는 수준을 구분,,procedure_ref;textbook_page_refs,"Find a worked example, procedure, or application where this source concept is used.",pending_textbook_pdf,,,,,,,,,,
28,중1(교육과정 학년군: 중1-3),도형과 측정,작도와 합동,m1_geo_triangle_congruence_asa_condition__used_in__m1_geo_triangle_congruence_judgement,intra_unit,m1_geo_triangle_congruence_asa_condition,한 쌍의 대응변의 길이와 그 양 끝각의 크기가 각각 같은 삼각형 합동 조건,작도와 합동,m1_geo_triangle_congruence_judgement,삼각형의 합동 판별,작도와 합동,used_in,medium,2,curriculum_math_2022: printed p. 37; [9수03-04]; achievement_standard; 삼각형의 합동 조건을 이해하고 합동인지 판별하는 성취기준 | achievement_math_2022: 작도와 합동 section; [9수03-04] achievement levels; achievement_level; 삼각형의 합동 조건을 이해하고 두 삼각형의 합동 여부를 판별하는 수준을 구분,,procedure_ref;textbook_page_refs,"Find a worked example, procedure, or application where this source concept is used.",pending_textbook_pdf,,,,,,,,,,
28,중1(교육과정 학년군: 중1-3),도형과 측정,작도와 합동,m1_geo_triangle_congruence_conditions__used_in__m1_geo_congruent_triangle_construction,intra_unit,m1_geo_triangle_congruence_conditions,삼각형의 합동 조건,작도와 합동,m1_geo_congruent_triangle_construction,주어진 삼각형과 합동인 삼각형 작도,작도와 합동,used_in,medium,4,"curriculum_math_2022: printed p. 37; [9수03-03]; achievement_standard; 삼각형을 작도하고 그 과정을 설명하는 성취기준 | curriculum_math_2022: printed p. 37; [9수03-04]; achievement_standard; 삼각형의 합동 조건을 이해하고 합동인지 판별하는 성취기준 | achievement_math_2022: 작도와 합동 section; [9수03-03] achievement levels; achievement_level; 삼각형 작도와 주어진 삼각형과 합동인 삼각형 작도, 작도 과정 설명 수준을 구분 | achievement_math_2022: 작도와 합동 section; [9수03-04] achievement levels; achievement_level; 삼각형의 합동 조건을 이해하고 두 삼각형의 합동 여부를 판별하는 수준을 구분",,procedure_ref;textbook_page_refs,"Find a worked example, procedure, or application where this source concept is used.",pending_textbook_pdf,,,,,,,,,,
28,중1(교육과정 학년군: 중1-3),도형과 측정,작도와 합동,m1_geo_triangle_congruence_conditions__used_in__m1_geo_triangle_congruence_judgement,intra_unit,m1_geo_triangle_congruence_conditions,삼각형의 합동 조건,작도와 합동,m1_geo_triangle_congruence_judgement,삼각형의 합동 판별,작도와 합동,used_in,high,2,curriculum_math_2022: printed p. 37; [9수03-04]; achievement_standard; 삼각형의 합동 조건을 이해하고 합동인지 판별하는 성취기준 | achievement_math_2022: 작도와 합동 section; [9수03-04] achievement levels; achievement_level; 삼각형의 합동 조건을 이해하고 두 삼각형의 합동 여부를 판별하는 수준을 구분,,procedure_ref;textbook_page_refs,"Find a worked example, procedure, or application where this source concept is used.",pending_textbook_pdf,,,,,,,,,,
28,중1(교육과정 학년군: 중1-3),도형과 측정,작도와 합동,m1_geo_triangle_congruence_sas_condition__used_in__m1_geo_triangle_congruence_conditions,intra_unit,m1_geo_triangle_congruence_sas_condition,두 쌍의 대응변의 길이와 그 끼인각의 크기가 각각 같은 삼각형 합동 조건,작도와 합동,m1_geo_triangle_congruence_conditions,삼각형의 합동 조건,작도와 합동,used_in,medium,2,curriculum_math_2022: printed p. 37; [9수03-04]; achievement_standard; 삼각형의 합동 조건을 이해하고 합동인지 판별하는 성취기준 | achievement_math_2022: 작도와 합동 section; [9수03-04] achievement levels; achievement_level; 삼각형의 합동 조건을 이해하고 두 삼각형의 합동 여부를 판별하는 수준을 구분,,procedure_ref;textbook_page_refs,"Find a worked example, procedure, or application where this source concept is used.",pending_textbook_pdf,,,,,,,,,,
28,중1(교육과정 학년군: 중1-3),도형과 측정,작도와 합동,m1_geo_triangle_congruence_sas_condition__used_in__m1_geo_triangle_congruence_judgement,intra_unit,m1_geo_triangle_congruence_sas_condition,두 쌍의 대응변의 길이와 그 끼인각의 크기가 각각 같은 삼각형 합동 조건,작도와 합동,m1_geo_triangle_congruence_judgement,삼각형의 합동 판별,작도와 합동,used_in,medium,2,curriculum_math_2022: printed p. 37; [9수03-04]; achievement_standard; 삼각형의 합동 조건을 이해하고 합동인지 판별하는 성취기준 | achievement_math_2022: 작도와 합동 section; [9수03-04] achievement levels; achievement_level; 삼각형의 합동 조건을 이해하고 두 삼각형의 합동 여부를 판별하는 수준을 구분,,procedure_ref;textbook_page_refs,"Find a worked example, procedure, or application where this source concept is used.",pending_textbook_pdf,,,,,,,,,,
28,중1(교육과정 학년군: 중1-3),도형과 측정,작도와 합동,m1_geo_triangle_congruence_sss_condition__used_in__m1_geo_triangle_congruence_conditions,intra_unit,m1_geo_triangle_congruence_sss_condition,세 쌍의 대응변의 길이가 각각 같은 삼각형 합동 조건,작도와 합동,m1_geo_triangle_congruence_conditions,삼각형의 합동 조건,작도와 합동,used_in,medium,2,curriculum_math_2022: printed p. 37; [9수03-04]; achievement_standard; 삼각형의 합동 조건을 이해하고 합동인지 판별하는 성취기준 | achievement_math_2022: 작도와 합동 section; [9수03-04] achievement levels; achievement_level; 삼각형의 합동 조건을 이해하고 두 삼각형의 합동 여부를 판별하는 수준을 구분,,procedure_ref;textbook_page_refs,"Find a worked example, procedure, or application where this source concept is used.",pending_textbook_pdf,,,,,,,,,,
28,중1(교육과정 학년군: 중1-3),도형과 측정,작도와 합동,m1_geo_triangle_congruence_sss_condition__used_in__m1_geo_triangle_congruence_judgement,intra_unit,m1_geo_triangle_congruence_sss_condition,세 쌍의 대응변의 길이가 각각 같은 삼각형 합동 조건,작도와 합동,m1_geo_triangle_congruence_judgement,삼각형의 합동 판별,작도와 합동,used_in,medium,2,curriculum_math_2022: printed p. 37; [9수03-04]; achievement_standard; 삼각형의 합동 조건을 이해하고 합동인지 판별하는 성취기준 | achievement_math_2022: 작도와 합동 section; [9수03-04] achievement levels; achievement_level; 삼각형의 합동 조건을 이해하고 두 삼각형의 합동 여부를 판별하는 수준을 구분,,procedure_ref;textbook_page_refs,"Find a worked example, procedure, or application where this source concept is used.",pending_textbook_pdf,,,,,,,,,,
28,중1(교육과정 학년군: 중1-3),도형과 측정,작도와 합동,m1_geo_triangle_construction__used_in__m1_geo_congruence,intra_unit,m1_geo_triangle_construction,삼각형의 작도,작도와 합동,m1_geo_congruence,합동,작도와 합동,used_in,high,4,"curriculum_math_2022: printed p. 37; [9수03-03]; achievement_standard; 삼각형을 작도하고 그 과정을 설명하는 성취기준 | curriculum_math_2022: printed p. 37; [9수03-04]; achievement_standard; 삼각형의 합동 조건을 이해하고 합동인지 판별하는 성취기준 | achievement_math_2022: 작도와 합동 section; [9수03-03] achievement levels; achievement_level; 삼각형 작도와 주어진 삼각형과 합동인 삼각형 작도, 작도 과정 설명 수준을 구분 | achievement_math_2022: 작도와 합동 section; [9수03-04] achievement levels; achievement_level; 삼각형의 합동 조건을 이해하고 두 삼각형의 합동 여부를 판별하는 수준을 구분",,procedure_ref;textbook_page_refs,"Find a worked example, procedure, or application where this source concept is used.",pending_textbook_pdf,,,,,,,,,,
28,중1(교육과정 학년군: 중1-3),도형과 측정,작도와 합동,m1_geo_triangle_construction__used_in__m1_geo_triangle_congruence_conditions,intra_unit,m1_geo_triangle_construction,삼각형의 작도,작도와 합동,m1_geo_triangle_congruence_conditions,삼각형의 합동 조건,작도와 합동,used_in,medium,4,"curriculum_math_2022: printed p. 37; [9수03-03]; achievement_standard; 삼각형을 작도하고 그 과정을 설명하는 성취기준 | curriculum_math_2022: printed p. 37; [9수03-04]; achievement_standard; 삼각형의 합동 조건을 이해하고 합동인지 판별하는 성취기준 | achievement_math_2022: 작도와 합동 section; [9수03-03] achievement levels; achievement_level; 삼각형 작도와 주어진 삼각형과 합동인 삼각형 작도, 작도 과정 설명 수준을 구분 | achievement_math_2022: 작도와 합동 section; [9수03-04] achievement levels; achievement_level; 삼각형의 합동 조건을 이해하고 두 삼각형의 합동 여부를 판별하는 수준을 구분",Triangle construction links given construction data with the congruence conditions used to decide triangle equality.,procedure_ref;textbook_page_refs,"Find a worked example, procedure, or application where this source concept is used.",pending_textbook_pdf,,,,,,,,,,
28,중1(교육과정 학년군: 중1-3),도형과 측정,작도와 합동,m1_geo_triangle_construction_asa__used_in__m1_geo_triangle_construction,intra_unit,m1_geo_triangle_construction_asa,한 변과 그 양 끝각이 주어진 삼각형 작도,작도와 합동,m1_geo_triangle_construction,삼각형의 작도,작도와 합동,used_in,medium,2,"curriculum_math_2022: printed p. 37; [9수03-03]; achievement_standard; 삼각형을 작도하고 그 과정을 설명하는 성취기준 | achievement_math_2022: 작도와 합동 section; [9수03-03] achievement levels; achievement_level; 삼각형 작도와 주어진 삼각형과 합동인 삼각형 작도, 작도 과정 설명 수준을 구분",,procedure_ref;textbook_page_refs,"Find a worked example, procedure, or application where this source concept is used.",pending_textbook_pdf,,,,,,,,,,
28,중1(교육과정 학년군: 중1-3),도형과 측정,작도와 합동,m1_geo_triangle_construction_sas__used_in__m1_geo_triangle_construction,intra_unit,m1_geo_triangle_construction_sas,두 변과 그 끼인각이 주어진 삼각형 작도,작도와 합동,m1_geo_triangle_construction,삼각형의 작도,작도와 합동,used_in,medium,2,"curriculum_math_2022: printed p. 37; [9수03-03]; achievement_standard; 삼각형을 작도하고 그 과정을 설명하는 성취기준 | achievement_math_2022: 작도와 합동 section; [9수03-03] achievement levels; achievement_level; 삼각형 작도와 주어진 삼각형과 합동인 삼각형 작도, 작도 과정 설명 수준을 구분",,procedure_ref;textbook_page_refs,"Find a worked example, procedure, or application where this source concept is used.",pending_textbook_pdf,,,,,,,,,,
28,중1(교육과정 학년군: 중1-3),도형과 측정,작도와 합동,m1_geo_triangle_construction_sss__used_in__m1_geo_triangle_construction,intra_unit,m1_geo_triangle_construction_sss,세 변이 주어진 삼각형 작도,작도와 합동,m1_geo_triangle_construction,삼각형의 작도,작도와 합동,used_in,medium,2,"curriculum_math_2022: printed p. 37; [9수03-03]; achievement_standard; 삼각형을 작도하고 그 과정을 설명하는 성취기준 | achievement_math_2022: 작도와 합동 section; [9수03-03] achievement levels; achievement_level; 삼각형 작도와 주어진 삼각형과 합동인 삼각형 작도, 작도 과정 설명 수준을 구분",,procedure_ref;textbook_page_refs,"Find a worked example, procedure, or application where this source concept is used.",pending_textbook_pdf,,,,,,,,,,
28,중1(교육과정 학년군: 중1-3),도형과 측정,작도와 합동,m1_geo_opposite_side__contrasts_with__m1_geo_opposite_angle,intra_unit,m1_geo_opposite_side,대변,작도와 합동,m1_geo_opposite_angle,대각,작도와 합동,contrasts_with,medium,2,"curriculum_math_2022: printed pp. 38-39; terms and symbols for 도형과 측정; term_list; 교점, 교선, 두 점 사이의 거리, 중점, 수직이등분선, 꼬인 위치, 교각, 맞꼭지각, 엇각, 동위각, 평각, 직교, 수선의 발, 작도, 대변, 대각, 삼각형의 합동 조건, 내각, 외각, 부채꼴, 중심각, 호, 현, 활꼴, 할선, 다면체, 각뿔대, 정다면체, 회전체, 회전축, 원뿔대, 증명, 접선, 접점, 접한다, 외심, 외접, 외접원, 내심, 내접, 내접원, 중선, 무게중심, 닮음, 닮음비, 삼각형의 닮음 조건, 피타고라스 정리, 삼각비, 사인, 코사인, 탄젠트, 원주각 등을 다룸 | achievement_math_2022: 작도와 합동 section; [9수03-04] achievement levels; achievement_level; 삼각형의 합동 조건을 이해하고 두 삼각형의 합동 여부를 판별하는 수준을 구분",대변과 대각은 합동 조건에서 함께 쓰이지만 각각 변과 각을 가리키므로 구별한다.,contrast_ref;textbook_page_refs,Find textbook wording or examples that distinguish the two concepts.,pending_textbook_pdf,,,,,,,,,,
28,중1(교육과정 학년군: 중1-3),도형과 측정,작도와 합동,m1_geo_corresponding_vertices_in_congruence__related_to__m1_geo_corresponding_angles_in_congruence,intra_unit,m1_geo_corresponding_vertices_in_congruence,합동에서의 대응하는 꼭짓점,작도와 합동,m1_geo_corresponding_angles_in_congruence,합동에서의 대응하는 각,작도와 합동,related_to,medium,2,curriculum_math_2022: printed p. 37; [9수03-04]; achievement_standard; 삼각형의 합동 조건을 이해하고 합동인지 판별하는 성취기준 | achievement_math_2022: 작도와 합동 section; [9수03-04] achievement levels; achievement_level; 삼각형의 합동 조건을 이해하고 두 삼각형의 합동 여부를 판별하는 수준을 구분,,related_ref;textbook_page_refs,Find textbook wording or examples that justify keeping these concepts linked.,pending_textbook_pdf,,,,,,,,,,
28,중1(교육과정 학년군: 중1-3),도형과 측정,작도와 합동,m1_geo_corresponding_vertices_in_congruence__related_to__m1_geo_corresponding_sides_in_congruence,intra_unit,m1_geo_corresponding_vertices_in_congruence,합동에서의 대응하는 꼭짓점,작도와 합동,m1_geo_corresponding_sides_in_congruence,합동에서의 대응하는 변,작도와 합동,related_to,medium,2,curriculum_math_2022: printed p. 37; [9수03-04]; achievement_standard; 삼각형의 합동 조건을 이해하고 합동인지 판별하는 성취기준 | achievement_math_2022: 작도와 합동 section; [9수03-04] achievement levels; achievement_level; 삼각형의 합동 조건을 이해하고 두 삼각형의 합동 여부를 판별하는 수준을 구분,,related_ref;textbook_page_refs,Find textbook wording or examples that justify keeping these concepts linked.,pending_textbook_pdf,,,,,,,,,,
28,중1(교육과정 학년군: 중1-3),도형과 측정,작도와 합동,m1_geo_triangle_construction_asa__related_to__m1_geo_triangle_congruence_asa_condition,intra_unit,m1_geo_triangle_construction_asa,한 변과 그 양 끝각이 주어진 삼각형 작도,작도와 합동,m1_geo_triangle_congruence_asa_condition,한 쌍의 대응변의 길이와 그 양 끝각의 크기가 각각 같은 삼각형 합동 조건,작도와 합동,related_to,medium,4,"curriculum_math_2022: printed p. 37; [9수03-03]; achievement_standard; 삼각형을 작도하고 그 과정을 설명하는 성취기준 | curriculum_math_2022: printed p. 37; [9수03-04]; achievement_standard; 삼각형의 합동 조건을 이해하고 합동인지 판별하는 성취기준 | achievement_math_2022: 작도와 합동 section; [9수03-03] achievement levels; achievement_level; 삼각형 작도와 주어진 삼각형과 합동인 삼각형 작도, 작도 과정 설명 수준을 구분 | achievement_math_2022: 작도와 합동 section; [9수03-04] achievement levels; achievement_level; 삼각형의 합동 조건을 이해하고 두 삼각형의 합동 여부를 판별하는 수준을 구분","한 변과 양 끝각 작도 유형은 ASA 합동 조건과 대응하지만, 작도 절차와 판별 조건은 구별한다.",related_ref;textbook_page_refs,Find textbook wording or examples that justify keeping these concepts linked.,pending_textbook_pdf,,,,,,,,,,
28,중1(교육과정 학년군: 중1-3),도형과 측정,작도와 합동,m1_geo_triangle_construction_sas__related_to__m1_geo_triangle_congruence_sas_condition,intra_unit,m1_geo_triangle_construction_sas,두 변과 그 끼인각이 주어진 삼각형 작도,작도와 합동,m1_geo_triangle_congruence_sas_condition,두 쌍의 대응변의 길이와 그 끼인각의 크기가 각각 같은 삼각형 합동 조건,작도와 합동,related_to,medium,4,"curriculum_math_2022: printed p. 37; [9수03-03]; achievement_standard; 삼각형을 작도하고 그 과정을 설명하는 성취기준 | curriculum_math_2022: printed p. 37; [9수03-04]; achievement_standard; 삼각형의 합동 조건을 이해하고 합동인지 판별하는 성취기준 | achievement_math_2022: 작도와 합동 section; [9수03-03] achievement levels; achievement_level; 삼각형 작도와 주어진 삼각형과 합동인 삼각형 작도, 작도 과정 설명 수준을 구분 | achievement_math_2022: 작도와 합동 section; [9수03-04] achievement levels; achievement_level; 삼각형의 합동 조건을 이해하고 두 삼각형의 합동 여부를 판별하는 수준을 구분","두 변과 끼인각 작도 유형은 SAS 합동 조건과 대응하지만, 작도 절차와 판별 조건은 구별한다.",related_ref;textbook_page_refs,Find textbook wording or examples that justify keeping these concepts linked.,pending_textbook_pdf,,,,,,,,,,
28,중1(교육과정 학년군: 중1-3),도형과 측정,작도와 합동,m1_geo_triangle_construction_sss__related_to__m1_geo_triangle_congruence_sss_condition,intra_unit,m1_geo_triangle_construction_sss,세 변이 주어진 삼각형 작도,작도와 합동,m1_geo_triangle_congruence_sss_condition,세 쌍의 대응변의 길이가 각각 같은 삼각형 합동 조건,작도와 합동,related_to,medium,4,"curriculum_math_2022: printed p. 37; [9수03-03]; achievement_standard; 삼각형을 작도하고 그 과정을 설명하는 성취기준 | curriculum_math_2022: printed p. 37; [9수03-04]; achievement_standard; 삼각형의 합동 조건을 이해하고 합동인지 판별하는 성취기준 | achievement_math_2022: 작도와 합동 section; [9수03-03] achievement levels; achievement_level; 삼각형 작도와 주어진 삼각형과 합동인 삼각형 작도, 작도 과정 설명 수준을 구분 | achievement_math_2022: 작도와 합동 section; [9수03-04] achievement levels; achievement_level; 삼각형의 합동 조건을 이해하고 두 삼각형의 합동 여부를 판별하는 수준을 구분","세 변이 주어진 작도 유형은 SSS 합동 조건과 대응하지만, 작도 절차와 판별 조건은 구별한다.",related_ref;textbook_page_refs,Find textbook wording or examples that justify keeping these concepts linked.,pending_textbook_pdf,,,,,,,,,,
28,중1(교육과정 학년군: 중1-3),도형과 측정,작도와 합동,m1_geo_domain__contains__m1_geo_construction_congruence_unit,cross_unit,m1_geo_domain,도형과 측정,도형과 측정,m1_geo_construction_congruence_unit,작도와 합동,작도와 합동,contains,high,4,"curriculum_math_2022: printed p. 37; [9수03-03]; achievement_standard; 삼각형을 작도하고 그 과정을 설명하는 성취기준 | curriculum_math_2022: printed p. 37; [9수03-04]; achievement_standard; 삼각형의 합동 조건을 이해하고 합동인지 판별하는 성취기준 | achievement_math_2022: 작도와 합동 section; [9수03-03] achievement levels; achievement_level; 삼각형 작도와 주어진 삼각형과 합동인 삼각형 작도, 작도 과정 설명 수준을 구분 | achievement_math_2022: 작도와 합동 section; [9수03-04] achievement levels; achievement_level; 삼각형의 합동 조건을 이해하고 두 삼각형의 합동 여부를 판별하는 수준을 구분",,structure_ref;textbook_page_refs,Find textbook structure evidence for the containment relation.,pending_textbook_pdf,,,,,,,,,,
28,중1(교육과정 학년군: 중1-3),도형과 측정,작도와 합동,m1_geo_angle__prerequisite_for__m1_geo_construction,cross_unit,m1_geo_angle,각,기본 도형,m1_geo_construction,작도,작도와 합동,prerequisite_for,high,3,"curriculum_math_2022: printed pp. 38-39; terms and symbols for 도형과 측정; term_list; 교점, 교선, 두 점 사이의 거리, 중점, 수직이등분선, 꼬인 위치, 교각, 맞꼭지각, 엇각, 동위각, 평각, 직교, 수선의 발, 작도, 대변, 대각, 삼각형의 합동 조건, 내각, 외각, 부채꼴, 중심각, 호, 현, 활꼴, 할선, 다면체, 각뿔대, 정다면체, 회전체, 회전축, 원뿔대, 증명, 접선, 접점, 접한다, 외심, 외접, 외접원, 내심, 내접, 내접원, 중선, 무게중심, 닮음, 닮음비, 삼각형의 닮음 조건, 피타고라스 정리, 삼각비, 사인, 코사인, 탄젠트, 원주각 등을 다룸 | curriculum_math_2022: printed p. 37; [9수03-03]; achievement_standard; 삼각형을 작도하고 그 과정을 설명하는 성취기준 | achievement_math_2022: 작도와 합동 section; [9수03-03] achievement levels; achievement_level; 삼각형 작도와 주어진 삼각형과 합동인 삼각형 작도, 작도 과정 설명 수준을 구분",,prerequisite_ref;textbook_page_refs,Find textbook sequencing or prior-knowledge evidence for the prerequisite relation.,pending_textbook_pdf,,,,,,,,,,
28,중1(교육과정 학년군: 중1-3),도형과 측정,작도와 합동,m1_geo_angle__prerequisite_for__m1_geo_copy_angle_construction,cross_unit,m1_geo_angle,각,기본 도형,m1_geo_copy_angle_construction,주어진 각과 크기가 같은 각 작도,작도와 합동,prerequisite_for,medium,2,"curriculum_math_2022: printed p. 37; [9수03-03]; achievement_standard; 삼각형을 작도하고 그 과정을 설명하는 성취기준 | achievement_math_2022: 작도와 합동 section; [9수03-03] achievement levels; achievement_level; 삼각형 작도와 주어진 삼각형과 합동인 삼각형 작도, 작도 과정 설명 수준을 구분",,prerequisite_ref;textbook_page_refs,Find textbook sequencing or prior-knowledge evidence for the prerequisite relation.,pending_textbook_pdf,,,,,,,,,,
28,중1(교육과정 학년군: 중1-3),도형과 측정,작도와 합동,m1_geo_angle__prerequisite_for__m1_geo_corresponding_angles_in_congruence,cross_unit,m1_geo_angle,각,기본 도형,m1_geo_corresponding_angles_in_congruence,합동에서의 대응하는 각,작도와 합동,prerequisite_for,medium,2,curriculum_math_2022: printed p. 37; [9수03-04]; achievement_standard; 삼각형의 합동 조건을 이해하고 합동인지 판별하는 성취기준 | achievement_math_2022: 작도와 합동 section; [9수03-04] achievement levels; achievement_level; 삼각형의 합동 조건을 이해하고 두 삼각형의 합동 여부를 판별하는 수준을 구분,,prerequisite_ref;textbook_page_refs,Find textbook sequencing or prior-knowledge evidence for the prerequisite relation.,pending_textbook_pdf,,,,,,,,,,
28,중1(교육과정 학년군: 중1-3),도형과 측정,작도와 합동,m1_geo_angle__prerequisite_for__m1_geo_opposite_angle,cross_unit,m1_geo_angle,각,기본 도형,m1_geo_opposite_angle,대각,작도와 합동,prerequisite_for,high,3,"curriculum_math_2022: printed pp. 38-39; terms and symbols for 도형과 측정; term_list; 교점, 교선, 두 점 사이의 거리, 중점, 수직이등분선, 꼬인 위치, 교각, 맞꼭지각, 엇각, 동위각, 평각, 직교, 수선의 발, 작도, 대변, 대각, 삼각형의 합동 조건, 내각, 외각, 부채꼴, 중심각, 호, 현, 활꼴, 할선, 다면체, 각뿔대, 정다면체, 회전체, 회전축, 원뿔대, 증명, 접선, 접점, 접한다, 외심, 외접, 외접원, 내심, 내접, 내접원, 중선, 무게중심, 닮음, 닮음비, 삼각형의 닮음 조건, 피타고라스 정리, 삼각비, 사인, 코사인, 탄젠트, 원주각 등을 다룸 | curriculum_math_2022: printed p. 37; [9수03-04]; achievement_standard; 삼각형의 합동 조건을 이해하고 합동인지 판별하는 성취기준 | achievement_math_2022: 작도와 합동 section; [9수03-04] achievement levels; achievement_level; 삼각형의 합동 조건을 이해하고 두 삼각형의 합동 여부를 판별하는 수준을 구분",,prerequisite_ref;textbook_page_refs,Find textbook sequencing or prior-knowledge evidence for the prerequisite relation.,pending_textbook_pdf,,,,,,,,,,
28,중1(교육과정 학년군: 중1-3),도형과 측정,작도와 합동,m1_geo_angle__prerequisite_for__m1_geo_opposite_side,cross_unit,m1_geo_angle,각,기본 도형,m1_geo_opposite_side,대변,작도와 합동,prerequisite_for,high,3,"curriculum_math_2022: printed pp. 38-39; terms and symbols for 도형과 측정; term_list; 교점, 교선, 두 점 사이의 거리, 중점, 수직이등분선, 꼬인 위치, 교각, 맞꼭지각, 엇각, 동위각, 평각, 직교, 수선의 발, 작도, 대변, 대각, 삼각형의 합동 조건, 내각, 외각, 부채꼴, 중심각, 호, 현, 활꼴, 할선, 다면체, 각뿔대, 정다면체, 회전체, 회전축, 원뿔대, 증명, 접선, 접점, 접한다, 외심, 외접, 외접원, 내심, 내접, 내접원, 중선, 무게중심, 닮음, 닮음비, 삼각형의 닮음 조건, 피타고라스 정리, 삼각비, 사인, 코사인, 탄젠트, 원주각 등을 다룸 | curriculum_math_2022: printed p. 37; [9수03-04]; achievement_standard; 삼각형의 합동 조건을 이해하고 합동인지 판별하는 성취기준 | achievement_math_2022: 작도와 합동 section; [9수03-04] achievement levels; achievement_level; 삼각형의 합동 조건을 이해하고 두 삼각형의 합동 여부를 판별하는 수준을 구분",,prerequisite_ref;textbook_page_refs,Find textbook sequencing or prior-knowledge evidence for the prerequisite relation.,pending_textbook_pdf,,,,,,,,,,
28,중1(교육과정 학년군: 중1-3),도형과 측정,작도와 합동,m1_geo_angle__prerequisite_for__m1_geo_triangle_construction,cross_unit,m1_geo_angle,각,기본 도형,m1_geo_triangle_construction,삼각형의 작도,작도와 합동,prerequisite_for,high,2,"curriculum_math_2022: printed p. 37; [9수03-03]; achievement_standard; 삼각형을 작도하고 그 과정을 설명하는 성취기준 | achievement_math_2022: 작도와 합동 section; [9수03-03] achievement levels; achievement_level; 삼각형 작도와 주어진 삼각형과 합동인 삼각형 작도, 작도 과정 설명 수준을 구분",,prerequisite_ref;textbook_page_refs,Find textbook sequencing or prior-knowledge evidence for the prerequisite relation.,pending_textbook_pdf,,,,,,,,,,
28,중1(교육과정 학년군: 중1-3),도형과 측정,작도와 합동,m1_geo_basic_unit__prerequisite_for__m1_geo_construction_congruence_unit,cross_unit,m1_geo_basic_unit,기본 도형,기본 도형,m1_geo_construction_congruence_unit,작도와 합동,작도와 합동,prerequisite_for,high,4,"curriculum_math_2022: printed p. 37; [9수03-03]; achievement_standard; 삼각형을 작도하고 그 과정을 설명하는 성취기준 | curriculum_math_2022: printed p. 37; [9수03-04]; achievement_standard; 삼각형의 합동 조건을 이해하고 합동인지 판별하는 성취기준 | achievement_math_2022: 작도와 합동 section; [9수03-03] achievement levels; achievement_level; 삼각형 작도와 주어진 삼각형과 합동인 삼각형 작도, 작도 과정 설명 수준을 구분 | achievement_math_2022: 작도와 합동 section; [9수03-04] achievement levels; achievement_level; 삼각형의 합동 조건을 이해하고 두 삼각형의 합동 여부를 판별하는 수준을 구분",,prerequisite_ref;textbook_page_refs,Find textbook sequencing or prior-knowledge evidence for the prerequisite relation.,pending_textbook_pdf,,,,,,,,,,
28,중1(교육과정 학년군: 중1-3),도형과 측정,작도와 합동,m1_geo_congruence__prerequisite_for__m1_geo_similarity,cross_unit,m1_geo_congruence,합동,작도와 합동,m1_geo_similarity,닮음,도형의 닮음,prerequisite_for,high,3,"curriculum_math_2022: printed pp. 38-39; terms and symbols for 도형과 측정; term_list; 교점, 교선, 두 점 사이의 거리, 중점, 수직이등분선, 꼬인 위치, 교각, 맞꼭지각, 엇각, 동위각, 평각, 직교, 수선의 발, 작도, 대변, 대각, 삼각형의 합동 조건, 내각, 외각, 부채꼴, 중심각, 호, 현, 활꼴, 할선, 다면체, 각뿔대, 정다면체, 회전체, 회전축, 원뿔대, 증명, 접선, 접점, 접한다, 외심, 외접, 외접원, 내심, 내접, 내접원, 중선, 무게중심, 닮음, 닮음비, 삼각형의 닮음 조건, 피타고라스 정리, 삼각비, 사인, 코사인, 탄젠트, 원주각 등을 다룸 | curriculum_math_2022: printed p. 38; [9수03-12]; achievement_standard; 도형의 닮음과 닮은 도형의 성질을 이해하고 닮음비를 구하는 성취기준 | achievement_math_2022: 도형의 닮음 section; [9수03-12]~[9수03-14] achievement levels; achievement_level; 도형의 닮음, 닮은 도형의 성질, 닮음비, 삼각형의 닮음 조건, 평행선 사이의 선분의 길이의 비와 무게중심 성질을 구분",,prerequisite_ref;textbook_page_refs,Find textbook sequencing or prior-knowledge evidence for the prerequisite relation.,pending_textbook_pdf,,,,,,,,,,
28,중1(교육과정 학년군: 중1-3),도형과 측정,작도와 합동,m1_geo_construction_congruence_unit__prerequisite_for__m1_geo_triangle_quadrilateral_unit,cross_unit,m1_geo_construction_congruence_unit,작도와 합동,작도와 합동,m1_geo_triangle_quadrilateral_unit,삼각형과 사각형의 성질,삼각형과 사각형의 성질,prerequisite_for,high,5,"curriculum_math_2022: printed p. 38; [9수03-09]; achievement_standard; 이등변삼각형의 성질을 이해하고 정당화하는 성취기준 | curriculum_math_2022: printed p. 38; [9수03-10]; achievement_standard; 삼각형의 외심과 내심의 성질을 이해하고 정당화하는 성취기준 | curriculum_math_2022: printed p. 38; [9수03-11]; achievement_standard; 사각형의 성질을 이해하고 정당화하는 성취기준 | curriculum_math_2022: printed pp. 38-39; [9수03-09], [9수03-11] explanation and considerations; teaching_note; 도형 성질의 정당화 방법으로 관찰, 실험, 근거 제시, 유사성에 근거한 추론, 증명을 학생 수준에 맞게 활용하되 증명에서 가정과 결론 용어는 다루지 않음 | achievement_math_2022: 삼각형과 사각형의 성질 section; [9수03-09]~[9수03-11] achievement levels; achievement_level; 이등변삼각형, 삼각형의 외심과 내심, 사각형의 성질과 여러 사각형 사이의 관계를 이해하고 정당화하는 수준을 구분",,prerequisite_ref;textbook_page_refs,Find textbook sequencing or prior-knowledge evidence for the prerequisite relation.,pending_textbook_pdf,,,,,,,,,,
28,중1(교육과정 학년군: 중1-3),도형과 측정,작도와 합동,m1_geo_distance_between_two_points__prerequisite_for__m1_geo_copy_segment_construction,cross_unit,m1_geo_distance_between_two_points,두 점 사이의 거리,기본 도형,m1_geo_copy_segment_construction,주어진 선분과 길이가 같은 선분 작도,작도와 합동,prerequisite_for,medium,2,"curriculum_math_2022: printed p. 37; [9수03-03]; achievement_standard; 삼각형을 작도하고 그 과정을 설명하는 성취기준 | achievement_math_2022: 작도와 합동 section; [9수03-03] achievement levels; achievement_level; 삼각형 작도와 주어진 삼각형과 합동인 삼각형 작도, 작도 과정 설명 수준을 구분",,prerequisite_ref;textbook_page_refs,Find textbook sequencing or prior-knowledge evidence for the prerequisite relation.,pending_textbook_pdf,,,,,,,,,,
28,중1(교육과정 학년군: 중1-3),도형과 측정,작도와 합동,m1_geo_distance_between_two_points__prerequisite_for__m1_geo_triangle_construction,cross_unit,m1_geo_distance_between_two_points,두 점 사이의 거리,기본 도형,m1_geo_triangle_construction,삼각형의 작도,작도와 합동,prerequisite_for,high,2,"curriculum_math_2022: printed p. 37; [9수03-03]; achievement_standard; 삼각형을 작도하고 그 과정을 설명하는 성취기준 | achievement_math_2022: 작도와 합동 section; [9수03-03] achievement levels; achievement_level; 삼각형 작도와 주어진 삼각형과 합동인 삼각형 작도, 작도 과정 설명 수준을 구분",,prerequisite_ref;textbook_page_refs,Find textbook sequencing or prior-knowledge evidence for the prerequisite relation.,pending_textbook_pdf,,,,,,,,,,
28,중1(교육과정 학년군: 중1-3),도형과 측정,작도와 합동,m1_geo_line__prerequisite_for__m1_geo_construction,cross_unit,m1_geo_line,직선,기본 도형,m1_geo_construction,작도,작도와 합동,prerequisite_for,high,3,"curriculum_math_2022: printed pp. 38-39; terms and symbols for 도형과 측정; term_list; 교점, 교선, 두 점 사이의 거리, 중점, 수직이등분선, 꼬인 위치, 교각, 맞꼭지각, 엇각, 동위각, 평각, 직교, 수선의 발, 작도, 대변, 대각, 삼각형의 합동 조건, 내각, 외각, 부채꼴, 중심각, 호, 현, 활꼴, 할선, 다면체, 각뿔대, 정다면체, 회전체, 회전축, 원뿔대, 증명, 접선, 접점, 접한다, 외심, 외접, 외접원, 내심, 내접, 내접원, 중선, 무게중심, 닮음, 닮음비, 삼각형의 닮음 조건, 피타고라스 정리, 삼각비, 사인, 코사인, 탄젠트, 원주각 등을 다룸 | curriculum_math_2022: printed p. 37; [9수03-03]; achievement_standard; 삼각형을 작도하고 그 과정을 설명하는 성취기준 | achievement_math_2022: 작도와 합동 section; [9수03-03] achievement levels; achievement_level; 삼각형 작도와 주어진 삼각형과 합동인 삼각형 작도, 작도 과정 설명 수준을 구분",,prerequisite_ref;textbook_page_refs,Find textbook sequencing or prior-knowledge evidence for the prerequisite relation.,pending_textbook_pdf,,,,,,,,,,
28,중1(교육과정 학년군: 중1-3),도형과 측정,작도와 합동,m1_geo_line_segment__prerequisite_for__m1_geo_copy_segment_construction,cross_unit,m1_geo_line_segment,선분,기본 도형,m1_geo_copy_segment_construction,주어진 선분과 길이가 같은 선분 작도,작도와 합동,prerequisite_for,medium,2,"curriculum_math_2022: printed p. 37; [9수03-03]; achievement_standard; 삼각형을 작도하고 그 과정을 설명하는 성취기준 | achievement_math_2022: 작도와 합동 section; [9수03-03] achievement levels; achievement_level; 삼각형 작도와 주어진 삼각형과 합동인 삼각형 작도, 작도 과정 설명 수준을 구분",,prerequisite_ref;textbook_page_refs,Find textbook sequencing or prior-knowledge evidence for the prerequisite relation.,pending_textbook_pdf,,,,,,,,,,
28,중1(교육과정 학년군: 중1-3),도형과 측정,작도와 합동,m1_geo_line_segment__prerequisite_for__m1_geo_corresponding_sides_in_congruence,cross_unit,m1_geo_line_segment,선분,기본 도형,m1_geo_corresponding_sides_in_congruence,합동에서의 대응하는 변,작도와 합동,prerequisite_for,medium,2,curriculum_math_2022: printed p. 37; [9수03-04]; achievement_standard; 삼각형의 합동 조건을 이해하고 합동인지 판별하는 성취기준 | achievement_math_2022: 작도와 합동 section; [9수03-04] achievement levels; achievement_level; 삼각형의 합동 조건을 이해하고 두 삼각형의 합동 여부를 판별하는 수준을 구분,,prerequisite_ref;textbook_page_refs,Find textbook sequencing or prior-knowledge evidence for the prerequisite relation.,pending_textbook_pdf,,,,,,,,,,
28,중1(교육과정 학년군: 중1-3),도형과 측정,작도와 합동,m1_geo_opposite_angle__prerequisite_for__m1_geo_parallelogram_opposite_sides_angles,cross_unit,m1_geo_opposite_angle,대각,작도와 합동,m1_geo_parallelogram_opposite_sides_angles,평행사변형의 마주 보는 변과 각,삼각형과 사각형의 성질,prerequisite_for,high,2,"curriculum_math_2022: printed p. 38; [9수03-11]; achievement_standard; 사각형의 성질을 이해하고 정당화하는 성취기준 | achievement_math_2022: 삼각형과 사각형의 성질 section; [9수03-09]~[9수03-11] achievement levels; achievement_level; 이등변삼각형, 삼각형의 외심과 내심, 사각형의 성질과 여러 사각형 사이의 관계를 이해하고 정당화하는 수준을 구분",,prerequisite_ref;textbook_page_refs,Find textbook sequencing or prior-knowledge evidence for the prerequisite relation.,pending_textbook_pdf,,,,,,,,,,
28,중1(교육과정 학년군: 중1-3),도형과 측정,작도와 합동,m1_geo_opposite_side__prerequisite_for__m1_geo_parallelogram_opposite_sides_angles,cross_unit,m1_geo_opposite_side,대변,작도와 합동,m1_geo_parallelogram_opposite_sides_angles,평행사변형의 마주 보는 변과 각,삼각형과 사각형의 성질,prerequisite_for,high,2,"curriculum_math_2022: printed p. 38; [9수03-11]; achievement_standard; 사각형의 성질을 이해하고 정당화하는 성취기준 | achievement_math_2022: 삼각형과 사각형의 성질 section; [9수03-09]~[9수03-11] achievement levels; achievement_level; 이등변삼각형, 삼각형의 외심과 내심, 사각형의 성질과 여러 사각형 사이의 관계를 이해하고 정당화하는 수준을 구분",,prerequisite_ref;textbook_page_refs,Find textbook sequencing or prior-knowledge evidence for the prerequisite relation.,pending_textbook_pdf,,,,,,,,,,
28,중1(교육과정 학년군: 중1-3),도형과 측정,작도와 합동,m1_geo_point__prerequisite_for__m1_geo_construction,cross_unit,m1_geo_point,점,기본 도형,m1_geo_construction,작도,작도와 합동,prerequisite_for,high,3,"curriculum_math_2022: printed pp. 38-39; terms and symbols for 도형과 측정; term_list; 교점, 교선, 두 점 사이의 거리, 중점, 수직이등분선, 꼬인 위치, 교각, 맞꼭지각, 엇각, 동위각, 평각, 직교, 수선의 발, 작도, 대변, 대각, 삼각형의 합동 조건, 내각, 외각, 부채꼴, 중심각, 호, 현, 활꼴, 할선, 다면체, 각뿔대, 정다면체, 회전체, 회전축, 원뿔대, 증명, 접선, 접점, 접한다, 외심, 외접, 외접원, 내심, 내접, 내접원, 중선, 무게중심, 닮음, 닮음비, 삼각형의 닮음 조건, 피타고라스 정리, 삼각비, 사인, 코사인, 탄젠트, 원주각 등을 다룸 | curriculum_math_2022: printed p. 37; [9수03-03]; achievement_standard; 삼각형을 작도하고 그 과정을 설명하는 성취기준 | achievement_math_2022: 작도와 합동 section; [9수03-03] achievement levels; achievement_level; 삼각형 작도와 주어진 삼각형과 합동인 삼각형 작도, 작도 과정 설명 수준을 구분",,prerequisite_ref;textbook_page_refs,Find textbook sequencing or prior-knowledge evidence for the prerequisite relation.,pending_textbook_pdf,,,,,,,,,,
28,중1(교육과정 학년군: 중1-3),도형과 측정,작도와 합동,m1_geo_point__prerequisite_for__m1_geo_corresponding_vertices_in_congruence,cross_unit,m1_geo_point,점,기본 도형,m1_geo_corresponding_vertices_in_congruence,합동에서의 대응하는 꼭짓점,작도와 합동,prerequisite_for,medium,2,curriculum_math_2022: printed p. 37; [9수03-04]; achievement_standard; 삼각형의 합동 조건을 이해하고 합동인지 판별하는 성취기준 | achievement_math_2022: 작도와 합동 section; [9수03-04] achievement levels; achievement_level; 삼각형의 합동 조건을 이해하고 두 삼각형의 합동 여부를 판별하는 수준을 구분,,prerequisite_ref;textbook_page_refs,Find textbook sequencing or prior-knowledge evidence for the prerequisite relation.,pending_textbook_pdf,,,,,,,,,,
28,중1(교육과정 학년군: 중1-3),도형과 측정,작도와 합동,m1_geo_triangle__prerequisite_for__m1_geo_triangle_construction_asa,cross_unit,m1_geo_triangle,삼각형,도형과 측정,m1_geo_triangle_construction_asa,한 변과 그 양 끝각이 주어진 삼각형 작도,작도와 합동,prerequisite_for,medium,2,"curriculum_math_2022: printed p. 37; [9수03-03]; achievement_standard; 삼각형을 작도하고 그 과정을 설명하는 성취기준 | achievement_math_2022: 작도와 합동 section; [9수03-03] achievement levels; achievement_level; 삼각형 작도와 주어진 삼각형과 합동인 삼각형 작도, 작도 과정 설명 수준을 구분",,prerequisite_ref;textbook_page_refs,Find textbook sequencing or prior-knowledge evidence for the prerequisite relation.,pending_textbook_pdf,,,,,,,,,,
28,중1(교육과정 학년군: 중1-3),도형과 측정,작도와 합동,m1_geo_triangle__prerequisite_for__m1_geo_triangle_construction_sas,cross_unit,m1_geo_triangle,삼각형,도형과 측정,m1_geo_triangle_construction_sas,두 변과 그 끼인각이 주어진 삼각형 작도,작도와 합동,prerequisite_for,medium,2,"curriculum_math_2022: printed p. 37; [9수03-03]; achievement_standard; 삼각형을 작도하고 그 과정을 설명하는 성취기준 | achievement_math_2022: 작도와 합동 section; [9수03-03] achievement levels; achievement_level; 삼각형 작도와 주어진 삼각형과 합동인 삼각형 작도, 작도 과정 설명 수준을 구분",,prerequisite_ref;textbook_page_refs,Find textbook sequencing or prior-knowledge evidence for the prerequisite relation.,pending_textbook_pdf,,,,,,,,,,
28,중1(교육과정 학년군: 중1-3),도형과 측정,작도와 합동,m1_geo_triangle__prerequisite_for__m1_geo_triangle_construction_sss,cross_unit,m1_geo_triangle,삼각형,도형과 측정,m1_geo_triangle_construction_sss,세 변이 주어진 삼각형 작도,작도와 합동,prerequisite_for,medium,2,"curriculum_math_2022: printed p. 37; [9수03-03]; achievement_standard; 삼각형을 작도하고 그 과정을 설명하는 성취기준 | achievement_math_2022: 작도와 합동 section; [9수03-03] achievement levels; achievement_level; 삼각형 작도와 주어진 삼각형과 합동인 삼각형 작도, 작도 과정 설명 수준을 구분",,prerequisite_ref;textbook_page_refs,Find textbook sequencing or prior-knowledge evidence for the prerequisite relation.,pending_textbook_pdf,,,,,,,,,,
28,중1(교육과정 학년군: 중1-3),도형과 측정,작도와 합동,m1_geo_triangle_congruence_conditions__prerequisite_for__m1_geo_incenter,cross_unit,m1_geo_triangle_congruence_conditions,삼각형의 합동 조건,작도와 합동,m1_geo_incenter,내심,삼각형과 사각형의 성질,prerequisite_for,high,3,"curriculum_math_2022: printed pp. 38-39; terms and symbols for 도형과 측정; term_list; 교점, 교선, 두 점 사이의 거리, 중점, 수직이등분선, 꼬인 위치, 교각, 맞꼭지각, 엇각, 동위각, 평각, 직교, 수선의 발, 작도, 대변, 대각, 삼각형의 합동 조건, 내각, 외각, 부채꼴, 중심각, 호, 현, 활꼴, 할선, 다면체, 각뿔대, 정다면체, 회전체, 회전축, 원뿔대, 증명, 접선, 접점, 접한다, 외심, 외접, 외접원, 내심, 내접, 내접원, 중선, 무게중심, 닮음, 닮음비, 삼각형의 닮음 조건, 피타고라스 정리, 삼각비, 사인, 코사인, 탄젠트, 원주각 등을 다룸 | curriculum_math_2022: printed p. 38; [9수03-10]; achievement_standard; 삼각형의 외심과 내심의 성질을 이해하고 정당화하는 성취기준 | achievement_math_2022: 삼각형과 사각형의 성질 section; [9수03-09]~[9수03-11] achievement levels; achievement_level; 이등변삼각형, 삼각형의 외심과 내심, 사각형의 성질과 여러 사각형 사이의 관계를 이해하고 정당화하는 수준을 구분",,prerequisite_ref;textbook_page_refs,Find textbook sequencing or prior-knowledge evidence for the prerequisite relation.,pending_textbook_pdf,,,,,,,,,,
28,중1(교육과정 학년군: 중1-3),도형과 측정,작도와 합동,m1_geo_triangle_congruence_conditions__prerequisite_for__m1_geo_isosceles_properties,cross_unit,m1_geo_triangle_congruence_conditions,삼각형의 합동 조건,작도와 합동,m1_geo_isosceles_properties,이등변삼각형의 성질,삼각형과 사각형의 성질,prerequisite_for,high,3,"curriculum_math_2022: printed p. 38; [9수03-09]; achievement_standard; 이등변삼각형의 성질을 이해하고 정당화하는 성취기준 | curriculum_math_2022: printed pp. 38-39; [9수03-09], [9수03-11] explanation and considerations; teaching_note; 도형 성질의 정당화 방법으로 관찰, 실험, 근거 제시, 유사성에 근거한 추론, 증명을 학생 수준에 맞게 활용하되 증명에서 가정과 결론 용어는 다루지 않음 | achievement_math_2022: 삼각형과 사각형의 성질 section; [9수03-09]~[9수03-11] achievement levels; achievement_level; 이등변삼각형, 삼각형의 외심과 내심, 사각형의 성질과 여러 사각형 사이의 관계를 이해하고 정당화하는 수준을 구분",,prerequisite_ref;textbook_page_refs,Find textbook sequencing or prior-knowledge evidence for the prerequisite relation.,pending_textbook_pdf,,,,,,,,,,
28,중1(교육과정 학년군: 중1-3),도형과 측정,작도와 합동,m1_geo_triangle_congruence_conditions__prerequisite_for__m1_geo_isosceles_property_proof,cross_unit,m1_geo_triangle_congruence_conditions,삼각형의 합동 조건,작도와 합동,m1_geo_isosceles_property_proof,이등변삼각형 성질 정당화하기,삼각형과 사각형의 성질,prerequisite_for,high,3,"curriculum_math_2022: printed p. 38; [9수03-09]; achievement_standard; 이등변삼각형의 성질을 이해하고 정당화하는 성취기준 | curriculum_math_2022: printed pp. 38-39; [9수03-09], [9수03-11] explanation and considerations; teaching_note; 도형 성질의 정당화 방법으로 관찰, 실험, 근거 제시, 유사성에 근거한 추론, 증명을 학생 수준에 맞게 활용하되 증명에서 가정과 결론 용어는 다루지 않음 | achievement_math_2022: 삼각형과 사각형의 성질 section; [9수03-09]~[9수03-11] achievement levels; achievement_level; 이등변삼각형, 삼각형의 외심과 내심, 사각형의 성질과 여러 사각형 사이의 관계를 이해하고 정당화하는 수준을 구분",,prerequisite_ref;textbook_page_refs,Find textbook sequencing or prior-knowledge evidence for the prerequisite relation.,pending_textbook_pdf,,,,,,,,,,
28,중1(교육과정 학년군: 중1-3),도형과 측정,작도와 합동,m1_geo_triangle_congruence_conditions__prerequisite_for__m1_geo_isosceles_triangle,cross_unit,m1_geo_triangle_congruence_conditions,삼각형의 합동 조건,작도와 합동,m1_geo_isosceles_triangle,이등변삼각형,삼각형과 사각형의 성질,prerequisite_for,high,2,"curriculum_math_2022: printed p. 38; [9수03-09]; achievement_standard; 이등변삼각형의 성질을 이해하고 정당화하는 성취기준 | achievement_math_2022: 삼각형과 사각형의 성질 section; [9수03-09]~[9수03-11] achievement levels; achievement_level; 이등변삼각형, 삼각형의 외심과 내심, 사각형의 성질과 여러 사각형 사이의 관계를 이해하고 정당화하는 수준을 구분",,prerequisite_ref;textbook_page_refs,Find textbook sequencing or prior-knowledge evidence for the prerequisite relation.,pending_textbook_pdf,,,,,,,,,,
28,중1(교육과정 학년군: 중1-3),도형과 측정,작도와 합동,m1_geo_triangle_congruence_conditions__prerequisite_for__m1_geo_proof,cross_unit,m1_geo_triangle_congruence_conditions,삼각형의 합동 조건,작도와 합동,m1_geo_proof,증명,삼각형과 사각형의 성질,prerequisite_for,high,3,"curriculum_math_2022: printed pp. 38-39; terms and symbols for 도형과 측정; term_list; 교점, 교선, 두 점 사이의 거리, 중점, 수직이등분선, 꼬인 위치, 교각, 맞꼭지각, 엇각, 동위각, 평각, 직교, 수선의 발, 작도, 대변, 대각, 삼각형의 합동 조건, 내각, 외각, 부채꼴, 중심각, 호, 현, 활꼴, 할선, 다면체, 각뿔대, 정다면체, 회전체, 회전축, 원뿔대, 증명, 접선, 접점, 접한다, 외심, 외접, 외접원, 내심, 내접, 내접원, 중선, 무게중심, 닮음, 닮음비, 삼각형의 닮음 조건, 피타고라스 정리, 삼각비, 사인, 코사인, 탄젠트, 원주각 등을 다룸 | curriculum_math_2022: printed pp. 38-39; [9수03-09], [9수03-11] explanation and considerations; teaching_note; 도형 성질의 정당화 방법으로 관찰, 실험, 근거 제시, 유사성에 근거한 추론, 증명을 학생 수준에 맞게 활용하되 증명에서 가정과 결론 용어는 다루지 않음 | achievement_math_2022: 삼각형과 사각형의 성질 section; [9수03-09]~[9수03-11] achievement levels; achievement_level; 이등변삼각형, 삼각형의 외심과 내심, 사각형의 성질과 여러 사각형 사이의 관계를 이해하고 정당화하는 수준을 구분",,prerequisite_ref;textbook_page_refs,Find textbook sequencing or prior-knowledge evidence for the prerequisite relation.,pending_textbook_pdf,,,,,,,,,,
28,중1(교육과정 학년군: 중1-3),도형과 측정,작도와 합동,m1_geo_triangle_congruence_conditions__prerequisite_for__m1_geo_right_triangle_congruence_conditions,cross_unit,m1_geo_triangle_congruence_conditions,삼각형의 합동 조건,작도와 합동,m1_geo_right_triangle_congruence_conditions,직각삼각형의 합동 조건,삼각형과 사각형의 성질,prerequisite_for,medium,3,"curriculum_math_2022: printed p. 38; [9수03-09]; achievement_standard; 이등변삼각형의 성질을 이해하고 정당화하는 성취기준 | curriculum_math_2022: printed pp. 38-39; [9수03-09], [9수03-11] explanation and considerations; teaching_note; 도형 성질의 정당화 방법으로 관찰, 실험, 근거 제시, 유사성에 근거한 추론, 증명을 학생 수준에 맞게 활용하되 증명에서 가정과 결론 용어는 다루지 않음 | achievement_math_2022: 삼각형과 사각형의 성질 section; [9수03-09]~[9수03-11] achievement levels; achievement_level; 이등변삼각형, 삼각형의 외심과 내심, 사각형의 성질과 여러 사각형 사이의 관계를 이해하고 정당화하는 수준을 구분",,prerequisite_ref;textbook_page_refs,Find textbook sequencing or prior-knowledge evidence for the prerequisite relation.,pending_textbook_pdf,,,,,,,,,,
28,중1(교육과정 학년군: 중1-3),도형과 측정,작도와 합동,m1_geo_triangle__used_in__m1_geo_triangle_congruence_conditions,cross_unit,m1_geo_triangle,삼각형,도형과 측정,m1_geo_triangle_congruence_conditions,삼각형의 합동 조건,작도와 합동,used_in,medium,2,curriculum_math_2022: printed p. 37; [9수03-04]; achievement_standard; 삼각형의 합동 조건을 이해하고 합동인지 판별하는 성취기준 | achievement_math_2022: 작도와 합동 section; [9수03-04] achievement levels; achievement_level; 삼각형의 합동 조건을 이해하고 두 삼각형의 합동 여부를 판별하는 수준을 구분,,procedure_ref;textbook_page_refs,"Find a worked example, procedure, or application where this source concept is used.",pending_textbook_pdf,,,,,,,,,,
28,중1(교육과정 학년군: 중1-3),도형과 측정,작도와 합동,m1_geo_triangle__used_in__m1_geo_triangle_construction,cross_unit,m1_geo_triangle,삼각형,도형과 측정,m1_geo_triangle_construction,삼각형의 작도,작도와 합동,used_in,medium,2,"curriculum_math_2022: printed p. 37; [9수03-03]; achievement_standard; 삼각형을 작도하고 그 과정을 설명하는 성취기준 | achievement_math_2022: 작도와 합동 section; [9수03-03] achievement levels; achievement_level; 삼각형 작도와 주어진 삼각형과 합동인 삼각형 작도, 작도 과정 설명 수준을 구분",,procedure_ref;textbook_page_refs,"Find a worked example, procedure, or application where this source concept is used.",pending_textbook_pdf,,,,,,,,,,
28,중1(교육과정 학년군: 중1-3),도형과 측정,작도와 합동,m1_geo_triangle_congruence_conditions__used_in__m1_geo_proof,cross_unit,m1_geo_triangle_congruence_conditions,삼각형의 합동 조건,작도와 합동,m1_geo_proof,증명,삼각형과 사각형의 성질,used_in,high,3,"curriculum_math_2022: printed p. 38; [9수03-09]; achievement_standard; 이등변삼각형의 성질을 이해하고 정당화하는 성취기준 | curriculum_math_2022: printed pp. 38-39; [9수03-09], [9수03-11] explanation and considerations; teaching_note; 도형 성질의 정당화 방법으로 관찰, 실험, 근거 제시, 유사성에 근거한 추론, 증명을 학생 수준에 맞게 활용하되 증명에서 가정과 결론 용어는 다루지 않음 | achievement_math_2022: 삼각형과 사각형의 성질 section; [9수03-09]~[9수03-11] achievement levels; achievement_level; 이등변삼각형, 삼각형의 외심과 내심, 사각형의 성질과 여러 사각형 사이의 관계를 이해하고 정당화하는 수준을 구분",,procedure_ref;textbook_page_refs,"Find a worked example, procedure, or application where this source concept is used.",pending_textbook_pdf,,,,,,,,,,
28,중1(교육과정 학년군: 중1-3),도형과 측정,작도와 합동,m1_geo_triangle_congruence_judgement__used_in__m1_geo_justification,cross_unit,m1_geo_triangle_congruence_judgement,삼각형의 합동 판별,작도와 합동,m1_geo_justification,정당화,삼각형과 사각형의 성질,used_in,medium,3,"curriculum_math_2022: printed p. 37; [9수03-04]; achievement_standard; 삼각형의 합동 조건을 이해하고 합동인지 판별하는 성취기준 | curriculum_math_2022: printed pp. 38-39; [9수03-09], [9수03-11] explanation and considerations; teaching_note; 도형 성질의 정당화 방법으로 관찰, 실험, 근거 제시, 유사성에 근거한 추론, 증명을 학생 수준에 맞게 활용하되 증명에서 가정과 결론 용어는 다루지 않음 | achievement_math_2022: 삼각형과 사각형의 성질 section; [9수03-09]~[9수03-11] achievement levels; achievement_level; 이등변삼각형, 삼각형의 외심과 내심, 사각형의 성질과 여러 사각형 사이의 관계를 이해하고 정당화하는 수준을 구분",Judging triangle congruence can be used as a basis for geometric justification.,procedure_ref;textbook_page_refs,"Find a worked example, procedure, or application where this source concept is used.",pending_textbook_pdf,,,,,,,,,,
28,중1(교육과정 학년군: 중1-3),도형과 측정,작도와 합동,m1_geo_congruence__contrasts_with__m1_geo_similarity,cross_unit,m1_geo_congruence,합동,작도와 합동,m1_geo_similarity,닮음,도형의 닮음,contrasts_with,high,3,"curriculum_math_2022: printed p. 37; [9수03-04]; achievement_standard; 삼각형의 합동 조건을 이해하고 합동인지 판별하는 성취기준 | curriculum_math_2022: printed p. 38; [9수03-12]; achievement_standard; 도형의 닮음과 닮은 도형의 성질을 이해하고 닮음비를 구하는 성취기준 | achievement_math_2022: 도형의 닮음 section; [9수03-12]~[9수03-14] achievement levels; achievement_level; 도형의 닮음, 닮은 도형의 성질, 닮음비, 삼각형의 닮음 조건, 평행선 사이의 선분의 길이의 비와 무게중심 성질을 구분",,contrast_ref;textbook_page_refs,Find textbook wording or examples that distinguish the two concepts.,pending_textbook_pdf,,,,,,,,,,
28,중1(교육과정 학년군: 중1-3),도형과 측정,작도와 합동,m1_geo_similarity__contrasts_with__m1_geo_congruence,cross_unit,m1_geo_similarity,닮음,도형의 닮음,m1_geo_congruence,합동,작도와 합동,contrasts_with,high,3,"curriculum_math_2022: printed p. 37; [9수03-04]; achievement_standard; 삼각형의 합동 조건을 이해하고 합동인지 판별하는 성취기준 | curriculum_math_2022: printed p. 38; [9수03-12]; achievement_standard; 도형의 닮음과 닮은 도형의 성질을 이해하고 닮음비를 구하는 성취기준 | achievement_math_2022: 도형의 닮음 section; [9수03-12]~[9수03-14] achievement levels; achievement_level; 도형의 닮음, 닮은 도형의 성질, 닮음비, 삼각형의 닮음 조건, 평행선 사이의 선분의 길이의 비와 무게중심 성질을 구분",,contrast_ref;textbook_page_refs,Find textbook wording or examples that distinguish the two concepts.,pending_textbook_pdf,,,,,,,,,,
28,중1(교육과정 학년군: 중1-3),도형과 측정,작도와 합동,m1_geo_trig_opposite_side__related_to__m1_geo_opposite_side,cross_unit,m1_geo_trig_opposite_side,기준각의 대변,삼각비,m1_geo_opposite_side,대변,작도와 합동,related_to,medium,3,"curriculum_math_2022: printed pp. 38-39; terms and symbols for 도형과 측정; term_list; 교점, 교선, 두 점 사이의 거리, 중점, 수직이등분선, 꼬인 위치, 교각, 맞꼭지각, 엇각, 동위각, 평각, 직교, 수선의 발, 작도, 대변, 대각, 삼각형의 합동 조건, 내각, 외각, 부채꼴, 중심각, 호, 현, 활꼴, 할선, 다면체, 각뿔대, 정다면체, 회전체, 회전축, 원뿔대, 증명, 접선, 접점, 접한다, 외심, 외접, 외접원, 내심, 내접, 내접원, 중선, 무게중심, 닮음, 닮음비, 삼각형의 닮음 조건, 피타고라스 정리, 삼각비, 사인, 코사인, 탄젠트, 원주각 등을 다룸 | curriculum_math_2022: printed p. 38; [9수03-16]; achievement_standard; 삼각비의 뜻을 알고 간단한 삼각비의 값을 구하는 성취기준 | achievement_math_2022: 삼각비 section; [9수03-16]~[9수03-17] achievement levels; achievement_level; 삼각비의 뜻, 30도·45도·60도 삼각비의 값, 직각삼각형의 삼각비 값, 거리와 높이 및 삼각형 넓이 활용 수준을 구분","작도와 합동 단원의 대변 용어와 연결하되, 삼각비에서는 기준각에 따른 변 역할로 분리한다.",related_ref;textbook_page_refs,Find textbook wording or examples that justify keeping these concepts linked.,pending_textbook_pdf,,,,,,,,,,
