packet_rank,grade,domain,unit,edge_id,edge_scope,source_id,source_label_ko,source_unit,target_id,target_label_ko,target_unit,relationship_type,confidence,source_ref_count,current_source_refs,notes,required_evidence_fields,evidence_focus,extraction_status,structure_ref,prerequisite_ref,representation_ref,procedure_ref,contrast_ref,misconception_ref,problem_pattern_ref,related_ref,textbook_page_refs,extraction_notes
9,중3(교육과정 학년군: 중1-3),변화와 관계,다항식의 곱셈과 인수분해,m1_factor_unit__contains__m1_mis_expansion_factorization_direction,intra_unit,m1_factor_unit,다항식의 곱셈과 인수분해,다항식의 곱셈과 인수분해,m1_mis_expansion_factorization_direction,전개와 인수분해 방향을 혼동하는 오류,다항식의 곱셈과 인수분해,contains,low,2,"curriculum_math_2022: printed p. 36; [9수02-19] explanation; teaching_note; 다항식의 곱셈과 인수분해의 역관계를 이해하고, m(a+b), (a±b)^2, (a+b)(a-b), (x+a)(x+b), (ax+b)(cx+d) 범위의 공식을 다룸 | achievement_math_2022: 다항식의 곱셈과 인수분해 section; [9수02-19] achievement levels; achievement_level; 다항식의 곱셈과 인수분해의 역관계 이해, 두 다항식의 곱 전개, 이차식 인수분해, 간단한 절차 수행 수준을 구분",,structure_ref;textbook_page_refs;extraction_notes,Find textbook structure evidence for the containment relation.,pending_textbook_pdf,,,,,,,,,,
9,중3(교육과정 학년군: 중1-3),변화와 관계,다항식의 곱셈과 인수분해,m1_factor_unit__contains__m1_mis_factor_common_factor_missing,intra_unit,m1_factor_unit,다항식의 곱셈과 인수분해,다항식의 곱셈과 인수분해,m1_mis_factor_common_factor_missing,공통인수를 빠뜨리는 오류,다항식의 곱셈과 인수분해,contains,low,2,"curriculum_math_2022: printed p. 36; [9수02-19] explanation; teaching_note; 다항식의 곱셈과 인수분해의 역관계를 이해하고, m(a+b), (a±b)^2, (a+b)(a-b), (x+a)(x+b), (ax+b)(cx+d) 범위의 공식을 다룸 | achievement_math_2022: 다항식의 곱셈과 인수분해 section; [9수02-19] achievement levels; achievement_level; 다항식의 곱셈과 인수분해의 역관계 이해, 두 다항식의 곱 전개, 이차식 인수분해, 간단한 절차 수행 수준을 구분",,structure_ref;textbook_page_refs;extraction_notes,Find textbook structure evidence for the containment relation.,pending_textbook_pdf,,,,,,,,,,
9,중3(교육과정 학년군: 중1-3),변화와 관계,다항식의 곱셈과 인수분해,m1_factor_unit__contains__m1_mis_factor_formula_pattern,intra_unit,m1_factor_unit,다항식의 곱셈과 인수분해,다항식의 곱셈과 인수분해,m1_mis_factor_formula_pattern,곱셈·인수분해 공식을 기계적으로 끼워 맞추는 오류,다항식의 곱셈과 인수분해,contains,low,2,"curriculum_math_2022: printed p. 36; [9수02-19] explanation; teaching_note; 다항식의 곱셈과 인수분해의 역관계를 이해하고, m(a+b), (a±b)^2, (a+b)(a-b), (x+a)(x+b), (ax+b)(cx+d) 범위의 공식을 다룸 | achievement_math_2022: 다항식의 곱셈과 인수분해 section; [9수02-19] achievement levels; achievement_level; 다항식의 곱셈과 인수분해의 역관계 이해, 두 다항식의 곱 전개, 이차식 인수분해, 간단한 절차 수행 수준을 구분",,structure_ref;textbook_page_refs;extraction_notes,Find textbook structure evidence for the containment relation.,pending_textbook_pdf,,,,,,,,,,
9,중3(교육과정 학년군: 중1-3),변화와 관계,다항식의 곱셈과 인수분해,m1_factor_unit__contains__m1_mis_factorization_unchecked_result,intra_unit,m1_factor_unit,다항식의 곱셈과 인수분해,다항식의 곱셈과 인수분해,m1_mis_factorization_unchecked_result,인수분해 결과를 확인하지 않는 오류,다항식의 곱셈과 인수분해,contains,low,2,"curriculum_math_2022: printed p. 36; [9수02-19] explanation; teaching_note; 다항식의 곱셈과 인수분해의 역관계를 이해하고, m(a+b), (a±b)^2, (a+b)(a-b), (x+a)(x+b), (ax+b)(cx+d) 범위의 공식을 다룸 | achievement_math_2022: 다항식의 곱셈과 인수분해 section; [9수02-19] achievement levels; achievement_level; 다항식의 곱셈과 인수분해의 역관계 이해, 두 다항식의 곱 전개, 이차식 인수분해, 간단한 절차 수행 수준을 구분",,structure_ref;textbook_page_refs;extraction_notes,Find textbook structure evidence for the containment relation.,pending_textbook_pdf,,,,,,,,,,
9,중3(교육과정 학년군: 중1-3),변화와 관계,다항식의 곱셈과 인수분해,m1_factor_unit__contains__m1_mis_perfect_square_sign,intra_unit,m1_factor_unit,다항식의 곱셈과 인수분해,다항식의 곱셈과 인수분해,m1_mis_perfect_square_sign,완전제곱식의 가운데 항 부호를 혼동하는 오류,다항식의 곱셈과 인수분해,contains,low,2,"curriculum_math_2022: printed p. 36; [9수02-19] explanation; teaching_note; 다항식의 곱셈과 인수분해의 역관계를 이해하고, m(a+b), (a±b)^2, (a+b)(a-b), (x+a)(x+b), (ax+b)(cx+d) 범위의 공식을 다룸 | achievement_math_2022: 다항식의 곱셈과 인수분해 section; [9수02-19] achievement levels; achievement_level; 다항식의 곱셈과 인수분해의 역관계 이해, 두 다항식의 곱 전개, 이차식 인수분해, 간단한 절차 수행 수준을 구분",,structure_ref;textbook_page_refs;extraction_notes,Find textbook structure evidence for the containment relation.,pending_textbook_pdf,,,,,,,,,,
9,중3(교육과정 학년군: 중1-3),변화와 관계,다항식의 곱셈과 인수분해,m1_mis_expansion_factorization_direction__often_confused_with__m1_factor_expansion_factorization_inverse,intra_unit,m1_mis_expansion_factorization_direction,전개와 인수분해 방향을 혼동하는 오류,다항식의 곱셈과 인수분해,m1_factor_expansion_factorization_inverse,전개와 인수분해의 역관계,다항식의 곱셈과 인수분해,often_confused_with,low,2,"curriculum_math_2022: printed p. 36; [9수02-19] explanation; teaching_note; 다항식의 곱셈과 인수분해의 역관계를 이해하고, m(a+b), (a±b)^2, (a+b)(a-b), (x+a)(x+b), (ax+b)(cx+d) 범위의 공식을 다룸 | achievement_math_2022: 다항식의 곱셈과 인수분해 section; [9수02-19] achievement levels; achievement_level; 다항식의 곱셈과 인수분해의 역관계 이해, 두 다항식의 곱 전개, 이차식 인수분해, 간단한 절차 수행 수준을 구분",,misconception_ref;problem_pattern_ref;textbook_page_refs;extraction_notes,"Find misconception, caution, example, or problem-pattern evidence for the confusion risk.",pending_textbook_pdf,,,,,,,,,,
9,중3(교육과정 학년군: 중1-3),변화와 관계,다항식의 곱셈과 인수분해,m1_mis_expansion_factorization_direction__often_confused_with__m1_factor_factorization,intra_unit,m1_mis_expansion_factorization_direction,전개와 인수분해 방향을 혼동하는 오류,다항식의 곱셈과 인수분해,m1_factor_factorization,인수분해,다항식의 곱셈과 인수분해,often_confused_with,low,2,"curriculum_math_2022: printed p. 36; [9수02-19] explanation; teaching_note; 다항식의 곱셈과 인수분해의 역관계를 이해하고, m(a+b), (a±b)^2, (a+b)(a-b), (x+a)(x+b), (ax+b)(cx+d) 범위의 공식을 다룸 | achievement_math_2022: 다항식의 곱셈과 인수분해 section; [9수02-19] achievement levels; achievement_level; 다항식의 곱셈과 인수분해의 역관계 이해, 두 다항식의 곱 전개, 이차식 인수분해, 간단한 절차 수행 수준을 구분",related_ids에서 확인된 오개념 위험 연결을 낮은 신뢰도 edge로 보강. 교과서 근거 확인 후 유지 또는 조정.,misconception_ref;problem_pattern_ref;textbook_page_refs;extraction_notes,"Find misconception, caution, example, or problem-pattern evidence for the confusion risk.",pending_textbook_pdf,,,,,,,,,,
9,중3(교육과정 학년군: 중1-3),변화와 관계,다항식의 곱셈과 인수분해,m1_mis_expansion_factorization_direction__often_confused_with__m1_factor_polynomial_multiplication,intra_unit,m1_mis_expansion_factorization_direction,전개와 인수분해 방향을 혼동하는 오류,다항식의 곱셈과 인수분해,m1_factor_polynomial_multiplication,다항식의 곱셈,다항식의 곱셈과 인수분해,often_confused_with,low,2,"curriculum_math_2022: printed p. 36; [9수02-19] explanation; teaching_note; 다항식의 곱셈과 인수분해의 역관계를 이해하고, m(a+b), (a±b)^2, (a+b)(a-b), (x+a)(x+b), (ax+b)(cx+d) 범위의 공식을 다룸 | achievement_math_2022: 다항식의 곱셈과 인수분해 section; [9수02-19] achievement levels; achievement_level; 다항식의 곱셈과 인수분해의 역관계 이해, 두 다항식의 곱 전개, 이차식 인수분해, 간단한 절차 수행 수준을 구분",,misconception_ref;problem_pattern_ref;textbook_page_refs;extraction_notes,"Find misconception, caution, example, or problem-pattern evidence for the confusion risk.",pending_textbook_pdf,,,,,,,,,,
9,중3(교육과정 학년군: 중1-3),변화와 관계,다항식의 곱셈과 인수분해,m1_mis_factor_common_factor_missing__often_confused_with__m1_factor_common_factor,intra_unit,m1_mis_factor_common_factor_missing,공통인수를 빠뜨리는 오류,다항식의 곱셈과 인수분해,m1_factor_common_factor,공통인수,다항식의 곱셈과 인수분해,often_confused_with,low,1,"curriculum_math_2022: printed p. 36; [9수02-19] explanation; teaching_note; 다항식의 곱셈과 인수분해의 역관계를 이해하고, m(a+b), (a±b)^2, (a+b)(a-b), (x+a)(x+b), (ax+b)(cx+d) 범위의 공식을 다룸",,misconception_ref;problem_pattern_ref;textbook_page_refs;extraction_notes,"Find misconception, caution, example, or problem-pattern evidence for the confusion risk.",pending_textbook_pdf,,,,,,,,,,
9,중3(교육과정 학년군: 중1-3),변화와 관계,다항식의 곱셈과 인수분해,m1_mis_factor_common_factor_missing__often_confused_with__m1_factor_common_factor_extraction,intra_unit,m1_mis_factor_common_factor_missing,공통인수를 빠뜨리는 오류,다항식의 곱셈과 인수분해,m1_factor_common_factor_extraction,공통인수로 묶기,다항식의 곱셈과 인수분해,often_confused_with,low,2,"curriculum_math_2022: printed p. 36; [9수02-19] explanation; teaching_note; 다항식의 곱셈과 인수분해의 역관계를 이해하고, m(a+b), (a±b)^2, (a+b)(a-b), (x+a)(x+b), (ax+b)(cx+d) 범위의 공식을 다룸 | achievement_math_2022: 다항식의 곱셈과 인수분해 section; [9수02-19] achievement levels; achievement_level; 다항식의 곱셈과 인수분해의 역관계 이해, 두 다항식의 곱 전개, 이차식 인수분해, 간단한 절차 수행 수준을 구분",,misconception_ref;problem_pattern_ref;textbook_page_refs;extraction_notes,"Find misconception, caution, example, or problem-pattern evidence for the confusion risk.",pending_textbook_pdf,,,,,,,,,,
9,중3(교육과정 학년군: 중1-3),변화와 관계,다항식의 곱셈과 인수분해,m1_mis_factor_common_factor_missing__often_confused_with__m1_factor_factorization,intra_unit,m1_mis_factor_common_factor_missing,공통인수를 빠뜨리는 오류,다항식의 곱셈과 인수분해,m1_factor_factorization,인수분해,다항식의 곱셈과 인수분해,often_confused_with,low,2,"curriculum_math_2022: printed p. 36; [9수02-19] explanation; teaching_note; 다항식의 곱셈과 인수분해의 역관계를 이해하고, m(a+b), (a±b)^2, (a+b)(a-b), (x+a)(x+b), (ax+b)(cx+d) 범위의 공식을 다룸 | achievement_math_2022: 다항식의 곱셈과 인수분해 section; [9수02-19] achievement levels; achievement_level; 다항식의 곱셈과 인수분해의 역관계 이해, 두 다항식의 곱 전개, 이차식 인수분해, 간단한 절차 수행 수준을 구분",related_ids에서 확인된 오개념 위험 연결을 낮은 신뢰도 edge로 보강. 교과서 근거 확인 후 유지 또는 조정.,misconception_ref;problem_pattern_ref;textbook_page_refs;extraction_notes,"Find misconception, caution, example, or problem-pattern evidence for the confusion risk.",pending_textbook_pdf,,,,,,,,,,
9,중3(교육과정 학년군: 중1-3),변화와 관계,다항식의 곱셈과 인수분해,m1_mis_factor_formula_pattern__often_confused_with__m1_factor_binomial_product_xab,intra_unit,m1_mis_factor_formula_pattern,곱셈·인수분해 공식을 기계적으로 끼워 맞추는 오류,다항식의 곱셈과 인수분해,m1_factor_binomial_product_xab,(x+a)(x+b) 공식,다항식의 곱셈과 인수분해,often_confused_with,low,2,"curriculum_math_2022: printed p. 36; [9수02-19] explanation; teaching_note; 다항식의 곱셈과 인수분해의 역관계를 이해하고, m(a+b), (a±b)^2, (a+b)(a-b), (x+a)(x+b), (ax+b)(cx+d) 범위의 공식을 다룸 | achievement_math_2022: 다항식의 곱셈과 인수분해 section; [9수02-19] achievement levels; achievement_level; 다항식의 곱셈과 인수분해의 역관계 이해, 두 다항식의 곱 전개, 이차식 인수분해, 간단한 절차 수행 수준을 구분",,misconception_ref;problem_pattern_ref;textbook_page_refs;extraction_notes,"Find misconception, caution, example, or problem-pattern evidence for the confusion risk.",pending_textbook_pdf,,,,,,,,,,
9,중3(교육과정 학년군: 중1-3),변화와 관계,다항식의 곱셈과 인수분해,m1_mis_factor_formula_pattern__often_confused_with__m1_factor_cross_term_coefficient_check,intra_unit,m1_mis_factor_formula_pattern,곱셈·인수분해 공식을 기계적으로 끼워 맞추는 오류,다항식의 곱셈과 인수분해,m1_factor_cross_term_coefficient_check,교차항 계수 확인하기,다항식의 곱셈과 인수분해,often_confused_with,low,2,"curriculum_math_2022: printed p. 36; [9수02-19] explanation; teaching_note; 다항식의 곱셈과 인수분해의 역관계를 이해하고, m(a+b), (a±b)^2, (a+b)(a-b), (x+a)(x+b), (ax+b)(cx+d) 범위의 공식을 다룸 | achievement_math_2022: 다항식의 곱셈과 인수분해 section; [9수02-19] achievement levels; achievement_level; 다항식의 곱셈과 인수분해의 역관계 이해, 두 다항식의 곱 전개, 이차식 인수분해, 간단한 절차 수행 수준을 구분",,misconception_ref;problem_pattern_ref;textbook_page_refs;extraction_notes,"Find misconception, caution, example, or problem-pattern evidence for the confusion risk.",pending_textbook_pdf,,,,,,,,,,
9,중3(교육과정 학년군: 중1-3),변화와 관계,다항식의 곱셈과 인수분해,m1_mis_factor_formula_pattern__often_confused_with__m1_factor_formula_based_factorization,intra_unit,m1_mis_factor_formula_pattern,곱셈·인수분해 공식을 기계적으로 끼워 맞추는 오류,다항식의 곱셈과 인수분해,m1_factor_formula_based_factorization,공식을 이용한 인수분해,다항식의 곱셈과 인수분해,often_confused_with,low,2,"curriculum_math_2022: printed p. 36; [9수02-19] explanation; teaching_note; 다항식의 곱셈과 인수분해의 역관계를 이해하고, m(a+b), (a±b)^2, (a+b)(a-b), (x+a)(x+b), (ax+b)(cx+d) 범위의 공식을 다룸 | achievement_math_2022: 다항식의 곱셈과 인수분해 section; [9수02-19] achievement levels; achievement_level; 다항식의 곱셈과 인수분해의 역관계 이해, 두 다항식의 곱 전개, 이차식 인수분해, 간단한 절차 수행 수준을 구분",,misconception_ref;problem_pattern_ref;textbook_page_refs;extraction_notes,"Find misconception, caution, example, or problem-pattern evidence for the confusion risk.",pending_textbook_pdf,,,,,,,,,,
9,중3(교육과정 학년군: 중1-3),변화와 관계,다항식의 곱셈과 인수분해,m1_mis_factor_formula_pattern__often_confused_with__m1_factor_formula_scope,intra_unit,m1_mis_factor_formula_pattern,곱셈·인수분해 공식을 기계적으로 끼워 맞추는 오류,다항식의 곱셈과 인수분해,m1_factor_formula_scope,다항식의 곱셈과 인수분해 공식 범위,다항식의 곱셈과 인수분해,often_confused_with,low,2,"curriculum_math_2022: printed p. 36; [9수02-19] explanation; teaching_note; 다항식의 곱셈과 인수분해의 역관계를 이해하고, m(a+b), (a±b)^2, (a+b)(a-b), (x+a)(x+b), (ax+b)(cx+d) 범위의 공식을 다룸 | achievement_math_2022: 다항식의 곱셈과 인수분해 section; [9수02-19] achievement levels; achievement_level; 다항식의 곱셈과 인수분해의 역관계 이해, 두 다항식의 곱 전개, 이차식 인수분해, 간단한 절차 수행 수준을 구분",,misconception_ref;problem_pattern_ref;textbook_page_refs;extraction_notes,"Find misconception, caution, example, or problem-pattern evidence for the confusion risk.",pending_textbook_pdf,,,,,,,,,,
9,중3(교육과정 학년군: 중1-3),변화와 관계,다항식의 곱셈과 인수분해,m1_mis_factor_formula_pattern__often_confused_with__m1_factor_formula_selection,intra_unit,m1_mis_factor_formula_pattern,곱셈·인수분해 공식을 기계적으로 끼워 맞추는 오류,다항식의 곱셈과 인수분해,m1_factor_formula_selection,곱셈·인수분해 공식 선택하기,다항식의 곱셈과 인수분해,often_confused_with,low,2,"curriculum_math_2022: printed p. 36; [9수02-19] explanation; teaching_note; 다항식의 곱셈과 인수분해의 역관계를 이해하고, m(a+b), (a±b)^2, (a+b)(a-b), (x+a)(x+b), (ax+b)(cx+d) 범위의 공식을 다룸 | achievement_math_2022: 다항식의 곱셈과 인수분해 section; [9수02-19] achievement levels; achievement_level; 다항식의 곱셈과 인수분해의 역관계 이해, 두 다항식의 곱 전개, 이차식 인수분해, 간단한 절차 수행 수준을 구분",,misconception_ref;problem_pattern_ref;textbook_page_refs;extraction_notes,"Find misconception, caution, example, or problem-pattern evidence for the confusion risk.",pending_textbook_pdf,,,,,,,,,,
9,중3(교육과정 학년군: 중1-3),변화와 관계,다항식의 곱셈과 인수분해,m1_mis_factor_formula_pattern__often_confused_with__m1_factor_linear_product_axb_cxd,intra_unit,m1_mis_factor_formula_pattern,곱셈·인수분해 공식을 기계적으로 끼워 맞추는 오류,다항식의 곱셈과 인수분해,m1_factor_linear_product_axb_cxd,(ax+b)(cx+d) 공식,다항식의 곱셈과 인수분해,often_confused_with,low,2,"curriculum_math_2022: printed p. 36; [9수02-19] explanation; teaching_note; 다항식의 곱셈과 인수분해의 역관계를 이해하고, m(a+b), (a±b)^2, (a+b)(a-b), (x+a)(x+b), (ax+b)(cx+d) 범위의 공식을 다룸 | achievement_math_2022: 다항식의 곱셈과 인수분해 section; [9수02-19] achievement levels; achievement_level; 다항식의 곱셈과 인수분해의 역관계 이해, 두 다항식의 곱 전개, 이차식 인수분해, 간단한 절차 수행 수준을 구분",related_ids에서 확인된 오개념 위험 연결을 낮은 신뢰도 edge로 보강. 교과서 근거 확인 후 유지 또는 조정.,misconception_ref;problem_pattern_ref;textbook_page_refs;extraction_notes,"Find misconception, caution, example, or problem-pattern evidence for the confusion risk.",pending_textbook_pdf,,,,,,,,,,
9,중3(교육과정 학년군: 중1-3),변화와 관계,다항식의 곱셈과 인수분해,m1_mis_factor_formula_pattern__often_confused_with__m1_factor_sum_difference_product_formula,intra_unit,m1_mis_factor_formula_pattern,곱셈·인수분해 공식을 기계적으로 끼워 맞추는 오류,다항식의 곱셈과 인수분해,m1_factor_sum_difference_product_formula,(a+b)(a-b) 공식,다항식의 곱셈과 인수분해,often_confused_with,low,2,"curriculum_math_2022: printed p. 36; [9수02-19] explanation; teaching_note; 다항식의 곱셈과 인수분해의 역관계를 이해하고, m(a+b), (a±b)^2, (a+b)(a-b), (x+a)(x+b), (ax+b)(cx+d) 범위의 공식을 다룸 | achievement_math_2022: 다항식의 곱셈과 인수분해 section; [9수02-19] achievement levels; achievement_level; 다항식의 곱셈과 인수분해의 역관계 이해, 두 다항식의 곱 전개, 이차식 인수분해, 간단한 절차 수행 수준을 구분",related_ids에서 확인된 오개념 위험 연결을 낮은 신뢰도 edge로 보강. 교과서 근거 확인 후 유지 또는 조정.,misconception_ref;problem_pattern_ref;textbook_page_refs;extraction_notes,"Find misconception, caution, example, or problem-pattern evidence for the confusion risk.",pending_textbook_pdf,,,,,,,,,,
9,중3(교육과정 학년군: 중1-3),변화와 관계,다항식의 곱셈과 인수분해,m1_mis_factor_formula_pattern__often_confused_with__m1_factor_sum_product_pair_search,intra_unit,m1_mis_factor_formula_pattern,곱셈·인수분해 공식을 기계적으로 끼워 맞추는 오류,다항식의 곱셈과 인수분해,m1_factor_sum_product_pair_search,합과 곱이 맞는 수 찾기,다항식의 곱셈과 인수분해,often_confused_with,low,2,"curriculum_math_2022: printed p. 36; [9수02-19] explanation; teaching_note; 다항식의 곱셈과 인수분해의 역관계를 이해하고, m(a+b), (a±b)^2, (a+b)(a-b), (x+a)(x+b), (ax+b)(cx+d) 범위의 공식을 다룸 | achievement_math_2022: 다항식의 곱셈과 인수분해 section; [9수02-19] achievement levels; achievement_level; 다항식의 곱셈과 인수분해의 역관계 이해, 두 다항식의 곱 전개, 이차식 인수분해, 간단한 절차 수행 수준을 구분",,misconception_ref;problem_pattern_ref;textbook_page_refs;extraction_notes,"Find misconception, caution, example, or problem-pattern evidence for the confusion risk.",pending_textbook_pdf,,,,,,,,,,
9,중3(교육과정 학년군: 중1-3),변화와 관계,다항식의 곱셈과 인수분해,m1_mis_factorization_unchecked_result__often_confused_with__m1_factor_factorization_result_check,intra_unit,m1_mis_factorization_unchecked_result,인수분해 결과를 확인하지 않는 오류,다항식의 곱셈과 인수분해,m1_factor_factorization_result_check,인수분해 결과 전개로 확인하기,다항식의 곱셈과 인수분해,often_confused_with,low,2,"curriculum_math_2022: printed p. 36; [9수02-19] explanation; teaching_note; 다항식의 곱셈과 인수분해의 역관계를 이해하고, m(a+b), (a±b)^2, (a+b)(a-b), (x+a)(x+b), (ax+b)(cx+d) 범위의 공식을 다룸 | achievement_math_2022: 다항식의 곱셈과 인수분해 section; [9수02-19] achievement levels; achievement_level; 다항식의 곱셈과 인수분해의 역관계 이해, 두 다항식의 곱 전개, 이차식 인수분해, 간단한 절차 수행 수준을 구분",,misconception_ref;problem_pattern_ref;textbook_page_refs;extraction_notes,"Find misconception, caution, example, or problem-pattern evidence for the confusion risk.",pending_textbook_pdf,,,,,,,,,,
9,중3(교육과정 학년군: 중1-3),변화와 관계,다항식의 곱셈과 인수분해,m1_mis_perfect_square_sign__often_confused_with__m1_factor_perfect_square_expression,intra_unit,m1_mis_perfect_square_sign,완전제곱식의 가운데 항 부호를 혼동하는 오류,다항식의 곱셈과 인수분해,m1_factor_perfect_square_expression,완전제곱식,다항식의 곱셈과 인수분해,often_confused_with,low,2,"curriculum_math_2022: printed p. 36; [9수02-19] explanation; teaching_note; 다항식의 곱셈과 인수분해의 역관계를 이해하고, m(a+b), (a±b)^2, (a+b)(a-b), (x+a)(x+b), (ax+b)(cx+d) 범위의 공식을 다룸 | achievement_math_2022: 다항식의 곱셈과 인수분해 section; [9수02-19] achievement levels; achievement_level; 다항식의 곱셈과 인수분해의 역관계 이해, 두 다항식의 곱 전개, 이차식 인수분해, 간단한 절차 수행 수준을 구분",,misconception_ref;problem_pattern_ref;textbook_page_refs;extraction_notes,"Find misconception, caution, example, or problem-pattern evidence for the confusion risk.",pending_textbook_pdf,,,,,,,,,,
9,중3(교육과정 학년군: 중1-3),변화와 관계,다항식의 곱셈과 인수분해,m1_mis_perfect_square_sign__often_confused_with__m1_factor_perfect_square_middle_term_check,intra_unit,m1_mis_perfect_square_sign,완전제곱식의 가운데 항 부호를 혼동하는 오류,다항식의 곱셈과 인수분해,m1_factor_perfect_square_middle_term_check,완전제곱식의 가운데 항 확인하기,다항식의 곱셈과 인수분해,often_confused_with,low,2,"curriculum_math_2022: printed p. 36; [9수02-19] explanation; teaching_note; 다항식의 곱셈과 인수분해의 역관계를 이해하고, m(a+b), (a±b)^2, (a+b)(a-b), (x+a)(x+b), (ax+b)(cx+d) 범위의 공식을 다룸 | achievement_math_2022: 다항식의 곱셈과 인수분해 section; [9수02-19] achievement levels; achievement_level; 다항식의 곱셈과 인수분해의 역관계 이해, 두 다항식의 곱 전개, 이차식 인수분해, 간단한 절차 수행 수준을 구분",,misconception_ref;problem_pattern_ref;textbook_page_refs;extraction_notes,"Find misconception, caution, example, or problem-pattern evidence for the confusion risk.",pending_textbook_pdf,,,,,,,,,,
9,중3(교육과정 학년군: 중1-3),변화와 관계,다항식의 곱셈과 인수분해,m1_mis_perfect_square_sign__often_confused_with__m1_factor_square_difference_formula,intra_unit,m1_mis_perfect_square_sign,완전제곱식의 가운데 항 부호를 혼동하는 오류,다항식의 곱셈과 인수분해,m1_factor_square_difference_formula,(a-b)^2 공식,다항식의 곱셈과 인수분해,often_confused_with,low,2,"curriculum_math_2022: printed p. 36; [9수02-19] explanation; teaching_note; 다항식의 곱셈과 인수분해의 역관계를 이해하고, m(a+b), (a±b)^2, (a+b)(a-b), (x+a)(x+b), (ax+b)(cx+d) 범위의 공식을 다룸 | achievement_math_2022: 다항식의 곱셈과 인수분해 section; [9수02-19] achievement levels; achievement_level; 다항식의 곱셈과 인수분해의 역관계 이해, 두 다항식의 곱 전개, 이차식 인수분해, 간단한 절차 수행 수준을 구분",related_ids에서 확인된 오개념 위험 연결을 낮은 신뢰도 edge로 보강. 교과서 근거 확인 후 유지 또는 조정.,misconception_ref;problem_pattern_ref;textbook_page_refs;extraction_notes,"Find misconception, caution, example, or problem-pattern evidence for the confusion risk.",pending_textbook_pdf,,,,,,,,,,
9,중3(교육과정 학년군: 중1-3),변화와 관계,다항식의 곱셈과 인수분해,m1_mis_perfect_square_sign__often_confused_with__m1_factor_square_sum_formula,intra_unit,m1_mis_perfect_square_sign,완전제곱식의 가운데 항 부호를 혼동하는 오류,다항식의 곱셈과 인수분해,m1_factor_square_sum_formula,(a+b)^2 공식,다항식의 곱셈과 인수분해,often_confused_with,low,2,"curriculum_math_2022: printed p. 36; [9수02-19] explanation; teaching_note; 다항식의 곱셈과 인수분해의 역관계를 이해하고, m(a+b), (a±b)^2, (a+b)(a-b), (x+a)(x+b), (ax+b)(cx+d) 범위의 공식을 다룸 | achievement_math_2022: 다항식의 곱셈과 인수분해 section; [9수02-19] achievement levels; achievement_level; 다항식의 곱셈과 인수분해의 역관계 이해, 두 다항식의 곱 전개, 이차식 인수분해, 간단한 절차 수행 수준을 구분",related_ids에서 확인된 오개념 위험 연결을 낮은 신뢰도 edge로 보강. 교과서 근거 확인 후 유지 또는 조정.,misconception_ref;problem_pattern_ref;textbook_page_refs;extraction_notes,"Find misconception, caution, example, or problem-pattern evidence for the confusion risk.",pending_textbook_pdf,,,,,,,,,,
9,중3(교육과정 학년군: 중1-3),변화와 관계,다항식의 곱셈과 인수분해,m1_factor_factorization__prerequisite_for__m1_quad_eq_zero_product_condition,cross_unit,m1_factor_factorization,인수분해,다항식의 곱셈과 인수분해,m1_quad_eq_zero_product_condition,각 인수가 0이 되는 조건,이차방정식,prerequisite_for,low,2,"achievement_math_2022: 이차방정식 section; [9수02-20] achievement levels; achievement_level; 이차방정식을 풀고 과정을 설명하거나 활용하며, 이차항의 계수가 1인 이차방정식을 푸는 수준을 구분 | achievement_math_2022: 다항식의 곱셈과 인수분해 section; [9수02-19] achievement levels; achievement_level; 다항식의 곱셈과 인수분해의 역관계 이해, 두 다항식의 곱 전개, 이차식 인수분해, 간단한 절차 수행 수준을 구분",,prerequisite_ref;textbook_page_refs;extraction_notes,Find textbook sequencing or prior-knowledge evidence for the prerequisite relation.,pending_textbook_pdf,,,,,,,,,,
9,중3(교육과정 학년군: 중1-3),변화와 관계,다항식의 곱셈과 인수분해,m1_mis_expansion_factorization_direction__often_confused_with__m1_calc_expansion,cross_unit,m1_mis_expansion_factorization_direction,전개와 인수분해 방향을 혼동하는 오류,다항식의 곱셈과 인수분해,m1_calc_expansion,전개,식의 계산,often_confused_with,low,2,"curriculum_math_2022: printed p. 36; [9수02-19] explanation; teaching_note; 다항식의 곱셈과 인수분해의 역관계를 이해하고, m(a+b), (a±b)^2, (a+b)(a-b), (x+a)(x+b), (ax+b)(cx+d) 범위의 공식을 다룸 | achievement_math_2022: 다항식의 곱셈과 인수분해 section; [9수02-19] achievement levels; achievement_level; 다항식의 곱셈과 인수분해의 역관계 이해, 두 다항식의 곱 전개, 이차식 인수분해, 간단한 절차 수행 수준을 구분",related_ids에서 확인된 오개념 위험 연결을 낮은 신뢰도 edge로 보강. 교과서 근거 확인 후 유지 또는 조정.,misconception_ref;problem_pattern_ref;textbook_page_refs;extraction_notes,"Find misconception, caution, example, or problem-pattern evidence for the confusion risk.",pending_textbook_pdf,,,,,,,,,,
9,중3(교육과정 학년군: 중1-3),변화와 관계,다항식의 곱셈과 인수분해,m1_mis_quadratic_expression_equation__often_confused_with__m1_factor_quadratic_expression,cross_unit,m1_mis_quadratic_expression_equation,이차식과 이차방정식을 혼동하는 오류,이차방정식,m1_factor_quadratic_expression,이차식,다항식의 곱셈과 인수분해,often_confused_with,low,2,"curriculum_math_2022: printed p. 36; terms usable in teaching and learning situations; instructional_term_list; 식의 값, 좌변, 우변, 양변, 이차식, 전개식, 연립일차방정식, 소거, 가감법, 대입법, 함수의 그래프 등은 교수·학습 상황에서 사용할 수 있음 | achievement_math_2022: 이차방정식 section; [9수02-20] achievement levels; achievement_level; 이차방정식을 풀고 과정을 설명하거나 활용하며, 이차항의 계수가 1인 이차방정식을 푸는 수준을 구분",,misconception_ref;problem_pattern_ref;textbook_page_refs;extraction_notes,"Find misconception, caution, example, or problem-pattern evidence for the confusion risk.",pending_textbook_pdf,,,,,,,,,,
9,중3(교육과정 학년군: 중1-3),변화와 관계,다항식의 곱셈과 인수분해,m1_mis_quadratic_factorization_solution__often_confused_with__m1_factor_factorization,cross_unit,m1_mis_quadratic_factorization_solution,인수분해한 식에서 해 조건을 빠뜨리는 오류,이차방정식,m1_factor_factorization,인수분해,다항식의 곱셈과 인수분해,often_confused_with,low,2,"achievement_math_2022: 이차방정식 section; [9수02-20] achievement levels; achievement_level; 이차방정식을 풀고 과정을 설명하거나 활용하며, 이차항의 계수가 1인 이차방정식을 푸는 수준을 구분 | achievement_math_2022: 다항식의 곱셈과 인수분해 section; [9수02-19] achievement levels; achievement_level; 다항식의 곱셈과 인수분해의 역관계 이해, 두 다항식의 곱 전개, 이차식 인수분해, 간단한 절차 수행 수준을 구분",related_ids에서 확인된 오개념 위험 연결을 낮은 신뢰도 edge로 보강. 교과서 근거 확인 후 유지 또는 조정.,misconception_ref;problem_pattern_ref;textbook_page_refs;extraction_notes,"Find misconception, caution, example, or problem-pattern evidence for the confusion risk.",pending_textbook_pdf,,,,,,,,,,
9,중3(교육과정 학년군: 중1-3),변화와 관계,다항식의 곱셈과 인수분해,m1_quad_eq_leading_coefficient_one_case__related_to__m1_factor_binomial_product_xab,cross_unit,m1_quad_eq_leading_coefficient_one_case,이차항의 계수가 1인 이차방정식,이차방정식,m1_factor_binomial_product_xab,(x+a)(x+b) 공식,다항식의 곱셈과 인수분해,related_to,low,3,"curriculum_math_2022: printed p. 36; [9수02-19] explanation; teaching_note; 다항식의 곱셈과 인수분해의 역관계를 이해하고, m(a+b), (a±b)^2, (a+b)(a-b), (x+a)(x+b), (ax+b)(cx+d) 범위의 공식을 다룸 | achievement_math_2022: 다항식의 곱셈과 인수분해 section; [9수02-19] achievement levels; achievement_level; 다항식의 곱셈과 인수분해의 역관계 이해, 두 다항식의 곱 전개, 이차식 인수분해, 간단한 절차 수행 수준을 구분 | achievement_math_2022: 이차방정식 section; [9수02-20] achievement levels; achievement_level; 이차방정식을 풀고 과정을 설명하거나 활용하며, 이차항의 계수가 1인 이차방정식을 푸는 수준을 구분","Coefficient-1 quadratic equations are often connected to recognizing (x+a)(x+b)-type factors, pending textbook example evidence.",related_ref;textbook_page_refs;extraction_notes,Find textbook wording or examples that justify keeping these concepts linked.,pending_textbook_pdf,,,,,,,,,,
9,중3(교육과정 학년군: 중1-3),변화와 관계,다항식의 곱셈과 인수분해,m1_factor_binomial_product_xab__contains__m1_factor_sum_product_pair_search,intra_unit,m1_factor_binomial_product_xab,(x+a)(x+b) 공식,다항식의 곱셈과 인수분해,m1_factor_sum_product_pair_search,합과 곱이 맞는 수 찾기,다항식의 곱셈과 인수분해,contains,medium,2,"curriculum_math_2022: printed p. 36; [9수02-19] explanation; teaching_note; 다항식의 곱셈과 인수분해의 역관계를 이해하고, m(a+b), (a±b)^2, (a+b)(a-b), (x+a)(x+b), (ax+b)(cx+d) 범위의 공식을 다룸 | achievement_math_2022: 다항식의 곱셈과 인수분해 section; [9수02-19] achievement levels; achievement_level; 다항식의 곱셈과 인수분해의 역관계 이해, 두 다항식의 곱 전개, 이차식 인수분해, 간단한 절차 수행 수준을 구분",,structure_ref;textbook_page_refs,Find textbook structure evidence for the containment relation.,pending_textbook_pdf,,,,,,,,,,
9,중3(교육과정 학년군: 중1-3),변화와 관계,다항식의 곱셈과 인수분해,m1_factor_factorization__contains__m1_factor_common_factor_extraction,intra_unit,m1_factor_factorization,인수분해,다항식의 곱셈과 인수분해,m1_factor_common_factor_extraction,공통인수로 묶기,다항식의 곱셈과 인수분해,contains,medium,2,"curriculum_math_2022: printed p. 36; [9수02-19] explanation; teaching_note; 다항식의 곱셈과 인수분해의 역관계를 이해하고, m(a+b), (a±b)^2, (a+b)(a-b), (x+a)(x+b), (ax+b)(cx+d) 범위의 공식을 다룸 | achievement_math_2022: 다항식의 곱셈과 인수분해 section; [9수02-19] achievement levels; achievement_level; 다항식의 곱셈과 인수분해의 역관계 이해, 두 다항식의 곱 전개, 이차식 인수분해, 간단한 절차 수행 수준을 구분",,structure_ref;textbook_page_refs,Find textbook structure evidence for the containment relation.,pending_textbook_pdf,,,,,,,,,,
9,중3(교육과정 학년군: 중1-3),변화와 관계,다항식의 곱셈과 인수분해,m1_factor_factorization__contains__m1_factor_factorization_result_check,intra_unit,m1_factor_factorization,인수분해,다항식의 곱셈과 인수분해,m1_factor_factorization_result_check,인수분해 결과 전개로 확인하기,다항식의 곱셈과 인수분해,contains,medium,2,"curriculum_math_2022: printed p. 36; [9수02-19] explanation; teaching_note; 다항식의 곱셈과 인수분해의 역관계를 이해하고, m(a+b), (a±b)^2, (a+b)(a-b), (x+a)(x+b), (ax+b)(cx+d) 범위의 공식을 다룸 | achievement_math_2022: 다항식의 곱셈과 인수분해 section; [9수02-19] achievement levels; achievement_level; 다항식의 곱셈과 인수분해의 역관계 이해, 두 다항식의 곱 전개, 이차식 인수분해, 간단한 절차 수행 수준을 구분",,structure_ref;textbook_page_refs,Find textbook structure evidence for the containment relation.,pending_textbook_pdf,,,,,,,,,,
9,중3(교육과정 학년군: 중1-3),변화와 관계,다항식의 곱셈과 인수분해,m1_factor_factorization__contains__m1_factor_quadratic_factorization,intra_unit,m1_factor_factorization,인수분해,다항식의 곱셈과 인수분해,m1_factor_quadratic_factorization,이차식 인수분해,다항식의 곱셈과 인수분해,contains,high,4,"curriculum_math_2022: printed p. 35; [9수02-19]; achievement_standard; 다항식의 곱셈과 인수분해를 하는 성취기준 | curriculum_math_2022: printed p. 36; [9수02-19] explanation; teaching_note; 다항식의 곱셈과 인수분해의 역관계를 이해하고, m(a+b), (a±b)^2, (a+b)(a-b), (x+a)(x+b), (ax+b)(cx+d) 범위의 공식을 다룸 | achievement_math_2022: 다항식의 곱셈과 인수분해 section; [9수02-19] achievement levels; achievement_level; 다항식의 곱셈과 인수분해의 역관계 이해, 두 다항식의 곱 전개, 이차식 인수분해, 간단한 절차 수행 수준을 구분 | achievement_research_report_2022: 연구보고서 p. 219; 다항식의 곱셈과 인수분해 성취기준별 성취수준; research_report_achievement_level_context; 다항식의 곱셈과 인수분해의 역관계 이해와 과정 설명, 두 다항식의 곱 전개, 이차식 인수분해, 안내된 절차 수행 수준을 구분",,structure_ref;textbook_page_refs,Find textbook structure evidence for the containment relation.,pending_textbook_pdf,,,,,,,,,,
9,중3(교육과정 학년군: 중1-3),변화와 관계,다항식의 곱셈과 인수분해,m1_factor_formula_scope__contains__m1_factor_binomial_product_xab,intra_unit,m1_factor_formula_scope,다항식의 곱셈과 인수분해 공식 범위,다항식의 곱셈과 인수분해,m1_factor_binomial_product_xab,(x+a)(x+b) 공식,다항식의 곱셈과 인수분해,contains,high,1,"curriculum_math_2022: printed p. 36; [9수02-19] explanation; teaching_note; 다항식의 곱셈과 인수분해의 역관계를 이해하고, m(a+b), (a±b)^2, (a+b)(a-b), (x+a)(x+b), (ax+b)(cx+d) 범위의 공식을 다룸",,structure_ref;textbook_page_refs,Find textbook structure evidence for the containment relation.,pending_textbook_pdf,,,,,,,,,,
9,중3(교육과정 학년군: 중1-3),변화와 관계,다항식의 곱셈과 인수분해,m1_factor_formula_scope__contains__m1_factor_common_factor_formula,intra_unit,m1_factor_formula_scope,다항식의 곱셈과 인수분해 공식 범위,다항식의 곱셈과 인수분해,m1_factor_common_factor_formula,m(a+b) 공식,다항식의 곱셈과 인수분해,contains,high,1,"curriculum_math_2022: printed p. 36; [9수02-19] explanation; teaching_note; 다항식의 곱셈과 인수분해의 역관계를 이해하고, m(a+b), (a±b)^2, (a+b)(a-b), (x+a)(x+b), (ax+b)(cx+d) 범위의 공식을 다룸",,structure_ref;textbook_page_refs,Find textbook structure evidence for the containment relation.,pending_textbook_pdf,,,,,,,,,,
9,중3(교육과정 학년군: 중1-3),변화와 관계,다항식의 곱셈과 인수분해,m1_factor_formula_scope__contains__m1_factor_formula_selection,intra_unit,m1_factor_formula_scope,다항식의 곱셈과 인수분해 공식 범위,다항식의 곱셈과 인수분해,m1_factor_formula_selection,곱셈·인수분해 공식 선택하기,다항식의 곱셈과 인수분해,contains,medium,2,"curriculum_math_2022: printed p. 36; [9수02-19] explanation; teaching_note; 다항식의 곱셈과 인수분해의 역관계를 이해하고, m(a+b), (a±b)^2, (a+b)(a-b), (x+a)(x+b), (ax+b)(cx+d) 범위의 공식을 다룸 | achievement_math_2022: 다항식의 곱셈과 인수분해 section; [9수02-19] achievement levels; achievement_level; 다항식의 곱셈과 인수분해의 역관계 이해, 두 다항식의 곱 전개, 이차식 인수분해, 간단한 절차 수행 수준을 구분",,structure_ref;textbook_page_refs,Find textbook structure evidence for the containment relation.,pending_textbook_pdf,,,,,,,,,,
9,중3(교육과정 학년군: 중1-3),변화와 관계,다항식의 곱셈과 인수분해,m1_factor_formula_scope__contains__m1_factor_linear_product_axb_cxd,intra_unit,m1_factor_formula_scope,다항식의 곱셈과 인수분해 공식 범위,다항식의 곱셈과 인수분해,m1_factor_linear_product_axb_cxd,(ax+b)(cx+d) 공식,다항식의 곱셈과 인수분해,contains,high,1,"curriculum_math_2022: printed p. 36; [9수02-19] explanation; teaching_note; 다항식의 곱셈과 인수분해의 역관계를 이해하고, m(a+b), (a±b)^2, (a+b)(a-b), (x+a)(x+b), (ax+b)(cx+d) 범위의 공식을 다룸",,structure_ref;textbook_page_refs,Find textbook structure evidence for the containment relation.,pending_textbook_pdf,,,,,,,,,,
9,중3(교육과정 학년군: 중1-3),변화와 관계,다항식의 곱셈과 인수분해,m1_factor_formula_scope__contains__m1_factor_square_difference_formula,intra_unit,m1_factor_formula_scope,다항식의 곱셈과 인수분해 공식 범위,다항식의 곱셈과 인수분해,m1_factor_square_difference_formula,(a-b)^2 공식,다항식의 곱셈과 인수분해,contains,high,1,"curriculum_math_2022: printed p. 36; [9수02-19] explanation; teaching_note; 다항식의 곱셈과 인수분해의 역관계를 이해하고, m(a+b), (a±b)^2, (a+b)(a-b), (x+a)(x+b), (ax+b)(cx+d) 범위의 공식을 다룸",,structure_ref;textbook_page_refs,Find textbook structure evidence for the containment relation.,pending_textbook_pdf,,,,,,,,,,
9,중3(교육과정 학년군: 중1-3),변화와 관계,다항식의 곱셈과 인수분해,m1_factor_formula_scope__contains__m1_factor_square_sum_formula,intra_unit,m1_factor_formula_scope,다항식의 곱셈과 인수분해 공식 범위,다항식의 곱셈과 인수분해,m1_factor_square_sum_formula,(a+b)^2 공식,다항식의 곱셈과 인수분해,contains,high,1,"curriculum_math_2022: printed p. 36; [9수02-19] explanation; teaching_note; 다항식의 곱셈과 인수분해의 역관계를 이해하고, m(a+b), (a±b)^2, (a+b)(a-b), (x+a)(x+b), (ax+b)(cx+d) 범위의 공식을 다룸",,structure_ref;textbook_page_refs,Find textbook structure evidence for the containment relation.,pending_textbook_pdf,,,,,,,,,,
9,중3(교육과정 학년군: 중1-3),변화와 관계,다항식의 곱셈과 인수분해,m1_factor_formula_scope__contains__m1_factor_sum_difference_product_formula,intra_unit,m1_factor_formula_scope,다항식의 곱셈과 인수분해 공식 범위,다항식의 곱셈과 인수분해,m1_factor_sum_difference_product_formula,(a+b)(a-b) 공식,다항식의 곱셈과 인수분해,contains,high,1,"curriculum_math_2022: printed p. 36; [9수02-19] explanation; teaching_note; 다항식의 곱셈과 인수분해의 역관계를 이해하고, m(a+b), (a±b)^2, (a+b)(a-b), (x+a)(x+b), (ax+b)(cx+d) 범위의 공식을 다룸",,structure_ref;textbook_page_refs,Find textbook structure evidence for the containment relation.,pending_textbook_pdf,,,,,,,,,,
9,중3(교육과정 학년군: 중1-3),변화와 관계,다항식의 곱셈과 인수분해,m1_factor_linear_product_axb_cxd__contains__m1_factor_cross_term_coefficient_check,intra_unit,m1_factor_linear_product_axb_cxd,(ax+b)(cx+d) 공식,다항식의 곱셈과 인수분해,m1_factor_cross_term_coefficient_check,교차항 계수 확인하기,다항식의 곱셈과 인수분해,contains,medium,2,"curriculum_math_2022: printed p. 36; [9수02-19] explanation; teaching_note; 다항식의 곱셈과 인수분해의 역관계를 이해하고, m(a+b), (a±b)^2, (a+b)(a-b), (x+a)(x+b), (ax+b)(cx+d) 범위의 공식을 다룸 | achievement_math_2022: 다항식의 곱셈과 인수분해 section; [9수02-19] achievement levels; achievement_level; 다항식의 곱셈과 인수분해의 역관계 이해, 두 다항식의 곱 전개, 이차식 인수분해, 간단한 절차 수행 수준을 구분",,structure_ref;textbook_page_refs,Find textbook structure evidence for the containment relation.,pending_textbook_pdf,,,,,,,,,,
9,중3(교육과정 학년군: 중1-3),변화와 관계,다항식의 곱셈과 인수분해,m1_factor_perfect_square_expression__contains__m1_factor_perfect_square_middle_term_check,intra_unit,m1_factor_perfect_square_expression,완전제곱식,다항식의 곱셈과 인수분해,m1_factor_perfect_square_middle_term_check,완전제곱식의 가운데 항 확인하기,다항식의 곱셈과 인수분해,contains,medium,2,"curriculum_math_2022: printed p. 36; [9수02-19] explanation; teaching_note; 다항식의 곱셈과 인수분해의 역관계를 이해하고, m(a+b), (a±b)^2, (a+b)(a-b), (x+a)(x+b), (ax+b)(cx+d) 범위의 공식을 다룸 | achievement_math_2022: 다항식의 곱셈과 인수분해 section; [9수02-19] achievement levels; achievement_level; 다항식의 곱셈과 인수분해의 역관계 이해, 두 다항식의 곱 전개, 이차식 인수분해, 간단한 절차 수행 수준을 구분",,structure_ref;textbook_page_refs,Find textbook structure evidence for the containment relation.,pending_textbook_pdf,,,,,,,,,,
9,중3(교육과정 학년군: 중1-3),변화와 관계,다항식의 곱셈과 인수분해,m1_factor_polynomial_multiplication__contains__m1_factor_expanded_form,intra_unit,m1_factor_polynomial_multiplication,다항식의 곱셈,다항식의 곱셈과 인수분해,m1_factor_expanded_form,전개식,다항식의 곱셈과 인수분해,contains,medium,3,"curriculum_math_2022: printed p. 36; terms usable in teaching and learning situations; instructional_term_list; 식의 값, 좌변, 우변, 양변, 이차식, 전개식, 연립일차방정식, 소거, 가감법, 대입법, 함수의 그래프 등은 교수·학습 상황에서 사용할 수 있음 | curriculum_math_2022: printed p. 35; [9수02-19]; achievement_standard; 다항식의 곱셈과 인수분해를 하는 성취기준 | achievement_math_2022: 다항식의 곱셈과 인수분해 section; [9수02-19] achievement levels; achievement_level; 다항식의 곱셈과 인수분해의 역관계 이해, 두 다항식의 곱 전개, 이차식 인수분해, 간단한 절차 수행 수준을 구분",,structure_ref;textbook_page_refs,Find textbook structure evidence for the containment relation.,pending_textbook_pdf,,,,,,,,,,
9,중3(교육과정 학년군: 중1-3),변화와 관계,다항식의 곱셈과 인수분해,m1_factor_polynomial_multiplication__contains__m1_factor_polynomial_product_expansion,intra_unit,m1_factor_polynomial_multiplication,다항식의 곱셈,다항식의 곱셈과 인수분해,m1_factor_polynomial_product_expansion,다항식의 곱 전개하기,다항식의 곱셈과 인수분해,contains,high,3,"curriculum_math_2022: printed p. 35; [9수02-19]; achievement_standard; 다항식의 곱셈과 인수분해를 하는 성취기준 | curriculum_math_2022: printed p. 36; [9수02-19] explanation; teaching_note; 다항식의 곱셈과 인수분해의 역관계를 이해하고, m(a+b), (a±b)^2, (a+b)(a-b), (x+a)(x+b), (ax+b)(cx+d) 범위의 공식을 다룸 | achievement_math_2022: 다항식의 곱셈과 인수분해 section; [9수02-19] achievement levels; achievement_level; 다항식의 곱셈과 인수분해의 역관계 이해, 두 다항식의 곱 전개, 이차식 인수분해, 간단한 절차 수행 수준을 구분",,structure_ref;textbook_page_refs,Find textbook structure evidence for the containment relation.,pending_textbook_pdf,,,,,,,,,,
9,중3(교육과정 학년군: 중1-3),변화와 관계,다항식의 곱셈과 인수분해,m1_factor_quadratic_factorization__contains__m1_factor_formula_based_factorization,intra_unit,m1_factor_quadratic_factorization,이차식 인수분해,다항식의 곱셈과 인수분해,m1_factor_formula_based_factorization,공식을 이용한 인수분해,다항식의 곱셈과 인수분해,contains,medium,2,"curriculum_math_2022: printed p. 36; [9수02-19] explanation; teaching_note; 다항식의 곱셈과 인수분해의 역관계를 이해하고, m(a+b), (a±b)^2, (a+b)(a-b), (x+a)(x+b), (ax+b)(cx+d) 범위의 공식을 다룸 | achievement_math_2022: 다항식의 곱셈과 인수분해 section; [9수02-19] achievement levels; achievement_level; 다항식의 곱셈과 인수분해의 역관계 이해, 두 다항식의 곱 전개, 이차식 인수분해, 간단한 절차 수행 수준을 구분",,structure_ref;textbook_page_refs,Find textbook structure evidence for the containment relation.,pending_textbook_pdf,,,,,,,,,,
9,중3(교육과정 학년군: 중1-3),변화와 관계,다항식의 곱셈과 인수분해,m1_factor_unit__contains__m1_factor_common_factor,intra_unit,m1_factor_unit,다항식의 곱셈과 인수분해,다항식의 곱셈과 인수분해,m1_factor_common_factor,공통인수,다항식의 곱셈과 인수분해,contains,medium,1,"curriculum_math_2022: printed p. 36; [9수02-19] explanation; teaching_note; 다항식의 곱셈과 인수분해의 역관계를 이해하고, m(a+b), (a±b)^2, (a+b)(a-b), (x+a)(x+b), (ax+b)(cx+d) 범위의 공식을 다룸",,structure_ref;textbook_page_refs,Find textbook structure evidence for the containment relation.,pending_textbook_pdf,,,,,,,,,,
9,중3(교육과정 학년군: 중1-3),변화와 관계,다항식의 곱셈과 인수분해,m1_factor_unit__contains__m1_factor_expansion_factorization_inverse,intra_unit,m1_factor_unit,다항식의 곱셈과 인수분해,다항식의 곱셈과 인수분해,m1_factor_expansion_factorization_inverse,전개와 인수분해의 역관계,다항식의 곱셈과 인수분해,contains,high,2,"curriculum_math_2022: printed p. 36; [9수02-19] explanation; teaching_note; 다항식의 곱셈과 인수분해의 역관계를 이해하고, m(a+b), (a±b)^2, (a+b)(a-b), (x+a)(x+b), (ax+b)(cx+d) 범위의 공식을 다룸 | achievement_math_2022: 다항식의 곱셈과 인수분해 section; [9수02-19] achievement levels; achievement_level; 다항식의 곱셈과 인수분해의 역관계 이해, 두 다항식의 곱 전개, 이차식 인수분해, 간단한 절차 수행 수준을 구분",,structure_ref;textbook_page_refs,Find textbook structure evidence for the containment relation.,pending_textbook_pdf,,,,,,,,,,
9,중3(교육과정 학년군: 중1-3),변화와 관계,다항식의 곱셈과 인수분해,m1_factor_unit__contains__m1_factor_factor,intra_unit,m1_factor_unit,다항식의 곱셈과 인수분해,다항식의 곱셈과 인수분해,m1_factor_factor,인수,다항식의 곱셈과 인수분해,contains,high,2,"curriculum_math_2022: printed p. 36; terms and symbols for 변화와 관계; term_list; 대입, 다항식, 항, 단항식, 상수항, 계수, 차수, 일차식, 동류항, 등식, 방정식, 미지수, 해, 근, 항등식, 이항, 일차방정식, 변수, 좌표, 그래프, 인수, 인수분해, 완전제곱식, 이차방정식, 중근, 근의 공식, 이차함수, 포물선, 축, 꼭짓점, 최댓값, 최솟값 등을 다룸 | curriculum_math_2022: printed p. 35; [9수02-19]; achievement_standard; 다항식의 곱셈과 인수분해를 하는 성취기준",,structure_ref;textbook_page_refs,Find textbook structure evidence for the containment relation.,pending_textbook_pdf,,,,,,,,,,
9,중3(교육과정 학년군: 중1-3),변화와 관계,다항식의 곱셈과 인수분해,m1_factor_unit__contains__m1_factor_factorization,intra_unit,m1_factor_unit,다항식의 곱셈과 인수분해,다항식의 곱셈과 인수분해,m1_factor_factorization,인수분해,다항식의 곱셈과 인수분해,contains,high,3,"curriculum_math_2022: printed p. 35; [9수02-19]; achievement_standard; 다항식의 곱셈과 인수분해를 하는 성취기준 | curriculum_math_2022: printed p. 36; terms and symbols for 변화와 관계; term_list; 대입, 다항식, 항, 단항식, 상수항, 계수, 차수, 일차식, 동류항, 등식, 방정식, 미지수, 해, 근, 항등식, 이항, 일차방정식, 변수, 좌표, 그래프, 인수, 인수분해, 완전제곱식, 이차방정식, 중근, 근의 공식, 이차함수, 포물선, 축, 꼭짓점, 최댓값, 최솟값 등을 다룸 | achievement_math_2022: 다항식의 곱셈과 인수분해 section; [9수02-19] achievement levels; achievement_level; 다항식의 곱셈과 인수분해의 역관계 이해, 두 다항식의 곱 전개, 이차식 인수분해, 간단한 절차 수행 수준을 구분",,structure_ref;textbook_page_refs,Find textbook structure evidence for the containment relation.,pending_textbook_pdf,,,,,,,,,,
9,중3(교육과정 학년군: 중1-3),변화와 관계,다항식의 곱셈과 인수분해,m1_factor_unit__contains__m1_factor_formula_scope,intra_unit,m1_factor_unit,다항식의 곱셈과 인수분해,다항식의 곱셈과 인수분해,m1_factor_formula_scope,다항식의 곱셈과 인수분해 공식 범위,다항식의 곱셈과 인수분해,contains,high,1,"curriculum_math_2022: printed p. 36; [9수02-19] explanation; teaching_note; 다항식의 곱셈과 인수분해의 역관계를 이해하고, m(a+b), (a±b)^2, (a+b)(a-b), (x+a)(x+b), (ax+b)(cx+d) 범위의 공식을 다룸",,structure_ref;textbook_page_refs,Find textbook structure evidence for the containment relation.,pending_textbook_pdf,,,,,,,,,,
9,중3(교육과정 학년군: 중1-3),변화와 관계,다항식의 곱셈과 인수분해,m1_factor_unit__contains__m1_factor_perfect_square_expression,intra_unit,m1_factor_unit,다항식의 곱셈과 인수분해,다항식의 곱셈과 인수분해,m1_factor_perfect_square_expression,완전제곱식,다항식의 곱셈과 인수분해,contains,high,2,"curriculum_math_2022: printed p. 36; terms and symbols for 변화와 관계; term_list; 대입, 다항식, 항, 단항식, 상수항, 계수, 차수, 일차식, 동류항, 등식, 방정식, 미지수, 해, 근, 항등식, 이항, 일차방정식, 변수, 좌표, 그래프, 인수, 인수분해, 완전제곱식, 이차방정식, 중근, 근의 공식, 이차함수, 포물선, 축, 꼭짓점, 최댓값, 최솟값 등을 다룸 | curriculum_math_2022: printed p. 36; [9수02-19] explanation; teaching_note; 다항식의 곱셈과 인수분해의 역관계를 이해하고, m(a+b), (a±b)^2, (a+b)(a-b), (x+a)(x+b), (ax+b)(cx+d) 범위의 공식을 다룸",,structure_ref;textbook_page_refs,Find textbook structure evidence for the containment relation.,pending_textbook_pdf,,,,,,,,,,
9,중3(교육과정 학년군: 중1-3),변화와 관계,다항식의 곱셈과 인수분해,m1_factor_unit__contains__m1_factor_polynomial_multiplication,intra_unit,m1_factor_unit,다항식의 곱셈과 인수분해,다항식의 곱셈과 인수분해,m1_factor_polynomial_multiplication,다항식의 곱셈,다항식의 곱셈과 인수분해,contains,high,3,"curriculum_math_2022: printed p. 35; [9수02-19]; achievement_standard; 다항식의 곱셈과 인수분해를 하는 성취기준 | curriculum_math_2022: printed p. 36; [9수02-19] explanation; teaching_note; 다항식의 곱셈과 인수분해의 역관계를 이해하고, m(a+b), (a±b)^2, (a+b)(a-b), (x+a)(x+b), (ax+b)(cx+d) 범위의 공식을 다룸 | achievement_math_2022: 다항식의 곱셈과 인수분해 section; [9수02-19] achievement levels; achievement_level; 다항식의 곱셈과 인수분해의 역관계 이해, 두 다항식의 곱 전개, 이차식 인수분해, 간단한 절차 수행 수준을 구분",,structure_ref;textbook_page_refs,Find textbook structure evidence for the containment relation.,pending_textbook_pdf,,,,,,,,,,
9,중3(교육과정 학년군: 중1-3),변화와 관계,다항식의 곱셈과 인수분해,m1_factor_unit__contains__m1_factor_quadratic_expression,intra_unit,m1_factor_unit,다항식의 곱셈과 인수분해,다항식의 곱셈과 인수분해,m1_factor_quadratic_expression,이차식,다항식의 곱셈과 인수분해,contains,medium,2,"curriculum_math_2022: printed p. 36; terms usable in teaching and learning situations; instructional_term_list; 식의 값, 좌변, 우변, 양변, 이차식, 전개식, 연립일차방정식, 소거, 가감법, 대입법, 함수의 그래프 등은 교수·학습 상황에서 사용할 수 있음 | achievement_math_2022: 다항식의 곱셈과 인수분해 section; [9수02-19] achievement levels; achievement_level; 다항식의 곱셈과 인수분해의 역관계 이해, 두 다항식의 곱 전개, 이차식 인수분해, 간단한 절차 수행 수준을 구분",,structure_ref;textbook_page_refs,Find textbook structure evidence for the containment relation.,pending_textbook_pdf,,,,,,,,,,
9,중3(교육과정 학년군: 중1-3),변화와 관계,다항식의 곱셈과 인수분해,m1_factor_binomial_product_xab__prerequisite_for__m1_factor_sum_product_pair_search,intra_unit,m1_factor_binomial_product_xab,(x+a)(x+b) 공식,다항식의 곱셈과 인수분해,m1_factor_sum_product_pair_search,합과 곱이 맞는 수 찾기,다항식의 곱셈과 인수분해,prerequisite_for,medium,2,"curriculum_math_2022: printed p. 36; [9수02-19] explanation; teaching_note; 다항식의 곱셈과 인수분해의 역관계를 이해하고, m(a+b), (a±b)^2, (a+b)(a-b), (x+a)(x+b), (ax+b)(cx+d) 범위의 공식을 다룸 | achievement_math_2022: 다항식의 곱셈과 인수분해 section; [9수02-19] achievement levels; achievement_level; 다항식의 곱셈과 인수분해의 역관계 이해, 두 다항식의 곱 전개, 이차식 인수분해, 간단한 절차 수행 수준을 구분",,prerequisite_ref;textbook_page_refs,Find textbook sequencing or prior-knowledge evidence for the prerequisite relation.,pending_textbook_pdf,,,,,,,,,,
9,중3(교육과정 학년군: 중1-3),변화와 관계,다항식의 곱셈과 인수분해,m1_factor_common_factor__prerequisite_for__m1_factor_common_factor_extraction,intra_unit,m1_factor_common_factor,공통인수,다항식의 곱셈과 인수분해,m1_factor_common_factor_extraction,공통인수로 묶기,다항식의 곱셈과 인수분해,prerequisite_for,medium,2,"curriculum_math_2022: printed p. 36; [9수02-19] explanation; teaching_note; 다항식의 곱셈과 인수분해의 역관계를 이해하고, m(a+b), (a±b)^2, (a+b)(a-b), (x+a)(x+b), (ax+b)(cx+d) 범위의 공식을 다룸 | achievement_math_2022: 다항식의 곱셈과 인수분해 section; [9수02-19] achievement levels; achievement_level; 다항식의 곱셈과 인수분해의 역관계 이해, 두 다항식의 곱 전개, 이차식 인수분해, 간단한 절차 수행 수준을 구분",,prerequisite_ref;textbook_page_refs,Find textbook sequencing or prior-knowledge evidence for the prerequisite relation.,pending_textbook_pdf,,,,,,,,,,
9,중3(교육과정 학년군: 중1-3),변화와 관계,다항식의 곱셈과 인수분해,m1_factor_common_factor__prerequisite_for__m1_factor_common_factor_formula,intra_unit,m1_factor_common_factor,공통인수,다항식의 곱셈과 인수분해,m1_factor_common_factor_formula,m(a+b) 공식,다항식의 곱셈과 인수분해,prerequisite_for,high,1,"curriculum_math_2022: printed p. 36; [9수02-19] explanation; teaching_note; 다항식의 곱셈과 인수분해의 역관계를 이해하고, m(a+b), (a±b)^2, (a+b)(a-b), (x+a)(x+b), (ax+b)(cx+d) 범위의 공식을 다룸",,prerequisite_ref;textbook_page_refs,Find textbook sequencing or prior-knowledge evidence for the prerequisite relation.,pending_textbook_pdf,,,,,,,,,,
9,중3(교육과정 학년군: 중1-3),변화와 관계,다항식의 곱셈과 인수분해,m1_factor_expansion_factorization_inverse__prerequisite_for__m1_factor_factorization_result_check,intra_unit,m1_factor_expansion_factorization_inverse,전개와 인수분해의 역관계,다항식의 곱셈과 인수분해,m1_factor_factorization_result_check,인수분해 결과 전개로 확인하기,다항식의 곱셈과 인수분해,prerequisite_for,medium,2,"curriculum_math_2022: printed p. 36; [9수02-19] explanation; teaching_note; 다항식의 곱셈과 인수분해의 역관계를 이해하고, m(a+b), (a±b)^2, (a+b)(a-b), (x+a)(x+b), (ax+b)(cx+d) 범위의 공식을 다룸 | achievement_math_2022: 다항식의 곱셈과 인수분해 section; [9수02-19] achievement levels; achievement_level; 다항식의 곱셈과 인수분해의 역관계 이해, 두 다항식의 곱 전개, 이차식 인수분해, 간단한 절차 수행 수준을 구분",,prerequisite_ref;textbook_page_refs,Find textbook sequencing or prior-knowledge evidence for the prerequisite relation.,pending_textbook_pdf,,,,,,,,,,
9,중3(교육과정 학년군: 중1-3),변화와 관계,다항식의 곱셈과 인수분해,m1_factor_factor__prerequisite_for__m1_factor_common_factor,intra_unit,m1_factor_factor,인수,다항식의 곱셈과 인수분해,m1_factor_common_factor,공통인수,다항식의 곱셈과 인수분해,prerequisite_for,medium,3,"curriculum_math_2022: printed p. 35; [9수02-19]; achievement_standard; 다항식의 곱셈과 인수분해를 하는 성취기준 | curriculum_math_2022: printed p. 36; [9수02-19] explanation; teaching_note; 다항식의 곱셈과 인수분해의 역관계를 이해하고, m(a+b), (a±b)^2, (a+b)(a-b), (x+a)(x+b), (ax+b)(cx+d) 범위의 공식을 다룸 | achievement_math_2022: 다항식의 곱셈과 인수분해 section; [9수02-19] achievement levels; achievement_level; 다항식의 곱셈과 인수분해의 역관계 이해, 두 다항식의 곱 전개, 이차식 인수분해, 간단한 절차 수행 수준을 구분",,prerequisite_ref;textbook_page_refs,Find textbook sequencing or prior-knowledge evidence for the prerequisite relation.,pending_textbook_pdf,,,,,,,,,,
9,중3(교육과정 학년군: 중1-3),변화와 관계,다항식의 곱셈과 인수분해,m1_factor_factor__prerequisite_for__m1_factor_factorization,intra_unit,m1_factor_factor,인수,다항식의 곱셈과 인수분해,m1_factor_factorization,인수분해,다항식의 곱셈과 인수분해,prerequisite_for,high,5,"curriculum_math_2022: printed p. 35; [9수02-19]; achievement_standard; 다항식의 곱셈과 인수분해를 하는 성취기준 | curriculum_math_2022: printed p. 36; [9수02-19] explanation; teaching_note; 다항식의 곱셈과 인수분해의 역관계를 이해하고, m(a+b), (a±b)^2, (a+b)(a-b), (x+a)(x+b), (ax+b)(cx+d) 범위의 공식을 다룸 | curriculum_math_2022: printed p. 36; terms and symbols for 변화와 관계; term_list; 대입, 다항식, 항, 단항식, 상수항, 계수, 차수, 일차식, 동류항, 등식, 방정식, 미지수, 해, 근, 항등식, 이항, 일차방정식, 변수, 좌표, 그래프, 인수, 인수분해, 완전제곱식, 이차방정식, 중근, 근의 공식, 이차함수, 포물선, 축, 꼭짓점, 최댓값, 최솟값 등을 다룸 | achievement_math_2022: 다항식의 곱셈과 인수분해 section; [9수02-19] achievement levels; achievement_level; 다항식의 곱셈과 인수분해의 역관계 이해, 두 다항식의 곱 전개, 이차식 인수분해, 간단한 절차 수행 수준을 구분 | achievement_research_report_2022: 연구보고서 p. 219; 다항식의 곱셈과 인수분해 성취기준별 성취수준; research_report_achievement_level_context; 다항식의 곱셈과 인수분해의 역관계 이해와 과정 설명, 두 다항식의 곱 전개, 이차식 인수분해, 안내된 절차 수행 수준을 구분",,prerequisite_ref;textbook_page_refs,Find textbook sequencing or prior-knowledge evidence for the prerequisite relation.,pending_textbook_pdf,,,,,,,,,,
9,중3(교육과정 학년군: 중1-3),변화와 관계,다항식의 곱셈과 인수분해,m1_factor_factorization__prerequisite_for__m1_factor_expansion_factorization_inverse,intra_unit,m1_factor_factorization,인수분해,다항식의 곱셈과 인수분해,m1_factor_expansion_factorization_inverse,전개와 인수분해의 역관계,다항식의 곱셈과 인수분해,prerequisite_for,high,3,"curriculum_math_2022: printed p. 36; [9수02-19] explanation; teaching_note; 다항식의 곱셈과 인수분해의 역관계를 이해하고, m(a+b), (a±b)^2, (a+b)(a-b), (x+a)(x+b), (ax+b)(cx+d) 범위의 공식을 다룸 | achievement_math_2022: 다항식의 곱셈과 인수분해 section; [9수02-19] achievement levels; achievement_level; 다항식의 곱셈과 인수분해의 역관계 이해, 두 다항식의 곱 전개, 이차식 인수분해, 간단한 절차 수행 수준을 구분 | achievement_research_report_2022: 연구보고서 p. 219; 다항식의 곱셈과 인수분해 성취기준별 성취수준; research_report_achievement_level_context; 다항식의 곱셈과 인수분해의 역관계 이해와 과정 설명, 두 다항식의 곱 전개, 이차식 인수분해, 안내된 절차 수행 수준을 구분",,prerequisite_ref;textbook_page_refs,Find textbook sequencing or prior-knowledge evidence for the prerequisite relation.,pending_textbook_pdf,,,,,,,,,,
9,중3(교육과정 학년군: 중1-3),변화와 관계,다항식의 곱셈과 인수분해,m1_factor_factorization__prerequisite_for__m1_factor_factorization_result_check,intra_unit,m1_factor_factorization,인수분해,다항식의 곱셈과 인수분해,m1_factor_factorization_result_check,인수분해 결과 전개로 확인하기,다항식의 곱셈과 인수분해,prerequisite_for,medium,2,"curriculum_math_2022: printed p. 36; [9수02-19] explanation; teaching_note; 다항식의 곱셈과 인수분해의 역관계를 이해하고, m(a+b), (a±b)^2, (a+b)(a-b), (x+a)(x+b), (ax+b)(cx+d) 범위의 공식을 다룸 | achievement_math_2022: 다항식의 곱셈과 인수분해 section; [9수02-19] achievement levels; achievement_level; 다항식의 곱셈과 인수분해의 역관계 이해, 두 다항식의 곱 전개, 이차식 인수분해, 간단한 절차 수행 수준을 구분",,prerequisite_ref;textbook_page_refs,Find textbook sequencing or prior-knowledge evidence for the prerequisite relation.,pending_textbook_pdf,,,,,,,,,,
9,중3(교육과정 학년군: 중1-3),변화와 관계,다항식의 곱셈과 인수분해,m1_factor_factorization__prerequisite_for__m1_factor_formula_based_factorization,intra_unit,m1_factor_factorization,인수분해,다항식의 곱셈과 인수분해,m1_factor_formula_based_factorization,공식을 이용한 인수분해,다항식의 곱셈과 인수분해,prerequisite_for,medium,2,"curriculum_math_2022: printed p. 36; [9수02-19] explanation; teaching_note; 다항식의 곱셈과 인수분해의 역관계를 이해하고, m(a+b), (a±b)^2, (a+b)(a-b), (x+a)(x+b), (ax+b)(cx+d) 범위의 공식을 다룸 | achievement_math_2022: 다항식의 곱셈과 인수분해 section; [9수02-19] achievement levels; achievement_level; 다항식의 곱셈과 인수분해의 역관계 이해, 두 다항식의 곱 전개, 이차식 인수분해, 간단한 절차 수행 수준을 구분",,prerequisite_ref;textbook_page_refs,Find textbook sequencing or prior-knowledge evidence for the prerequisite relation.,pending_textbook_pdf,,,,,,,,,,
9,중3(교육과정 학년군: 중1-3),변화와 관계,다항식의 곱셈과 인수분해,m1_factor_factorization__prerequisite_for__m1_factor_quadratic_factorization,intra_unit,m1_factor_factorization,인수분해,다항식의 곱셈과 인수분해,m1_factor_quadratic_factorization,이차식 인수분해,다항식의 곱셈과 인수분해,prerequisite_for,high,4,"curriculum_math_2022: printed p. 35; [9수02-19]; achievement_standard; 다항식의 곱셈과 인수분해를 하는 성취기준 | curriculum_math_2022: printed p. 36; [9수02-19] explanation; teaching_note; 다항식의 곱셈과 인수분해의 역관계를 이해하고, m(a+b), (a±b)^2, (a+b)(a-b), (x+a)(x+b), (ax+b)(cx+d) 범위의 공식을 다룸 | achievement_math_2022: 다항식의 곱셈과 인수분해 section; [9수02-19] achievement levels; achievement_level; 다항식의 곱셈과 인수분해의 역관계 이해, 두 다항식의 곱 전개, 이차식 인수분해, 간단한 절차 수행 수준을 구분 | achievement_research_report_2022: 연구보고서 p. 219; 다항식의 곱셈과 인수분해 성취기준별 성취수준; research_report_achievement_level_context; 다항식의 곱셈과 인수분해의 역관계 이해와 과정 설명, 두 다항식의 곱 전개, 이차식 인수분해, 안내된 절차 수행 수준을 구분",,prerequisite_ref;textbook_page_refs,Find textbook sequencing or prior-knowledge evidence for the prerequisite relation.,pending_textbook_pdf,,,,,,,,,,
9,중3(교육과정 학년군: 중1-3),변화와 관계,다항식의 곱셈과 인수분해,m1_factor_linear_product_axb_cxd__prerequisite_for__m1_factor_cross_term_coefficient_check,intra_unit,m1_factor_linear_product_axb_cxd,(ax+b)(cx+d) 공식,다항식의 곱셈과 인수분해,m1_factor_cross_term_coefficient_check,교차항 계수 확인하기,다항식의 곱셈과 인수분해,prerequisite_for,medium,2,"curriculum_math_2022: printed p. 36; [9수02-19] explanation; teaching_note; 다항식의 곱셈과 인수분해의 역관계를 이해하고, m(a+b), (a±b)^2, (a+b)(a-b), (x+a)(x+b), (ax+b)(cx+d) 범위의 공식을 다룸 | achievement_math_2022: 다항식의 곱셈과 인수분해 section; [9수02-19] achievement levels; achievement_level; 다항식의 곱셈과 인수분해의 역관계 이해, 두 다항식의 곱 전개, 이차식 인수분해, 간단한 절차 수행 수준을 구분",,prerequisite_ref;textbook_page_refs,Find textbook sequencing or prior-knowledge evidence for the prerequisite relation.,pending_textbook_pdf,,,,,,,,,,
9,중3(교육과정 학년군: 중1-3),변화와 관계,다항식의 곱셈과 인수분해,m1_factor_perfect_square_expression__prerequisite_for__m1_factor_perfect_square_middle_term_check,intra_unit,m1_factor_perfect_square_expression,완전제곱식,다항식의 곱셈과 인수분해,m1_factor_perfect_square_middle_term_check,완전제곱식의 가운데 항 확인하기,다항식의 곱셈과 인수분해,prerequisite_for,medium,2,"curriculum_math_2022: printed p. 36; [9수02-19] explanation; teaching_note; 다항식의 곱셈과 인수분해의 역관계를 이해하고, m(a+b), (a±b)^2, (a+b)(a-b), (x+a)(x+b), (ax+b)(cx+d) 범위의 공식을 다룸 | achievement_math_2022: 다항식의 곱셈과 인수분해 section; [9수02-19] achievement levels; achievement_level; 다항식의 곱셈과 인수분해의 역관계 이해, 두 다항식의 곱 전개, 이차식 인수분해, 간단한 절차 수행 수준을 구분",,prerequisite_ref;textbook_page_refs,Find textbook sequencing or prior-knowledge evidence for the prerequisite relation.,pending_textbook_pdf,,,,,,,,,,
9,중3(교육과정 학년군: 중1-3),변화와 관계,다항식의 곱셈과 인수분해,m1_factor_quadratic_expression__prerequisite_for__m1_factor_quadratic_factorization,intra_unit,m1_factor_quadratic_expression,이차식,다항식의 곱셈과 인수분해,m1_factor_quadratic_factorization,이차식 인수분해,다항식의 곱셈과 인수분해,prerequisite_for,high,4,"curriculum_math_2022: printed p. 35; [9수02-19]; achievement_standard; 다항식의 곱셈과 인수분해를 하는 성취기준 | curriculum_math_2022: printed p. 36; [9수02-19] explanation; teaching_note; 다항식의 곱셈과 인수분해의 역관계를 이해하고, m(a+b), (a±b)^2, (a+b)(a-b), (x+a)(x+b), (ax+b)(cx+d) 범위의 공식을 다룸 | achievement_math_2022: 다항식의 곱셈과 인수분해 section; [9수02-19] achievement levels; achievement_level; 다항식의 곱셈과 인수분해의 역관계 이해, 두 다항식의 곱 전개, 이차식 인수분해, 간단한 절차 수행 수준을 구분 | achievement_research_report_2022: 연구보고서 p. 219; 다항식의 곱셈과 인수분해 성취기준별 성취수준; research_report_achievement_level_context; 다항식의 곱셈과 인수분해의 역관계 이해와 과정 설명, 두 다항식의 곱 전개, 이차식 인수분해, 안내된 절차 수행 수준을 구분",,prerequisite_ref;textbook_page_refs,Find textbook sequencing or prior-knowledge evidence for the prerequisite relation.,pending_textbook_pdf,,,,,,,,,,
9,중3(교육과정 학년군: 중1-3),변화와 관계,다항식의 곱셈과 인수분해,m1_factor_square_difference_formula__prerequisite_for__m1_factor_perfect_square_middle_term_check,intra_unit,m1_factor_square_difference_formula,(a-b)^2 공식,다항식의 곱셈과 인수분해,m1_factor_perfect_square_middle_term_check,완전제곱식의 가운데 항 확인하기,다항식의 곱셈과 인수분해,prerequisite_for,medium,2,"curriculum_math_2022: printed p. 36; [9수02-19] explanation; teaching_note; 다항식의 곱셈과 인수분해의 역관계를 이해하고, m(a+b), (a±b)^2, (a+b)(a-b), (x+a)(x+b), (ax+b)(cx+d) 범위의 공식을 다룸 | achievement_math_2022: 다항식의 곱셈과 인수분해 section; [9수02-19] achievement levels; achievement_level; 다항식의 곱셈과 인수분해의 역관계 이해, 두 다항식의 곱 전개, 이차식 인수분해, 간단한 절차 수행 수준을 구분",,prerequisite_ref;textbook_page_refs,Find textbook sequencing or prior-knowledge evidence for the prerequisite relation.,pending_textbook_pdf,,,,,,,,,,
9,중3(교육과정 학년군: 중1-3),변화와 관계,다항식의 곱셈과 인수분해,m1_factor_square_sum_formula__prerequisite_for__m1_factor_perfect_square_middle_term_check,intra_unit,m1_factor_square_sum_formula,(a+b)^2 공식,다항식의 곱셈과 인수분해,m1_factor_perfect_square_middle_term_check,완전제곱식의 가운데 항 확인하기,다항식의 곱셈과 인수분해,prerequisite_for,medium,2,"curriculum_math_2022: printed p. 36; [9수02-19] explanation; teaching_note; 다항식의 곱셈과 인수분해의 역관계를 이해하고, m(a+b), (a±b)^2, (a+b)(a-b), (x+a)(x+b), (ax+b)(cx+d) 범위의 공식을 다룸 | achievement_math_2022: 다항식의 곱셈과 인수분해 section; [9수02-19] achievement levels; achievement_level; 다항식의 곱셈과 인수분해의 역관계 이해, 두 다항식의 곱 전개, 이차식 인수분해, 간단한 절차 수행 수준을 구분",,prerequisite_ref;textbook_page_refs,Find textbook sequencing or prior-knowledge evidence for the prerequisite relation.,pending_textbook_pdf,,,,,,,,,,
9,중3(교육과정 학년군: 중1-3),변화와 관계,다항식의 곱셈과 인수분해,m1_factor_perfect_square_expression__represented_by__m1_factor_square_difference_formula,intra_unit,m1_factor_perfect_square_expression,완전제곱식,다항식의 곱셈과 인수분해,m1_factor_square_difference_formula,(a-b)^2 공식,다항식의 곱셈과 인수분해,represented_by,high,2,"curriculum_math_2022: printed p. 36; [9수02-19] explanation; teaching_note; 다항식의 곱셈과 인수분해의 역관계를 이해하고, m(a+b), (a±b)^2, (a+b)(a-b), (x+a)(x+b), (ax+b)(cx+d) 범위의 공식을 다룸 | achievement_math_2022: 다항식의 곱셈과 인수분해 section; [9수02-19] achievement levels; achievement_level; 다항식의 곱셈과 인수분해의 역관계 이해, 두 다항식의 곱 전개, 이차식 인수분해, 간단한 절차 수행 수준을 구분",,representation_ref;textbook_page_refs,"Find textbook representation evidence such as a table, graph, expression, or diagram.",pending_textbook_pdf,,,,,,,,,,
9,중3(교육과정 학년군: 중1-3),변화와 관계,다항식의 곱셈과 인수분해,m1_factor_perfect_square_expression__represented_by__m1_factor_square_sum_formula,intra_unit,m1_factor_perfect_square_expression,완전제곱식,다항식의 곱셈과 인수분해,m1_factor_square_sum_formula,(a+b)^2 공식,다항식의 곱셈과 인수분해,represented_by,high,2,"curriculum_math_2022: printed p. 36; [9수02-19] explanation; teaching_note; 다항식의 곱셈과 인수분해의 역관계를 이해하고, m(a+b), (a±b)^2, (a+b)(a-b), (x+a)(x+b), (ax+b)(cx+d) 범위의 공식을 다룸 | achievement_math_2022: 다항식의 곱셈과 인수분해 section; [9수02-19] achievement levels; achievement_level; 다항식의 곱셈과 인수분해의 역관계 이해, 두 다항식의 곱 전개, 이차식 인수분해, 간단한 절차 수행 수준을 구분",,representation_ref;textbook_page_refs,"Find textbook representation evidence such as a table, graph, expression, or diagram.",pending_textbook_pdf,,,,,,,,,,
9,중3(교육과정 학년군: 중1-3),변화와 관계,다항식의 곱셈과 인수분해,m1_factor_polynomial_multiplication__represented_by__m1_factor_expanded_form,intra_unit,m1_factor_polynomial_multiplication,다항식의 곱셈,다항식의 곱셈과 인수분해,m1_factor_expanded_form,전개식,다항식의 곱셈과 인수분해,represented_by,medium,3,"curriculum_math_2022: printed p. 36; terms usable in teaching and learning situations; instructional_term_list; 식의 값, 좌변, 우변, 양변, 이차식, 전개식, 연립일차방정식, 소거, 가감법, 대입법, 함수의 그래프 등은 교수·학습 상황에서 사용할 수 있음 | curriculum_math_2022: printed p. 35; [9수02-19]; achievement_standard; 다항식의 곱셈과 인수분해를 하는 성취기준 | achievement_math_2022: 다항식의 곱셈과 인수분해 section; [9수02-19] achievement levels; achievement_level; 다항식의 곱셈과 인수분해의 역관계 이해, 두 다항식의 곱 전개, 이차식 인수분해, 간단한 절차 수행 수준을 구분",,representation_ref;textbook_page_refs,"Find textbook representation evidence such as a table, graph, expression, or diagram.",pending_textbook_pdf,,,,,,,,,,
9,중3(교육과정 학년군: 중1-3),변화와 관계,다항식의 곱셈과 인수분해,m1_factor_polynomial_product_expansion__represented_by__m1_factor_expanded_form,intra_unit,m1_factor_polynomial_product_expansion,다항식의 곱 전개하기,다항식의 곱셈과 인수분해,m1_factor_expanded_form,전개식,다항식의 곱셈과 인수분해,represented_by,medium,3,"curriculum_math_2022: printed p. 35; [9수02-19]; achievement_standard; 다항식의 곱셈과 인수분해를 하는 성취기준 | curriculum_math_2022: printed p. 36; [9수02-19] explanation; teaching_note; 다항식의 곱셈과 인수분해의 역관계를 이해하고, m(a+b), (a±b)^2, (a+b)(a-b), (x+a)(x+b), (ax+b)(cx+d) 범위의 공식을 다룸 | achievement_math_2022: 다항식의 곱셈과 인수분해 section; [9수02-19] achievement levels; achievement_level; 다항식의 곱셈과 인수분해의 역관계 이해, 두 다항식의 곱 전개, 이차식 인수분해, 간단한 절차 수행 수준을 구분",,representation_ref;textbook_page_refs,"Find textbook representation evidence such as a table, graph, expression, or diagram.",pending_textbook_pdf,,,,,,,,,,
9,중3(교육과정 학년군: 중1-3),변화와 관계,다항식의 곱셈과 인수분해,m1_factor_quadratic_expression__represented_by__m1_factor_binomial_product_xab,intra_unit,m1_factor_quadratic_expression,이차식,다항식의 곱셈과 인수분해,m1_factor_binomial_product_xab,(x+a)(x+b) 공식,다항식의 곱셈과 인수분해,represented_by,high,3,"curriculum_math_2022: printed p. 36; [9수02-19] explanation; teaching_note; 다항식의 곱셈과 인수분해의 역관계를 이해하고, m(a+b), (a±b)^2, (a+b)(a-b), (x+a)(x+b), (ax+b)(cx+d) 범위의 공식을 다룸 | achievement_math_2022: 다항식의 곱셈과 인수분해 section; [9수02-19] achievement levels; achievement_level; 다항식의 곱셈과 인수분해의 역관계 이해, 두 다항식의 곱 전개, 이차식 인수분해, 간단한 절차 수행 수준을 구분 | achievement_research_report_2022: 연구보고서 p. 219; 다항식의 곱셈과 인수분해 성취기준별 성취수준; research_report_achievement_level_context; 다항식의 곱셈과 인수분해의 역관계 이해와 과정 설명, 두 다항식의 곱 전개, 이차식 인수분해, 안내된 절차 수행 수준을 구분",,representation_ref;textbook_page_refs,"Find textbook representation evidence such as a table, graph, expression, or diagram.",pending_textbook_pdf,,,,,,,,,,
9,중3(교육과정 학년군: 중1-3),변화와 관계,다항식의 곱셈과 인수분해,m1_factor_quadratic_expression__represented_by__m1_factor_linear_product_axb_cxd,intra_unit,m1_factor_quadratic_expression,이차식,다항식의 곱셈과 인수분해,m1_factor_linear_product_axb_cxd,(ax+b)(cx+d) 공식,다항식의 곱셈과 인수분해,represented_by,high,3,"curriculum_math_2022: printed p. 36; [9수02-19] explanation; teaching_note; 다항식의 곱셈과 인수분해의 역관계를 이해하고, m(a+b), (a±b)^2, (a+b)(a-b), (x+a)(x+b), (ax+b)(cx+d) 범위의 공식을 다룸 | achievement_math_2022: 다항식의 곱셈과 인수분해 section; [9수02-19] achievement levels; achievement_level; 다항식의 곱셈과 인수분해의 역관계 이해, 두 다항식의 곱 전개, 이차식 인수분해, 간단한 절차 수행 수준을 구분 | achievement_research_report_2022: 연구보고서 p. 219; 다항식의 곱셈과 인수분해 성취기준별 성취수준; research_report_achievement_level_context; 다항식의 곱셈과 인수분해의 역관계 이해와 과정 설명, 두 다항식의 곱 전개, 이차식 인수분해, 안내된 절차 수행 수준을 구분",,representation_ref;textbook_page_refs,"Find textbook representation evidence such as a table, graph, expression, or diagram.",pending_textbook_pdf,,,,,,,,,,
9,중3(교육과정 학년군: 중1-3),변화와 관계,다항식의 곱셈과 인수분해,m1_factor_binomial_product_xab__used_in__m1_factor_factorization,intra_unit,m1_factor_binomial_product_xab,(x+a)(x+b) 공식,다항식의 곱셈과 인수분해,m1_factor_factorization,인수분해,다항식의 곱셈과 인수분해,used_in,high,3,"curriculum_math_2022: printed p. 36; [9수02-19] explanation; teaching_note; 다항식의 곱셈과 인수분해의 역관계를 이해하고, m(a+b), (a±b)^2, (a+b)(a-b), (x+a)(x+b), (ax+b)(cx+d) 범위의 공식을 다룸 | achievement_math_2022: 다항식의 곱셈과 인수분해 section; [9수02-19] achievement levels; achievement_level; 다항식의 곱셈과 인수분해의 역관계 이해, 두 다항식의 곱 전개, 이차식 인수분해, 간단한 절차 수행 수준을 구분 | achievement_research_report_2022: 연구보고서 p. 219; 다항식의 곱셈과 인수분해 성취기준별 성취수준; research_report_achievement_level_context; 다항식의 곱셈과 인수분해의 역관계 이해와 과정 설명, 두 다항식의 곱 전개, 이차식 인수분해, 안내된 절차 수행 수준을 구분",,procedure_ref;textbook_page_refs,"Find a worked example, procedure, or application where this source concept is used.",pending_textbook_pdf,,,,,,,,,,
9,중3(교육과정 학년군: 중1-3),변화와 관계,다항식의 곱셈과 인수분해,m1_factor_binomial_product_xab__used_in__m1_factor_polynomial_multiplication,intra_unit,m1_factor_binomial_product_xab,(x+a)(x+b) 공식,다항식의 곱셈과 인수분해,m1_factor_polynomial_multiplication,다항식의 곱셈,다항식의 곱셈과 인수분해,used_in,high,3,"curriculum_math_2022: printed p. 36; [9수02-19] explanation; teaching_note; 다항식의 곱셈과 인수분해의 역관계를 이해하고, m(a+b), (a±b)^2, (a+b)(a-b), (x+a)(x+b), (ax+b)(cx+d) 범위의 공식을 다룸 | achievement_math_2022: 다항식의 곱셈과 인수분해 section; [9수02-19] achievement levels; achievement_level; 다항식의 곱셈과 인수분해의 역관계 이해, 두 다항식의 곱 전개, 이차식 인수분해, 간단한 절차 수행 수준을 구분 | achievement_research_report_2022: 연구보고서 p. 219; 다항식의 곱셈과 인수분해 성취기준별 성취수준; research_report_achievement_level_context; 다항식의 곱셈과 인수분해의 역관계 이해와 과정 설명, 두 다항식의 곱 전개, 이차식 인수분해, 안내된 절차 수행 수준을 구분",,procedure_ref;textbook_page_refs,"Find a worked example, procedure, or application where this source concept is used.",pending_textbook_pdf,,,,,,,,,,
9,중3(교육과정 학년군: 중1-3),변화와 관계,다항식의 곱셈과 인수분해,m1_factor_binomial_product_xab__used_in__m1_factor_quadratic_factorization,intra_unit,m1_factor_binomial_product_xab,(x+a)(x+b) 공식,다항식의 곱셈과 인수분해,m1_factor_quadratic_factorization,이차식 인수분해,다항식의 곱셈과 인수분해,used_in,high,3,"curriculum_math_2022: printed p. 36; [9수02-19] explanation; teaching_note; 다항식의 곱셈과 인수분해의 역관계를 이해하고, m(a+b), (a±b)^2, (a+b)(a-b), (x+a)(x+b), (ax+b)(cx+d) 범위의 공식을 다룸 | achievement_math_2022: 다항식의 곱셈과 인수분해 section; [9수02-19] achievement levels; achievement_level; 다항식의 곱셈과 인수분해의 역관계 이해, 두 다항식의 곱 전개, 이차식 인수분해, 간단한 절차 수행 수준을 구분 | achievement_research_report_2022: 연구보고서 p. 219; 다항식의 곱셈과 인수분해 성취기준별 성취수준; research_report_achievement_level_context; 다항식의 곱셈과 인수분해의 역관계 이해와 과정 설명, 두 다항식의 곱 전개, 이차식 인수분해, 안내된 절차 수행 수준을 구분",,procedure_ref;textbook_page_refs,"Find a worked example, procedure, or application where this source concept is used.",pending_textbook_pdf,,,,,,,,,,
9,중3(교육과정 학년군: 중1-3),변화와 관계,다항식의 곱셈과 인수분해,m1_factor_common_factor__used_in__m1_factor_common_factor_extraction,intra_unit,m1_factor_common_factor,공통인수,다항식의 곱셈과 인수분해,m1_factor_common_factor_extraction,공통인수로 묶기,다항식의 곱셈과 인수분해,used_in,medium,2,"curriculum_math_2022: printed p. 36; [9수02-19] explanation; teaching_note; 다항식의 곱셈과 인수분해의 역관계를 이해하고, m(a+b), (a±b)^2, (a+b)(a-b), (x+a)(x+b), (ax+b)(cx+d) 범위의 공식을 다룸 | achievement_math_2022: 다항식의 곱셈과 인수분해 section; [9수02-19] achievement levels; achievement_level; 다항식의 곱셈과 인수분해의 역관계 이해, 두 다항식의 곱 전개, 이차식 인수분해, 간단한 절차 수행 수준을 구분",,procedure_ref;textbook_page_refs,"Find a worked example, procedure, or application where this source concept is used.",pending_textbook_pdf,,,,,,,,,,
9,중3(교육과정 학년군: 중1-3),변화와 관계,다항식의 곱셈과 인수분해,m1_factor_common_factor__used_in__m1_factor_common_factor_formula,intra_unit,m1_factor_common_factor,공통인수,다항식의 곱셈과 인수분해,m1_factor_common_factor_formula,m(a+b) 공식,다항식의 곱셈과 인수분해,used_in,medium,1,"curriculum_math_2022: printed p. 36; [9수02-19] explanation; teaching_note; 다항식의 곱셈과 인수분해의 역관계를 이해하고, m(a+b), (a±b)^2, (a+b)(a-b), (x+a)(x+b), (ax+b)(cx+d) 범위의 공식을 다룸",,procedure_ref;textbook_page_refs,"Find a worked example, procedure, or application where this source concept is used.",pending_textbook_pdf,,,,,,,,,,
9,중3(교육과정 학년군: 중1-3),변화와 관계,다항식의 곱셈과 인수분해,m1_factor_common_factor__used_in__m1_factor_factorization,intra_unit,m1_factor_common_factor,공통인수,다항식의 곱셈과 인수분해,m1_factor_factorization,인수분해,다항식의 곱셈과 인수분해,used_in,medium,1,"curriculum_math_2022: printed p. 36; [9수02-19] explanation; teaching_note; 다항식의 곱셈과 인수분해의 역관계를 이해하고, m(a+b), (a±b)^2, (a+b)(a-b), (x+a)(x+b), (ax+b)(cx+d) 범위의 공식을 다룸",,procedure_ref;textbook_page_refs,"Find a worked example, procedure, or application where this source concept is used.",pending_textbook_pdf,,,,,,,,,,
9,중3(교육과정 학년군: 중1-3),변화와 관계,다항식의 곱셈과 인수분해,m1_factor_common_factor_extraction__used_in__m1_factor_common_factor_formula,intra_unit,m1_factor_common_factor_extraction,공통인수로 묶기,다항식의 곱셈과 인수분해,m1_factor_common_factor_formula,m(a+b) 공식,다항식의 곱셈과 인수분해,used_in,medium,1,"curriculum_math_2022: printed p. 36; [9수02-19] explanation; teaching_note; 다항식의 곱셈과 인수분해의 역관계를 이해하고, m(a+b), (a±b)^2, (a+b)(a-b), (x+a)(x+b), (ax+b)(cx+d) 범위의 공식을 다룸",,procedure_ref;textbook_page_refs,"Find a worked example, procedure, or application where this source concept is used.",pending_textbook_pdf,,,,,,,,,,
9,중3(교육과정 학년군: 중1-3),변화와 관계,다항식의 곱셈과 인수분해,m1_factor_common_factor_extraction__used_in__m1_factor_factorization,intra_unit,m1_factor_common_factor_extraction,공통인수로 묶기,다항식의 곱셈과 인수분해,m1_factor_factorization,인수분해,다항식의 곱셈과 인수분해,used_in,medium,2,"curriculum_math_2022: printed p. 36; [9수02-19] explanation; teaching_note; 다항식의 곱셈과 인수분해의 역관계를 이해하고, m(a+b), (a±b)^2, (a+b)(a-b), (x+a)(x+b), (ax+b)(cx+d) 범위의 공식을 다룸 | achievement_math_2022: 다항식의 곱셈과 인수분해 section; [9수02-19] achievement levels; achievement_level; 다항식의 곱셈과 인수분해의 역관계 이해, 두 다항식의 곱 전개, 이차식 인수분해, 간단한 절차 수행 수준을 구분",,procedure_ref;textbook_page_refs,"Find a worked example, procedure, or application where this source concept is used.",pending_textbook_pdf,,,,,,,,,,
9,중3(교육과정 학년군: 중1-3),변화와 관계,다항식의 곱셈과 인수분해,m1_factor_common_factor_formula__used_in__m1_factor_factorization,intra_unit,m1_factor_common_factor_formula,m(a+b) 공식,다항식의 곱셈과 인수분해,m1_factor_factorization,인수분해,다항식의 곱셈과 인수분해,used_in,high,1,"curriculum_math_2022: printed p. 36; [9수02-19] explanation; teaching_note; 다항식의 곱셈과 인수분해의 역관계를 이해하고, m(a+b), (a±b)^2, (a+b)(a-b), (x+a)(x+b), (ax+b)(cx+d) 범위의 공식을 다룸",,procedure_ref;textbook_page_refs,"Find a worked example, procedure, or application where this source concept is used.",pending_textbook_pdf,,,,,,,,,,
9,중3(교육과정 학년군: 중1-3),변화와 관계,다항식의 곱셈과 인수분해,m1_factor_common_factor_formula__used_in__m1_factor_polynomial_multiplication,intra_unit,m1_factor_common_factor_formula,m(a+b) 공식,다항식의 곱셈과 인수분해,m1_factor_polynomial_multiplication,다항식의 곱셈,다항식의 곱셈과 인수분해,used_in,high,1,"curriculum_math_2022: printed p. 36; [9수02-19] explanation; teaching_note; 다항식의 곱셈과 인수분해의 역관계를 이해하고, m(a+b), (a±b)^2, (a+b)(a-b), (x+a)(x+b), (ax+b)(cx+d) 범위의 공식을 다룸",,procedure_ref;textbook_page_refs,"Find a worked example, procedure, or application where this source concept is used.",pending_textbook_pdf,,,,,,,,,,
9,중3(교육과정 학년군: 중1-3),변화와 관계,다항식의 곱셈과 인수분해,m1_factor_cross_term_coefficient_check__used_in__m1_factor_quadratic_factorization,intra_unit,m1_factor_cross_term_coefficient_check,교차항 계수 확인하기,다항식의 곱셈과 인수분해,m1_factor_quadratic_factorization,이차식 인수분해,다항식의 곱셈과 인수분해,used_in,medium,2,"curriculum_math_2022: printed p. 36; [9수02-19] explanation; teaching_note; 다항식의 곱셈과 인수분해의 역관계를 이해하고, m(a+b), (a±b)^2, (a+b)(a-b), (x+a)(x+b), (ax+b)(cx+d) 범위의 공식을 다룸 | achievement_math_2022: 다항식의 곱셈과 인수분해 section; [9수02-19] achievement levels; achievement_level; 다항식의 곱셈과 인수분해의 역관계 이해, 두 다항식의 곱 전개, 이차식 인수분해, 간단한 절차 수행 수준을 구분",,procedure_ref;textbook_page_refs,"Find a worked example, procedure, or application where this source concept is used.",pending_textbook_pdf,,,,,,,,,,
9,중3(교육과정 학년군: 중1-3),변화와 관계,다항식의 곱셈과 인수분해,m1_factor_factor__used_in__m1_factor_factorization,intra_unit,m1_factor_factor,인수,다항식의 곱셈과 인수분해,m1_factor_factorization,인수분해,다항식의 곱셈과 인수분해,used_in,high,3,"curriculum_math_2022: printed p. 36; terms and symbols for 변화와 관계; term_list; 대입, 다항식, 항, 단항식, 상수항, 계수, 차수, 일차식, 동류항, 등식, 방정식, 미지수, 해, 근, 항등식, 이항, 일차방정식, 변수, 좌표, 그래프, 인수, 인수분해, 완전제곱식, 이차방정식, 중근, 근의 공식, 이차함수, 포물선, 축, 꼭짓점, 최댓값, 최솟값 등을 다룸 | curriculum_math_2022: printed p. 35; [9수02-19]; achievement_standard; 다항식의 곱셈과 인수분해를 하는 성취기준 | achievement_math_2022: 다항식의 곱셈과 인수분해 section; [9수02-19] achievement levels; achievement_level; 다항식의 곱셈과 인수분해의 역관계 이해, 두 다항식의 곱 전개, 이차식 인수분해, 간단한 절차 수행 수준을 구분",,procedure_ref;textbook_page_refs,"Find a worked example, procedure, or application where this source concept is used.",pending_textbook_pdf,,,,,,,,,,
9,중3(교육과정 학년군: 중1-3),변화와 관계,다항식의 곱셈과 인수분해,m1_factor_factorization__used_in__m1_factor_expansion_factorization_inverse,intra_unit,m1_factor_factorization,인수분해,다항식의 곱셈과 인수분해,m1_factor_expansion_factorization_inverse,전개와 인수분해의 역관계,다항식의 곱셈과 인수분해,used_in,high,2,"curriculum_math_2022: printed p. 36; [9수02-19] explanation; teaching_note; 다항식의 곱셈과 인수분해의 역관계를 이해하고, m(a+b), (a±b)^2, (a+b)(a-b), (x+a)(x+b), (ax+b)(cx+d) 범위의 공식을 다룸 | achievement_math_2022: 다항식의 곱셈과 인수분해 section; [9수02-19] achievement levels; achievement_level; 다항식의 곱셈과 인수분해의 역관계 이해, 두 다항식의 곱 전개, 이차식 인수분해, 간단한 절차 수행 수준을 구분",,procedure_ref;textbook_page_refs,"Find a worked example, procedure, or application where this source concept is used.",pending_textbook_pdf,,,,,,,,,,
9,중3(교육과정 학년군: 중1-3),변화와 관계,다항식의 곱셈과 인수분해,m1_factor_factorization__used_in__m1_factor_quadratic_factorization,intra_unit,m1_factor_factorization,인수분해,다항식의 곱셈과 인수분해,m1_factor_quadratic_factorization,이차식 인수분해,다항식의 곱셈과 인수분해,used_in,high,3,"curriculum_math_2022: printed p. 35; [9수02-19]; achievement_standard; 다항식의 곱셈과 인수분해를 하는 성취기준 | achievement_math_2022: 다항식의 곱셈과 인수분해 section; [9수02-19] achievement levels; achievement_level; 다항식의 곱셈과 인수분해의 역관계 이해, 두 다항식의 곱 전개, 이차식 인수분해, 간단한 절차 수행 수준을 구분 | achievement_research_report_2022: 연구보고서 p. 219; 다항식의 곱셈과 인수분해 성취기준별 성취수준; research_report_achievement_level_context; 다항식의 곱셈과 인수분해의 역관계 이해와 과정 설명, 두 다항식의 곱 전개, 이차식 인수분해, 안내된 절차 수행 수준을 구분",,procedure_ref;textbook_page_refs,"Find a worked example, procedure, or application where this source concept is used.",pending_textbook_pdf,,,,,,,,,,
9,중3(교육과정 학년군: 중1-3),변화와 관계,다항식의 곱셈과 인수분해,m1_factor_factorization_result_check__used_in__m1_factor_expansion_factorization_inverse,intra_unit,m1_factor_factorization_result_check,인수분해 결과 전개로 확인하기,다항식의 곱셈과 인수분해,m1_factor_expansion_factorization_inverse,전개와 인수분해의 역관계,다항식의 곱셈과 인수분해,used_in,medium,2,"curriculum_math_2022: printed p. 36; [9수02-19] explanation; teaching_note; 다항식의 곱셈과 인수분해의 역관계를 이해하고, m(a+b), (a±b)^2, (a+b)(a-b), (x+a)(x+b), (ax+b)(cx+d) 범위의 공식을 다룸 | achievement_math_2022: 다항식의 곱셈과 인수분해 section; [9수02-19] achievement levels; achievement_level; 다항식의 곱셈과 인수분해의 역관계 이해, 두 다항식의 곱 전개, 이차식 인수분해, 간단한 절차 수행 수준을 구분",,procedure_ref;textbook_page_refs,"Find a worked example, procedure, or application where this source concept is used.",pending_textbook_pdf,,,,,,,,,,
9,중3(교육과정 학년군: 중1-3),변화와 관계,다항식의 곱셈과 인수분해,m1_factor_formula_based_factorization__used_in__m1_factor_factorization,intra_unit,m1_factor_formula_based_factorization,공식을 이용한 인수분해,다항식의 곱셈과 인수분해,m1_factor_factorization,인수분해,다항식의 곱셈과 인수분해,used_in,medium,2,"curriculum_math_2022: printed p. 36; [9수02-19] explanation; teaching_note; 다항식의 곱셈과 인수분해의 역관계를 이해하고, m(a+b), (a±b)^2, (a+b)(a-b), (x+a)(x+b), (ax+b)(cx+d) 범위의 공식을 다룸 | achievement_math_2022: 다항식의 곱셈과 인수분해 section; [9수02-19] achievement levels; achievement_level; 다항식의 곱셈과 인수분해의 역관계 이해, 두 다항식의 곱 전개, 이차식 인수분해, 간단한 절차 수행 수준을 구분",,procedure_ref;textbook_page_refs,"Find a worked example, procedure, or application where this source concept is used.",pending_textbook_pdf,,,,,,,,,,
9,중3(교육과정 학년군: 중1-3),변화와 관계,다항식의 곱셈과 인수분해,m1_factor_formula_based_factorization__used_in__m1_factor_quadratic_factorization,intra_unit,m1_factor_formula_based_factorization,공식을 이용한 인수분해,다항식의 곱셈과 인수분해,m1_factor_quadratic_factorization,이차식 인수분해,다항식의 곱셈과 인수분해,used_in,medium,2,"curriculum_math_2022: printed p. 36; [9수02-19] explanation; teaching_note; 다항식의 곱셈과 인수분해의 역관계를 이해하고, m(a+b), (a±b)^2, (a+b)(a-b), (x+a)(x+b), (ax+b)(cx+d) 범위의 공식을 다룸 | achievement_math_2022: 다항식의 곱셈과 인수분해 section; [9수02-19] achievement levels; achievement_level; 다항식의 곱셈과 인수분해의 역관계 이해, 두 다항식의 곱 전개, 이차식 인수분해, 간단한 절차 수행 수준을 구분",,procedure_ref;textbook_page_refs,"Find a worked example, procedure, or application where this source concept is used.",pending_textbook_pdf,,,,,,,,,,
9,중3(교육과정 학년군: 중1-3),변화와 관계,다항식의 곱셈과 인수분해,m1_factor_formula_scope__used_in__m1_factor_formula_based_factorization,intra_unit,m1_factor_formula_scope,다항식의 곱셈과 인수분해 공식 범위,다항식의 곱셈과 인수분해,m1_factor_formula_based_factorization,공식을 이용한 인수분해,다항식의 곱셈과 인수분해,used_in,medium,2,"curriculum_math_2022: printed p. 36; [9수02-19] explanation; teaching_note; 다항식의 곱셈과 인수분해의 역관계를 이해하고, m(a+b), (a±b)^2, (a+b)(a-b), (x+a)(x+b), (ax+b)(cx+d) 범위의 공식을 다룸 | achievement_math_2022: 다항식의 곱셈과 인수분해 section; [9수02-19] achievement levels; achievement_level; 다항식의 곱셈과 인수분해의 역관계 이해, 두 다항식의 곱 전개, 이차식 인수분해, 간단한 절차 수행 수준을 구분",,procedure_ref;textbook_page_refs,"Find a worked example, procedure, or application where this source concept is used.",pending_textbook_pdf,,,,,,,,,,
9,중3(교육과정 학년군: 중1-3),변화와 관계,다항식의 곱셈과 인수분해,m1_factor_formula_scope__used_in__m1_factor_formula_selection,intra_unit,m1_factor_formula_scope,다항식의 곱셈과 인수분해 공식 범위,다항식의 곱셈과 인수분해,m1_factor_formula_selection,곱셈·인수분해 공식 선택하기,다항식의 곱셈과 인수분해,used_in,medium,2,"curriculum_math_2022: printed p. 36; [9수02-19] explanation; teaching_note; 다항식의 곱셈과 인수분해의 역관계를 이해하고, m(a+b), (a±b)^2, (a+b)(a-b), (x+a)(x+b), (ax+b)(cx+d) 범위의 공식을 다룸 | achievement_math_2022: 다항식의 곱셈과 인수분해 section; [9수02-19] achievement levels; achievement_level; 다항식의 곱셈과 인수분해의 역관계 이해, 두 다항식의 곱 전개, 이차식 인수분해, 간단한 절차 수행 수준을 구분",,procedure_ref;textbook_page_refs,"Find a worked example, procedure, or application where this source concept is used.",pending_textbook_pdf,,,,,,,,,,
9,중3(교육과정 학년군: 중1-3),변화와 관계,다항식의 곱셈과 인수분해,m1_factor_formula_scope__used_in__m1_factor_polynomial_product_expansion,intra_unit,m1_factor_formula_scope,다항식의 곱셈과 인수분해 공식 범위,다항식의 곱셈과 인수분해,m1_factor_polynomial_product_expansion,다항식의 곱 전개하기,다항식의 곱셈과 인수분해,used_in,medium,2,"curriculum_math_2022: printed p. 36; [9수02-19] explanation; teaching_note; 다항식의 곱셈과 인수분해의 역관계를 이해하고, m(a+b), (a±b)^2, (a+b)(a-b), (x+a)(x+b), (ax+b)(cx+d) 범위의 공식을 다룸 | achievement_math_2022: 다항식의 곱셈과 인수분해 section; [9수02-19] achievement levels; achievement_level; 다항식의 곱셈과 인수분해의 역관계 이해, 두 다항식의 곱 전개, 이차식 인수분해, 간단한 절차 수행 수준을 구분",,procedure_ref;textbook_page_refs,"Find a worked example, procedure, or application where this source concept is used.",pending_textbook_pdf,,,,,,,,,,
9,중3(교육과정 학년군: 중1-3),변화와 관계,다항식의 곱셈과 인수분해,m1_factor_formula_scope__used_in__m1_factor_quadratic_factorization,intra_unit,m1_factor_formula_scope,다항식의 곱셈과 인수분해 공식 범위,다항식의 곱셈과 인수분해,m1_factor_quadratic_factorization,이차식 인수분해,다항식의 곱셈과 인수분해,used_in,high,3,"curriculum_math_2022: printed p. 36; [9수02-19] explanation; teaching_note; 다항식의 곱셈과 인수분해의 역관계를 이해하고, m(a+b), (a±b)^2, (a+b)(a-b), (x+a)(x+b), (ax+b)(cx+d) 범위의 공식을 다룸 | achievement_math_2022: 다항식의 곱셈과 인수분해 section; [9수02-19] achievement levels; achievement_level; 다항식의 곱셈과 인수분해의 역관계 이해, 두 다항식의 곱 전개, 이차식 인수분해, 간단한 절차 수행 수준을 구분 | achievement_research_report_2022: 연구보고서 p. 219; 다항식의 곱셈과 인수분해 성취기준별 성취수준; research_report_achievement_level_context; 다항식의 곱셈과 인수분해의 역관계 이해와 과정 설명, 두 다항식의 곱 전개, 이차식 인수분해, 안내된 절차 수행 수준을 구분",,procedure_ref;textbook_page_refs,"Find a worked example, procedure, or application where this source concept is used.",pending_textbook_pdf,,,,,,,,,,
9,중3(교육과정 학년군: 중1-3),변화와 관계,다항식의 곱셈과 인수분해,m1_factor_formula_selection__used_in__m1_factor_factorization,intra_unit,m1_factor_formula_selection,곱셈·인수분해 공식 선택하기,다항식의 곱셈과 인수분해,m1_factor_factorization,인수분해,다항식의 곱셈과 인수분해,used_in,medium,2,"curriculum_math_2022: printed p. 36; [9수02-19] explanation; teaching_note; 다항식의 곱셈과 인수분해의 역관계를 이해하고, m(a+b), (a±b)^2, (a+b)(a-b), (x+a)(x+b), (ax+b)(cx+d) 범위의 공식을 다룸 | achievement_math_2022: 다항식의 곱셈과 인수분해 section; [9수02-19] achievement levels; achievement_level; 다항식의 곱셈과 인수분해의 역관계 이해, 두 다항식의 곱 전개, 이차식 인수분해, 간단한 절차 수행 수준을 구분",,procedure_ref;textbook_page_refs,"Find a worked example, procedure, or application where this source concept is used.",pending_textbook_pdf,,,,,,,,,,
9,중3(교육과정 학년군: 중1-3),변화와 관계,다항식의 곱셈과 인수분해,m1_factor_formula_selection__used_in__m1_factor_formula_based_factorization,intra_unit,m1_factor_formula_selection,곱셈·인수분해 공식 선택하기,다항식의 곱셈과 인수분해,m1_factor_formula_based_factorization,공식을 이용한 인수분해,다항식의 곱셈과 인수분해,used_in,medium,2,"curriculum_math_2022: printed p. 36; [9수02-19] explanation; teaching_note; 다항식의 곱셈과 인수분해의 역관계를 이해하고, m(a+b), (a±b)^2, (a+b)(a-b), (x+a)(x+b), (ax+b)(cx+d) 범위의 공식을 다룸 | achievement_math_2022: 다항식의 곱셈과 인수분해 section; [9수02-19] achievement levels; achievement_level; 다항식의 곱셈과 인수분해의 역관계 이해, 두 다항식의 곱 전개, 이차식 인수분해, 간단한 절차 수행 수준을 구분",,procedure_ref;textbook_page_refs,"Find a worked example, procedure, or application where this source concept is used.",pending_textbook_pdf,,,,,,,,,,
9,중3(교육과정 학년군: 중1-3),변화와 관계,다항식의 곱셈과 인수분해,m1_factor_formula_selection__used_in__m1_factor_polynomial_multiplication,intra_unit,m1_factor_formula_selection,곱셈·인수분해 공식 선택하기,다항식의 곱셈과 인수분해,m1_factor_polynomial_multiplication,다항식의 곱셈,다항식의 곱셈과 인수분해,used_in,medium,2,"curriculum_math_2022: printed p. 36; [9수02-19] explanation; teaching_note; 다항식의 곱셈과 인수분해의 역관계를 이해하고, m(a+b), (a±b)^2, (a+b)(a-b), (x+a)(x+b), (ax+b)(cx+d) 범위의 공식을 다룸 | achievement_math_2022: 다항식의 곱셈과 인수분해 section; [9수02-19] achievement levels; achievement_level; 다항식의 곱셈과 인수분해의 역관계 이해, 두 다항식의 곱 전개, 이차식 인수분해, 간단한 절차 수행 수준을 구분",,procedure_ref;textbook_page_refs,"Find a worked example, procedure, or application where this source concept is used.",pending_textbook_pdf,,,,,,,,,,
9,중3(교육과정 학년군: 중1-3),변화와 관계,다항식의 곱셈과 인수분해,m1_factor_linear_product_axb_cxd__used_in__m1_factor_factorization,intra_unit,m1_factor_linear_product_axb_cxd,(ax+b)(cx+d) 공식,다항식의 곱셈과 인수분해,m1_factor_factorization,인수분해,다항식의 곱셈과 인수분해,used_in,high,3,"curriculum_math_2022: printed p. 36; [9수02-19] explanation; teaching_note; 다항식의 곱셈과 인수분해의 역관계를 이해하고, m(a+b), (a±b)^2, (a+b)(a-b), (x+a)(x+b), (ax+b)(cx+d) 범위의 공식을 다룸 | achievement_math_2022: 다항식의 곱셈과 인수분해 section; [9수02-19] achievement levels; achievement_level; 다항식의 곱셈과 인수분해의 역관계 이해, 두 다항식의 곱 전개, 이차식 인수분해, 간단한 절차 수행 수준을 구분 | achievement_research_report_2022: 연구보고서 p. 219; 다항식의 곱셈과 인수분해 성취기준별 성취수준; research_report_achievement_level_context; 다항식의 곱셈과 인수분해의 역관계 이해와 과정 설명, 두 다항식의 곱 전개, 이차식 인수분해, 안내된 절차 수행 수준을 구분",,procedure_ref;textbook_page_refs,"Find a worked example, procedure, or application where this source concept is used.",pending_textbook_pdf,,,,,,,,,,
9,중3(교육과정 학년군: 중1-3),변화와 관계,다항식의 곱셈과 인수분해,m1_factor_linear_product_axb_cxd__used_in__m1_factor_polynomial_multiplication,intra_unit,m1_factor_linear_product_axb_cxd,(ax+b)(cx+d) 공식,다항식의 곱셈과 인수분해,m1_factor_polynomial_multiplication,다항식의 곱셈,다항식의 곱셈과 인수분해,used_in,high,3,"curriculum_math_2022: printed p. 36; [9수02-19] explanation; teaching_note; 다항식의 곱셈과 인수분해의 역관계를 이해하고, m(a+b), (a±b)^2, (a+b)(a-b), (x+a)(x+b), (ax+b)(cx+d) 범위의 공식을 다룸 | achievement_math_2022: 다항식의 곱셈과 인수분해 section; [9수02-19] achievement levels; achievement_level; 다항식의 곱셈과 인수분해의 역관계 이해, 두 다항식의 곱 전개, 이차식 인수분해, 간단한 절차 수행 수준을 구분 | achievement_research_report_2022: 연구보고서 p. 219; 다항식의 곱셈과 인수분해 성취기준별 성취수준; research_report_achievement_level_context; 다항식의 곱셈과 인수분해의 역관계 이해와 과정 설명, 두 다항식의 곱 전개, 이차식 인수분해, 안내된 절차 수행 수준을 구분",,procedure_ref;textbook_page_refs,"Find a worked example, procedure, or application where this source concept is used.",pending_textbook_pdf,,,,,,,,,,
9,중3(교육과정 학년군: 중1-3),변화와 관계,다항식의 곱셈과 인수분해,m1_factor_linear_product_axb_cxd__used_in__m1_factor_quadratic_factorization,intra_unit,m1_factor_linear_product_axb_cxd,(ax+b)(cx+d) 공식,다항식의 곱셈과 인수분해,m1_factor_quadratic_factorization,이차식 인수분해,다항식의 곱셈과 인수분해,used_in,high,3,"curriculum_math_2022: printed p. 36; [9수02-19] explanation; teaching_note; 다항식의 곱셈과 인수분해의 역관계를 이해하고, m(a+b), (a±b)^2, (a+b)(a-b), (x+a)(x+b), (ax+b)(cx+d) 범위의 공식을 다룸 | achievement_math_2022: 다항식의 곱셈과 인수분해 section; [9수02-19] achievement levels; achievement_level; 다항식의 곱셈과 인수분해의 역관계 이해, 두 다항식의 곱 전개, 이차식 인수분해, 간단한 절차 수행 수준을 구분 | achievement_research_report_2022: 연구보고서 p. 219; 다항식의 곱셈과 인수분해 성취기준별 성취수준; research_report_achievement_level_context; 다항식의 곱셈과 인수분해의 역관계 이해와 과정 설명, 두 다항식의 곱 전개, 이차식 인수분해, 안내된 절차 수행 수준을 구분",,procedure_ref;textbook_page_refs,"Find a worked example, procedure, or application where this source concept is used.",pending_textbook_pdf,,,,,,,,,,
9,중3(교육과정 학년군: 중1-3),변화와 관계,다항식의 곱셈과 인수분해,m1_factor_perfect_square_middle_term_check__used_in__m1_factor_quadratic_factorization,intra_unit,m1_factor_perfect_square_middle_term_check,완전제곱식의 가운데 항 확인하기,다항식의 곱셈과 인수분해,m1_factor_quadratic_factorization,이차식 인수분해,다항식의 곱셈과 인수분해,used_in,medium,2,"curriculum_math_2022: printed p. 36; [9수02-19] explanation; teaching_note; 다항식의 곱셈과 인수분해의 역관계를 이해하고, m(a+b), (a±b)^2, (a+b)(a-b), (x+a)(x+b), (ax+b)(cx+d) 범위의 공식을 다룸 | achievement_math_2022: 다항식의 곱셈과 인수분해 section; [9수02-19] achievement levels; achievement_level; 다항식의 곱셈과 인수분해의 역관계 이해, 두 다항식의 곱 전개, 이차식 인수분해, 간단한 절차 수행 수준을 구분",,procedure_ref;textbook_page_refs,"Find a worked example, procedure, or application where this source concept is used.",pending_textbook_pdf,,,,,,,,,,
9,중3(교육과정 학년군: 중1-3),변화와 관계,다항식의 곱셈과 인수분해,m1_factor_polynomial_multiplication__used_in__m1_factor_expansion_factorization_inverse,intra_unit,m1_factor_polynomial_multiplication,다항식의 곱셈,다항식의 곱셈과 인수분해,m1_factor_expansion_factorization_inverse,전개와 인수분해의 역관계,다항식의 곱셈과 인수분해,used_in,high,2,"curriculum_math_2022: printed p. 36; [9수02-19] explanation; teaching_note; 다항식의 곱셈과 인수분해의 역관계를 이해하고, m(a+b), (a±b)^2, (a+b)(a-b), (x+a)(x+b), (ax+b)(cx+d) 범위의 공식을 다룸 | achievement_math_2022: 다항식의 곱셈과 인수분해 section; [9수02-19] achievement levels; achievement_level; 다항식의 곱셈과 인수분해의 역관계 이해, 두 다항식의 곱 전개, 이차식 인수분해, 간단한 절차 수행 수준을 구분",,procedure_ref;textbook_page_refs,"Find a worked example, procedure, or application where this source concept is used.",pending_textbook_pdf,,,,,,,,,,
9,중3(교육과정 학년군: 중1-3),변화와 관계,다항식의 곱셈과 인수분해,m1_factor_polynomial_product_expansion__used_in__m1_factor_polynomial_multiplication,intra_unit,m1_factor_polynomial_product_expansion,다항식의 곱 전개하기,다항식의 곱셈과 인수분해,m1_factor_polynomial_multiplication,다항식의 곱셈,다항식의 곱셈과 인수분해,used_in,high,3,"curriculum_math_2022: printed p. 35; [9수02-19]; achievement_standard; 다항식의 곱셈과 인수분해를 하는 성취기준 | curriculum_math_2022: printed p. 36; [9수02-19] explanation; teaching_note; 다항식의 곱셈과 인수분해의 역관계를 이해하고, m(a+b), (a±b)^2, (a+b)(a-b), (x+a)(x+b), (ax+b)(cx+d) 범위의 공식을 다룸 | achievement_math_2022: 다항식의 곱셈과 인수분해 section; [9수02-19] achievement levels; achievement_level; 다항식의 곱셈과 인수분해의 역관계 이해, 두 다항식의 곱 전개, 이차식 인수분해, 간단한 절차 수행 수준을 구분",,procedure_ref;textbook_page_refs,"Find a worked example, procedure, or application where this source concept is used.",pending_textbook_pdf,,,,,,,,,,
9,중3(교육과정 학년군: 중1-3),변화와 관계,다항식의 곱셈과 인수분해,m1_factor_quadratic_expression__used_in__m1_factor_quadratic_factorization,intra_unit,m1_factor_quadratic_expression,이차식,다항식의 곱셈과 인수분해,m1_factor_quadratic_factorization,이차식 인수분해,다항식의 곱셈과 인수분해,used_in,high,2,"achievement_math_2022: 다항식의 곱셈과 인수분해 section; [9수02-19] achievement levels; achievement_level; 다항식의 곱셈과 인수분해의 역관계 이해, 두 다항식의 곱 전개, 이차식 인수분해, 간단한 절차 수행 수준을 구분 | achievement_research_report_2022: 연구보고서 p. 219; 다항식의 곱셈과 인수분해 성취기준별 성취수준; research_report_achievement_level_context; 다항식의 곱셈과 인수분해의 역관계 이해와 과정 설명, 두 다항식의 곱 전개, 이차식 인수분해, 안내된 절차 수행 수준을 구분",,procedure_ref;textbook_page_refs,"Find a worked example, procedure, or application where this source concept is used.",pending_textbook_pdf,,,,,,,,,,
9,중3(교육과정 학년군: 중1-3),변화와 관계,다항식의 곱셈과 인수분해,m1_factor_quadratic_factorization__used_in__m1_factor_factorization,intra_unit,m1_factor_quadratic_factorization,이차식 인수분해,다항식의 곱셈과 인수분해,m1_factor_factorization,인수분해,다항식의 곱셈과 인수분해,used_in,high,3,"curriculum_math_2022: printed p. 35; [9수02-19]; achievement_standard; 다항식의 곱셈과 인수분해를 하는 성취기준 | achievement_math_2022: 다항식의 곱셈과 인수분해 section; [9수02-19] achievement levels; achievement_level; 다항식의 곱셈과 인수분해의 역관계 이해, 두 다항식의 곱 전개, 이차식 인수분해, 간단한 절차 수행 수준을 구분 | achievement_research_report_2022: 연구보고서 p. 219; 다항식의 곱셈과 인수분해 성취기준별 성취수준; research_report_achievement_level_context; 다항식의 곱셈과 인수분해의 역관계 이해와 과정 설명, 두 다항식의 곱 전개, 이차식 인수분해, 안내된 절차 수행 수준을 구분",,procedure_ref;textbook_page_refs,"Find a worked example, procedure, or application where this source concept is used.",pending_textbook_pdf,,,,,,,,,,
9,중3(교육과정 학년군: 중1-3),변화와 관계,다항식의 곱셈과 인수분해,m1_factor_square_difference_formula__used_in__m1_factor_factorization,intra_unit,m1_factor_square_difference_formula,(a-b)^2 공식,다항식의 곱셈과 인수분해,m1_factor_factorization,인수분해,다항식의 곱셈과 인수분해,used_in,high,2,"curriculum_math_2022: printed p. 36; [9수02-19] explanation; teaching_note; 다항식의 곱셈과 인수분해의 역관계를 이해하고, m(a+b), (a±b)^2, (a+b)(a-b), (x+a)(x+b), (ax+b)(cx+d) 범위의 공식을 다룸 | achievement_math_2022: 다항식의 곱셈과 인수분해 section; [9수02-19] achievement levels; achievement_level; 다항식의 곱셈과 인수분해의 역관계 이해, 두 다항식의 곱 전개, 이차식 인수분해, 간단한 절차 수행 수준을 구분",,procedure_ref;textbook_page_refs,"Find a worked example, procedure, or application where this source concept is used.",pending_textbook_pdf,,,,,,,,,,
9,중3(교육과정 학년군: 중1-3),변화와 관계,다항식의 곱셈과 인수분해,m1_factor_square_difference_formula__used_in__m1_factor_polynomial_multiplication,intra_unit,m1_factor_square_difference_formula,(a-b)^2 공식,다항식의 곱셈과 인수분해,m1_factor_polynomial_multiplication,다항식의 곱셈,다항식의 곱셈과 인수분해,used_in,high,3,"curriculum_math_2022: printed p. 36; [9수02-19] explanation; teaching_note; 다항식의 곱셈과 인수분해의 역관계를 이해하고, m(a+b), (a±b)^2, (a+b)(a-b), (x+a)(x+b), (ax+b)(cx+d) 범위의 공식을 다룸 | achievement_math_2022: 다항식의 곱셈과 인수분해 section; [9수02-19] achievement levels; achievement_level; 다항식의 곱셈과 인수분해의 역관계 이해, 두 다항식의 곱 전개, 이차식 인수분해, 간단한 절차 수행 수준을 구분 | achievement_research_report_2022: 연구보고서 p. 219; 다항식의 곱셈과 인수분해 성취기준별 성취수준; research_report_achievement_level_context; 다항식의 곱셈과 인수분해의 역관계 이해와 과정 설명, 두 다항식의 곱 전개, 이차식 인수분해, 안내된 절차 수행 수준을 구분",,procedure_ref;textbook_page_refs,"Find a worked example, procedure, or application where this source concept is used.",pending_textbook_pdf,,,,,,,,,,
9,중3(교육과정 학년군: 중1-3),변화와 관계,다항식의 곱셈과 인수분해,m1_factor_square_sum_formula__used_in__m1_factor_factorization,intra_unit,m1_factor_square_sum_formula,(a+b)^2 공식,다항식의 곱셈과 인수분해,m1_factor_factorization,인수분해,다항식의 곱셈과 인수분해,used_in,high,2,"curriculum_math_2022: printed p. 36; [9수02-19] explanation; teaching_note; 다항식의 곱셈과 인수분해의 역관계를 이해하고, m(a+b), (a±b)^2, (a+b)(a-b), (x+a)(x+b), (ax+b)(cx+d) 범위의 공식을 다룸 | achievement_math_2022: 다항식의 곱셈과 인수분해 section; [9수02-19] achievement levels; achievement_level; 다항식의 곱셈과 인수분해의 역관계 이해, 두 다항식의 곱 전개, 이차식 인수분해, 간단한 절차 수행 수준을 구분",,procedure_ref;textbook_page_refs,"Find a worked example, procedure, or application where this source concept is used.",pending_textbook_pdf,,,,,,,,,,
9,중3(교육과정 학년군: 중1-3),변화와 관계,다항식의 곱셈과 인수분해,m1_factor_square_sum_formula__used_in__m1_factor_polynomial_multiplication,intra_unit,m1_factor_square_sum_formula,(a+b)^2 공식,다항식의 곱셈과 인수분해,m1_factor_polynomial_multiplication,다항식의 곱셈,다항식의 곱셈과 인수분해,used_in,high,3,"curriculum_math_2022: printed p. 36; [9수02-19] explanation; teaching_note; 다항식의 곱셈과 인수분해의 역관계를 이해하고, m(a+b), (a±b)^2, (a+b)(a-b), (x+a)(x+b), (ax+b)(cx+d) 범위의 공식을 다룸 | achievement_math_2022: 다항식의 곱셈과 인수분해 section; [9수02-19] achievement levels; achievement_level; 다항식의 곱셈과 인수분해의 역관계 이해, 두 다항식의 곱 전개, 이차식 인수분해, 간단한 절차 수행 수준을 구분 | achievement_research_report_2022: 연구보고서 p. 219; 다항식의 곱셈과 인수분해 성취기준별 성취수준; research_report_achievement_level_context; 다항식의 곱셈과 인수분해의 역관계 이해와 과정 설명, 두 다항식의 곱 전개, 이차식 인수분해, 안내된 절차 수행 수준을 구분",,procedure_ref;textbook_page_refs,"Find a worked example, procedure, or application where this source concept is used.",pending_textbook_pdf,,,,,,,,,,
9,중3(교육과정 학년군: 중1-3),변화와 관계,다항식의 곱셈과 인수분해,m1_factor_sum_difference_product_formula__used_in__m1_factor_factorization,intra_unit,m1_factor_sum_difference_product_formula,(a+b)(a-b) 공식,다항식의 곱셈과 인수분해,m1_factor_factorization,인수분해,다항식의 곱셈과 인수분해,used_in,high,2,"curriculum_math_2022: printed p. 36; [9수02-19] explanation; teaching_note; 다항식의 곱셈과 인수분해의 역관계를 이해하고, m(a+b), (a±b)^2, (a+b)(a-b), (x+a)(x+b), (ax+b)(cx+d) 범위의 공식을 다룸 | achievement_math_2022: 다항식의 곱셈과 인수분해 section; [9수02-19] achievement levels; achievement_level; 다항식의 곱셈과 인수분해의 역관계 이해, 두 다항식의 곱 전개, 이차식 인수분해, 간단한 절차 수행 수준을 구분",,procedure_ref;textbook_page_refs,"Find a worked example, procedure, or application where this source concept is used.",pending_textbook_pdf,,,,,,,,,,
9,중3(교육과정 학년군: 중1-3),변화와 관계,다항식의 곱셈과 인수분해,m1_factor_sum_difference_product_formula__used_in__m1_factor_polynomial_multiplication,intra_unit,m1_factor_sum_difference_product_formula,(a+b)(a-b) 공식,다항식의 곱셈과 인수분해,m1_factor_polynomial_multiplication,다항식의 곱셈,다항식의 곱셈과 인수분해,used_in,high,3,"curriculum_math_2022: printed p. 36; [9수02-19] explanation; teaching_note; 다항식의 곱셈과 인수분해의 역관계를 이해하고, m(a+b), (a±b)^2, (a+b)(a-b), (x+a)(x+b), (ax+b)(cx+d) 범위의 공식을 다룸 | achievement_math_2022: 다항식의 곱셈과 인수분해 section; [9수02-19] achievement levels; achievement_level; 다항식의 곱셈과 인수분해의 역관계 이해, 두 다항식의 곱 전개, 이차식 인수분해, 간단한 절차 수행 수준을 구분 | achievement_research_report_2022: 연구보고서 p. 219; 다항식의 곱셈과 인수분해 성취기준별 성취수준; research_report_achievement_level_context; 다항식의 곱셈과 인수분해의 역관계 이해와 과정 설명, 두 다항식의 곱 전개, 이차식 인수분해, 안내된 절차 수행 수준을 구분",,procedure_ref;textbook_page_refs,"Find a worked example, procedure, or application where this source concept is used.",pending_textbook_pdf,,,,,,,,,,
9,중3(교육과정 학년군: 중1-3),변화와 관계,다항식의 곱셈과 인수분해,m1_factor_sum_product_pair_search__used_in__m1_factor_quadratic_factorization,intra_unit,m1_factor_sum_product_pair_search,합과 곱이 맞는 수 찾기,다항식의 곱셈과 인수분해,m1_factor_quadratic_factorization,이차식 인수분해,다항식의 곱셈과 인수분해,used_in,medium,2,"curriculum_math_2022: printed p. 36; [9수02-19] explanation; teaching_note; 다항식의 곱셈과 인수분해의 역관계를 이해하고, m(a+b), (a±b)^2, (a+b)(a-b), (x+a)(x+b), (ax+b)(cx+d) 범위의 공식을 다룸 | achievement_math_2022: 다항식의 곱셈과 인수분해 section; [9수02-19] achievement levels; achievement_level; 다항식의 곱셈과 인수분해의 역관계 이해, 두 다항식의 곱 전개, 이차식 인수분해, 간단한 절차 수행 수준을 구분",,procedure_ref;textbook_page_refs,"Find a worked example, procedure, or application where this source concept is used.",pending_textbook_pdf,,,,,,,,,,
9,중3(교육과정 학년군: 중1-3),변화와 관계,다항식의 곱셈과 인수분해,m1_factor_binomial_product_xab__contrasts_with__m1_factor_linear_product_axb_cxd,intra_unit,m1_factor_binomial_product_xab,(x+a)(x+b) 공식,다항식의 곱셈과 인수분해,m1_factor_linear_product_axb_cxd,(ax+b)(cx+d) 공식,다항식의 곱셈과 인수분해,contrasts_with,medium,2,"curriculum_math_2022: printed p. 36; [9수02-19] explanation; teaching_note; 다항식의 곱셈과 인수분해의 역관계를 이해하고, m(a+b), (a±b)^2, (a+b)(a-b), (x+a)(x+b), (ax+b)(cx+d) 범위의 공식을 다룸 | achievement_math_2022: 다항식의 곱셈과 인수분해 section; [9수02-19] achievement levels; achievement_level; 다항식의 곱셈과 인수분해의 역관계 이해, 두 다항식의 곱 전개, 이차식 인수분해, 간단한 절차 수행 수준을 구분","(x+a)(x+b)는 일차항 계수가 1인 특수형이고, (ax+b)(cx+d)는 계수 조건을 더 일반적으로 확인하는 공식이다.",contrast_ref;textbook_page_refs,Find textbook wording or examples that distinguish the two concepts.,pending_textbook_pdf,,,,,,,,,,
9,중3(교육과정 학년군: 중1-3),변화와 관계,다항식의 곱셈과 인수분해,m1_factor_cross_term_coefficient_check__contrasts_with__m1_factor_sum_product_pair_search,intra_unit,m1_factor_cross_term_coefficient_check,교차항 계수 확인하기,다항식의 곱셈과 인수분해,m1_factor_sum_product_pair_search,합과 곱이 맞는 수 찾기,다항식의 곱셈과 인수분해,contrasts_with,medium,2,"curriculum_math_2022: printed p. 36; [9수02-19] explanation; teaching_note; 다항식의 곱셈과 인수분해의 역관계를 이해하고, m(a+b), (a±b)^2, (a+b)(a-b), (x+a)(x+b), (ax+b)(cx+d) 범위의 공식을 다룸 | achievement_math_2022: 다항식의 곱셈과 인수분해 section; [9수02-19] achievement levels; achievement_level; 다항식의 곱셈과 인수분해의 역관계 이해, 두 다항식의 곱 전개, 이차식 인수분해, 간단한 절차 수행 수준을 구분",교차항 계수 확인은 일반형 일차식의 곱에서 더 필요한 점검 절차다.,contrast_ref;textbook_page_refs,Find textbook wording or examples that distinguish the two concepts.,pending_textbook_pdf,,,,,,,,,,
9,중3(교육과정 학년군: 중1-3),변화와 관계,다항식의 곱셈과 인수분해,m1_factor_factorization__contrasts_with__m1_factor_polynomial_multiplication,intra_unit,m1_factor_factorization,인수분해,다항식의 곱셈과 인수분해,m1_factor_polynomial_multiplication,다항식의 곱셈,다항식의 곱셈과 인수분해,contrasts_with,high,2,"curriculum_math_2022: printed p. 36; [9수02-19] explanation; teaching_note; 다항식의 곱셈과 인수분해의 역관계를 이해하고, m(a+b), (a±b)^2, (a+b)(a-b), (x+a)(x+b), (ax+b)(cx+d) 범위의 공식을 다룸 | achievement_math_2022: 다항식의 곱셈과 인수분해 section; [9수02-19] achievement levels; achievement_level; 다항식의 곱셈과 인수분해의 역관계 이해, 두 다항식의 곱 전개, 이차식 인수분해, 간단한 절차 수행 수준을 구분",,contrast_ref;textbook_page_refs,Find textbook wording or examples that distinguish the two concepts.,pending_textbook_pdf,,,,,,,,,,
9,중3(교육과정 학년군: 중1-3),변화와 관계,다항식의 곱셈과 인수분해,m1_factor_linear_product_axb_cxd__contrasts_with__m1_factor_binomial_product_xab,intra_unit,m1_factor_linear_product_axb_cxd,(ax+b)(cx+d) 공식,다항식의 곱셈과 인수분해,m1_factor_binomial_product_xab,(x+a)(x+b) 공식,다항식의 곱셈과 인수분해,contrasts_with,medium,2,"curriculum_math_2022: printed p. 36; [9수02-19] explanation; teaching_note; 다항식의 곱셈과 인수분해의 역관계를 이해하고, m(a+b), (a±b)^2, (a+b)(a-b), (x+a)(x+b), (ax+b)(cx+d) 범위의 공식을 다룸 | achievement_math_2022: 다항식의 곱셈과 인수분해 section; [9수02-19] achievement levels; achievement_level; 다항식의 곱셈과 인수분해의 역관계 이해, 두 다항식의 곱 전개, 이차식 인수분해, 간단한 절차 수행 수준을 구분",일반형 일차식의 곱 공식과 계수 1 특수형 공식을 구별한다.,contrast_ref;textbook_page_refs,Find textbook wording or examples that distinguish the two concepts.,pending_textbook_pdf,,,,,,,,,,
9,중3(교육과정 학년군: 중1-3),변화와 관계,다항식의 곱셈과 인수분해,m1_factor_polynomial_multiplication__contrasts_with__m1_factor_factorization,intra_unit,m1_factor_polynomial_multiplication,다항식의 곱셈,다항식의 곱셈과 인수분해,m1_factor_factorization,인수분해,다항식의 곱셈과 인수분해,contrasts_with,high,2,"curriculum_math_2022: printed p. 36; [9수02-19] explanation; teaching_note; 다항식의 곱셈과 인수분해의 역관계를 이해하고, m(a+b), (a±b)^2, (a+b)(a-b), (x+a)(x+b), (ax+b)(cx+d) 범위의 공식을 다룸 | achievement_math_2022: 다항식의 곱셈과 인수분해 section; [9수02-19] achievement levels; achievement_level; 다항식의 곱셈과 인수분해의 역관계 이해, 두 다항식의 곱 전개, 이차식 인수분해, 간단한 절차 수행 수준을 구분",,contrast_ref;textbook_page_refs,Find textbook wording or examples that distinguish the two concepts.,pending_textbook_pdf,,,,,,,,,,
9,중3(교육과정 학년군: 중1-3),변화와 관계,다항식의 곱셈과 인수분해,m1_factor_square_difference_formula__contrasts_with__m1_factor_square_sum_formula,intra_unit,m1_factor_square_difference_formula,(a-b)^2 공식,다항식의 곱셈과 인수분해,m1_factor_square_sum_formula,(a+b)^2 공식,다항식의 곱셈과 인수분해,contrasts_with,medium,2,"curriculum_math_2022: printed p. 36; [9수02-19] explanation; teaching_note; 다항식의 곱셈과 인수분해의 역관계를 이해하고, m(a+b), (a±b)^2, (a+b)(a-b), (x+a)(x+b), (ax+b)(cx+d) 범위의 공식을 다룸 | achievement_math_2022: 다항식의 곱셈과 인수분해 section; [9수02-19] achievement levels; achievement_level; 다항식의 곱셈과 인수분해의 역관계 이해, 두 다항식의 곱 전개, 이차식 인수분해, 간단한 절차 수행 수준을 구분",차의 제곱 공식과 합의 제곱 공식은 중항의 부호가 달라 전개와 인수분해에서 구별한다.,contrast_ref;textbook_page_refs,Find textbook wording or examples that distinguish the two concepts.,pending_textbook_pdf,,,,,,,,,,
9,중3(교육과정 학년군: 중1-3),변화와 관계,다항식의 곱셈과 인수분해,m1_factor_square_sum_formula__contrasts_with__m1_factor_square_difference_formula,intra_unit,m1_factor_square_sum_formula,(a+b)^2 공식,다항식의 곱셈과 인수분해,m1_factor_square_difference_formula,(a-b)^2 공식,다항식의 곱셈과 인수분해,contrasts_with,medium,2,"curriculum_math_2022: printed p. 36; [9수02-19] explanation; teaching_note; 다항식의 곱셈과 인수분해의 역관계를 이해하고, m(a+b), (a±b)^2, (a+b)(a-b), (x+a)(x+b), (ax+b)(cx+d) 범위의 공식을 다룸 | achievement_math_2022: 다항식의 곱셈과 인수분해 section; [9수02-19] achievement levels; achievement_level; 다항식의 곱셈과 인수분해의 역관계 이해, 두 다항식의 곱 전개, 이차식 인수분해, 간단한 절차 수행 수준을 구분",합의 제곱 공식과 차의 제곱 공식은 중항의 부호가 달라 전개와 인수분해에서 구별한다.,contrast_ref;textbook_page_refs,Find textbook wording or examples that distinguish the two concepts.,pending_textbook_pdf,,,,,,,,,,
9,중3(교육과정 학년군: 중1-3),변화와 관계,다항식의 곱셈과 인수분해,m1_factor_sum_difference_product_formula__contrasts_with__m1_factor_square_difference_formula,intra_unit,m1_factor_sum_difference_product_formula,(a+b)(a-b) 공식,다항식의 곱셈과 인수분해,m1_factor_square_difference_formula,(a-b)^2 공식,다항식의 곱셈과 인수분해,contrasts_with,medium,2,"curriculum_math_2022: printed p. 36; [9수02-19] explanation; teaching_note; 다항식의 곱셈과 인수분해의 역관계를 이해하고, m(a+b), (a±b)^2, (a+b)(a-b), (x+a)(x+b), (ax+b)(cx+d) 범위의 공식을 다룸 | achievement_math_2022: 다항식의 곱셈과 인수분해 section; [9수02-19] achievement levels; achievement_level; 다항식의 곱셈과 인수분해의 역관계 이해, 두 다항식의 곱 전개, 이차식 인수분해, 간단한 절차 수행 수준을 구분","합과 차의 곱 공식은 제곱의 차를 만들고, 차의 제곱 공식은 완전제곱식의 한 형태를 만든다는 점을 구별한다.",contrast_ref;textbook_page_refs,Find textbook wording or examples that distinguish the two concepts.,pending_textbook_pdf,,,,,,,,,,
9,중3(교육과정 학년군: 중1-3),변화와 관계,다항식의 곱셈과 인수분해,m1_factor_sum_product_pair_search__contrasts_with__m1_factor_cross_term_coefficient_check,intra_unit,m1_factor_sum_product_pair_search,합과 곱이 맞는 수 찾기,다항식의 곱셈과 인수분해,m1_factor_cross_term_coefficient_check,교차항 계수 확인하기,다항식의 곱셈과 인수분해,contrasts_with,medium,2,"curriculum_math_2022: printed p. 36; [9수02-19] explanation; teaching_note; 다항식의 곱셈과 인수분해의 역관계를 이해하고, m(a+b), (a±b)^2, (a+b)(a-b), (x+a)(x+b), (ax+b)(cx+d) 범위의 공식을 다룸 | achievement_math_2022: 다항식의 곱셈과 인수분해 section; [9수02-19] achievement levels; achievement_level; 다항식의 곱셈과 인수분해의 역관계 이해, 두 다항식의 곱 전개, 이차식 인수분해, 간단한 절차 수행 수준을 구분","(x+a)(x+b)에서는 합과 곱 조건을 찾고, (ax+b)(cx+d)에서는 교차항 계수까지 확인한다.",contrast_ref;textbook_page_refs,Find textbook wording or examples that distinguish the two concepts.,pending_textbook_pdf,,,,,,,,,,
9,중3(교육과정 학년군: 중1-3),변화와 관계,다항식의 곱셈과 인수분해,m1_factor_expanded_form__related_to__m1_factor_expansion_factorization_inverse,intra_unit,m1_factor_expanded_form,전개식,다항식의 곱셈과 인수분해,m1_factor_expansion_factorization_inverse,전개와 인수분해의 역관계,다항식의 곱셈과 인수분해,related_to,medium,2,"curriculum_math_2022: printed p. 36; [9수02-19] explanation; teaching_note; 다항식의 곱셈과 인수분해의 역관계를 이해하고, m(a+b), (a±b)^2, (a+b)(a-b), (x+a)(x+b), (ax+b)(cx+d) 범위의 공식을 다룸 | achievement_math_2022: 다항식의 곱셈과 인수분해 section; [9수02-19] achievement levels; achievement_level; 다항식의 곱셈과 인수분해의 역관계 이해, 두 다항식의 곱 전개, 이차식 인수분해, 간단한 절차 수행 수준을 구분",전개식은 전개와 인수분해의 역관계를 확인할 때 비교 대상이 되는 표현이다.,related_ref;textbook_page_refs,Find textbook wording or examples that justify keeping these concepts linked.,pending_textbook_pdf,,,,,,,,,,
9,중3(교육과정 학년군: 중1-3),변화와 관계,다항식의 곱셈과 인수분해,m1_calc_expansion__prerequisite_for__m1_factor_expanded_form,cross_unit,m1_calc_expansion,전개,식의 계산,m1_factor_expanded_form,전개식,다항식의 곱셈과 인수분해,prerequisite_for,medium,3,"curriculum_math_2022: printed p. 36; terms usable in teaching and learning situations; instructional_term_list; 식의 값, 좌변, 우변, 양변, 이차식, 전개식, 연립일차방정식, 소거, 가감법, 대입법, 함수의 그래프 등은 교수·학습 상황에서 사용할 수 있음 | curriculum_math_2022: printed p. 35; [9수02-19]; achievement_standard; 다항식의 곱셈과 인수분해를 하는 성취기준 | achievement_math_2022: 다항식의 곱셈과 인수분해 section; [9수02-19] achievement levels; achievement_level; 다항식의 곱셈과 인수분해의 역관계 이해, 두 다항식의 곱 전개, 이차식 인수분해, 간단한 절차 수행 수준을 구분",,prerequisite_ref;textbook_page_refs,Find textbook sequencing or prior-knowledge evidence for the prerequisite relation.,pending_textbook_pdf,,,,,,,,,,
9,중3(교육과정 학년군: 중1-3),변화와 관계,다항식의 곱셈과 인수분해,m1_calc_expansion__prerequisite_for__m1_factor_expansion_factorization_inverse,cross_unit,m1_calc_expansion,전개,식의 계산,m1_factor_expansion_factorization_inverse,전개와 인수분해의 역관계,다항식의 곱셈과 인수분해,prerequisite_for,high,3,"curriculum_math_2022: printed p. 36; [9수02-19] explanation; teaching_note; 다항식의 곱셈과 인수분해의 역관계를 이해하고, m(a+b), (a±b)^2, (a+b)(a-b), (x+a)(x+b), (ax+b)(cx+d) 범위의 공식을 다룸 | achievement_math_2022: 다항식의 곱셈과 인수분해 section; [9수02-19] achievement levels; achievement_level; 다항식의 곱셈과 인수분해의 역관계 이해, 두 다항식의 곱 전개, 이차식 인수분해, 간단한 절차 수행 수준을 구분 | achievement_research_report_2022: 연구보고서 p. 219; 다항식의 곱셈과 인수분해 성취기준별 성취수준; research_report_achievement_level_context; 다항식의 곱셈과 인수분해의 역관계 이해와 과정 설명, 두 다항식의 곱 전개, 이차식 인수분해, 안내된 절차 수행 수준을 구분",,prerequisite_ref;textbook_page_refs,Find textbook sequencing or prior-knowledge evidence for the prerequisite relation.,pending_textbook_pdf,,,,,,,,,,
9,중3(교육과정 학년군: 중1-3),변화와 관계,다항식의 곱셈과 인수분해,m1_calc_expansion__prerequisite_for__m1_factor_factorization,cross_unit,m1_calc_expansion,전개,식의 계산,m1_factor_factorization,인수분해,다항식의 곱셈과 인수분해,prerequisite_for,high,5,"curriculum_math_2022: printed p. 35; [9수02-19]; achievement_standard; 다항식의 곱셈과 인수분해를 하는 성취기준 | curriculum_math_2022: printed p. 36; [9수02-19] explanation; teaching_note; 다항식의 곱셈과 인수분해의 역관계를 이해하고, m(a+b), (a±b)^2, (a+b)(a-b), (x+a)(x+b), (ax+b)(cx+d) 범위의 공식을 다룸 | curriculum_math_2022: printed p. 36; terms and symbols for 변화와 관계; term_list; 대입, 다항식, 항, 단항식, 상수항, 계수, 차수, 일차식, 동류항, 등식, 방정식, 미지수, 해, 근, 항등식, 이항, 일차방정식, 변수, 좌표, 그래프, 인수, 인수분해, 완전제곱식, 이차방정식, 중근, 근의 공식, 이차함수, 포물선, 축, 꼭짓점, 최댓값, 최솟값 등을 다룸 | achievement_math_2022: 다항식의 곱셈과 인수분해 section; [9수02-19] achievement levels; achievement_level; 다항식의 곱셈과 인수분해의 역관계 이해, 두 다항식의 곱 전개, 이차식 인수분해, 간단한 절차 수행 수준을 구분 | achievement_research_report_2022: 연구보고서 p. 219; 다항식의 곱셈과 인수분해 성취기준별 성취수준; research_report_achievement_level_context; 다항식의 곱셈과 인수분해의 역관계 이해와 과정 설명, 두 다항식의 곱 전개, 이차식 인수분해, 안내된 절차 수행 수준을 구분",,prerequisite_ref;textbook_page_refs,Find textbook sequencing or prior-knowledge evidence for the prerequisite relation.,pending_textbook_pdf,,,,,,,,,,
9,중3(교육과정 학년군: 중1-3),변화와 관계,다항식의 곱셈과 인수분해,m1_calc_expansion__prerequisite_for__m1_factor_factorization_result_check,cross_unit,m1_calc_expansion,전개,식의 계산,m1_factor_factorization_result_check,인수분해 결과 전개로 확인하기,다항식의 곱셈과 인수분해,prerequisite_for,medium,2,"curriculum_math_2022: printed p. 36; [9수02-19] explanation; teaching_note; 다항식의 곱셈과 인수분해의 역관계를 이해하고, m(a+b), (a±b)^2, (a+b)(a-b), (x+a)(x+b), (ax+b)(cx+d) 범위의 공식을 다룸 | achievement_math_2022: 다항식의 곱셈과 인수분해 section; [9수02-19] achievement levels; achievement_level; 다항식의 곱셈과 인수분해의 역관계 이해, 두 다항식의 곱 전개, 이차식 인수분해, 간단한 절차 수행 수준을 구분",,prerequisite_ref;textbook_page_refs,Find textbook sequencing or prior-knowledge evidence for the prerequisite relation.,pending_textbook_pdf,,,,,,,,,,
9,중3(교육과정 학년군: 중1-3),변화와 관계,다항식의 곱셈과 인수분해,m1_calc_expansion__prerequisite_for__m1_factor_polynomial_multiplication,cross_unit,m1_calc_expansion,전개,식의 계산,m1_factor_polynomial_multiplication,다항식의 곱셈,다항식의 곱셈과 인수분해,prerequisite_for,high,3,"curriculum_math_2022: printed p. 35; [9수02-10]; achievement_standard; 단항식과 다항식의 곱셈, 다항식을 단항식으로 나누는 계산을 다루는 성취기준 | curriculum_math_2022: printed p. 35; [9수02-19]; achievement_standard; 다항식의 곱셈과 인수분해를 하는 성취기준 | curriculum_math_2022: printed p. 36; [9수02-19] explanation; teaching_note; 다항식의 곱셈과 인수분해의 역관계를 이해하고, m(a+b), (a±b)^2, (a+b)(a-b), (x+a)(x+b), (ax+b)(cx+d) 범위의 공식을 다룸",,prerequisite_ref;textbook_page_refs,Find textbook sequencing or prior-knowledge evidence for the prerequisite relation.,pending_textbook_pdf,,,,,,,,,,
9,중3(교육과정 학년군: 중1-3),변화와 관계,다항식의 곱셈과 인수분해,m1_calc_expansion__prerequisite_for__m1_factor_polynomial_product_expansion,cross_unit,m1_calc_expansion,전개,식의 계산,m1_factor_polynomial_product_expansion,다항식의 곱 전개하기,다항식의 곱셈과 인수분해,prerequisite_for,high,3,"curriculum_math_2022: printed p. 35; [9수02-19]; achievement_standard; 다항식의 곱셈과 인수분해를 하는 성취기준 | curriculum_math_2022: printed p. 36; [9수02-19] explanation; teaching_note; 다항식의 곱셈과 인수분해의 역관계를 이해하고, m(a+b), (a±b)^2, (a+b)(a-b), (x+a)(x+b), (ax+b)(cx+d) 범위의 공식을 다룸 | achievement_math_2022: 다항식의 곱셈과 인수분해 section; [9수02-19] achievement levels; achievement_level; 다항식의 곱셈과 인수분해의 역관계 이해, 두 다항식의 곱 전개, 이차식 인수분해, 간단한 절차 수행 수준을 구분",,prerequisite_ref;textbook_page_refs,Find textbook sequencing or prior-knowledge evidence for the prerequisite relation.,pending_textbook_pdf,,,,,,,,,,
9,중3(교육과정 학년군: 중1-3),변화와 관계,다항식의 곱셈과 인수분해,m1_calc_monomial_polynomial_mul_div__prerequisite_for__m1_factor_polynomial_multiplication,cross_unit,m1_calc_monomial_polynomial_mul_div,단항식과 다항식의 곱셈과 나눗셈,식의 계산,m1_factor_polynomial_multiplication,다항식의 곱셈,다항식의 곱셈과 인수분해,prerequisite_for,high,4,"curriculum_math_2022: printed p. 35; [9수02-19]; achievement_standard; 다항식의 곱셈과 인수분해를 하는 성취기준 | curriculum_math_2022: printed p. 36; [9수02-19] explanation; teaching_note; 다항식의 곱셈과 인수분해의 역관계를 이해하고, m(a+b), (a±b)^2, (a+b)(a-b), (x+a)(x+b), (ax+b)(cx+d) 범위의 공식을 다룸 | achievement_math_2022: 다항식의 곱셈과 인수분해 section; [9수02-19] achievement levels; achievement_level; 다항식의 곱셈과 인수분해의 역관계 이해, 두 다항식의 곱 전개, 이차식 인수분해, 간단한 절차 수행 수준을 구분 | achievement_research_report_2022: 연구보고서 p. 219; 다항식의 곱셈과 인수분해 성취기준별 성취수준; research_report_achievement_level_context; 다항식의 곱셈과 인수분해의 역관계 이해와 과정 설명, 두 다항식의 곱 전개, 이차식 인수분해, 안내된 절차 수행 수준을 구분",,prerequisite_ref;textbook_page_refs,Find textbook sequencing or prior-knowledge evidence for the prerequisite relation.,pending_textbook_pdf,,,,,,,,,,
9,중3(교육과정 학년군: 중1-3),변화와 관계,다항식의 곱셈과 인수분해,m1_calc_power__prerequisite_for__m1_factor_perfect_square_expression,cross_unit,m1_calc_power,거듭제곱,식의 계산,m1_factor_perfect_square_expression,완전제곱식,다항식의 곱셈과 인수분해,prerequisite_for,high,3,"curriculum_math_2022: printed p. 36; terms and symbols for 변화와 관계; term_list; 대입, 다항식, 항, 단항식, 상수항, 계수, 차수, 일차식, 동류항, 등식, 방정식, 미지수, 해, 근, 항등식, 이항, 일차방정식, 변수, 좌표, 그래프, 인수, 인수분해, 완전제곱식, 이차방정식, 중근, 근의 공식, 이차함수, 포물선, 축, 꼭짓점, 최댓값, 최솟값 등을 다룸 | curriculum_math_2022: printed p. 36; [9수02-19] explanation; teaching_note; 다항식의 곱셈과 인수분해의 역관계를 이해하고, m(a+b), (a±b)^2, (a+b)(a-b), (x+a)(x+b), (ax+b)(cx+d) 범위의 공식을 다룸 | achievement_math_2022: 다항식의 곱셈과 인수분해 section; [9수02-19] achievement levels; achievement_level; 다항식의 곱셈과 인수분해의 역관계 이해, 두 다항식의 곱 전개, 이차식 인수분해, 간단한 절차 수행 수준을 구분",,prerequisite_ref;textbook_page_refs,Find textbook sequencing or prior-knowledge evidence for the prerequisite relation.,pending_textbook_pdf,,,,,,,,,,
9,중3(교육과정 학년군: 중1-3),변화와 관계,다항식의 곱셈과 인수분해,m1_calc_unit__prerequisite_for__m1_factor_unit,cross_unit,m1_calc_unit,식의 계산,식의 계산,m1_factor_unit,다항식의 곱셈과 인수분해,다항식의 곱셈과 인수분해,prerequisite_for,high,4,"curriculum_math_2022: printed p. 35; [9수02-08]; achievement_standard; 지수법칙을 이해하고 이를 이용하여 식을 간단히 하는 성취기준 | curriculum_math_2022: printed p. 35; [9수02-10]; achievement_standard; 단항식과 다항식의 곱셈, 다항식을 단항식으로 나누는 계산을 다루는 성취기준 | curriculum_math_2022: printed p. 35; [9수02-19]; achievement_standard; 다항식의 곱셈과 인수분해를 하는 성취기준 | curriculum_math_2022: printed p. 36; [9수02-19] explanation; teaching_note; 다항식의 곱셈과 인수분해의 역관계를 이해하고, m(a+b), (a±b)^2, (a+b)(a-b), (x+a)(x+b), (ax+b)(cx+d) 범위의 공식을 다룸",식의 계산에서 다항식 연산 원리를 익힌 뒤 다항식의 곱셈과 인수분해로 확장된다.,prerequisite_ref;textbook_page_refs,Find textbook sequencing or prior-knowledge evidence for the prerequisite relation.,pending_textbook_pdf,,,,,,,,,,
9,중3(교육과정 학년군: 중1-3),변화와 관계,다항식의 곱셈과 인수분해,m1_expr_coefficient__prerequisite_for__m1_factor_binomial_product_xab,cross_unit,m1_expr_coefficient,계수,문자의 사용과 식,m1_factor_binomial_product_xab,(x+a)(x+b) 공식,다항식의 곱셈과 인수분해,prerequisite_for,high,2,"curriculum_math_2022: printed p. 36; [9수02-19] explanation; teaching_note; 다항식의 곱셈과 인수분해의 역관계를 이해하고, m(a+b), (a±b)^2, (a+b)(a-b), (x+a)(x+b), (ax+b)(cx+d) 범위의 공식을 다룸 | achievement_math_2022: 다항식의 곱셈과 인수분해 section; [9수02-19] achievement levels; achievement_level; 다항식의 곱셈과 인수분해의 역관계 이해, 두 다항식의 곱 전개, 이차식 인수분해, 간단한 절차 수행 수준을 구분",,prerequisite_ref;textbook_page_refs,Find textbook sequencing or prior-knowledge evidence for the prerequisite relation.,pending_textbook_pdf,,,,,,,,,,
9,중3(교육과정 학년군: 중1-3),변화와 관계,다항식의 곱셈과 인수분해,m1_expr_coefficient__prerequisite_for__m1_factor_cross_term_coefficient_check,cross_unit,m1_expr_coefficient,계수,문자의 사용과 식,m1_factor_cross_term_coefficient_check,교차항 계수 확인하기,다항식의 곱셈과 인수분해,prerequisite_for,medium,2,"curriculum_math_2022: printed p. 36; [9수02-19] explanation; teaching_note; 다항식의 곱셈과 인수분해의 역관계를 이해하고, m(a+b), (a±b)^2, (a+b)(a-b), (x+a)(x+b), (ax+b)(cx+d) 범위의 공식을 다룸 | achievement_math_2022: 다항식의 곱셈과 인수분해 section; [9수02-19] achievement levels; achievement_level; 다항식의 곱셈과 인수분해의 역관계 이해, 두 다항식의 곱 전개, 이차식 인수분해, 간단한 절차 수행 수준을 구분",,prerequisite_ref;textbook_page_refs,Find textbook sequencing or prior-knowledge evidence for the prerequisite relation.,pending_textbook_pdf,,,,,,,,,,
9,중3(교육과정 학년군: 중1-3),변화와 관계,다항식의 곱셈과 인수분해,m1_expr_coefficient__prerequisite_for__m1_factor_linear_product_axb_cxd,cross_unit,m1_expr_coefficient,계수,문자의 사용과 식,m1_factor_linear_product_axb_cxd,(ax+b)(cx+d) 공식,다항식의 곱셈과 인수분해,prerequisite_for,high,2,"curriculum_math_2022: printed p. 36; [9수02-19] explanation; teaching_note; 다항식의 곱셈과 인수분해의 역관계를 이해하고, m(a+b), (a±b)^2, (a+b)(a-b), (x+a)(x+b), (ax+b)(cx+d) 범위의 공식을 다룸 | achievement_math_2022: 다항식의 곱셈과 인수분해 section; [9수02-19] achievement levels; achievement_level; 다항식의 곱셈과 인수분해의 역관계 이해, 두 다항식의 곱 전개, 이차식 인수분해, 간단한 절차 수행 수준을 구분",,prerequisite_ref;textbook_page_refs,Find textbook sequencing or prior-knowledge evidence for the prerequisite relation.,pending_textbook_pdf,,,,,,,,,,
9,중3(교육과정 학년군: 중1-3),변화와 관계,다항식의 곱셈과 인수분해,m1_expr_coefficient__prerequisite_for__m1_factor_perfect_square_middle_term_check,cross_unit,m1_expr_coefficient,계수,문자의 사용과 식,m1_factor_perfect_square_middle_term_check,완전제곱식의 가운데 항 확인하기,다항식의 곱셈과 인수분해,prerequisite_for,medium,2,"curriculum_math_2022: printed p. 36; [9수02-19] explanation; teaching_note; 다항식의 곱셈과 인수분해의 역관계를 이해하고, m(a+b), (a±b)^2, (a+b)(a-b), (x+a)(x+b), (ax+b)(cx+d) 범위의 공식을 다룸 | achievement_math_2022: 다항식의 곱셈과 인수분해 section; [9수02-19] achievement levels; achievement_level; 다항식의 곱셈과 인수분해의 역관계 이해, 두 다항식의 곱 전개, 이차식 인수분해, 간단한 절차 수행 수준을 구분",,prerequisite_ref;textbook_page_refs,Find textbook sequencing or prior-knowledge evidence for the prerequisite relation.,pending_textbook_pdf,,,,,,,,,,
9,중3(교육과정 학년군: 중1-3),변화와 관계,다항식의 곱셈과 인수분해,m1_expr_coefficient__prerequisite_for__m1_factor_sum_product_pair_search,cross_unit,m1_expr_coefficient,계수,문자의 사용과 식,m1_factor_sum_product_pair_search,합과 곱이 맞는 수 찾기,다항식의 곱셈과 인수분해,prerequisite_for,medium,2,"curriculum_math_2022: printed p. 36; [9수02-19] explanation; teaching_note; 다항식의 곱셈과 인수분해의 역관계를 이해하고, m(a+b), (a±b)^2, (a+b)(a-b), (x+a)(x+b), (ax+b)(cx+d) 범위의 공식을 다룸 | achievement_math_2022: 다항식의 곱셈과 인수분해 section; [9수02-19] achievement levels; achievement_level; 다항식의 곱셈과 인수분해의 역관계 이해, 두 다항식의 곱 전개, 이차식 인수분해, 간단한 절차 수행 수준을 구분",,prerequisite_ref;textbook_page_refs,Find textbook sequencing or prior-knowledge evidence for the prerequisite relation.,pending_textbook_pdf,,,,,,,,,,
9,중3(교육과정 학년군: 중1-3),변화와 관계,다항식의 곱셈과 인수분해,m1_expr_degree__prerequisite_for__m1_factor_quadratic_expression,cross_unit,m1_expr_degree,차수,문자의 사용과 식,m1_factor_quadratic_expression,이차식,다항식의 곱셈과 인수분해,prerequisite_for,medium,3,"curriculum_math_2022: printed p. 36; terms usable in teaching and learning situations; instructional_term_list; 식의 값, 좌변, 우변, 양변, 이차식, 전개식, 연립일차방정식, 소거, 가감법, 대입법, 함수의 그래프 등은 교수·학습 상황에서 사용할 수 있음 | achievement_math_2022: 다항식의 곱셈과 인수분해 section; [9수02-19] achievement levels; achievement_level; 다항식의 곱셈과 인수분해의 역관계 이해, 두 다항식의 곱 전개, 이차식 인수분해, 간단한 절차 수행 수준을 구분 | achievement_research_report_2022: 연구보고서 p. 219; 다항식의 곱셈과 인수분해 성취기준별 성취수준; research_report_achievement_level_context; 다항식의 곱셈과 인수분해의 역관계 이해와 과정 설명, 두 다항식의 곱 전개, 이차식 인수분해, 안내된 절차 수행 수준을 구분",,prerequisite_ref;textbook_page_refs,Find textbook sequencing or prior-knowledge evidence for the prerequisite relation.,pending_textbook_pdf,,,,,,,,,,
9,중3(교육과정 학년군: 중1-3),변화와 관계,다항식의 곱셈과 인수분해,m1_expr_polynomial__prerequisite_for__m1_factor_quadratic_expression,cross_unit,m1_expr_polynomial,다항식,문자의 사용과 식,m1_factor_quadratic_expression,이차식,다항식의 곱셈과 인수분해,prerequisite_for,medium,3,"curriculum_math_2022: printed p. 36; terms usable in teaching and learning situations; instructional_term_list; 식의 값, 좌변, 우변, 양변, 이차식, 전개식, 연립일차방정식, 소거, 가감법, 대입법, 함수의 그래프 등은 교수·학습 상황에서 사용할 수 있음 | achievement_math_2022: 다항식의 곱셈과 인수분해 section; [9수02-19] achievement levels; achievement_level; 다항식의 곱셈과 인수분해의 역관계 이해, 두 다항식의 곱 전개, 이차식 인수분해, 간단한 절차 수행 수준을 구분 | achievement_research_report_2022: 연구보고서 p. 219; 다항식의 곱셈과 인수분해 성취기준별 성취수준; research_report_achievement_level_context; 다항식의 곱셈과 인수분해의 역관계 이해와 과정 설명, 두 다항식의 곱 전개, 이차식 인수분해, 안내된 절차 수행 수준을 구분",,prerequisite_ref;textbook_page_refs,Find textbook sequencing or prior-knowledge evidence for the prerequisite relation.,pending_textbook_pdf,,,,,,,,,,
9,중3(교육과정 학년군: 중1-3),변화와 관계,다항식의 곱셈과 인수분해,m1_expr_polynomial__prerequisite_for__m1_factor_unit,cross_unit,m1_expr_polynomial,다항식,문자의 사용과 식,m1_factor_unit,다항식의 곱셈과 인수분해,다항식의 곱셈과 인수분해,prerequisite_for,high,4,"curriculum_math_2022: printed p. 35; [9수02-19]; achievement_standard; 다항식의 곱셈과 인수분해를 하는 성취기준 | curriculum_math_2022: printed p. 36; [9수02-19] explanation; teaching_note; 다항식의 곱셈과 인수분해의 역관계를 이해하고, m(a+b), (a±b)^2, (a+b)(a-b), (x+a)(x+b), (ax+b)(cx+d) 범위의 공식을 다룸 | achievement_math_2022: 다항식의 곱셈과 인수분해 section; [9수02-19] achievement levels; achievement_level; 다항식의 곱셈과 인수분해의 역관계 이해, 두 다항식의 곱 전개, 이차식 인수분해, 간단한 절차 수행 수준을 구분 | achievement_research_report_2022: 연구보고서 p. 219; 다항식의 곱셈과 인수분해 성취기준별 성취수준; research_report_achievement_level_context; 다항식의 곱셈과 인수분해의 역관계 이해와 과정 설명, 두 다항식의 곱 전개, 이차식 인수분해, 안내된 절차 수행 수준을 구분",,prerequisite_ref;textbook_page_refs,Find textbook sequencing or prior-knowledge evidence for the prerequisite relation.,pending_textbook_pdf,,,,,,,,,,
9,중3(교육과정 학년군: 중1-3),변화와 관계,다항식의 곱셈과 인수분해,m1_factor_factorization__prerequisite_for__m1_quad_eq_factorization_solving,cross_unit,m1_factor_factorization,인수분해,다항식의 곱셈과 인수분해,m1_quad_eq_factorization_solving,인수분해를 이용한 이차방정식 풀이,이차방정식,prerequisite_for,medium,2,"achievement_math_2022: 다항식의 곱셈과 인수분해 section; [9수02-19] achievement levels; achievement_level; 다항식의 곱셈과 인수분해의 역관계 이해, 두 다항식의 곱 전개, 이차식 인수분해, 간단한 절차 수행 수준을 구분 | achievement_math_2022: 이차방정식 section; [9수02-20] achievement levels; achievement_level; 이차방정식을 풀고 과정을 설명하거나 활용하며, 이차항의 계수가 1인 이차방정식을 푸는 수준을 구분",,prerequisite_ref;textbook_page_refs,Find textbook sequencing or prior-knowledge evidence for the prerequisite relation.,pending_textbook_pdf,,,,,,,,,,
9,중3(교육과정 학년군: 중1-3),변화와 관계,다항식의 곱셈과 인수분해,m1_factor_factorization__prerequisite_for__m1_quad_eq_solving,cross_unit,m1_factor_factorization,인수분해,다항식의 곱셈과 인수분해,m1_quad_eq_solving,이차방정식 풀기,이차방정식,prerequisite_for,high,3,"curriculum_math_2022: printed p. 35; [9수02-20]; achievement_standard; 이차방정식을 풀고 활용하여 문제를 해결하는 성취기준 | achievement_math_2022: 이차방정식 section; [9수02-20] achievement levels; achievement_level; 이차방정식을 풀고 과정을 설명하거나 활용하며, 이차항의 계수가 1인 이차방정식을 푸는 수준을 구분 | achievement_research_report_2022: 연구보고서 p. 220; 이차방정식 성취기준별 성취수준; research_report_achievement_level_context; [9수02-20] 성취수준에서 이차방정식 풀이와 과정 설명, 문제 상황의 이차방정식 설정, 이차항의 계수가 1인 이차방정식 풀이를 구분",,prerequisite_ref;textbook_page_refs,Find textbook sequencing or prior-knowledge evidence for the prerequisite relation.,pending_textbook_pdf,,,,,,,,,,
9,중3(교육과정 학년군: 중1-3),변화와 관계,다항식의 곱셈과 인수분해,m1_factor_quadratic_expression__prerequisite_for__m1_quad_eq_quadratic_equation,cross_unit,m1_factor_quadratic_expression,이차식,다항식의 곱셈과 인수분해,m1_quad_eq_quadratic_equation,이차방정식,이차방정식,prerequisite_for,high,4,"curriculum_math_2022: printed p. 35; [9수02-20]; achievement_standard; 이차방정식을 풀고 활용하여 문제를 해결하는 성취기준 | curriculum_math_2022: printed p. 36; terms and symbols for 변화와 관계; term_list; 대입, 다항식, 항, 단항식, 상수항, 계수, 차수, 일차식, 동류항, 등식, 방정식, 미지수, 해, 근, 항등식, 이항, 일차방정식, 변수, 좌표, 그래프, 인수, 인수분해, 완전제곱식, 이차방정식, 중근, 근의 공식, 이차함수, 포물선, 축, 꼭짓점, 최댓값, 최솟값 등을 다룸 | achievement_math_2022: 이차방정식 section; [9수02-20] achievement levels; achievement_level; 이차방정식을 풀고 과정을 설명하거나 활용하며, 이차항의 계수가 1인 이차방정식을 푸는 수준을 구분 | achievement_research_report_2022: 연구보고서 p. 220; 이차방정식 성취기준별 성취수준; research_report_achievement_level_context; [9수02-20] 성취수준에서 이차방정식 풀이와 과정 설명, 문제 상황의 이차방정식 설정, 이차항의 계수가 1인 이차방정식 풀이를 구분",,prerequisite_ref;textbook_page_refs,Find textbook sequencing or prior-knowledge evidence for the prerequisite relation.,pending_textbook_pdf,,,,,,,,,,
9,중3(교육과정 학년군: 중1-3),변화와 관계,다항식의 곱셈과 인수분해,m1_factor_quadratic_expression__prerequisite_for__m1_quad_func_formula,cross_unit,m1_factor_quadratic_expression,이차식,다항식의 곱셈과 인수분해,m1_quad_func_formula,이차함수의 식,이차함수와 그 그래프,prerequisite_for,high,4,"curriculum_math_2022: printed p. 35; [9수02-21]; achievement_standard; 이차함수의 개념을 이해하는 성취기준 | achievement_math_2022: 이차함수와 그 그래프 section; [9수02-21] achievement levels; achievement_level; 주어진 상황을 식으로 나타내어 이차함수인지 판단하거나 주어진 함수 중 이차함수를 찾는 수준을 구분 | achievement_math_2022: 이차함수와 그 그래프 section; [9수02-22] achievement levels; achievement_level; y=ax^2, y=a(x-p)^2+q, y=ax^2+bx+c 꼴의 이차함수 그래프를 그리고 성질을 설명하는 수준을 구분 | achievement_research_report_2022: 연구보고서 p. 220; 이차함수와 그 그래프 성취기준별 성취수준; research_report_achievement_level_context; 이차함수 개념, 이차함수인지 판단하기, 상황을 식으로 나타내기, y=ax^2, y=a(x-p)^2, y=ax^2+q, y=a(x-p)^2+q, y=ax^2+bx+c 그래프와 성질, 표를 이용한 y=ax^2 그래프 그리기를 다루는 성취수준 맥락",,prerequisite_ref;textbook_page_refs,Find textbook sequencing or prior-knowledge evidence for the prerequisite relation.,pending_textbook_pdf,,,,,,,,,,
9,중3(교육과정 학년군: 중1-3),변화와 관계,다항식의 곱셈과 인수분해,m1_factor_quadratic_expression__prerequisite_for__m1_quad_func_general_form,cross_unit,m1_factor_quadratic_expression,이차식,다항식의 곱셈과 인수분해,m1_quad_func_general_form,y=ax^2+bx+c 꼴,이차함수와 그 그래프,prerequisite_for,medium,2,"achievement_math_2022: 이차함수와 그 그래프 section; [9수02-22] achievement levels; achievement_level; y=ax^2, y=a(x-p)^2+q, y=ax^2+bx+c 꼴의 이차함수 그래프를 그리고 성질을 설명하는 수준을 구분 | achievement_research_report_2022: 연구보고서 p. 220; 이차함수와 그 그래프 성취기준별 성취수준; research_report_achievement_level_context; 이차함수 개념, 이차함수인지 판단하기, 상황을 식으로 나타내기, y=ax^2, y=a(x-p)^2, y=ax^2+q, y=a(x-p)^2+q, y=ax^2+bx+c 그래프와 성질, 표를 이용한 y=ax^2 그래프 그리기를 다루는 성취수준 맥락",,prerequisite_ref;textbook_page_refs,Find textbook sequencing or prior-knowledge evidence for the prerequisite relation.,pending_textbook_pdf,,,,,,,,,,
9,중3(교육과정 학년군: 중1-3),변화와 관계,다항식의 곱셈과 인수분해,m1_factor_quadratic_expression__prerequisite_for__m1_quad_func_quadratic_function,cross_unit,m1_factor_quadratic_expression,이차식,다항식의 곱셈과 인수분해,m1_quad_func_quadratic_function,이차함수,이차함수와 그 그래프,prerequisite_for,high,4,"curriculum_math_2022: printed p. 35; [9수02-21]; achievement_standard; 이차함수의 개념을 이해하는 성취기준 | curriculum_math_2022: printed p. 36; terms and symbols for 변화와 관계; term_list; 대입, 다항식, 항, 단항식, 상수항, 계수, 차수, 일차식, 동류항, 등식, 방정식, 미지수, 해, 근, 항등식, 이항, 일차방정식, 변수, 좌표, 그래프, 인수, 인수분해, 완전제곱식, 이차방정식, 중근, 근의 공식, 이차함수, 포물선, 축, 꼭짓점, 최댓값, 최솟값 등을 다룸 | achievement_math_2022: 이차함수와 그 그래프 section; [9수02-21] achievement levels; achievement_level; 주어진 상황을 식으로 나타내어 이차함수인지 판단하거나 주어진 함수 중 이차함수를 찾는 수준을 구분 | achievement_research_report_2022: 연구보고서 p. 220; 이차함수와 그 그래프 성취기준별 성취수준; research_report_achievement_level_context; 이차함수 개념, 이차함수인지 판단하기, 상황을 식으로 나타내기, y=ax^2, y=a(x-p)^2, y=ax^2+q, y=a(x-p)^2+q, y=ax^2+bx+c 그래프와 성질, 표를 이용한 y=ax^2 그래프 그리기를 다루는 성취수준 맥락",,prerequisite_ref;textbook_page_refs,Find textbook sequencing or prior-knowledge evidence for the prerequisite relation.,pending_textbook_pdf,,,,,,,,,,
9,중3(교육과정 학년군: 중1-3),변화와 관계,다항식의 곱셈과 인수분해,m1_factor_quadratic_expression__prerequisite_for__m1_quad_func_situation_to_formula,cross_unit,m1_factor_quadratic_expression,이차식,다항식의 곱셈과 인수분해,m1_quad_func_situation_to_formula,상황을 이차함수 식으로 나타내기,이차함수와 그 그래프,prerequisite_for,high,3,"curriculum_math_2022: printed p. 35; [9수02-21]; achievement_standard; 이차함수의 개념을 이해하는 성취기준 | achievement_math_2022: 이차함수와 그 그래프 section; [9수02-21] achievement levels; achievement_level; 주어진 상황을 식으로 나타내어 이차함수인지 판단하거나 주어진 함수 중 이차함수를 찾는 수준을 구분 | achievement_research_report_2022: 연구보고서 p. 220; 이차함수와 그 그래프 성취기준별 성취수준; research_report_achievement_level_context; 이차함수 개념, 이차함수인지 판단하기, 상황을 식으로 나타내기, y=ax^2, y=a(x-p)^2, y=ax^2+q, y=a(x-p)^2+q, y=ax^2+bx+c 그래프와 성질, 표를 이용한 y=ax^2 그래프 그리기를 다루는 성취수준 맥락",,prerequisite_ref;textbook_page_refs,Find textbook sequencing or prior-knowledge evidence for the prerequisite relation.,pending_textbook_pdf,,,,,,,,,,
9,중3(교육과정 학년군: 중1-3),변화와 관계,다항식의 곱셈과 인수분해,m1_factor_quadratic_factorization__prerequisite_for__m1_quad_eq_factorized_form,cross_unit,m1_factor_quadratic_factorization,이차식 인수분해,다항식의 곱셈과 인수분해,m1_quad_eq_factorized_form,이차방정식의 인수분해된 식 표현,이차방정식,prerequisite_for,medium,3,"achievement_math_2022: 이차방정식 section; [9수02-20] achievement levels; achievement_level; 이차방정식을 풀고 과정을 설명하거나 활용하며, 이차항의 계수가 1인 이차방정식을 푸는 수준을 구분 | achievement_math_2022: 다항식의 곱셈과 인수분해 section; [9수02-19] achievement levels; achievement_level; 다항식의 곱셈과 인수분해의 역관계 이해, 두 다항식의 곱 전개, 이차식 인수분해, 간단한 절차 수행 수준을 구분 | achievement_research_report_2022: 연구보고서 p. 219; 다항식의 곱셈과 인수분해 성취기준별 성취수준; research_report_achievement_level_context; 다항식의 곱셈과 인수분해의 역관계 이해와 과정 설명, 두 다항식의 곱 전개, 이차식 인수분해, 안내된 절차 수행 수준을 구분",,prerequisite_ref;textbook_page_refs,Find textbook sequencing or prior-knowledge evidence for the prerequisite relation.,pending_textbook_pdf,,,,,,,,,,
9,중3(교육과정 학년군: 중1-3),변화와 관계,다항식의 곱셈과 인수분해,m1_factor_unit__prerequisite_for__m1_quad_eq_unit,cross_unit,m1_factor_unit,다항식의 곱셈과 인수분해,다항식의 곱셈과 인수분해,m1_quad_eq_unit,이차방정식,이차방정식,prerequisite_for,medium,4,"curriculum_math_2022: printed p. 35; [9수02-19]; achievement_standard; 다항식의 곱셈과 인수분해를 하는 성취기준 | curriculum_math_2022: printed p. 35; [9수02-20]; achievement_standard; 이차방정식을 풀고 활용하여 문제를 해결하는 성취기준 | achievement_math_2022: 다항식의 곱셈과 인수분해 section; [9수02-19] achievement levels; achievement_level; 다항식의 곱셈과 인수분해의 역관계 이해, 두 다항식의 곱 전개, 이차식 인수분해, 간단한 절차 수행 수준을 구분 | achievement_math_2022: 이차방정식 section; [9수02-20] achievement levels; achievement_level; 이차방정식을 풀고 과정을 설명하거나 활용하며, 이차항의 계수가 1인 이차방정식을 푸는 수준을 구분",인수분해는 이차방정식 풀이의 핵심 절차로 이어진다.,prerequisite_ref;textbook_page_refs,Find textbook sequencing or prior-knowledge evidence for the prerequisite relation.,pending_textbook_pdf,,,,,,,,,,
9,중3(교육과정 학년군: 중1-3),변화와 관계,다항식의 곱셈과 인수분해,m1_num_distributive_law__prerequisite_for__m1_factor_common_factor_extraction,cross_unit,m1_num_distributive_law,분배법칙,정수와 유리수,m1_factor_common_factor_extraction,공통인수로 묶기,다항식의 곱셈과 인수분해,prerequisite_for,medium,2,"curriculum_math_2022: printed p. 36; [9수02-19] explanation; teaching_note; 다항식의 곱셈과 인수분해의 역관계를 이해하고, m(a+b), (a±b)^2, (a+b)(a-b), (x+a)(x+b), (ax+b)(cx+d) 범위의 공식을 다룸 | achievement_math_2022: 다항식의 곱셈과 인수분해 section; [9수02-19] achievement levels; achievement_level; 다항식의 곱셈과 인수분해의 역관계 이해, 두 다항식의 곱 전개, 이차식 인수분해, 간단한 절차 수행 수준을 구분",,prerequisite_ref;textbook_page_refs,Find textbook sequencing or prior-knowledge evidence for the prerequisite relation.,pending_textbook_pdf,,,,,,,,,,
9,중3(교육과정 학년군: 중1-3),변화와 관계,다항식의 곱셈과 인수분해,m1_num_distributive_law__prerequisite_for__m1_factor_common_factor_formula,cross_unit,m1_num_distributive_law,분배법칙,정수와 유리수,m1_factor_common_factor_formula,m(a+b) 공식,다항식의 곱셈과 인수분해,prerequisite_for,high,1,"curriculum_math_2022: printed p. 36; [9수02-19] explanation; teaching_note; 다항식의 곱셈과 인수분해의 역관계를 이해하고, m(a+b), (a±b)^2, (a+b)(a-b), (x+a)(x+b), (ax+b)(cx+d) 범위의 공식을 다룸",,prerequisite_ref;textbook_page_refs,Find textbook sequencing or prior-knowledge evidence for the prerequisite relation.,pending_textbook_pdf,,,,,,,,,,
9,중3(교육과정 학년군: 중1-3),변화와 관계,다항식의 곱셈과 인수분해,m1_calc_expansion__used_in__m1_factor_polynomial_product_expansion,cross_unit,m1_calc_expansion,전개,식의 계산,m1_factor_polynomial_product_expansion,다항식의 곱 전개하기,다항식의 곱셈과 인수분해,used_in,high,3,"curriculum_math_2022: printed p. 35; [9수02-19]; achievement_standard; 다항식의 곱셈과 인수분해를 하는 성취기준 | curriculum_math_2022: printed p. 36; [9수02-19] explanation; teaching_note; 다항식의 곱셈과 인수분해의 역관계를 이해하고, m(a+b), (a±b)^2, (a+b)(a-b), (x+a)(x+b), (ax+b)(cx+d) 범위의 공식을 다룸 | achievement_math_2022: 다항식의 곱셈과 인수분해 section; [9수02-19] achievement levels; achievement_level; 다항식의 곱셈과 인수분해의 역관계 이해, 두 다항식의 곱 전개, 이차식 인수분해, 간단한 절차 수행 수준을 구분",,procedure_ref;textbook_page_refs,"Find a worked example, procedure, or application where this source concept is used.",pending_textbook_pdf,,,,,,,,,,
9,중3(교육과정 학년군: 중1-3),변화와 관계,다항식의 곱셈과 인수분해,m1_factor_binomial_product_xab__used_in__m1_quad_eq_factorization_solving,cross_unit,m1_factor_binomial_product_xab,(x+a)(x+b) 공식,다항식의 곱셈과 인수분해,m1_quad_eq_factorization_solving,인수분해를 이용한 이차방정식 풀이,이차방정식,used_in,medium,4,"curriculum_math_2022: printed p. 36; [9수02-19] explanation; teaching_note; 다항식의 곱셈과 인수분해의 역관계를 이해하고, m(a+b), (a±b)^2, (a+b)(a-b), (x+a)(x+b), (ax+b)(cx+d) 범위의 공식을 다룸 | curriculum_math_2022: printed p. 35; [9수02-20]; achievement_standard; 이차방정식을 풀고 활용하여 문제를 해결하는 성취기준 | achievement_math_2022: 다항식의 곱셈과 인수분해 section; [9수02-19] achievement levels; achievement_level; 다항식의 곱셈과 인수분해의 역관계 이해, 두 다항식의 곱 전개, 이차식 인수분해, 간단한 절차 수행 수준을 구분 | achievement_math_2022: 이차방정식 section; [9수02-20] achievement levels; achievement_level; 이차방정식을 풀고 과정을 설명하거나 활용하며, 이차항의 계수가 1인 이차방정식을 푸는 수준을 구분",The (x+a)(x+b) product formula supports recognizing factors used when solving quadratic equations by factorization.,procedure_ref;textbook_page_refs,"Find a worked example, procedure, or application where this source concept is used.",pending_textbook_pdf,,,,,,,,,,
9,중3(교육과정 학년군: 중1-3),변화와 관계,다항식의 곱셈과 인수분해,m1_factor_factorization__used_in__m1_quad_eq_unit,cross_unit,m1_factor_factorization,인수분해,다항식의 곱셈과 인수분해,m1_quad_eq_unit,이차방정식,이차방정식,used_in,medium,4,"curriculum_math_2022: printed p. 35; [9수02-19]; achievement_standard; 다항식의 곱셈과 인수분해를 하는 성취기준 | curriculum_math_2022: printed p. 35; [9수02-20]; achievement_standard; 이차방정식을 풀고 활용하여 문제를 해결하는 성취기준 | achievement_math_2022: 다항식의 곱셈과 인수분해 section; [9수02-19] achievement levels; achievement_level; 다항식의 곱셈과 인수분해의 역관계 이해, 두 다항식의 곱 전개, 이차식 인수분해, 간단한 절차 수행 수준을 구분 | achievement_math_2022: 이차방정식 section; [9수02-20] achievement levels; achievement_level; 이차방정식을 풀고 과정을 설명하거나 활용하며, 이차항의 계수가 1인 이차방정식을 푸는 수준을 구분",Factorization is used as one route for working in the quadratic-equation unit.,procedure_ref;textbook_page_refs,"Find a worked example, procedure, or application where this source concept is used.",pending_textbook_pdf,,,,,,,,,,
9,중3(교육과정 학년군: 중1-3),변화와 관계,다항식의 곱셈과 인수분해,m1_factor_linear_product_axb_cxd__used_in__m1_quad_eq_factorization_solving,cross_unit,m1_factor_linear_product_axb_cxd,(ax+b)(cx+d) 공식,다항식의 곱셈과 인수분해,m1_quad_eq_factorization_solving,인수분해를 이용한 이차방정식 풀이,이차방정식,used_in,medium,3,"curriculum_math_2022: printed p. 36; [9수02-19] explanation; teaching_note; 다항식의 곱셈과 인수분해의 역관계를 이해하고, m(a+b), (a±b)^2, (a+b)(a-b), (x+a)(x+b), (ax+b)(cx+d) 범위의 공식을 다룸 | achievement_math_2022: 다항식의 곱셈과 인수분해 section; [9수02-19] achievement levels; achievement_level; 다항식의 곱셈과 인수분해의 역관계 이해, 두 다항식의 곱 전개, 이차식 인수분해, 간단한 절차 수행 수준을 구분 | achievement_math_2022: 이차방정식 section; [9수02-20] achievement levels; achievement_level; 이차방정식을 풀고 과정을 설명하거나 활용하며, 이차항의 계수가 1인 이차방정식을 푸는 수준을 구분",The (ax+b)(cx+d) factorization pattern can support factorization-based quadratic-equation solving within the stated factorization scope.,procedure_ref;textbook_page_refs,"Find a worked example, procedure, or application where this source concept is used.",pending_textbook_pdf,,,,,,,,,,
9,중3(교육과정 학년군: 중1-3),변화와 관계,다항식의 곱셈과 인수분해,m1_factor_quadratic_expression__used_in__m1_quad_eq_quadratic_equation,cross_unit,m1_factor_quadratic_expression,이차식,다항식의 곱셈과 인수분해,m1_quad_eq_quadratic_equation,이차방정식,이차방정식,used_in,medium,3,"curriculum_math_2022: printed p. 36; terms usable in teaching and learning situations; instructional_term_list; 식의 값, 좌변, 우변, 양변, 이차식, 전개식, 연립일차방정식, 소거, 가감법, 대입법, 함수의 그래프 등은 교수·학습 상황에서 사용할 수 있음 | curriculum_math_2022: printed p. 35; [9수02-20]; achievement_standard; 이차방정식을 풀고 활용하여 문제를 해결하는 성취기준 | achievement_math_2022: 이차방정식 section; [9수02-20] achievement levels; achievement_level; 이차방정식을 풀고 과정을 설명하거나 활용하며, 이차항의 계수가 1인 이차방정식을 푸는 수준을 구분",,procedure_ref;textbook_page_refs,"Find a worked example, procedure, or application where this source concept is used.",pending_textbook_pdf,,,,,,,,,,
9,중3(교육과정 학년군: 중1-3),변화와 관계,다항식의 곱셈과 인수분해,m1_factor_quadratic_expression__used_in__m1_quad_func_formula,cross_unit,m1_factor_quadratic_expression,이차식,다항식의 곱셈과 인수분해,m1_quad_func_formula,이차함수의 식,이차함수와 그 그래프,used_in,medium,2,curriculum_math_2022: printed p. 35; [9수02-21]; achievement_standard; 이차함수의 개념을 이해하는 성취기준 | achievement_math_2022: 이차함수와 그 그래프 section; [9수02-21] achievement levels; achievement_level; 주어진 상황을 식으로 나타내어 이차함수인지 판단하거나 주어진 함수 중 이차함수를 찾는 수준을 구분,,procedure_ref;textbook_page_refs,"Find a worked example, procedure, or application where this source concept is used.",pending_textbook_pdf,,,,,,,,,,
9,중3(교육과정 학년군: 중1-3),변화와 관계,다항식의 곱셈과 인수분해,m1_factor_quadratic_factorization__used_in__m1_quad_eq_factorization_solving,cross_unit,m1_factor_quadratic_factorization,이차식 인수분해,다항식의 곱셈과 인수분해,m1_quad_eq_factorization_solving,인수분해를 이용한 이차방정식 풀이,이차방정식,used_in,medium,2,"achievement_math_2022: 다항식의 곱셈과 인수분해 section; [9수02-19] achievement levels; achievement_level; 다항식의 곱셈과 인수분해의 역관계 이해, 두 다항식의 곱 전개, 이차식 인수분해, 간단한 절차 수행 수준을 구분 | achievement_math_2022: 이차방정식 section; [9수02-20] achievement levels; achievement_level; 이차방정식을 풀고 과정을 설명하거나 활용하며, 이차항의 계수가 1인 이차방정식을 푸는 수준을 구분",,procedure_ref;textbook_page_refs,"Find a worked example, procedure, or application where this source concept is used.",pending_textbook_pdf,,,,,,,,,,
9,중3(교육과정 학년군: 중1-3),변화와 관계,다항식의 곱셈과 인수분해,m1_num_distributive_law__used_in__m1_factor_common_factor_extraction,cross_unit,m1_num_distributive_law,분배법칙,정수와 유리수,m1_factor_common_factor_extraction,공통인수로 묶기,다항식의 곱셈과 인수분해,used_in,medium,2,"curriculum_math_2022: printed p. 36; [9수02-19] explanation; teaching_note; 다항식의 곱셈과 인수분해의 역관계를 이해하고, m(a+b), (a±b)^2, (a+b)(a-b), (x+a)(x+b), (ax+b)(cx+d) 범위의 공식을 다룸 | achievement_math_2022: 다항식의 곱셈과 인수분해 section; [9수02-19] achievement levels; achievement_level; 다항식의 곱셈과 인수분해의 역관계 이해, 두 다항식의 곱 전개, 이차식 인수분해, 간단한 절차 수행 수준을 구분",,procedure_ref;textbook_page_refs,"Find a worked example, procedure, or application where this source concept is used.",pending_textbook_pdf,,,,,,,,,,
9,중3(교육과정 학년군: 중1-3),변화와 관계,다항식의 곱셈과 인수분해,m1_num_distributive_law__used_in__m1_factor_common_factor_formula,cross_unit,m1_num_distributive_law,분배법칙,정수와 유리수,m1_factor_common_factor_formula,m(a+b) 공식,다항식의 곱셈과 인수분해,used_in,medium,1,"curriculum_math_2022: printed p. 36; [9수02-19] explanation; teaching_note; 다항식의 곱셈과 인수분해의 역관계를 이해하고, m(a+b), (a±b)^2, (a+b)(a-b), (x+a)(x+b), (ax+b)(cx+d) 범위의 공식을 다룸",,procedure_ref;textbook_page_refs,"Find a worked example, procedure, or application where this source concept is used.",pending_textbook_pdf,,,,,,,,,,
9,중3(교육과정 학년군: 중1-3),변화와 관계,다항식의 곱셈과 인수분해,m1_num_distributive_law__used_in__m1_factor_polynomial_multiplication,cross_unit,m1_num_distributive_law,분배법칙,정수와 유리수,m1_factor_polynomial_multiplication,다항식의 곱셈,다항식의 곱셈과 인수분해,used_in,medium,7,"curriculum_math_2022: printed p. 34; terms and symbols for 수와 연산; term_list; 소수, 합성수, 거듭제곱, 지수, 밑, 소인수, 소인수분해, 서로소, 양수, 음수, 정수, 수직선, 유리수, 절댓값, 교환법칙, 결합법칙, 분배법칙, 역수, 유한소수, 무한소수, 순환소수, 순환마디, 제곱근, 근호, 무리수, 실수, 분모의 유리화 등을 다룸 | curriculum_math_2022: printed p. 33; [9수01-05]; achievement_standard; 정수와 유리수의 사칙계산 원리를 이해하고 계산하는 성취기준 | curriculum_math_2022: printed p. 35; [9수02-10]; achievement_standard; 단항식과 다항식의 곱셈, 다항식을 단항식으로 나누는 계산을 다루는 성취기준 | curriculum_math_2022: printed p. 35; [9수02-19]; achievement_standard; 다항식의 곱셈과 인수분해를 하는 성취기준 | achievement_math_2022: 정수와 유리수 section; [9수01-05] achievement levels; achievement_level; 정수와 유리수의 사칙계산 원리 이해, 덧셈·뺄셈·곱셈·나눗셈, 혼합계산 수준을 구분 | achievement_math_2022: 식의 계산 section; [9수02-10] achievement levels; achievement_level; 단항식과 다항식의 곱셈, 다항식과 단항식의 나눗셈 원리 이해와 계산 수행 수준을 구분 | achievement_math_2022: 다항식의 곱셈과 인수분해 section; [9수02-19] achievement levels; achievement_level; 다항식의 곱셈과 인수분해의 역관계 이해, 두 다항식의 곱 전개, 이차식 인수분해, 간단한 절차 수행 수준을 구분",The distributive law underlies polynomial multiplication and the expansion view used before factorization.,procedure_ref;textbook_page_refs,"Find a worked example, procedure, or application where this source concept is used.",pending_textbook_pdf,,,,,,,,,,
9,중3(교육과정 학년군: 중1-3),변화와 관계,다항식의 곱셈과 인수분해,m1_calc_expansion__contrasts_with__m1_factor_factorization,cross_unit,m1_calc_expansion,전개,식의 계산,m1_factor_factorization,인수분해,다항식의 곱셈과 인수분해,contrasts_with,medium,2,"curriculum_math_2022: printed p. 36; [9수02-19] explanation; teaching_note; 다항식의 곱셈과 인수분해의 역관계를 이해하고, m(a+b), (a±b)^2, (a+b)(a-b), (x+a)(x+b), (ax+b)(cx+d) 범위의 공식을 다룸 | achievement_math_2022: 다항식의 곱셈과 인수분해 section; [9수02-19] achievement levels; achievement_level; 다항식의 곱셈과 인수분해의 역관계 이해, 두 다항식의 곱 전개, 이차식 인수분해, 간단한 절차 수행 수준을 구분","전개는 곱의 꼴을 합의 꼴로, 인수분해는 합의 꼴을 곱의 꼴로 바꾸는 반대 방향 절차다.",contrast_ref;textbook_page_refs,Find textbook wording or examples that distinguish the two concepts.,pending_textbook_pdf,,,,,,,,,,
9,중3(교육과정 학년군: 중1-3),변화와 관계,다항식의 곱셈과 인수분해,m1_expr_like_terms__contrasts_with__m1_factor_common_factor,cross_unit,m1_expr_like_terms,동류항,문자의 사용과 식,m1_factor_common_factor,공통인수,다항식의 곱셈과 인수분해,contrasts_with,medium,3,"curriculum_math_2022: printed p. 36; [9수02-19] explanation; teaching_note; 다항식의 곱셈과 인수분해의 역관계를 이해하고, m(a+b), (a±b)^2, (a+b)(a-b), (x+a)(x+b), (ax+b)(cx+d) 범위의 공식을 다룸 | curriculum_math_2022: printed p. 36; terms and symbols for 변화와 관계; term_list; 대입, 다항식, 항, 단항식, 상수항, 계수, 차수, 일차식, 동류항, 등식, 방정식, 미지수, 해, 근, 항등식, 이항, 일차방정식, 변수, 좌표, 그래프, 인수, 인수분해, 완전제곱식, 이차방정식, 중근, 근의 공식, 이차함수, 포물선, 축, 꼭짓점, 최댓값, 최솟값 등을 다룸 | achievement_math_2022: 다항식의 곱셈과 인수분해 section; [9수02-19] achievement levels; achievement_level; 다항식의 곱셈과 인수분해의 역관계 이해, 두 다항식의 곱 전개, 이차식 인수분해, 간단한 절차 수행 수준을 구분",동류항과 공통인수는 각각 additive grouping과 multiplicative factoring에 쓰이는 구별되는 개념이다.,contrast_ref;textbook_page_refs,Find textbook wording or examples that distinguish the two concepts.,pending_textbook_pdf,,,,,,,,,,
9,중3(교육과정 학년군: 중1-3),변화와 관계,다항식의 곱셈과 인수분해,m1_factor_common_factor__contrasts_with__m1_expr_like_terms,cross_unit,m1_factor_common_factor,공통인수,다항식의 곱셈과 인수분해,m1_expr_like_terms,동류항,문자의 사용과 식,contrasts_with,medium,3,"curriculum_math_2022: printed p. 36; [9수02-19] explanation; teaching_note; 다항식의 곱셈과 인수분해의 역관계를 이해하고, m(a+b), (a±b)^2, (a+b)(a-b), (x+a)(x+b), (ax+b)(cx+d) 범위의 공식을 다룸 | curriculum_math_2022: printed p. 36; terms and symbols for 변화와 관계; term_list; 대입, 다항식, 항, 단항식, 상수항, 계수, 차수, 일차식, 동류항, 등식, 방정식, 미지수, 해, 근, 항등식, 이항, 일차방정식, 변수, 좌표, 그래프, 인수, 인수분해, 완전제곱식, 이차방정식, 중근, 근의 공식, 이차함수, 포물선, 축, 꼭짓점, 최댓값, 최솟값 등을 다룸 | achievement_math_2022: 다항식의 곱셈과 인수분해 section; [9수02-19] achievement levels; achievement_level; 다항식의 곱셈과 인수분해의 역관계 이해, 두 다항식의 곱 전개, 이차식 인수분해, 간단한 절차 수행 수준을 구분","공통인수는 여러 항의 곱셈 구조에서 공통으로 들어 있는 인수이고, 동류항은 덧셈·뺄셈에서 문자 부분이 같은 항이다.",contrast_ref;textbook_page_refs,Find textbook wording or examples that distinguish the two concepts.,pending_textbook_pdf,,,,,,,,,,
9,중3(교육과정 학년군: 중1-3),변화와 관계,다항식의 곱셈과 인수분해,m1_factor_factor__contrasts_with__m1_expr_term,cross_unit,m1_factor_factor,인수,다항식의 곱셈과 인수분해,m1_expr_term,항,문자의 사용과 식,contrasts_with,medium,3,"curriculum_math_2022: printed p. 36; terms and symbols for 변화와 관계; term_list; 대입, 다항식, 항, 단항식, 상수항, 계수, 차수, 일차식, 동류항, 등식, 방정식, 미지수, 해, 근, 항등식, 이항, 일차방정식, 변수, 좌표, 그래프, 인수, 인수분해, 완전제곱식, 이차방정식, 중근, 근의 공식, 이차함수, 포물선, 축, 꼭짓점, 최댓값, 최솟값 등을 다룸 | curriculum_math_2022: printed p. 35; [9수02-19]; achievement_standard; 다항식의 곱셈과 인수분해를 하는 성취기준 | achievement_math_2022: 다항식의 곱셈과 인수분해 section; [9수02-19] achievement levels; achievement_level; 다항식의 곱셈과 인수분해의 역관계 이해, 두 다항식의 곱 전개, 이차식 인수분해, 간단한 절차 수행 수준을 구분","A factor is a multiplicative component, while a term is an additive component in expression vocabulary.",contrast_ref;textbook_page_refs,Find textbook wording or examples that distinguish the two concepts.,pending_textbook_pdf,,,,,,,,,,
9,중3(교육과정 학년군: 중1-3),변화와 관계,다항식의 곱셈과 인수분해,m1_factor_factorization__contrasts_with__m1_calc_expansion,cross_unit,m1_factor_factorization,인수분해,다항식의 곱셈과 인수분해,m1_calc_expansion,전개,식의 계산,contrasts_with,medium,2,"curriculum_math_2022: printed p. 36; [9수02-19] explanation; teaching_note; 다항식의 곱셈과 인수분해의 역관계를 이해하고, m(a+b), (a±b)^2, (a+b)(a-b), (x+a)(x+b), (ax+b)(cx+d) 범위의 공식을 다룸 | achievement_math_2022: 다항식의 곱셈과 인수분해 section; [9수02-19] achievement levels; achievement_level; 다항식의 곱셈과 인수분해의 역관계 이해, 두 다항식의 곱 전개, 이차식 인수분해, 간단한 절차 수행 수준을 구분",인수분해와 전개는 역관계이지만 수행 방향이 다르므로 구별한다.,contrast_ref;textbook_page_refs,Find textbook wording or examples that distinguish the two concepts.,pending_textbook_pdf,,,,,,,,,,
9,중3(교육과정 학년군: 중1-3),변화와 관계,다항식의 곱셈과 인수분해,m1_factor_quadratic_expression__contrasts_with__m1_quad_eq_quadratic_equation,cross_unit,m1_factor_quadratic_expression,이차식,다항식의 곱셈과 인수분해,m1_quad_eq_quadratic_equation,이차방정식,이차방정식,contrasts_with,medium,4,"curriculum_math_2022: printed p. 36; terms usable in teaching and learning situations; instructional_term_list; 식의 값, 좌변, 우변, 양변, 이차식, 전개식, 연립일차방정식, 소거, 가감법, 대입법, 함수의 그래프 등은 교수·학습 상황에서 사용할 수 있음 | curriculum_math_2022: printed p. 36; terms and symbols for 변화와 관계; term_list; 대입, 다항식, 항, 단항식, 상수항, 계수, 차수, 일차식, 동류항, 등식, 방정식, 미지수, 해, 근, 항등식, 이항, 일차방정식, 변수, 좌표, 그래프, 인수, 인수분해, 완전제곱식, 이차방정식, 중근, 근의 공식, 이차함수, 포물선, 축, 꼭짓점, 최댓값, 최솟값 등을 다룸 | curriculum_math_2022: printed p. 35; [9수02-20]; achievement_standard; 이차방정식을 풀고 활용하여 문제를 해결하는 성취기준 | achievement_math_2022: 이차방정식 section; [9수02-20] achievement levels; achievement_level; 이차방정식을 풀고 과정을 설명하거나 활용하며, 이차항의 계수가 1인 이차방정식을 푸는 수준을 구분",A quadratic expression is not itself an equation unless an equality relation and solution condition are introduced.,contrast_ref;textbook_page_refs,Find textbook wording or examples that distinguish the two concepts.,pending_textbook_pdf,,,,,,,,,,
9,중3(교육과정 학년군: 중1-3),변화와 관계,다항식의 곱셈과 인수분해,m1_factor_quadratic_expression__contrasts_with__m1_quad_eq_quadratic_term,cross_unit,m1_factor_quadratic_expression,이차식,다항식의 곱셈과 인수분해,m1_quad_eq_quadratic_term,이차항,이차방정식,contrasts_with,medium,4,"curriculum_math_2022: printed p. 36; terms usable in teaching and learning situations; instructional_term_list; 식의 값, 좌변, 우변, 양변, 이차식, 전개식, 연립일차방정식, 소거, 가감법, 대입법, 함수의 그래프 등은 교수·학습 상황에서 사용할 수 있음 | curriculum_math_2022: printed p. 35; [9수02-20]; achievement_standard; 이차방정식을 풀고 활용하여 문제를 해결하는 성취기준 | achievement_math_2022: 다항식의 곱셈과 인수분해 section; [9수02-19] achievement levels; achievement_level; 다항식의 곱셈과 인수분해의 역관계 이해, 두 다항식의 곱 전개, 이차식 인수분해, 간단한 절차 수행 수준을 구분 | achievement_math_2022: 이차방정식 section; [9수02-20] achievement levels; achievement_level; 이차방정식을 풀고 과정을 설명하거나 활용하며, 이차항의 계수가 1인 이차방정식을 푸는 수준을 구분","A quadratic expression names the whole degree-two expression, while a quadratic term names a degree-two term within an expression or equation.",contrast_ref;textbook_page_refs,Find textbook wording or examples that distinguish the two concepts.,pending_textbook_pdf,,,,,,,,,,
9,중3(교육과정 학년군: 중1-3),변화와 관계,다항식의 곱셈과 인수분해,m1_num_prime_factor__contrasts_with__m1_factor_factor,cross_unit,m1_num_prime_factor,소인수,소인수분해,m1_factor_factor,인수,다항식의 곱셈과 인수분해,contrasts_with,medium,5,"curriculum_math_2022: printed p. 33; [9수01-01]; achievement_standard; 소인수분해의 뜻을 알고 자연수를 소인수분해 하는 성취기준 | curriculum_math_2022: printed p. 34; terms and symbols for 수와 연산; term_list; 소수, 합성수, 거듭제곱, 지수, 밑, 소인수, 소인수분해, 서로소, 양수, 음수, 정수, 수직선, 유리수, 절댓값, 교환법칙, 결합법칙, 분배법칙, 역수, 유한소수, 무한소수, 순환소수, 순환마디, 제곱근, 근호, 무리수, 실수, 분모의 유리화 등을 다룸 | curriculum_math_2022: printed p. 36; terms and symbols for 변화와 관계; term_list; 대입, 다항식, 항, 단항식, 상수항, 계수, 차수, 일차식, 동류항, 등식, 방정식, 미지수, 해, 근, 항등식, 이항, 일차방정식, 변수, 좌표, 그래프, 인수, 인수분해, 완전제곱식, 이차방정식, 중근, 근의 공식, 이차함수, 포물선, 축, 꼭짓점, 최댓값, 최솟값 등을 다룸 | achievement_math_2022: 소인수분해 section; [9수01-01] achievement levels; achievement_level; 소인수분해의 뜻 설명, 자연수를 소인수의 곱으로 표현, 안내된 절차에 따른 소인수분해 수준을 구분 | achievement_math_2022: 다항식의 곱셈과 인수분해 section; [9수02-19] achievement levels; achievement_level; 다항식의 곱셈과 인수분해의 역관계 이해, 두 다항식의 곱 전개, 이차식 인수분해, 간단한 절차 수행 수준을 구분","A prime factor is a natural-number factor that is prime, while an algebraic factor is a factor of an expression or polynomial.",contrast_ref;textbook_page_refs,Find textbook wording or examples that distinguish the two concepts.,pending_textbook_pdf,,,,,,,,,,
