packet_rank,grade,domain,unit,edge_id,edge_scope,source_id,source_label_ko,source_unit,target_id,target_label_ko,target_unit,relationship_type,confidence,source_ref_count,current_source_refs,notes,required_evidence_fields,evidence_focus,extraction_status,structure_ref,prerequisite_ref,representation_ref,procedure_ref,contrast_ref,misconception_ref,problem_pattern_ref,related_ref,textbook_page_refs,extraction_notes
3,중1(교육과정 학년군: 중1-3),변화와 관계,일차함수와 일차방정식의 관계,m1_func_eq_relation_unit__contains__m1_mis_coincident_graph_single_solution,intra_unit,m1_func_eq_relation_unit,일차함수와 일차방정식의 관계,일차함수와 일차방정식의 관계,m1_mis_coincident_graph_single_solution,일치하는 두 그래프의 해를 하나로 보는 오류,일차함수와 일차방정식의 관계,contains,low,2,curriculum_math_2022: printed p. 35; [9수02-18]; achievement_standard; 두 일차함수의 그래프와 연립일차방정식의 관계를 설명하는 성취기준 | achievement_math_2022: 일차함수와 일차방정식의 관계 section; [9수02-18] achievement levels; achievement_level; 두 일차함수의 그래프의 교점과 연립일차방정식의 해 사이의 관계를 설명하는 수행 수준을 구분,,structure_ref;textbook_page_refs;extraction_notes,Find textbook structure evidence for the containment relation.,pending_textbook_pdf,,,,,,,,,,
3,중1(교육과정 학년군: 중1-3),변화와 관계,일차함수와 일차방정식의 관계,m1_func_eq_relation_unit__contains__m1_mis_equation_intercepts_substitution_swap,intra_unit,m1_func_eq_relation_unit,일차함수와 일차방정식의 관계,일차함수와 일차방정식의 관계,m1_mis_equation_intercepts_substitution_swap,x=0과 y=0 대입으로 구하는 축 교점을 바꾸어 생각하는 오류,일차함수와 일차방정식의 관계,contains,low,4,curriculum_math_2022: printed p. 35; [9수02-17]; achievement_standard; 일차함수와 미지수가 2개인 일차방정식의 관계를 설명하는 성취기준 | achievement_math_2022: 일차함수와 일차방정식의 관계 section; [9수02-17] achievement levels; achievement_level; 미지수가 2개인 일차방정식의 해를 일차함수의 그래프로 나타내고 관계를 설명하는 수행 수준을 구분 | curriculum_math_2022: printed p. 34; [9수02-05]; achievement_standard; 순서쌍과 좌표를 이해하고 편리함을 인식하는 성취기준 | achievement_math_2022: 좌표평면과 그래프 section; [9수02-05] achievement levels; achievement_level; 수직선과 좌표평면 위의 점을 좌표로 나타내거나 주어진 좌표를 점으로 나타내는 수행을 구분,,structure_ref;textbook_page_refs;extraction_notes,Find textbook structure evidence for the containment relation.,pending_textbook_pdf,,,,,,,,,,
3,중1(교육과정 학년군: 중1-3),변화와 관계,일차함수와 일차방정식의 관계,m1_func_eq_relation_unit__contains__m1_mis_intersection_count_solution_count,intra_unit,m1_func_eq_relation_unit,일차함수와 일차방정식의 관계,일차함수와 일차방정식의 관계,m1_mis_intersection_count_solution_count,교점의 개수와 해의 개수를 따로 보는 오류,일차함수와 일차방정식의 관계,contains,low,2,curriculum_math_2022: printed p. 35; [9수02-18]; achievement_standard; 두 일차함수의 그래프와 연립일차방정식의 관계를 설명하는 성취기준 | achievement_math_2022: 일차함수와 일차방정식의 관계 section; [9수02-18] achievement levels; achievement_level; 두 일차함수의 그래프의 교점과 연립일차방정식의 해 사이의 관계를 설명하는 수행 수준을 구분,,structure_ref;textbook_page_refs;extraction_notes,Find textbook structure evidence for the containment relation.,pending_textbook_pdf,,,,,,,,,,
3,중1(교육과정 학년군: 중1-3),변화와 관계,일차함수와 일차방정식의 관계,m1_func_eq_relation_unit__contains__m1_mis_intersection_solution,intra_unit,m1_func_eq_relation_unit,일차함수와 일차방정식의 관계,일차함수와 일차방정식의 관계,m1_mis_intersection_solution,그래프의 교점과 연립방정식의 해를 분리해서 보는 오류,일차함수와 일차방정식의 관계,contains,low,2,curriculum_math_2022: printed p. 35; [9수02-18]; achievement_standard; 두 일차함수의 그래프와 연립일차방정식의 관계를 설명하는 성취기준 | achievement_math_2022: 일차함수와 일차방정식의 관계 section; [9수02-18] achievement levels; achievement_level; 두 일차함수의 그래프의 교점과 연립일차방정식의 해 사이의 관계를 설명하는 수행 수준을 구분,,structure_ref;textbook_page_refs;extraction_notes,Find textbook structure evidence for the containment relation.,pending_textbook_pdf,,,,,,,,,,
3,중1(교육과정 학년군: 중1-3),변화와 관계,일차함수와 일차방정식의 관계,m1_func_eq_relation_unit__contains__m1_mis_parallel_graphs_have_solution,intra_unit,m1_func_eq_relation_unit,일차함수와 일차방정식의 관계,일차함수와 일차방정식의 관계,m1_mis_parallel_graphs_have_solution,평행한 두 그래프에도 해가 있다고 보는 오류,일차함수와 일차방정식의 관계,contains,low,2,curriculum_math_2022: printed p. 35; [9수02-18]; achievement_standard; 두 일차함수의 그래프와 연립일차방정식의 관계를 설명하는 성취기준 | achievement_math_2022: 일차함수와 일차방정식의 관계 section; [9수02-18] achievement levels; achievement_level; 두 일차함수의 그래프의 교점과 연립일차방정식의 해 사이의 관계를 설명하는 수행 수준을 구분,,structure_ref;textbook_page_refs;extraction_notes,Find textbook structure evidence for the containment relation.,pending_textbook_pdf,,,,,,,,,,
3,중1(교육과정 학년군: 중1-3),변화와 관계,일차함수와 일차방정식의 관계,m1_func_eq_relation_unit__contains__m1_mis_single_equation_graph_as_system_solution,intra_unit,m1_func_eq_relation_unit,일차함수와 일차방정식의 관계,일차함수와 일차방정식의 관계,m1_mis_single_equation_graph_as_system_solution,한 일차방정식의 그래프를 연립일차방정식의 해로 보는 오류,일차함수와 일차방정식의 관계,contains,low,4,curriculum_math_2022: printed p. 35; [9수02-17]; achievement_standard; 일차함수와 미지수가 2개인 일차방정식의 관계를 설명하는 성취기준 | curriculum_math_2022: printed p. 35; [9수02-18]; achievement_standard; 두 일차함수의 그래프와 연립일차방정식의 관계를 설명하는 성취기준 | achievement_math_2022: 일차함수와 일차방정식의 관계 section; [9수02-17] achievement levels; achievement_level; 미지수가 2개인 일차방정식의 해를 일차함수의 그래프로 나타내고 관계를 설명하는 수행 수준을 구분 | achievement_math_2022: 일차함수와 일차방정식의 관계 section; [9수02-18] achievement levels; achievement_level; 두 일차함수의 그래프의 교점과 연립일차방정식의 해 사이의 관계를 설명하는 수행 수준을 구분,,structure_ref;textbook_page_refs;extraction_notes,Find textbook structure evidence for the containment relation.,pending_textbook_pdf,,,,,,,,,,
3,중1(교육과정 학년군: 중1-3),변화와 관계,일차함수와 일차방정식의 관계,m1_func_intersection_count__contains__m1_func_coincident_graph_case,intra_unit,m1_func_intersection_count,교점의 개수,일차함수와 일차방정식의 관계,m1_func_coincident_graph_case,두 그래프가 일치하는 경우,일차함수와 일차방정식의 관계,contains,low,2,curriculum_math_2022: printed p. 35; [9수02-18]; achievement_standard; 두 일차함수의 그래프와 연립일차방정식의 관계를 설명하는 성취기준 | achievement_math_2022: 일차함수와 일차방정식의 관계 section; [9수02-18] achievement levels; achievement_level; 두 일차함수의 그래프의 교점과 연립일차방정식의 해 사이의 관계를 설명하는 수행 수준을 구분,,structure_ref;textbook_page_refs;extraction_notes,Find textbook structure evidence for the containment relation.,pending_textbook_pdf,,,,,,,,,,
3,중1(교육과정 학년군: 중1-3),변화와 관계,일차함수와 일차방정식의 관계,m1_func_intersection_count__contains__m1_func_parallel_graph_case,intra_unit,m1_func_intersection_count,교점의 개수,일차함수와 일차방정식의 관계,m1_func_parallel_graph_case,두 그래프가 평행한 경우,일차함수와 일차방정식의 관계,contains,low,2,curriculum_math_2022: printed p. 35; [9수02-18]; achievement_standard; 두 일차함수의 그래프와 연립일차방정식의 관계를 설명하는 성취기준 | achievement_math_2022: 일차함수와 일차방정식의 관계 section; [9수02-18] achievement levels; achievement_level; 두 일차함수의 그래프의 교점과 연립일차방정식의 해 사이의 관계를 설명하는 수행 수준을 구분,,structure_ref;textbook_page_refs;extraction_notes,Find textbook structure evidence for the containment relation.,pending_textbook_pdf,,,,,,,,,,
3,중1(교육과정 학년군: 중1-3),변화와 관계,일차함수와 일차방정식의 관계,m1_func_intersection_solution_count_relation__contains__m1_func_system_infinitely_many_solutions_graph_case,intra_unit,m1_func_intersection_solution_count_relation,교점의 개수와 연립일차방정식 해의 개수의 관계,일차함수와 일차방정식의 관계,m1_func_system_infinitely_many_solutions_graph_case,일치하는 두 그래프와 해가 무수히 많은 경우,일차함수와 일차방정식의 관계,contains,low,2,curriculum_math_2022: printed p. 35; [9수02-18]; achievement_standard; 두 일차함수의 그래프와 연립일차방정식의 관계를 설명하는 성취기준 | achievement_math_2022: 일차함수와 일차방정식의 관계 section; [9수02-18] achievement levels; achievement_level; 두 일차함수의 그래프의 교점과 연립일차방정식의 해 사이의 관계를 설명하는 수행 수준을 구분,,structure_ref;textbook_page_refs;extraction_notes,Find textbook structure evidence for the containment relation.,pending_textbook_pdf,,,,,,,,,,
3,중1(교육과정 학년군: 중1-3),변화와 관계,일차함수와 일차방정식의 관계,m1_func_intersection_solution_count_relation__contains__m1_func_system_no_solution_graph_case,intra_unit,m1_func_intersection_solution_count_relation,교점의 개수와 연립일차방정식 해의 개수의 관계,일차함수와 일차방정식의 관계,m1_func_system_no_solution_graph_case,평행한 두 그래프와 해가 없는 경우,일차함수와 일차방정식의 관계,contains,low,2,curriculum_math_2022: printed p. 35; [9수02-18]; achievement_standard; 두 일차함수의 그래프와 연립일차방정식의 관계를 설명하는 성취기준 | achievement_math_2022: 일차함수와 일차방정식의 관계 section; [9수02-18] achievement levels; achievement_level; 두 일차함수의 그래프의 교점과 연립일차방정식의 해 사이의 관계를 설명하는 수행 수준을 구분,,structure_ref;textbook_page_refs;extraction_notes,Find textbook structure evidence for the containment relation.,pending_textbook_pdf,,,,,,,,,,
3,중1(교육과정 학년군: 중1-3),변화와 관계,일차함수와 일차방정식의 관계,m1_func_coincident_graph_case__used_in__m1_func_system_infinitely_many_solutions_graph_case,intra_unit,m1_func_coincident_graph_case,두 그래프가 일치하는 경우,일차함수와 일차방정식의 관계,m1_func_system_infinitely_many_solutions_graph_case,일치하는 두 그래프와 해가 무수히 많은 경우,일차함수와 일차방정식의 관계,used_in,low,2,curriculum_math_2022: printed p. 35; [9수02-18]; achievement_standard; 두 일차함수의 그래프와 연립일차방정식의 관계를 설명하는 성취기준 | achievement_math_2022: 일차함수와 일차방정식의 관계 section; [9수02-18] achievement levels; achievement_level; 두 일차함수의 그래프의 교점과 연립일차방정식의 해 사이의 관계를 설명하는 수행 수준을 구분,The infinitely-many-solutions graph case is inferred from the broad graph-solution relation and should be confirmed in textbook examples.,procedure_ref;textbook_page_refs;extraction_notes,"Find a worked example, procedure, or application where this source concept is used.",pending_textbook_pdf,,,,,,,,,,
3,중1(교육과정 학년군: 중1-3),변화와 관계,일차함수와 일차방정식의 관계,m1_func_parallel_graph_case__used_in__m1_func_system_no_solution_graph_case,intra_unit,m1_func_parallel_graph_case,두 그래프가 평행한 경우,일차함수와 일차방정식의 관계,m1_func_system_no_solution_graph_case,평행한 두 그래프와 해가 없는 경우,일차함수와 일차방정식의 관계,used_in,low,2,curriculum_math_2022: printed p. 35; [9수02-18]; achievement_standard; 두 일차함수의 그래프와 연립일차방정식의 관계를 설명하는 성취기준 | achievement_math_2022: 일차함수와 일차방정식의 관계 section; [9수02-18] achievement levels; achievement_level; 두 일차함수의 그래프의 교점과 연립일차방정식의 해 사이의 관계를 설명하는 수행 수준을 구분,The no-solution graph case is inferred from the broad graph-solution relation and should be confirmed in textbook examples.,procedure_ref;textbook_page_refs;extraction_notes,"Find a worked example, procedure, or application where this source concept is used.",pending_textbook_pdf,,,,,,,,,,
3,중1(교육과정 학년군: 중1-3),변화와 관계,일차함수와 일차방정식의 관계,m1_func_system_infinitely_many_solutions_graph_case__used_in__m1_func_intersection_solution_count_relation,intra_unit,m1_func_system_infinitely_many_solutions_graph_case,일치하는 두 그래프와 해가 무수히 많은 경우,일차함수와 일차방정식의 관계,m1_func_intersection_solution_count_relation,교점의 개수와 연립일차방정식 해의 개수의 관계,일차함수와 일차방정식의 관계,used_in,low,2,curriculum_math_2022: printed p. 35; [9수02-18]; achievement_standard; 두 일차함수의 그래프와 연립일차방정식의 관계를 설명하는 성취기준 | achievement_math_2022: 일차함수와 일차방정식의 관계 section; [9수02-18] achievement levels; achievement_level; 두 일차함수의 그래프의 교점과 연립일차방정식의 해 사이의 관계를 설명하는 수행 수준을 구분,,procedure_ref;textbook_page_refs;extraction_notes,"Find a worked example, procedure, or application where this source concept is used.",pending_textbook_pdf,,,,,,,,,,
3,중1(교육과정 학년군: 중1-3),변화와 관계,일차함수와 일차방정식의 관계,m1_func_system_no_solution_graph_case__used_in__m1_func_intersection_solution_count_relation,intra_unit,m1_func_system_no_solution_graph_case,평행한 두 그래프와 해가 없는 경우,일차함수와 일차방정식의 관계,m1_func_intersection_solution_count_relation,교점의 개수와 연립일차방정식 해의 개수의 관계,일차함수와 일차방정식의 관계,used_in,low,2,curriculum_math_2022: printed p. 35; [9수02-18]; achievement_standard; 두 일차함수의 그래프와 연립일차방정식의 관계를 설명하는 성취기준 | achievement_math_2022: 일차함수와 일차방정식의 관계 section; [9수02-18] achievement levels; achievement_level; 두 일차함수의 그래프의 교점과 연립일차방정식의 해 사이의 관계를 설명하는 수행 수준을 구분,,procedure_ref;textbook_page_refs;extraction_notes,"Find a worked example, procedure, or application where this source concept is used.",pending_textbook_pdf,,,,,,,,,,
3,중1(교육과정 학년군: 중1-3),변화와 관계,일차함수와 일차방정식의 관계,m1_mis_coincident_graph_single_solution__often_confused_with__m1_func_coincident_graph_case,intra_unit,m1_mis_coincident_graph_single_solution,일치하는 두 그래프의 해를 하나로 보는 오류,일차함수와 일차방정식의 관계,m1_func_coincident_graph_case,두 그래프가 일치하는 경우,일차함수와 일차방정식의 관계,often_confused_with,low,2,curriculum_math_2022: printed p. 35; [9수02-18]; achievement_standard; 두 일차함수의 그래프와 연립일차방정식의 관계를 설명하는 성취기준 | achievement_math_2022: 일차함수와 일차방정식의 관계 section; [9수02-18] achievement levels; achievement_level; 두 일차함수의 그래프의 교점과 연립일차방정식의 해 사이의 관계를 설명하는 수행 수준을 구분,related_ids에서 확인된 오개념 위험 연결을 낮은 신뢰도 edge로 보강. 교과서 근거 확인 후 유지 또는 조정.,misconception_ref;problem_pattern_ref;textbook_page_refs;extraction_notes,"Find misconception, caution, example, or problem-pattern evidence for the confusion risk.",pending_textbook_pdf,,,,,,,,,,
3,중1(교육과정 학년군: 중1-3),변화와 관계,일차함수와 일차방정식의 관계,m1_mis_coincident_graph_single_solution__often_confused_with__m1_func_system_infinitely_many_solutions_graph_case,intra_unit,m1_mis_coincident_graph_single_solution,일치하는 두 그래프의 해를 하나로 보는 오류,일차함수와 일차방정식의 관계,m1_func_system_infinitely_many_solutions_graph_case,일치하는 두 그래프와 해가 무수히 많은 경우,일차함수와 일차방정식의 관계,often_confused_with,low,2,curriculum_math_2022: printed p. 35; [9수02-18]; achievement_standard; 두 일차함수의 그래프와 연립일차방정식의 관계를 설명하는 성취기준 | achievement_math_2022: 일차함수와 일차방정식의 관계 section; [9수02-18] achievement levels; achievement_level; 두 일차함수의 그래프의 교점과 연립일차방정식의 해 사이의 관계를 설명하는 수행 수준을 구분,related_ids에서 확인된 오개념 위험 연결을 낮은 신뢰도 edge로 보강. 교과서 근거 확인 후 유지 또는 조정.,misconception_ref;problem_pattern_ref;textbook_page_refs;extraction_notes,"Find misconception, caution, example, or problem-pattern evidence for the confusion risk.",pending_textbook_pdf,,,,,,,,,,
3,중1(교육과정 학년군: 중1-3),변화와 관계,일차함수와 일차방정식의 관계,m1_mis_equation_intercepts_substitution_swap__often_confused_with__m1_func_equation_x_zero_substitution,intra_unit,m1_mis_equation_intercepts_substitution_swap,x=0과 y=0 대입으로 구하는 축 교점을 바꾸어 생각하는 오류,일차함수와 일차방정식의 관계,m1_func_equation_x_zero_substitution,x=0을 대입해 y축과의 교점 구하기,일차함수와 일차방정식의 관계,often_confused_with,low,4,curriculum_math_2022: printed p. 35; [9수02-17]; achievement_standard; 일차함수와 미지수가 2개인 일차방정식의 관계를 설명하는 성취기준 | achievement_math_2022: 일차함수와 일차방정식의 관계 section; [9수02-17] achievement levels; achievement_level; 미지수가 2개인 일차방정식의 해를 일차함수의 그래프로 나타내고 관계를 설명하는 수행 수준을 구분 | curriculum_math_2022: printed p. 34; [9수02-05]; achievement_standard; 순서쌍과 좌표를 이해하고 편리함을 인식하는 성취기준 | achievement_math_2022: 좌표평면과 그래프 section; [9수02-05] achievement levels; achievement_level; 수직선과 좌표평면 위의 점을 좌표로 나타내거나 주어진 좌표를 점으로 나타내는 수행을 구분,related_ids에서 확인된 오개념 위험 연결을 낮은 신뢰도 edge로 보강. 교과서 근거 확인 후 유지 또는 조정.,misconception_ref;problem_pattern_ref;textbook_page_refs;extraction_notes,"Find misconception, caution, example, or problem-pattern evidence for the confusion risk.",pending_textbook_pdf,,,,,,,,,,
3,중1(교육과정 학년군: 중1-3),변화와 관계,일차함수와 일차방정식의 관계,m1_mis_equation_intercepts_substitution_swap__often_confused_with__m1_func_equation_y_zero_substitution,intra_unit,m1_mis_equation_intercepts_substitution_swap,x=0과 y=0 대입으로 구하는 축 교점을 바꾸어 생각하는 오류,일차함수와 일차방정식의 관계,m1_func_equation_y_zero_substitution,y=0을 대입해 x축과의 교점 구하기,일차함수와 일차방정식의 관계,often_confused_with,low,4,curriculum_math_2022: printed p. 35; [9수02-17]; achievement_standard; 일차함수와 미지수가 2개인 일차방정식의 관계를 설명하는 성취기준 | achievement_math_2022: 일차함수와 일차방정식의 관계 section; [9수02-17] achievement levels; achievement_level; 미지수가 2개인 일차방정식의 해를 일차함수의 그래프로 나타내고 관계를 설명하는 수행 수준을 구분 | curriculum_math_2022: printed p. 34; [9수02-05]; achievement_standard; 순서쌍과 좌표를 이해하고 편리함을 인식하는 성취기준 | achievement_math_2022: 좌표평면과 그래프 section; [9수02-05] achievement levels; achievement_level; 수직선과 좌표평면 위의 점을 좌표로 나타내거나 주어진 좌표를 점으로 나타내는 수행을 구분,related_ids에서 확인된 오개념 위험 연결을 낮은 신뢰도 edge로 보강. 교과서 근거 확인 후 유지 또는 조정.,misconception_ref;problem_pattern_ref;textbook_page_refs;extraction_notes,"Find misconception, caution, example, or problem-pattern evidence for the confusion risk.",pending_textbook_pdf,,,,,,,,,,
3,중1(교육과정 학년군: 중1-3),변화와 관계,일차함수와 일차방정식의 관계,m1_mis_intersection_count_solution_count__often_confused_with__m1_func_intersection_count,intra_unit,m1_mis_intersection_count_solution_count,교점의 개수와 해의 개수를 따로 보는 오류,일차함수와 일차방정식의 관계,m1_func_intersection_count,교점의 개수,일차함수와 일차방정식의 관계,often_confused_with,low,2,curriculum_math_2022: printed p. 35; [9수02-18]; achievement_standard; 두 일차함수의 그래프와 연립일차방정식의 관계를 설명하는 성취기준 | achievement_math_2022: 일차함수와 일차방정식의 관계 section; [9수02-18] achievement levels; achievement_level; 두 일차함수의 그래프의 교점과 연립일차방정식의 해 사이의 관계를 설명하는 수행 수준을 구분,related_ids에서 확인된 오개념 위험 연결을 낮은 신뢰도 edge로 보강. 교과서 근거 확인 후 유지 또는 조정.,misconception_ref;problem_pattern_ref;textbook_page_refs;extraction_notes,"Find misconception, caution, example, or problem-pattern evidence for the confusion risk.",pending_textbook_pdf,,,,,,,,,,
3,중1(교육과정 학년군: 중1-3),변화와 관계,일차함수와 일차방정식의 관계,m1_mis_intersection_count_solution_count__often_confused_with__m1_func_intersection_solution_count_relation,intra_unit,m1_mis_intersection_count_solution_count,교점의 개수와 해의 개수를 따로 보는 오류,일차함수와 일차방정식의 관계,m1_func_intersection_solution_count_relation,교점의 개수와 연립일차방정식 해의 개수의 관계,일차함수와 일차방정식의 관계,often_confused_with,low,2,curriculum_math_2022: printed p. 35; [9수02-18]; achievement_standard; 두 일차함수의 그래프와 연립일차방정식의 관계를 설명하는 성취기준 | achievement_math_2022: 일차함수와 일차방정식의 관계 section; [9수02-18] achievement levels; achievement_level; 두 일차함수의 그래프의 교점과 연립일차방정식의 해 사이의 관계를 설명하는 수행 수준을 구분,,misconception_ref;problem_pattern_ref;textbook_page_refs;extraction_notes,"Find misconception, caution, example, or problem-pattern evidence for the confusion risk.",pending_textbook_pdf,,,,,,,,,,
3,중1(교육과정 학년군: 중1-3),변화와 관계,일차함수와 일차방정식의 관계,m1_mis_intersection_solution__often_confused_with__m1_func_intersection_point,intra_unit,m1_mis_intersection_solution,그래프의 교점과 연립방정식의 해를 분리해서 보는 오류,일차함수와 일차방정식의 관계,m1_func_intersection_point,교점,일차함수와 일차방정식의 관계,often_confused_with,low,2,curriculum_math_2022: printed p. 35; [9수02-18]; achievement_standard; 두 일차함수의 그래프와 연립일차방정식의 관계를 설명하는 성취기준 | achievement_math_2022: 일차함수와 일차방정식의 관계 section; [9수02-18] achievement levels; achievement_level; 두 일차함수의 그래프의 교점과 연립일차방정식의 해 사이의 관계를 설명하는 수행 수준을 구분,related_ids에서 확인된 오개념 위험 연결을 낮은 신뢰도 edge로 보강. 교과서 근거 확인 후 유지 또는 조정.,misconception_ref;problem_pattern_ref;textbook_page_refs;extraction_notes,"Find misconception, caution, example, or problem-pattern evidence for the confusion risk.",pending_textbook_pdf,,,,,,,,,,
3,중1(교육과정 학년군: 중1-3),변화와 관계,일차함수와 일차방정식의 관계,m1_mis_intersection_solution__often_confused_with__m1_func_intersection_point_coordinate,intra_unit,m1_mis_intersection_solution,그래프의 교점과 연립방정식의 해를 분리해서 보는 오류,일차함수와 일차방정식의 관계,m1_func_intersection_point_coordinate,교점의 좌표,일차함수와 일차방정식의 관계,often_confused_with,low,2,curriculum_math_2022: printed p. 35; [9수02-18]; achievement_standard; 두 일차함수의 그래프와 연립일차방정식의 관계를 설명하는 성취기준 | achievement_math_2022: 일차함수와 일차방정식의 관계 section; [9수02-18] achievement levels; achievement_level; 두 일차함수의 그래프의 교점과 연립일차방정식의 해 사이의 관계를 설명하는 수행 수준을 구분,related_ids에서 확인된 오개념 위험 연결을 낮은 신뢰도 edge로 보강. 교과서 근거 확인 후 유지 또는 조정.,misconception_ref;problem_pattern_ref;textbook_page_refs;extraction_notes,"Find misconception, caution, example, or problem-pattern evidence for the confusion risk.",pending_textbook_pdf,,,,,,,,,,
3,중1(교육과정 학년군: 중1-3),변화와 관계,일차함수와 일차방정식의 관계,m1_mis_parallel_graphs_have_solution__often_confused_with__m1_func_parallel_graph_case,intra_unit,m1_mis_parallel_graphs_have_solution,평행한 두 그래프에도 해가 있다고 보는 오류,일차함수와 일차방정식의 관계,m1_func_parallel_graph_case,두 그래프가 평행한 경우,일차함수와 일차방정식의 관계,often_confused_with,low,2,curriculum_math_2022: printed p. 35; [9수02-18]; achievement_standard; 두 일차함수의 그래프와 연립일차방정식의 관계를 설명하는 성취기준 | achievement_math_2022: 일차함수와 일차방정식의 관계 section; [9수02-18] achievement levels; achievement_level; 두 일차함수의 그래프의 교점과 연립일차방정식의 해 사이의 관계를 설명하는 수행 수준을 구분,related_ids에서 확인된 오개념 위험 연결을 낮은 신뢰도 edge로 보강. 교과서 근거 확인 후 유지 또는 조정.,misconception_ref;problem_pattern_ref;textbook_page_refs;extraction_notes,"Find misconception, caution, example, or problem-pattern evidence for the confusion risk.",pending_textbook_pdf,,,,,,,,,,
3,중1(교육과정 학년군: 중1-3),변화와 관계,일차함수와 일차방정식의 관계,m1_mis_parallel_graphs_have_solution__often_confused_with__m1_func_system_no_solution_graph_case,intra_unit,m1_mis_parallel_graphs_have_solution,평행한 두 그래프에도 해가 있다고 보는 오류,일차함수와 일차방정식의 관계,m1_func_system_no_solution_graph_case,평행한 두 그래프와 해가 없는 경우,일차함수와 일차방정식의 관계,often_confused_with,low,2,curriculum_math_2022: printed p. 35; [9수02-18]; achievement_standard; 두 일차함수의 그래프와 연립일차방정식의 관계를 설명하는 성취기준 | achievement_math_2022: 일차함수와 일차방정식의 관계 section; [9수02-18] achievement levels; achievement_level; 두 일차함수의 그래프의 교점과 연립일차방정식의 해 사이의 관계를 설명하는 수행 수준을 구분,related_ids에서 확인된 오개념 위험 연결을 낮은 신뢰도 edge로 보강. 교과서 근거 확인 후 유지 또는 조정.,misconception_ref;problem_pattern_ref;textbook_page_refs;extraction_notes,"Find misconception, caution, example, or problem-pattern evidence for the confusion risk.",pending_textbook_pdf,,,,,,,,,,
3,중1(교육과정 학년군: 중1-3),변화와 관계,일차함수와 일차방정식의 관계,m1_mis_single_equation_graph_as_system_solution__often_confused_with__m1_func_single_solution_set_vs_common_solution,intra_unit,m1_mis_single_equation_graph_as_system_solution,한 일차방정식의 그래프를 연립일차방정식의 해로 보는 오류,일차함수와 일차방정식의 관계,m1_func_single_solution_set_vs_common_solution,한 방정식의 해 전체와 두 방정식의 공통해 구별하기,일차함수와 일차방정식의 관계,often_confused_with,low,4,curriculum_math_2022: printed p. 35; [9수02-17]; achievement_standard; 일차함수와 미지수가 2개인 일차방정식의 관계를 설명하는 성취기준 | curriculum_math_2022: printed p. 35; [9수02-18]; achievement_standard; 두 일차함수의 그래프와 연립일차방정식의 관계를 설명하는 성취기준 | achievement_math_2022: 일차함수와 일차방정식의 관계 section; [9수02-17] achievement levels; achievement_level; 미지수가 2개인 일차방정식의 해를 일차함수의 그래프로 나타내고 관계를 설명하는 수행 수준을 구분 | achievement_math_2022: 일차함수와 일차방정식의 관계 section; [9수02-18] achievement levels; achievement_level; 두 일차함수의 그래프의 교점과 연립일차방정식의 해 사이의 관계를 설명하는 수행 수준을 구분,related_ids에서 확인된 오개념 위험 연결을 낮은 신뢰도 edge로 보강. 교과서 근거 확인 후 유지 또는 조정.,misconception_ref;problem_pattern_ref;textbook_page_refs;extraction_notes,"Find misconception, caution, example, or problem-pattern evidence for the confusion risk.",pending_textbook_pdf,,,,,,,,,,
3,중1(교육과정 학년군: 중1-3),변화와 관계,일차함수와 일차방정식의 관계,m1_mis_single_equation_graph_as_system_solution__often_confused_with__m1_func_two_linear_graphs,intra_unit,m1_mis_single_equation_graph_as_system_solution,한 일차방정식의 그래프를 연립일차방정식의 해로 보는 오류,일차함수와 일차방정식의 관계,m1_func_two_linear_graphs,두 일차함수의 그래프,일차함수와 일차방정식의 관계,often_confused_with,low,4,curriculum_math_2022: printed p. 35; [9수02-17]; achievement_standard; 일차함수와 미지수가 2개인 일차방정식의 관계를 설명하는 성취기준 | curriculum_math_2022: printed p. 35; [9수02-18]; achievement_standard; 두 일차함수의 그래프와 연립일차방정식의 관계를 설명하는 성취기준 | achievement_math_2022: 일차함수와 일차방정식의 관계 section; [9수02-17] achievement levels; achievement_level; 미지수가 2개인 일차방정식의 해를 일차함수의 그래프로 나타내고 관계를 설명하는 수행 수준을 구분 | achievement_math_2022: 일차함수와 일차방정식의 관계 section; [9수02-18] achievement levels; achievement_level; 두 일차함수의 그래프의 교점과 연립일차방정식의 해 사이의 관계를 설명하는 수행 수준을 구분,related_ids에서 확인된 오개념 위험 연결을 낮은 신뢰도 edge로 보강. 교과서 근거 확인 후 유지 또는 조정.,misconception_ref;problem_pattern_ref;textbook_page_refs;extraction_notes,"Find misconception, caution, example, or problem-pattern evidence for the confusion risk.",pending_textbook_pdf,,,,,,,,,,
3,중1(교육과정 학년군: 중1-3),변화와 관계,일차함수와 일차방정식의 관계,m1_mis_single_equation_graph_as_system_solution__often_confused_with__m1_func_two_variable_equation_as_graph,intra_unit,m1_mis_single_equation_graph_as_system_solution,한 일차방정식의 그래프를 연립일차방정식의 해로 보는 오류,일차함수와 일차방정식의 관계,m1_func_two_variable_equation_as_graph,미지수가 2개인 일차방정식의 해를 그래프로 나타내기,일차함수와 일차방정식의 관계,often_confused_with,low,4,curriculum_math_2022: printed p. 35; [9수02-17]; achievement_standard; 일차함수와 미지수가 2개인 일차방정식의 관계를 설명하는 성취기준 | curriculum_math_2022: printed p. 35; [9수02-18]; achievement_standard; 두 일차함수의 그래프와 연립일차방정식의 관계를 설명하는 성취기준 | achievement_math_2022: 일차함수와 일차방정식의 관계 section; [9수02-17] achievement levels; achievement_level; 미지수가 2개인 일차방정식의 해를 일차함수의 그래프로 나타내고 관계를 설명하는 수행 수준을 구분 | achievement_math_2022: 일차함수와 일차방정식의 관계 section; [9수02-18] achievement levels; achievement_level; 두 일차함수의 그래프의 교점과 연립일차방정식의 해 사이의 관계를 설명하는 수행 수준을 구분,,misconception_ref;problem_pattern_ref;textbook_page_refs;extraction_notes,"Find misconception, caution, example, or problem-pattern evidence for the confusion risk.",pending_textbook_pdf,,,,,,,,,,
3,중1(교육과정 학년군: 중1-3),변화와 관계,일차함수와 일차방정식의 관계,m1_mis_intersection_solution__often_confused_with__m1_system_solution,cross_unit,m1_mis_intersection_solution,그래프의 교점과 연립방정식의 해를 분리해서 보는 오류,일차함수와 일차방정식의 관계,m1_system_solution,연립일차방정식의 해,연립일차방정식,often_confused_with,low,2,curriculum_math_2022: printed p. 35; [9수02-18]; achievement_standard; 두 일차함수의 그래프와 연립일차방정식의 관계를 설명하는 성취기준 | achievement_math_2022: 일차함수와 일차방정식의 관계 section; [9수02-18] achievement levels; achievement_level; 두 일차함수의 그래프의 교점과 연립일차방정식의 해 사이의 관계를 설명하는 수행 수준을 구분,related_ids에서 확인된 오개념 위험 연결을 낮은 신뢰도 edge로 보강. 교과서 근거 확인 후 유지 또는 조정.,misconception_ref;problem_pattern_ref;textbook_page_refs;extraction_notes,"Find misconception, caution, example, or problem-pattern evidence for the confusion risk.",pending_textbook_pdf,,,,,,,,,,
3,중1(교육과정 학년군: 중1-3),변화와 관계,일차함수와 일차방정식의 관계,m1_mis_single_equation_graph_as_system_solution__often_confused_with__m1_system_solution,cross_unit,m1_mis_single_equation_graph_as_system_solution,한 일차방정식의 그래프를 연립일차방정식의 해로 보는 오류,일차함수와 일차방정식의 관계,m1_system_solution,연립일차방정식의 해,연립일차방정식,often_confused_with,low,4,curriculum_math_2022: printed p. 35; [9수02-17]; achievement_standard; 일차함수와 미지수가 2개인 일차방정식의 관계를 설명하는 성취기준 | curriculum_math_2022: printed p. 35; [9수02-18]; achievement_standard; 두 일차함수의 그래프와 연립일차방정식의 관계를 설명하는 성취기준 | achievement_math_2022: 일차함수와 일차방정식의 관계 section; [9수02-17] achievement levels; achievement_level; 미지수가 2개인 일차방정식의 해를 일차함수의 그래프로 나타내고 관계를 설명하는 수행 수준을 구분 | achievement_math_2022: 일차함수와 일차방정식의 관계 section; [9수02-18] achievement levels; achievement_level; 두 일차함수의 그래프의 교점과 연립일차방정식의 해 사이의 관계를 설명하는 수행 수준을 구분,related_ids에서 확인된 오개념 위험 연결을 낮은 신뢰도 edge로 보강. 교과서 근거 확인 후 유지 또는 조정.,misconception_ref;problem_pattern_ref;textbook_page_refs;extraction_notes,"Find misconception, caution, example, or problem-pattern evidence for the confusion risk.",pending_textbook_pdf,,,,,,,,,,
3,중1(교육과정 학년군: 중1-3),변화와 관계,일차함수와 일차방정식의 관계,m1_func_eq_relation_unit__contains__m1_func_equation_relation,intra_unit,m1_func_eq_relation_unit,일차함수와 일차방정식의 관계,일차함수와 일차방정식의 관계,m1_func_equation_relation,일차함수와 미지수가 2개인 일차방정식의 관계,일차함수와 일차방정식의 관계,contains,high,2,curriculum_math_2022: printed p. 35; [9수02-17]; achievement_standard; 일차함수와 미지수가 2개인 일차방정식의 관계를 설명하는 성취기준 | achievement_math_2022: 일차함수와 일차방정식의 관계 section; [9수02-17] achievement levels; achievement_level; 미지수가 2개인 일차방정식의 해를 일차함수의 그래프로 나타내고 관계를 설명하는 수행 수준을 구분,,structure_ref;textbook_page_refs,Find textbook structure evidence for the containment relation.,pending_textbook_pdf,,,,,,,,,,
3,중1(교육과정 학년군: 중1-3),변화와 관계,일차함수와 일차방정식의 관계,m1_func_eq_relation_unit__contains__m1_func_intersection_count,intra_unit,m1_func_eq_relation_unit,일차함수와 일차방정식의 관계,일차함수와 일차방정식의 관계,m1_func_intersection_count,교점의 개수,일차함수와 일차방정식의 관계,contains,medium,1,achievement_math_2022: 일차함수와 일차방정식의 관계 section; [9수02-18] achievement levels; achievement_level; 두 일차함수의 그래프의 교점과 연립일차방정식의 해 사이의 관계를 설명하는 수행 수준을 구분,,structure_ref;textbook_page_refs,Find textbook structure evidence for the containment relation.,pending_textbook_pdf,,,,,,,,,,
3,중1(교육과정 학년군: 중1-3),변화와 관계,일차함수와 일차방정식의 관계,m1_func_eq_relation_unit__contains__m1_func_intersection_point,intra_unit,m1_func_eq_relation_unit,일차함수와 일차방정식의 관계,일차함수와 일차방정식의 관계,m1_func_intersection_point,교점,일차함수와 일차방정식의 관계,contains,medium,2,"achievement_math_2022: 일차함수와 일차방정식의 관계 section; [9수02-18] achievement levels; achievement_level; 두 일차함수의 그래프의 교점과 연립일차방정식의 해 사이의 관계를 설명하는 수행 수준을 구분 | achievement_research_report_2022: 연구보고서 p. 58; 변화와 관계 영역별 성취수준; research_report_achievement_level_context; 두 일차함수의 그래프의 교점이 한 개인 경우, 그래프의 교점과 연립일차방정식의 해 사이의 관계를 말하는 성취수준 맥락",,structure_ref;textbook_page_refs,Find textbook structure evidence for the containment relation.,pending_textbook_pdf,,,,,,,,,,
3,중1(교육과정 학년군: 중1-3),변화와 관계,일차함수와 일차방정식의 관계,m1_func_eq_relation_unit__contains__m1_func_intersection_solution_count_relation,intra_unit,m1_func_eq_relation_unit,일차함수와 일차방정식의 관계,일차함수와 일차방정식의 관계,m1_func_intersection_solution_count_relation,교점의 개수와 연립일차방정식 해의 개수의 관계,일차함수와 일차방정식의 관계,contains,medium,2,curriculum_math_2022: printed p. 35; [9수02-18]; achievement_standard; 두 일차함수의 그래프와 연립일차방정식의 관계를 설명하는 성취기준 | achievement_math_2022: 일차함수와 일차방정식의 관계 section; [9수02-18] achievement levels; achievement_level; 두 일차함수의 그래프의 교점과 연립일차방정식의 해 사이의 관계를 설명하는 수행 수준을 구분,,structure_ref;textbook_page_refs,Find textbook structure evidence for the containment relation.,pending_textbook_pdf,,,,,,,,,,
3,중1(교육과정 학년군: 중1-3),변화와 관계,일차함수와 일차방정식의 관계,m1_func_eq_relation_unit__contains__m1_func_single_solution_set_vs_common_solution,intra_unit,m1_func_eq_relation_unit,일차함수와 일차방정식의 관계,일차함수와 일차방정식의 관계,m1_func_single_solution_set_vs_common_solution,한 방정식의 해 전체와 두 방정식의 공통해 구별하기,일차함수와 일차방정식의 관계,contains,medium,4,curriculum_math_2022: printed p. 35; [9수02-17]; achievement_standard; 일차함수와 미지수가 2개인 일차방정식의 관계를 설명하는 성취기준 | achievement_math_2022: 일차함수와 일차방정식의 관계 section; [9수02-17] achievement levels; achievement_level; 미지수가 2개인 일차방정식의 해를 일차함수의 그래프로 나타내고 관계를 설명하는 수행 수준을 구분 | curriculum_math_2022: printed p. 35; [9수02-18]; achievement_standard; 두 일차함수의 그래프와 연립일차방정식의 관계를 설명하는 성취기준 | achievement_math_2022: 일차함수와 일차방정식의 관계 section; [9수02-18] achievement levels; achievement_level; 두 일차함수의 그래프의 교점과 연립일차방정식의 해 사이의 관계를 설명하는 수행 수준을 구분,,structure_ref;textbook_page_refs,Find textbook structure evidence for the containment relation.,pending_textbook_pdf,,,,,,,,,,
3,중1(교육과정 학년군: 중1-3),변화와 관계,일차함수와 일차방정식의 관계,m1_func_eq_relation_unit__contains__m1_func_system_graph_relation,intra_unit,m1_func_eq_relation_unit,일차함수와 일차방정식의 관계,일차함수와 일차방정식의 관계,m1_func_system_graph_relation,두 일차함수의 그래프와 연립일차방정식의 관계,일차함수와 일차방정식의 관계,contains,high,2,curriculum_math_2022: printed p. 35; [9수02-18]; achievement_standard; 두 일차함수의 그래프와 연립일차방정식의 관계를 설명하는 성취기준 | achievement_math_2022: 일차함수와 일차방정식의 관계 section; [9수02-18] achievement levels; achievement_level; 두 일차함수의 그래프의 교점과 연립일차방정식의 해 사이의 관계를 설명하는 수행 수준을 구분,,structure_ref;textbook_page_refs,Find textbook structure evidence for the containment relation.,pending_textbook_pdf,,,,,,,,,,
3,중1(교육과정 학년군: 중1-3),변화와 관계,일차함수와 일차방정식의 관계,m1_func_eq_relation_unit__contains__m1_func_system_solution_from_intersection,intra_unit,m1_func_eq_relation_unit,일차함수와 일차방정식의 관계,일차함수와 일차방정식의 관계,m1_func_system_solution_from_intersection,교점으로 연립일차방정식의 해 말하기,일차함수와 일차방정식의 관계,contains,high,2,curriculum_math_2022: printed p. 35; [9수02-18]; achievement_standard; 두 일차함수의 그래프와 연립일차방정식의 관계를 설명하는 성취기준 | achievement_math_2022: 일차함수와 일차방정식의 관계 section; [9수02-18] achievement levels; achievement_level; 두 일차함수의 그래프의 교점과 연립일차방정식의 해 사이의 관계를 설명하는 수행 수준을 구분,,structure_ref;textbook_page_refs,Find textbook structure evidence for the containment relation.,pending_textbook_pdf,,,,,,,,,,
3,중1(교육과정 학년군: 중1-3),변화와 관계,일차함수와 일차방정식의 관계,m1_func_eq_relation_unit__contains__m1_func_two_linear_graphs,intra_unit,m1_func_eq_relation_unit,일차함수와 일차방정식의 관계,일차함수와 일차방정식의 관계,m1_func_two_linear_graphs,두 일차함수의 그래프,일차함수와 일차방정식의 관계,contains,high,2,curriculum_math_2022: printed p. 35; [9수02-18]; achievement_standard; 두 일차함수의 그래프와 연립일차방정식의 관계를 설명하는 성취기준 | achievement_math_2022: 일차함수와 일차방정식의 관계 section; [9수02-18] achievement levels; achievement_level; 두 일차함수의 그래프의 교점과 연립일차방정식의 해 사이의 관계를 설명하는 수행 수준을 구분,,structure_ref;textbook_page_refs,Find textbook structure evidence for the containment relation.,pending_textbook_pdf,,,,,,,,,,
3,중1(교육과정 학년군: 중1-3),변화와 관계,일차함수와 일차방정식의 관계,m1_func_eq_relation_unit__contains__m1_func_two_variable_equation_as_graph,intra_unit,m1_func_eq_relation_unit,일차함수와 일차방정식의 관계,일차함수와 일차방정식의 관계,m1_func_two_variable_equation_as_graph,미지수가 2개인 일차방정식의 해를 그래프로 나타내기,일차함수와 일차방정식의 관계,contains,high,2,curriculum_math_2022: printed p. 35; [9수02-17]; achievement_standard; 일차함수와 미지수가 2개인 일차방정식의 관계를 설명하는 성취기준 | achievement_math_2022: 일차함수와 일차방정식의 관계 section; [9수02-17] achievement levels; achievement_level; 미지수가 2개인 일차방정식의 해를 일차함수의 그래프로 나타내고 관계를 설명하는 수행 수준을 구분,,structure_ref;textbook_page_refs,Find textbook structure evidence for the containment relation.,pending_textbook_pdf,,,,,,,,,,
3,중1(교육과정 학년군: 중1-3),변화와 관계,일차함수와 일차방정식의 관계,m1_func_eq_relation_unit__contains__m1_func_two_variable_equation_solution_pair,intra_unit,m1_func_eq_relation_unit,일차함수와 일차방정식의 관계,일차함수와 일차방정식의 관계,m1_func_two_variable_equation_solution_pair,미지수가 2개인 일차방정식 해의 순서쌍,일차함수와 일차방정식의 관계,contains,medium,4,curriculum_math_2022: printed p. 35; [9수02-17]; achievement_standard; 일차함수와 미지수가 2개인 일차방정식의 관계를 설명하는 성취기준 | achievement_math_2022: 일차함수와 일차방정식의 관계 section; [9수02-17] achievement levels; achievement_level; 미지수가 2개인 일차방정식의 해를 일차함수의 그래프로 나타내고 관계를 설명하는 수행 수준을 구분 | curriculum_math_2022: printed p. 34; [9수02-05]; achievement_standard; 순서쌍과 좌표를 이해하고 편리함을 인식하는 성취기준 | achievement_math_2022: 좌표평면과 그래프 section; [9수02-05] achievement levels; achievement_level; 수직선과 좌표평면 위의 점을 좌표로 나타내거나 주어진 좌표를 점으로 나타내는 수행을 구분,,structure_ref;textbook_page_refs,Find textbook structure evidence for the containment relation.,pending_textbook_pdf,,,,,,,,,,
3,중1(교육과정 학년군: 중1-3),변화와 관계,일차함수와 일차방정식의 관계,m1_func_eq_relation_unit__contains__m1_func_two_variable_linear_equation_graph,intra_unit,m1_func_eq_relation_unit,일차함수와 일차방정식의 관계,일차함수와 일차방정식의 관계,m1_func_two_variable_linear_equation_graph,미지수가 2개인 일차방정식의 그래프,일차함수와 일차방정식의 관계,contains,high,2,curriculum_math_2022: printed p. 35; [9수02-17]; achievement_standard; 일차함수와 미지수가 2개인 일차방정식의 관계를 설명하는 성취기준 | achievement_math_2022: 일차함수와 일차방정식의 관계 section; [9수02-17] achievement levels; achievement_level; 미지수가 2개인 일차방정식의 해를 일차함수의 그래프로 나타내고 관계를 설명하는 수행 수준을 구분,,structure_ref;textbook_page_refs,Find textbook structure evidence for the containment relation.,pending_textbook_pdf,,,,,,,,,,
3,중1(교육과정 학년군: 중1-3),변화와 관계,일차함수와 일차방정식의 관계,m1_func_intersection_count__contains__m1_func_one_intersection_case,intra_unit,m1_func_intersection_count,교점의 개수,일차함수와 일차방정식의 관계,m1_func_one_intersection_case,두 그래프가 한 점에서 만나는 경우,일차함수와 일차방정식의 관계,contains,medium,3,"curriculum_math_2022: printed p. 35; [9수02-18]; achievement_standard; 두 일차함수의 그래프와 연립일차방정식의 관계를 설명하는 성취기준 | achievement_math_2022: 일차함수와 일차방정식의 관계 section; [9수02-18] achievement levels; achievement_level; 두 일차함수의 그래프의 교점과 연립일차방정식의 해 사이의 관계를 설명하는 수행 수준을 구분 | achievement_research_report_2022: 연구보고서 p. 58; 변화와 관계 영역별 성취수준; research_report_achievement_level_context; 두 일차함수의 그래프의 교점이 한 개인 경우, 그래프의 교점과 연립일차방정식의 해 사이의 관계를 말하는 성취수준 맥락",,structure_ref;textbook_page_refs,Find textbook structure evidence for the containment relation.,pending_textbook_pdf,,,,,,,,,,
3,중1(교육과정 학년군: 중1-3),변화와 관계,일차함수와 일차방정식의 관계,m1_func_intersection_point__contains__m1_func_intersection_point_coordinate,intra_unit,m1_func_intersection_point,교점,일차함수와 일차방정식의 관계,m1_func_intersection_point_coordinate,교점의 좌표,일차함수와 일차방정식의 관계,contains,medium,5,"curriculum_math_2022: printed p. 35; [9수02-18]; achievement_standard; 두 일차함수의 그래프와 연립일차방정식의 관계를 설명하는 성취기준 | achievement_math_2022: 일차함수와 일차방정식의 관계 section; [9수02-18] achievement levels; achievement_level; 두 일차함수의 그래프의 교점과 연립일차방정식의 해 사이의 관계를 설명하는 수행 수준을 구분 | achievement_research_report_2022: 연구보고서 p. 58; 변화와 관계 영역별 성취수준; research_report_achievement_level_context; 두 일차함수의 그래프의 교점이 한 개인 경우, 그래프의 교점과 연립일차방정식의 해 사이의 관계를 말하는 성취수준 맥락 | curriculum_math_2022: printed p. 34; [9수02-05]; achievement_standard; 순서쌍과 좌표를 이해하고 편리함을 인식하는 성취기준 | achievement_math_2022: 좌표평면과 그래프 section; [9수02-05] achievement levels; achievement_level; 수직선과 좌표평면 위의 점을 좌표로 나타내거나 주어진 좌표를 점으로 나타내는 수행을 구분",,structure_ref;textbook_page_refs,Find textbook structure evidence for the containment relation.,pending_textbook_pdf,,,,,,,,,,
3,중1(교육과정 학년군: 중1-3),변화와 관계,일차함수와 일차방정식의 관계,m1_func_intersection_solution_count_relation__contains__m1_func_system_unique_solution_graph_case,intra_unit,m1_func_intersection_solution_count_relation,교점의 개수와 연립일차방정식 해의 개수의 관계,일차함수와 일차방정식의 관계,m1_func_system_unique_solution_graph_case,한 점에서 만나는 그래프와 하나의 해,일차함수와 일차방정식의 관계,contains,medium,3,"curriculum_math_2022: printed p. 35; [9수02-18]; achievement_standard; 두 일차함수의 그래프와 연립일차방정식의 관계를 설명하는 성취기준 | achievement_math_2022: 일차함수와 일차방정식의 관계 section; [9수02-18] achievement levels; achievement_level; 두 일차함수의 그래프의 교점과 연립일차방정식의 해 사이의 관계를 설명하는 수행 수준을 구분 | achievement_research_report_2022: 연구보고서 p. 58; 변화와 관계 영역별 성취수준; research_report_achievement_level_context; 두 일차함수의 그래프의 교점이 한 개인 경우, 그래프의 교점과 연립일차방정식의 해 사이의 관계를 말하는 성취수준 맥락",,structure_ref;textbook_page_refs,Find textbook structure evidence for the containment relation.,pending_textbook_pdf,,,,,,,,,,
3,중1(교육과정 학년군: 중1-3),변화와 관계,일차함수와 일차방정식의 관계,m1_func_system_graph_relation__contains__m1_func_intersection_as_common_solution,intra_unit,m1_func_system_graph_relation,두 일차함수의 그래프와 연립일차방정식의 관계,일차함수와 일차방정식의 관계,m1_func_intersection_as_common_solution,교점은 두 방정식의 공통해,일차함수와 일차방정식의 관계,contains,high,4,curriculum_math_2022: printed p. 35; [9수02-18]; achievement_standard; 두 일차함수의 그래프와 연립일차방정식의 관계를 설명하는 성취기준 | achievement_math_2022: 일차함수와 일차방정식의 관계 section; [9수02-18] achievement levels; achievement_level; 두 일차함수의 그래프의 교점과 연립일차방정식의 해 사이의 관계를 설명하는 수행 수준을 구분 | curriculum_math_2022: printed p. 35; [9수02-13]; achievement_standard; 미지수가 2개인 연립일차방정식을 풀고 활용하는 성취기준 | achievement_math_2022: 연립일차방정식 section; [9수02-13] achievement levels; achievement_level; 미지수가 2개인 연립일차방정식을 여러 가지 방법으로 풀고 활용하는 수행 수준을 구분,,structure_ref;textbook_page_refs,Find textbook structure evidence for the containment relation.,pending_textbook_pdf,,,,,,,,,,
3,중1(교육과정 학년군: 중1-3),변화와 관계,일차함수와 일차방정식의 관계,m1_func_system_graph_relation__contains__m1_func_system_graph_same_plane,intra_unit,m1_func_system_graph_relation,두 일차함수의 그래프와 연립일차방정식의 관계,일차함수와 일차방정식의 관계,m1_func_system_graph_same_plane,두 일차함수 그래프를 한 좌표평면에 나타내기,일차함수와 일차방정식의 관계,contains,medium,4,curriculum_math_2022: printed p. 35; [9수02-18]; achievement_standard; 두 일차함수의 그래프와 연립일차방정식의 관계를 설명하는 성취기준 | achievement_math_2022: 일차함수와 일차방정식의 관계 section; [9수02-18] achievement levels; achievement_level; 두 일차함수의 그래프의 교점과 연립일차방정식의 해 사이의 관계를 설명하는 수행 수준을 구분 | curriculum_math_2022: printed p. 34; [9수02-05]; achievement_standard; 순서쌍과 좌표를 이해하고 편리함을 인식하는 성취기준 | achievement_math_2022: 좌표평면과 그래프 section; [9수02-05] achievement levels; achievement_level; 수직선과 좌표평면 위의 점을 좌표로 나타내거나 주어진 좌표를 점으로 나타내는 수행을 구분,,structure_ref;textbook_page_refs,Find textbook structure evidence for the containment relation.,pending_textbook_pdf,,,,,,,,,,
3,중1(교육과정 학년군: 중1-3),변화와 관계,일차함수와 일차방정식의 관계,m1_func_system_solution_from_intersection__contains__m1_func_intersection_coordinate_reading,intra_unit,m1_func_system_solution_from_intersection,교점으로 연립일차방정식의 해 말하기,일차함수와 일차방정식의 관계,m1_func_intersection_coordinate_reading,교점 좌표 읽기,일차함수와 일차방정식의 관계,contains,medium,4,curriculum_math_2022: printed p. 35; [9수02-18]; achievement_standard; 두 일차함수의 그래프와 연립일차방정식의 관계를 설명하는 성취기준 | achievement_math_2022: 일차함수와 일차방정식의 관계 section; [9수02-18] achievement levels; achievement_level; 두 일차함수의 그래프의 교점과 연립일차방정식의 해 사이의 관계를 설명하는 수행 수준을 구분 | curriculum_math_2022: printed p. 34; [9수02-05]; achievement_standard; 순서쌍과 좌표를 이해하고 편리함을 인식하는 성취기준 | achievement_math_2022: 좌표평면과 그래프 section; [9수02-05] achievement levels; achievement_level; 수직선과 좌표평면 위의 점을 좌표로 나타내거나 주어진 좌표를 점으로 나타내는 수행을 구분,,structure_ref;textbook_page_refs,Find textbook structure evidence for the containment relation.,pending_textbook_pdf,,,,,,,,,,
3,중1(교육과정 학년군: 중1-3),변화와 관계,일차함수와 일차방정식의 관계,m1_func_system_solution_from_intersection__contains__m1_func_intersection_coordinate_to_system_solution_pair,intra_unit,m1_func_system_solution_from_intersection,교점으로 연립일차방정식의 해 말하기,일차함수와 일차방정식의 관계,m1_func_intersection_coordinate_to_system_solution_pair,교점의 좌표를 연립일차방정식의 해로 쓰기,일차함수와 일차방정식의 관계,contains,high,6,curriculum_math_2022: printed p. 35; [9수02-18]; achievement_standard; 두 일차함수의 그래프와 연립일차방정식의 관계를 설명하는 성취기준 | achievement_math_2022: 일차함수와 일차방정식의 관계 section; [9수02-18] achievement levels; achievement_level; 두 일차함수의 그래프의 교점과 연립일차방정식의 해 사이의 관계를 설명하는 수행 수준을 구분 | curriculum_math_2022: printed p. 35; [9수02-13]; achievement_standard; 미지수가 2개인 연립일차방정식을 풀고 활용하는 성취기준 | achievement_math_2022: 연립일차방정식 section; [9수02-13] achievement levels; achievement_level; 미지수가 2개인 연립일차방정식을 여러 가지 방법으로 풀고 활용하는 수행 수준을 구분 | curriculum_math_2022: printed p. 34; [9수02-05]; achievement_standard; 순서쌍과 좌표를 이해하고 편리함을 인식하는 성취기준 | achievement_math_2022: 좌표평면과 그래프 section; [9수02-05] achievement levels; achievement_level; 수직선과 좌표평면 위의 점을 좌표로 나타내거나 주어진 좌표를 점으로 나타내는 수행을 구분,,structure_ref;textbook_page_refs,Find textbook structure evidence for the containment relation.,pending_textbook_pdf,,,,,,,,,,
3,중1(교육과정 학년군: 중1-3),변화와 관계,일차함수와 일차방정식의 관계,m1_func_two_linear_graphs__contains__m1_func_intersection_count,intra_unit,m1_func_two_linear_graphs,두 일차함수의 그래프,일차함수와 일차방정식의 관계,m1_func_intersection_count,교점의 개수,일차함수와 일차방정식의 관계,contains,medium,1,achievement_math_2022: 일차함수와 일차방정식의 관계 section; [9수02-18] achievement levels; achievement_level; 두 일차함수의 그래프의 교점과 연립일차방정식의 해 사이의 관계를 설명하는 수행 수준을 구분,,structure_ref;textbook_page_refs,Find textbook structure evidence for the containment relation.,pending_textbook_pdf,,,,,,,,,,
3,중1(교육과정 학년군: 중1-3),변화와 관계,일차함수와 일차방정식의 관계,m1_func_two_linear_graphs__contains__m1_func_intersection_point,intra_unit,m1_func_two_linear_graphs,두 일차함수의 그래프,일차함수와 일차방정식의 관계,m1_func_intersection_point,교점,일차함수와 일차방정식의 관계,contains,medium,1,achievement_math_2022: 일차함수와 일차방정식의 관계 section; [9수02-18] achievement levels; achievement_level; 두 일차함수의 그래프의 교점과 연립일차방정식의 해 사이의 관계를 설명하는 수행 수준을 구분,,structure_ref;textbook_page_refs,Find textbook structure evidence for the containment relation.,pending_textbook_pdf,,,,,,,,,,
3,중1(교육과정 학년군: 중1-3),변화와 관계,일차함수와 일차방정식의 관계,m1_func_two_variable_equation_as_graph__contains__m1_func_equation_function_form_conversion,intra_unit,m1_func_two_variable_equation_as_graph,미지수가 2개인 일차방정식의 해를 그래프로 나타내기,일차함수와 일차방정식의 관계,m1_func_equation_function_form_conversion,미지수가 2개인 일차방정식을 y=ax+b 꼴로 나타내기,일차함수와 일차방정식의 관계,contains,medium,2,curriculum_math_2022: printed p. 35; [9수02-17]; achievement_standard; 일차함수와 미지수가 2개인 일차방정식의 관계를 설명하는 성취기준 | achievement_math_2022: 일차함수와 일차방정식의 관계 section; [9수02-17] achievement levels; achievement_level; 미지수가 2개인 일차방정식의 해를 일차함수의 그래프로 나타내고 관계를 설명하는 수행 수준을 구분,,structure_ref;textbook_page_refs,Find textbook structure evidence for the containment relation.,pending_textbook_pdf,,,,,,,,,,
3,중1(교육과정 학년군: 중1-3),변화와 관계,일차함수와 일차방정식의 관계,m1_func_two_variable_equation_as_graph__contains__m1_func_equation_graph_from_two_solution_pairs,intra_unit,m1_func_two_variable_equation_as_graph,미지수가 2개인 일차방정식의 해를 그래프로 나타내기,일차함수와 일차방정식의 관계,m1_func_equation_graph_from_two_solution_pairs,두 해의 순서쌍으로 일차방정식 그래프 그리기,일차함수와 일차방정식의 관계,contains,medium,4,curriculum_math_2022: printed p. 35; [9수02-17]; achievement_standard; 일차함수와 미지수가 2개인 일차방정식의 관계를 설명하는 성취기준 | achievement_math_2022: 일차함수와 일차방정식의 관계 section; [9수02-17] achievement levels; achievement_level; 미지수가 2개인 일차방정식의 해를 일차함수의 그래프로 나타내고 관계를 설명하는 수행 수준을 구분 | curriculum_math_2022: printed p. 34; [9수02-05]; achievement_standard; 순서쌍과 좌표를 이해하고 편리함을 인식하는 성취기준 | achievement_math_2022: 좌표평면과 그래프 section; [9수02-05] achievement levels; achievement_level; 수직선과 좌표평면 위의 점을 좌표로 나타내거나 주어진 좌표를 점으로 나타내는 수행을 구분,,structure_ref;textbook_page_refs,Find textbook structure evidence for the containment relation.,pending_textbook_pdf,,,,,,,,,,
3,중1(교육과정 학년군: 중1-3),변화와 관계,일차함수와 일차방정식의 관계,m1_func_two_variable_equation_as_graph__contains__m1_func_equation_solution_table,intra_unit,m1_func_two_variable_equation_as_graph,미지수가 2개인 일차방정식의 해를 그래프로 나타내기,일차함수와 일차방정식의 관계,m1_func_equation_solution_table,미지수가 2개인 일차방정식 해의 대응표,일차함수와 일차방정식의 관계,contains,medium,4,curriculum_math_2022: printed p. 35; [9수02-17]; achievement_standard; 일차함수와 미지수가 2개인 일차방정식의 관계를 설명하는 성취기준 | achievement_math_2022: 일차함수와 일차방정식의 관계 section; [9수02-17] achievement levels; achievement_level; 미지수가 2개인 일차방정식의 해를 일차함수의 그래프로 나타내고 관계를 설명하는 수행 수준을 구분 | curriculum_math_2022: printed p. 34; [9수02-05]; achievement_standard; 순서쌍과 좌표를 이해하고 편리함을 인식하는 성취기준 | achievement_math_2022: 좌표평면과 그래프 section; [9수02-05] achievement levels; achievement_level; 수직선과 좌표평면 위의 점을 좌표로 나타내거나 주어진 좌표를 점으로 나타내는 수행을 구분,,structure_ref;textbook_page_refs,Find textbook structure evidence for the containment relation.,pending_textbook_pdf,,,,,,,,,,
3,중1(교육과정 학년군: 중1-3),변화와 관계,일차함수와 일차방정식의 관계,m1_func_two_variable_equation_as_graph__contains__m1_func_equation_two_intercepts_graph_drawing,intra_unit,m1_func_two_variable_equation_as_graph,미지수가 2개인 일차방정식의 해를 그래프로 나타내기,일차함수와 일차방정식의 관계,m1_func_equation_two_intercepts_graph_drawing,두 축과의 교점으로 일차방정식 그래프 그리기,일차함수와 일차방정식의 관계,contains,medium,4,curriculum_math_2022: printed p. 35; [9수02-17]; achievement_standard; 일차함수와 미지수가 2개인 일차방정식의 관계를 설명하는 성취기준 | achievement_math_2022: 일차함수와 일차방정식의 관계 section; [9수02-17] achievement levels; achievement_level; 미지수가 2개인 일차방정식의 해를 일차함수의 그래프로 나타내고 관계를 설명하는 수행 수준을 구분 | curriculum_math_2022: printed p. 34; [9수02-05]; achievement_standard; 순서쌍과 좌표를 이해하고 편리함을 인식하는 성취기준 | achievement_math_2022: 좌표평면과 그래프 section; [9수02-05] achievement levels; achievement_level; 수직선과 좌표평면 위의 점을 좌표로 나타내거나 주어진 좌표를 점으로 나타내는 수행을 구분,,structure_ref;textbook_page_refs,Find textbook structure evidence for the containment relation.,pending_textbook_pdf,,,,,,,,,,
3,중1(교육과정 학년군: 중1-3),변화와 관계,일차함수와 일차방정식의 관계,m1_func_two_variable_equation_as_graph__contains__m1_func_equation_x_zero_substitution,intra_unit,m1_func_two_variable_equation_as_graph,미지수가 2개인 일차방정식의 해를 그래프로 나타내기,일차함수와 일차방정식의 관계,m1_func_equation_x_zero_substitution,x=0을 대입해 y축과의 교점 구하기,일차함수와 일차방정식의 관계,contains,medium,4,curriculum_math_2022: printed p. 35; [9수02-17]; achievement_standard; 일차함수와 미지수가 2개인 일차방정식의 관계를 설명하는 성취기준 | achievement_math_2022: 일차함수와 일차방정식의 관계 section; [9수02-17] achievement levels; achievement_level; 미지수가 2개인 일차방정식의 해를 일차함수의 그래프로 나타내고 관계를 설명하는 수행 수준을 구분 | curriculum_math_2022: printed p. 34; [9수02-05]; achievement_standard; 순서쌍과 좌표를 이해하고 편리함을 인식하는 성취기준 | achievement_math_2022: 좌표평면과 그래프 section; [9수02-05] achievement levels; achievement_level; 수직선과 좌표평면 위의 점을 좌표로 나타내거나 주어진 좌표를 점으로 나타내는 수행을 구분,,structure_ref;textbook_page_refs,Find textbook structure evidence for the containment relation.,pending_textbook_pdf,,,,,,,,,,
3,중1(교육과정 학년군: 중1-3),변화와 관계,일차함수와 일차방정식의 관계,m1_func_two_variable_equation_as_graph__contains__m1_func_equation_y_zero_substitution,intra_unit,m1_func_two_variable_equation_as_graph,미지수가 2개인 일차방정식의 해를 그래프로 나타내기,일차함수와 일차방정식의 관계,m1_func_equation_y_zero_substitution,y=0을 대입해 x축과의 교점 구하기,일차함수와 일차방정식의 관계,contains,medium,4,curriculum_math_2022: printed p. 35; [9수02-17]; achievement_standard; 일차함수와 미지수가 2개인 일차방정식의 관계를 설명하는 성취기준 | achievement_math_2022: 일차함수와 일차방정식의 관계 section; [9수02-17] achievement levels; achievement_level; 미지수가 2개인 일차방정식의 해를 일차함수의 그래프로 나타내고 관계를 설명하는 수행 수준을 구분 | curriculum_math_2022: printed p. 34; [9수02-05]; achievement_standard; 순서쌍과 좌표를 이해하고 편리함을 인식하는 성취기준 | achievement_math_2022: 좌표평면과 그래프 section; [9수02-05] achievement levels; achievement_level; 수직선과 좌표평면 위의 점을 좌표로 나타내거나 주어진 좌표를 점으로 나타내는 수행을 구분,,structure_ref;textbook_page_refs,Find textbook structure evidence for the containment relation.,pending_textbook_pdf,,,,,,,,,,
3,중1(교육과정 학년군: 중1-3),변화와 관계,일차함수와 일차방정식의 관계,m1_func_two_variable_equation_as_graph__contains__m1_func_read_solution_pair_from_equation_graph,intra_unit,m1_func_two_variable_equation_as_graph,미지수가 2개인 일차방정식의 해를 그래프로 나타내기,일차함수와 일차방정식의 관계,m1_func_read_solution_pair_from_equation_graph,그래프에서 미지수가 2개인 일차방정식의 해 읽기,일차함수와 일차방정식의 관계,contains,medium,4,curriculum_math_2022: printed p. 35; [9수02-17]; achievement_standard; 일차함수와 미지수가 2개인 일차방정식의 관계를 설명하는 성취기준 | achievement_math_2022: 일차함수와 일차방정식의 관계 section; [9수02-17] achievement levels; achievement_level; 미지수가 2개인 일차방정식의 해를 일차함수의 그래프로 나타내고 관계를 설명하는 수행 수준을 구분 | curriculum_math_2022: printed p. 34; [9수02-05]; achievement_standard; 순서쌍과 좌표를 이해하고 편리함을 인식하는 성취기준 | achievement_math_2022: 좌표평면과 그래프 section; [9수02-05] achievement levels; achievement_level; 수직선과 좌표평면 위의 점을 좌표로 나타내거나 주어진 좌표를 점으로 나타내는 수행을 구분,,structure_ref;textbook_page_refs,Find textbook structure evidence for the containment relation.,pending_textbook_pdf,,,,,,,,,,
3,중1(교육과정 학년군: 중1-3),변화와 관계,일차함수와 일차방정식의 관계,m1_func_two_variable_equation_as_graph__contains__m1_func_solution_pair_check_by_substitution,intra_unit,m1_func_two_variable_equation_as_graph,미지수가 2개인 일차방정식의 해를 그래프로 나타내기,일차함수와 일차방정식의 관계,m1_func_solution_pair_check_by_substitution,순서쌍을 대입하여 방정식의 해인지 확인하기,일차함수와 일차방정식의 관계,contains,medium,4,curriculum_math_2022: printed p. 35; [9수02-17]; achievement_standard; 일차함수와 미지수가 2개인 일차방정식의 관계를 설명하는 성취기준 | achievement_math_2022: 일차함수와 일차방정식의 관계 section; [9수02-17] achievement levels; achievement_level; 미지수가 2개인 일차방정식의 해를 일차함수의 그래프로 나타내고 관계를 설명하는 수행 수준을 구분 | curriculum_math_2022: printed p. 34; [9수02-05]; achievement_standard; 순서쌍과 좌표를 이해하고 편리함을 인식하는 성취기준 | achievement_math_2022: 좌표평면과 그래프 section; [9수02-05] achievement levels; achievement_level; 수직선과 좌표평면 위의 점을 좌표로 나타내거나 주어진 좌표를 점으로 나타내는 수행을 구분,,structure_ref;textbook_page_refs,Find textbook structure evidence for the containment relation.,pending_textbook_pdf,,,,,,,,,,
3,중1(교육과정 학년군: 중1-3),변화와 관계,일차함수와 일차방정식의 관계,m1_func_two_variable_equation_solution_set_graph__contains__m1_func_graph_point_solution_correspondence,intra_unit,m1_func_two_variable_equation_solution_set_graph,미지수가 2개인 일차방정식 해 전체의 그래프,일차함수와 일차방정식의 관계,m1_func_graph_point_solution_correspondence,그래프 위의 점과 방정식의 해의 대응,일차함수와 일차방정식의 관계,contains,medium,4,curriculum_math_2022: printed p. 35; [9수02-17]; achievement_standard; 일차함수와 미지수가 2개인 일차방정식의 관계를 설명하는 성취기준 | achievement_math_2022: 일차함수와 일차방정식의 관계 section; [9수02-17] achievement levels; achievement_level; 미지수가 2개인 일차방정식의 해를 일차함수의 그래프로 나타내고 관계를 설명하는 수행 수준을 구분 | curriculum_math_2022: printed p. 34; [9수02-05]; achievement_standard; 순서쌍과 좌표를 이해하고 편리함을 인식하는 성취기준 | achievement_math_2022: 좌표평면과 그래프 section; [9수02-05] achievement levels; achievement_level; 수직선과 좌표평면 위의 점을 좌표로 나타내거나 주어진 좌표를 점으로 나타내는 수행을 구분,,structure_ref;textbook_page_refs,Find textbook structure evidence for the containment relation.,pending_textbook_pdf,,,,,,,,,,
3,중1(교육과정 학년군: 중1-3),변화와 관계,일차함수와 일차방정식의 관계,m1_func_two_variable_linear_equation_graph__contains__m1_func_equation_x_axis_intersection,intra_unit,m1_func_two_variable_linear_equation_graph,미지수가 2개인 일차방정식의 그래프,일차함수와 일차방정식의 관계,m1_func_equation_x_axis_intersection,일차방정식 그래프의 x축과의 교점,일차함수와 일차방정식의 관계,contains,medium,4,curriculum_math_2022: printed p. 35; [9수02-17]; achievement_standard; 일차함수와 미지수가 2개인 일차방정식의 관계를 설명하는 성취기준 | achievement_math_2022: 일차함수와 일차방정식의 관계 section; [9수02-17] achievement levels; achievement_level; 미지수가 2개인 일차방정식의 해를 일차함수의 그래프로 나타내고 관계를 설명하는 수행 수준을 구분 | curriculum_math_2022: printed p. 34; [9수02-05]; achievement_standard; 순서쌍과 좌표를 이해하고 편리함을 인식하는 성취기준 | achievement_math_2022: 좌표평면과 그래프 section; [9수02-05] achievement levels; achievement_level; 수직선과 좌표평면 위의 점을 좌표로 나타내거나 주어진 좌표를 점으로 나타내는 수행을 구분,,structure_ref;textbook_page_refs,Find textbook structure evidence for the containment relation.,pending_textbook_pdf,,,,,,,,,,
3,중1(교육과정 학년군: 중1-3),변화와 관계,일차함수와 일차방정식의 관계,m1_func_two_variable_linear_equation_graph__contains__m1_func_equation_y_axis_intersection,intra_unit,m1_func_two_variable_linear_equation_graph,미지수가 2개인 일차방정식의 그래프,일차함수와 일차방정식의 관계,m1_func_equation_y_axis_intersection,일차방정식 그래프의 y축과의 교점,일차함수와 일차방정식의 관계,contains,medium,4,curriculum_math_2022: printed p. 35; [9수02-17]; achievement_standard; 일차함수와 미지수가 2개인 일차방정식의 관계를 설명하는 성취기준 | achievement_math_2022: 일차함수와 일차방정식의 관계 section; [9수02-17] achievement levels; achievement_level; 미지수가 2개인 일차방정식의 해를 일차함수의 그래프로 나타내고 관계를 설명하는 수행 수준을 구분 | curriculum_math_2022: printed p. 34; [9수02-05]; achievement_standard; 순서쌍과 좌표를 이해하고 편리함을 인식하는 성취기준 | achievement_math_2022: 좌표평면과 그래프 section; [9수02-05] achievement levels; achievement_level; 수직선과 좌표평면 위의 점을 좌표로 나타내거나 주어진 좌표를 점으로 나타내는 수행을 구분,,structure_ref;textbook_page_refs,Find textbook structure evidence for the containment relation.,pending_textbook_pdf,,,,,,,,,,
3,중1(교육과정 학년군: 중1-3),변화와 관계,일차함수와 일차방정식의 관계,m1_func_two_variable_linear_equation_graph__contains__m1_func_two_variable_equation_solution_set_graph,intra_unit,m1_func_two_variable_linear_equation_graph,미지수가 2개인 일차방정식의 그래프,일차함수와 일차방정식의 관계,m1_func_two_variable_equation_solution_set_graph,미지수가 2개인 일차방정식 해 전체의 그래프,일차함수와 일차방정식의 관계,contains,medium,2,curriculum_math_2022: printed p. 35; [9수02-17]; achievement_standard; 일차함수와 미지수가 2개인 일차방정식의 관계를 설명하는 성취기준 | achievement_math_2022: 일차함수와 일차방정식의 관계 section; [9수02-17] achievement levels; achievement_level; 미지수가 2개인 일차방정식의 해를 일차함수의 그래프로 나타내고 관계를 설명하는 수행 수준을 구분,,structure_ref;textbook_page_refs,Find textbook structure evidence for the containment relation.,pending_textbook_pdf,,,,,,,,,,
3,중1(교육과정 학년군: 중1-3),변화와 관계,일차함수와 일차방정식의 관계,m1_func_equation_solution_table__prerequisite_for__m1_func_equation_graph_from_two_solution_pairs,intra_unit,m1_func_equation_solution_table,미지수가 2개인 일차방정식 해의 대응표,일차함수와 일차방정식의 관계,m1_func_equation_graph_from_two_solution_pairs,두 해의 순서쌍으로 일차방정식 그래프 그리기,일차함수와 일차방정식의 관계,prerequisite_for,medium,4,curriculum_math_2022: printed p. 35; [9수02-17]; achievement_standard; 일차함수와 미지수가 2개인 일차방정식의 관계를 설명하는 성취기준 | achievement_math_2022: 일차함수와 일차방정식의 관계 section; [9수02-17] achievement levels; achievement_level; 미지수가 2개인 일차방정식의 해를 일차함수의 그래프로 나타내고 관계를 설명하는 수행 수준을 구분 | curriculum_math_2022: printed p. 34; [9수02-05]; achievement_standard; 순서쌍과 좌표를 이해하고 편리함을 인식하는 성취기준 | achievement_math_2022: 좌표평면과 그래프 section; [9수02-05] achievement levels; achievement_level; 수직선과 좌표평면 위의 점을 좌표로 나타내거나 주어진 좌표를 점으로 나타내는 수행을 구분,,prerequisite_ref;textbook_page_refs,Find textbook sequencing or prior-knowledge evidence for the prerequisite relation.,pending_textbook_pdf,,,,,,,,,,
3,중1(교육과정 학년군: 중1-3),변화와 관계,일차함수와 일차방정식의 관계,m1_func_equation_x_axis_intersection__prerequisite_for__m1_func_equation_two_intercepts_graph_drawing,intra_unit,m1_func_equation_x_axis_intersection,일차방정식 그래프의 x축과의 교점,일차함수와 일차방정식의 관계,m1_func_equation_two_intercepts_graph_drawing,두 축과의 교점으로 일차방정식 그래프 그리기,일차함수와 일차방정식의 관계,prerequisite_for,medium,4,curriculum_math_2022: printed p. 35; [9수02-17]; achievement_standard; 일차함수와 미지수가 2개인 일차방정식의 관계를 설명하는 성취기준 | achievement_math_2022: 일차함수와 일차방정식의 관계 section; [9수02-17] achievement levels; achievement_level; 미지수가 2개인 일차방정식의 해를 일차함수의 그래프로 나타내고 관계를 설명하는 수행 수준을 구분 | curriculum_math_2022: printed p. 34; [9수02-05]; achievement_standard; 순서쌍과 좌표를 이해하고 편리함을 인식하는 성취기준 | achievement_math_2022: 좌표평면과 그래프 section; [9수02-05] achievement levels; achievement_level; 수직선과 좌표평면 위의 점을 좌표로 나타내거나 주어진 좌표를 점으로 나타내는 수행을 구분,,prerequisite_ref;textbook_page_refs,Find textbook sequencing or prior-knowledge evidence for the prerequisite relation.,pending_textbook_pdf,,,,,,,,,,
3,중1(교육과정 학년군: 중1-3),변화와 관계,일차함수와 일차방정식의 관계,m1_func_equation_x_zero_substitution__prerequisite_for__m1_func_equation_y_axis_intersection,intra_unit,m1_func_equation_x_zero_substitution,x=0을 대입해 y축과의 교점 구하기,일차함수와 일차방정식의 관계,m1_func_equation_y_axis_intersection,일차방정식 그래프의 y축과의 교점,일차함수와 일차방정식의 관계,prerequisite_for,medium,4,curriculum_math_2022: printed p. 35; [9수02-17]; achievement_standard; 일차함수와 미지수가 2개인 일차방정식의 관계를 설명하는 성취기준 | achievement_math_2022: 일차함수와 일차방정식의 관계 section; [9수02-17] achievement levels; achievement_level; 미지수가 2개인 일차방정식의 해를 일차함수의 그래프로 나타내고 관계를 설명하는 수행 수준을 구분 | curriculum_math_2022: printed p. 34; [9수02-05]; achievement_standard; 순서쌍과 좌표를 이해하고 편리함을 인식하는 성취기준 | achievement_math_2022: 좌표평면과 그래프 section; [9수02-05] achievement levels; achievement_level; 수직선과 좌표평면 위의 점을 좌표로 나타내거나 주어진 좌표를 점으로 나타내는 수행을 구분,,prerequisite_ref;textbook_page_refs,Find textbook sequencing or prior-knowledge evidence for the prerequisite relation.,pending_textbook_pdf,,,,,,,,,,
3,중1(교육과정 학년군: 중1-3),변화와 관계,일차함수와 일차방정식의 관계,m1_func_equation_y_axis_intersection__prerequisite_for__m1_func_equation_two_intercepts_graph_drawing,intra_unit,m1_func_equation_y_axis_intersection,일차방정식 그래프의 y축과의 교점,일차함수와 일차방정식의 관계,m1_func_equation_two_intercepts_graph_drawing,두 축과의 교점으로 일차방정식 그래프 그리기,일차함수와 일차방정식의 관계,prerequisite_for,medium,4,curriculum_math_2022: printed p. 35; [9수02-17]; achievement_standard; 일차함수와 미지수가 2개인 일차방정식의 관계를 설명하는 성취기준 | achievement_math_2022: 일차함수와 일차방정식의 관계 section; [9수02-17] achievement levels; achievement_level; 미지수가 2개인 일차방정식의 해를 일차함수의 그래프로 나타내고 관계를 설명하는 수행 수준을 구분 | curriculum_math_2022: printed p. 34; [9수02-05]; achievement_standard; 순서쌍과 좌표를 이해하고 편리함을 인식하는 성취기준 | achievement_math_2022: 좌표평면과 그래프 section; [9수02-05] achievement levels; achievement_level; 수직선과 좌표평면 위의 점을 좌표로 나타내거나 주어진 좌표를 점으로 나타내는 수행을 구분,,prerequisite_ref;textbook_page_refs,Find textbook sequencing or prior-knowledge evidence for the prerequisite relation.,pending_textbook_pdf,,,,,,,,,,
3,중1(교육과정 학년군: 중1-3),변화와 관계,일차함수와 일차방정식의 관계,m1_func_equation_y_zero_substitution__prerequisite_for__m1_func_equation_x_axis_intersection,intra_unit,m1_func_equation_y_zero_substitution,y=0을 대입해 x축과의 교점 구하기,일차함수와 일차방정식의 관계,m1_func_equation_x_axis_intersection,일차방정식 그래프의 x축과의 교점,일차함수와 일차방정식의 관계,prerequisite_for,medium,4,curriculum_math_2022: printed p. 35; [9수02-17]; achievement_standard; 일차함수와 미지수가 2개인 일차방정식의 관계를 설명하는 성취기준 | achievement_math_2022: 일차함수와 일차방정식의 관계 section; [9수02-17] achievement levels; achievement_level; 미지수가 2개인 일차방정식의 해를 일차함수의 그래프로 나타내고 관계를 설명하는 수행 수준을 구분 | curriculum_math_2022: printed p. 34; [9수02-05]; achievement_standard; 순서쌍과 좌표를 이해하고 편리함을 인식하는 성취기준 | achievement_math_2022: 좌표평면과 그래프 section; [9수02-05] achievement levels; achievement_level; 수직선과 좌표평면 위의 점을 좌표로 나타내거나 주어진 좌표를 점으로 나타내는 수행을 구분,,prerequisite_ref;textbook_page_refs,Find textbook sequencing or prior-knowledge evidence for the prerequisite relation.,pending_textbook_pdf,,,,,,,,,,
3,중1(교육과정 학년군: 중1-3),변화와 관계,일차함수와 일차방정식의 관계,m1_func_graph_point_solution_correspondence__prerequisite_for__m1_func_read_solution_pair_from_equation_graph,intra_unit,m1_func_graph_point_solution_correspondence,그래프 위의 점과 방정식의 해의 대응,일차함수와 일차방정식의 관계,m1_func_read_solution_pair_from_equation_graph,그래프에서 미지수가 2개인 일차방정식의 해 읽기,일차함수와 일차방정식의 관계,prerequisite_for,medium,4,curriculum_math_2022: printed p. 35; [9수02-17]; achievement_standard; 일차함수와 미지수가 2개인 일차방정식의 관계를 설명하는 성취기준 | achievement_math_2022: 일차함수와 일차방정식의 관계 section; [9수02-17] achievement levels; achievement_level; 미지수가 2개인 일차방정식의 해를 일차함수의 그래프로 나타내고 관계를 설명하는 수행 수준을 구분 | curriculum_math_2022: printed p. 34; [9수02-05]; achievement_standard; 순서쌍과 좌표를 이해하고 편리함을 인식하는 성취기준 | achievement_math_2022: 좌표평면과 그래프 section; [9수02-05] achievement levels; achievement_level; 수직선과 좌표평면 위의 점을 좌표로 나타내거나 주어진 좌표를 점으로 나타내는 수행을 구분,,prerequisite_ref;textbook_page_refs,Find textbook sequencing or prior-knowledge evidence for the prerequisite relation.,pending_textbook_pdf,,,,,,,,,,
3,중1(교육과정 학년군: 중1-3),변화와 관계,일차함수와 일차방정식의 관계,m1_func_intersection_count__prerequisite_for__m1_func_intersection_solution_count_relation,intra_unit,m1_func_intersection_count,교점의 개수,일차함수와 일차방정식의 관계,m1_func_intersection_solution_count_relation,교점의 개수와 연립일차방정식 해의 개수의 관계,일차함수와 일차방정식의 관계,prerequisite_for,medium,2,curriculum_math_2022: printed p. 35; [9수02-18]; achievement_standard; 두 일차함수의 그래프와 연립일차방정식의 관계를 설명하는 성취기준 | achievement_math_2022: 일차함수와 일차방정식의 관계 section; [9수02-18] achievement levels; achievement_level; 두 일차함수의 그래프의 교점과 연립일차방정식의 해 사이의 관계를 설명하는 수행 수준을 구분,,prerequisite_ref;textbook_page_refs,Find textbook sequencing or prior-knowledge evidence for the prerequisite relation.,pending_textbook_pdf,,,,,,,,,,
3,중1(교육과정 학년군: 중1-3),변화와 관계,일차함수와 일차방정식의 관계,m1_func_intersection_point__prerequisite_for__m1_func_intersection_point_coordinate,intra_unit,m1_func_intersection_point,교점,일차함수와 일차방정식의 관계,m1_func_intersection_point_coordinate,교점의 좌표,일차함수와 일차방정식의 관계,prerequisite_for,medium,5,"curriculum_math_2022: printed p. 35; [9수02-18]; achievement_standard; 두 일차함수의 그래프와 연립일차방정식의 관계를 설명하는 성취기준 | achievement_math_2022: 일차함수와 일차방정식의 관계 section; [9수02-18] achievement levels; achievement_level; 두 일차함수의 그래프의 교점과 연립일차방정식의 해 사이의 관계를 설명하는 수행 수준을 구분 | achievement_research_report_2022: 연구보고서 p. 58; 변화와 관계 영역별 성취수준; research_report_achievement_level_context; 두 일차함수의 그래프의 교점이 한 개인 경우, 그래프의 교점과 연립일차방정식의 해 사이의 관계를 말하는 성취수준 맥락 | curriculum_math_2022: printed p. 34; [9수02-05]; achievement_standard; 순서쌍과 좌표를 이해하고 편리함을 인식하는 성취기준 | achievement_math_2022: 좌표평면과 그래프 section; [9수02-05] achievement levels; achievement_level; 수직선과 좌표평면 위의 점을 좌표로 나타내거나 주어진 좌표를 점으로 나타내는 수행을 구분",,prerequisite_ref;textbook_page_refs,Find textbook sequencing or prior-knowledge evidence for the prerequisite relation.,pending_textbook_pdf,,,,,,,,,,
3,중1(교육과정 학년군: 중1-3),변화와 관계,일차함수와 일차방정식의 관계,m1_func_intersection_point_coordinate__prerequisite_for__m1_func_intersection_as_common_solution,intra_unit,m1_func_intersection_point_coordinate,교점의 좌표,일차함수와 일차방정식의 관계,m1_func_intersection_as_common_solution,교점은 두 방정식의 공통해,일차함수와 일차방정식의 관계,prerequisite_for,high,4,curriculum_math_2022: printed p. 35; [9수02-18]; achievement_standard; 두 일차함수의 그래프와 연립일차방정식의 관계를 설명하는 성취기준 | achievement_math_2022: 일차함수와 일차방정식의 관계 section; [9수02-18] achievement levels; achievement_level; 두 일차함수의 그래프의 교점과 연립일차방정식의 해 사이의 관계를 설명하는 수행 수준을 구분 | curriculum_math_2022: printed p. 35; [9수02-13]; achievement_standard; 미지수가 2개인 연립일차방정식을 풀고 활용하는 성취기준 | achievement_math_2022: 연립일차방정식 section; [9수02-13] achievement levels; achievement_level; 미지수가 2개인 연립일차방정식을 여러 가지 방법으로 풀고 활용하는 수행 수준을 구분,,prerequisite_ref;textbook_page_refs,Find textbook sequencing or prior-knowledge evidence for the prerequisite relation.,pending_textbook_pdf,,,,,,,,,,
3,중1(교육과정 학년군: 중1-3),변화와 관계,일차함수와 일차방정식의 관계,m1_func_intersection_point_coordinate__prerequisite_for__m1_func_intersection_coordinate_reading,intra_unit,m1_func_intersection_point_coordinate,교점의 좌표,일차함수와 일차방정식의 관계,m1_func_intersection_coordinate_reading,교점 좌표 읽기,일차함수와 일차방정식의 관계,prerequisite_for,medium,4,curriculum_math_2022: printed p. 35; [9수02-18]; achievement_standard; 두 일차함수의 그래프와 연립일차방정식의 관계를 설명하는 성취기준 | achievement_math_2022: 일차함수와 일차방정식의 관계 section; [9수02-18] achievement levels; achievement_level; 두 일차함수의 그래프의 교점과 연립일차방정식의 해 사이의 관계를 설명하는 수행 수준을 구분 | curriculum_math_2022: printed p. 34; [9수02-05]; achievement_standard; 순서쌍과 좌표를 이해하고 편리함을 인식하는 성취기준 | achievement_math_2022: 좌표평면과 그래프 section; [9수02-05] achievement levels; achievement_level; 수직선과 좌표평면 위의 점을 좌표로 나타내거나 주어진 좌표를 점으로 나타내는 수행을 구분,,prerequisite_ref;textbook_page_refs,Find textbook sequencing or prior-knowledge evidence for the prerequisite relation.,pending_textbook_pdf,,,,,,,,,,
3,중1(교육과정 학년군: 중1-3),변화와 관계,일차함수와 일차방정식의 관계,m1_func_intersection_point_coordinate__prerequisite_for__m1_func_intersection_coordinate_to_system_solution_pair,intra_unit,m1_func_intersection_point_coordinate,교점의 좌표,일차함수와 일차방정식의 관계,m1_func_intersection_coordinate_to_system_solution_pair,교점의 좌표를 연립일차방정식의 해로 쓰기,일차함수와 일차방정식의 관계,prerequisite_for,high,6,curriculum_math_2022: printed p. 35; [9수02-18]; achievement_standard; 두 일차함수의 그래프와 연립일차방정식의 관계를 설명하는 성취기준 | achievement_math_2022: 일차함수와 일차방정식의 관계 section; [9수02-18] achievement levels; achievement_level; 두 일차함수의 그래프의 교점과 연립일차방정식의 해 사이의 관계를 설명하는 수행 수준을 구분 | curriculum_math_2022: printed p. 35; [9수02-13]; achievement_standard; 미지수가 2개인 연립일차방정식을 풀고 활용하는 성취기준 | achievement_math_2022: 연립일차방정식 section; [9수02-13] achievement levels; achievement_level; 미지수가 2개인 연립일차방정식을 여러 가지 방법으로 풀고 활용하는 수행 수준을 구분 | curriculum_math_2022: printed p. 34; [9수02-05]; achievement_standard; 순서쌍과 좌표를 이해하고 편리함을 인식하는 성취기준 | achievement_math_2022: 좌표평면과 그래프 section; [9수02-05] achievement levels; achievement_level; 수직선과 좌표평면 위의 점을 좌표로 나타내거나 주어진 좌표를 점으로 나타내는 수행을 구분,,prerequisite_ref;textbook_page_refs,Find textbook sequencing or prior-knowledge evidence for the prerequisite relation.,pending_textbook_pdf,,,,,,,,,,
3,중1(교육과정 학년군: 중1-3),변화와 관계,일차함수와 일차방정식의 관계,m1_func_intersection_point_coordinate__prerequisite_for__m1_func_system_solution_from_intersection,intra_unit,m1_func_intersection_point_coordinate,교점의 좌표,일차함수와 일차방정식의 관계,m1_func_system_solution_from_intersection,교점으로 연립일차방정식의 해 말하기,일차함수와 일차방정식의 관계,prerequisite_for,high,2,curriculum_math_2022: printed p. 35; [9수02-18]; achievement_standard; 두 일차함수의 그래프와 연립일차방정식의 관계를 설명하는 성취기준 | achievement_math_2022: 일차함수와 일차방정식의 관계 section; [9수02-18] achievement levels; achievement_level; 두 일차함수의 그래프의 교점과 연립일차방정식의 해 사이의 관계를 설명하는 수행 수준을 구분,,prerequisite_ref;textbook_page_refs,Find textbook sequencing or prior-knowledge evidence for the prerequisite relation.,pending_textbook_pdf,,,,,,,,,,
3,중1(교육과정 학년군: 중1-3),변화와 관계,일차함수와 일차방정식의 관계,m1_func_two_linear_graphs__prerequisite_for__m1_func_intersection_count,intra_unit,m1_func_two_linear_graphs,두 일차함수의 그래프,일차함수와 일차방정식의 관계,m1_func_intersection_count,교점의 개수,일차함수와 일차방정식의 관계,prerequisite_for,medium,1,achievement_math_2022: 일차함수와 일차방정식의 관계 section; [9수02-18] achievement levels; achievement_level; 두 일차함수의 그래프의 교점과 연립일차방정식의 해 사이의 관계를 설명하는 수행 수준을 구분,,prerequisite_ref;textbook_page_refs,Find textbook sequencing or prior-knowledge evidence for the prerequisite relation.,pending_textbook_pdf,,,,,,,,,,
3,중1(교육과정 학년군: 중1-3),변화와 관계,일차함수와 일차방정식의 관계,m1_func_two_linear_graphs__prerequisite_for__m1_func_intersection_point,intra_unit,m1_func_two_linear_graphs,두 일차함수의 그래프,일차함수와 일차방정식의 관계,m1_func_intersection_point,교점,일차함수와 일차방정식의 관계,prerequisite_for,medium,2,"achievement_math_2022: 일차함수와 일차방정식의 관계 section; [9수02-18] achievement levels; achievement_level; 두 일차함수의 그래프의 교점과 연립일차방정식의 해 사이의 관계를 설명하는 수행 수준을 구분 | achievement_research_report_2022: 연구보고서 p. 58; 변화와 관계 영역별 성취수준; research_report_achievement_level_context; 두 일차함수의 그래프의 교점이 한 개인 경우, 그래프의 교점과 연립일차방정식의 해 사이의 관계를 말하는 성취수준 맥락",,prerequisite_ref;textbook_page_refs,Find textbook sequencing or prior-knowledge evidence for the prerequisite relation.,pending_textbook_pdf,,,,,,,,,,
3,중1(교육과정 학년군: 중1-3),변화와 관계,일차함수와 일차방정식의 관계,m1_func_two_linear_graphs__prerequisite_for__m1_func_system_graph_relation,intra_unit,m1_func_two_linear_graphs,두 일차함수의 그래프,일차함수와 일차방정식의 관계,m1_func_system_graph_relation,두 일차함수의 그래프와 연립일차방정식의 관계,일차함수와 일차방정식의 관계,prerequisite_for,high,2,curriculum_math_2022: printed p. 35; [9수02-18]; achievement_standard; 두 일차함수의 그래프와 연립일차방정식의 관계를 설명하는 성취기준 | achievement_math_2022: 일차함수와 일차방정식의 관계 section; [9수02-18] achievement levels; achievement_level; 두 일차함수의 그래프의 교점과 연립일차방정식의 해 사이의 관계를 설명하는 수행 수준을 구분,,prerequisite_ref;textbook_page_refs,Find textbook sequencing or prior-knowledge evidence for the prerequisite relation.,pending_textbook_pdf,,,,,,,,,,
3,중1(교육과정 학년군: 중1-3),변화와 관계,일차함수와 일차방정식의 관계,m1_func_two_linear_graphs__prerequisite_for__m1_func_system_graph_same_plane,intra_unit,m1_func_two_linear_graphs,두 일차함수의 그래프,일차함수와 일차방정식의 관계,m1_func_system_graph_same_plane,두 일차함수 그래프를 한 좌표평면에 나타내기,일차함수와 일차방정식의 관계,prerequisite_for,medium,4,curriculum_math_2022: printed p. 35; [9수02-18]; achievement_standard; 두 일차함수의 그래프와 연립일차방정식의 관계를 설명하는 성취기준 | achievement_math_2022: 일차함수와 일차방정식의 관계 section; [9수02-18] achievement levels; achievement_level; 두 일차함수의 그래프의 교점과 연립일차방정식의 해 사이의 관계를 설명하는 수행 수준을 구분 | curriculum_math_2022: printed p. 34; [9수02-05]; achievement_standard; 순서쌍과 좌표를 이해하고 편리함을 인식하는 성취기준 | achievement_math_2022: 좌표평면과 그래프 section; [9수02-05] achievement levels; achievement_level; 수직선과 좌표평면 위의 점을 좌표로 나타내거나 주어진 좌표를 점으로 나타내는 수행을 구분,,prerequisite_ref;textbook_page_refs,Find textbook sequencing or prior-knowledge evidence for the prerequisite relation.,pending_textbook_pdf,,,,,,,,,,
3,중1(교육과정 학년군: 중1-3),변화와 관계,일차함수와 일차방정식의 관계,m1_func_two_variable_equation_as_graph__prerequisite_for__m1_func_equation_relation,intra_unit,m1_func_two_variable_equation_as_graph,미지수가 2개인 일차방정식의 해를 그래프로 나타내기,일차함수와 일차방정식의 관계,m1_func_equation_relation,일차함수와 미지수가 2개인 일차방정식의 관계,일차함수와 일차방정식의 관계,prerequisite_for,high,2,curriculum_math_2022: printed p. 35; [9수02-17]; achievement_standard; 일차함수와 미지수가 2개인 일차방정식의 관계를 설명하는 성취기준 | achievement_math_2022: 일차함수와 일차방정식의 관계 section; [9수02-17] achievement levels; achievement_level; 미지수가 2개인 일차방정식의 해를 일차함수의 그래프로 나타내고 관계를 설명하는 수행 수준을 구분,,prerequisite_ref;textbook_page_refs,Find textbook sequencing or prior-knowledge evidence for the prerequisite relation.,pending_textbook_pdf,,,,,,,,,,
3,중1(교육과정 학년군: 중1-3),변화와 관계,일차함수와 일차방정식의 관계,m1_func_two_variable_equation_solution_pair__prerequisite_for__m1_func_equation_graph_from_two_solution_pairs,intra_unit,m1_func_two_variable_equation_solution_pair,미지수가 2개인 일차방정식 해의 순서쌍,일차함수와 일차방정식의 관계,m1_func_equation_graph_from_two_solution_pairs,두 해의 순서쌍으로 일차방정식 그래프 그리기,일차함수와 일차방정식의 관계,prerequisite_for,medium,4,curriculum_math_2022: printed p. 35; [9수02-17]; achievement_standard; 일차함수와 미지수가 2개인 일차방정식의 관계를 설명하는 성취기준 | achievement_math_2022: 일차함수와 일차방정식의 관계 section; [9수02-17] achievement levels; achievement_level; 미지수가 2개인 일차방정식의 해를 일차함수의 그래프로 나타내고 관계를 설명하는 수행 수준을 구분 | curriculum_math_2022: printed p. 34; [9수02-05]; achievement_standard; 순서쌍과 좌표를 이해하고 편리함을 인식하는 성취기준 | achievement_math_2022: 좌표평면과 그래프 section; [9수02-05] achievement levels; achievement_level; 수직선과 좌표평면 위의 점을 좌표로 나타내거나 주어진 좌표를 점으로 나타내는 수행을 구분,,prerequisite_ref;textbook_page_refs,Find textbook sequencing or prior-knowledge evidence for the prerequisite relation.,pending_textbook_pdf,,,,,,,,,,
3,중1(교육과정 학년군: 중1-3),변화와 관계,일차함수와 일차방정식의 관계,m1_func_two_variable_equation_solution_pair__prerequisite_for__m1_func_equation_solution_table,intra_unit,m1_func_two_variable_equation_solution_pair,미지수가 2개인 일차방정식 해의 순서쌍,일차함수와 일차방정식의 관계,m1_func_equation_solution_table,미지수가 2개인 일차방정식 해의 대응표,일차함수와 일차방정식의 관계,prerequisite_for,medium,4,curriculum_math_2022: printed p. 35; [9수02-17]; achievement_standard; 일차함수와 미지수가 2개인 일차방정식의 관계를 설명하는 성취기준 | achievement_math_2022: 일차함수와 일차방정식의 관계 section; [9수02-17] achievement levels; achievement_level; 미지수가 2개인 일차방정식의 해를 일차함수의 그래프로 나타내고 관계를 설명하는 수행 수준을 구분 | curriculum_math_2022: printed p. 34; [9수02-05]; achievement_standard; 순서쌍과 좌표를 이해하고 편리함을 인식하는 성취기준 | achievement_math_2022: 좌표평면과 그래프 section; [9수02-05] achievement levels; achievement_level; 수직선과 좌표평면 위의 점을 좌표로 나타내거나 주어진 좌표를 점으로 나타내는 수행을 구분,,prerequisite_ref;textbook_page_refs,Find textbook sequencing or prior-knowledge evidence for the prerequisite relation.,pending_textbook_pdf,,,,,,,,,,
3,중1(교육과정 학년군: 중1-3),변화와 관계,일차함수와 일차방정식의 관계,m1_func_two_variable_equation_solution_pair__prerequisite_for__m1_func_graph_point_solution_correspondence,intra_unit,m1_func_two_variable_equation_solution_pair,미지수가 2개인 일차방정식 해의 순서쌍,일차함수와 일차방정식의 관계,m1_func_graph_point_solution_correspondence,그래프 위의 점과 방정식의 해의 대응,일차함수와 일차방정식의 관계,prerequisite_for,medium,4,curriculum_math_2022: printed p. 35; [9수02-17]; achievement_standard; 일차함수와 미지수가 2개인 일차방정식의 관계를 설명하는 성취기준 | achievement_math_2022: 일차함수와 일차방정식의 관계 section; [9수02-17] achievement levels; achievement_level; 미지수가 2개인 일차방정식의 해를 일차함수의 그래프로 나타내고 관계를 설명하는 수행 수준을 구분 | curriculum_math_2022: printed p. 34; [9수02-05]; achievement_standard; 순서쌍과 좌표를 이해하고 편리함을 인식하는 성취기준 | achievement_math_2022: 좌표평면과 그래프 section; [9수02-05] achievement levels; achievement_level; 수직선과 좌표평면 위의 점을 좌표로 나타내거나 주어진 좌표를 점으로 나타내는 수행을 구분,,prerequisite_ref;textbook_page_refs,Find textbook sequencing or prior-knowledge evidence for the prerequisite relation.,pending_textbook_pdf,,,,,,,,,,
3,중1(교육과정 학년군: 중1-3),변화와 관계,일차함수와 일차방정식의 관계,m1_func_two_variable_equation_solution_pair__prerequisite_for__m1_func_solution_pair_check_by_substitution,intra_unit,m1_func_two_variable_equation_solution_pair,미지수가 2개인 일차방정식 해의 순서쌍,일차함수와 일차방정식의 관계,m1_func_solution_pair_check_by_substitution,순서쌍을 대입하여 방정식의 해인지 확인하기,일차함수와 일차방정식의 관계,prerequisite_for,medium,4,curriculum_math_2022: printed p. 35; [9수02-17]; achievement_standard; 일차함수와 미지수가 2개인 일차방정식의 관계를 설명하는 성취기준 | achievement_math_2022: 일차함수와 일차방정식의 관계 section; [9수02-17] achievement levels; achievement_level; 미지수가 2개인 일차방정식의 해를 일차함수의 그래프로 나타내고 관계를 설명하는 수행 수준을 구분 | curriculum_math_2022: printed p. 34; [9수02-05]; achievement_standard; 순서쌍과 좌표를 이해하고 편리함을 인식하는 성취기준 | achievement_math_2022: 좌표평면과 그래프 section; [9수02-05] achievement levels; achievement_level; 수직선과 좌표평면 위의 점을 좌표로 나타내거나 주어진 좌표를 점으로 나타내는 수행을 구분,,prerequisite_ref;textbook_page_refs,Find textbook sequencing or prior-knowledge evidence for the prerequisite relation.,pending_textbook_pdf,,,,,,,,,,
3,중1(교육과정 학년군: 중1-3),변화와 관계,일차함수와 일차방정식의 관계,m1_func_two_variable_equation_solution_pair__prerequisite_for__m1_func_two_variable_equation_as_graph,intra_unit,m1_func_two_variable_equation_solution_pair,미지수가 2개인 일차방정식 해의 순서쌍,일차함수와 일차방정식의 관계,m1_func_two_variable_equation_as_graph,미지수가 2개인 일차방정식의 해를 그래프로 나타내기,일차함수와 일차방정식의 관계,prerequisite_for,high,2,curriculum_math_2022: printed p. 35; [9수02-17]; achievement_standard; 일차함수와 미지수가 2개인 일차방정식의 관계를 설명하는 성취기준 | achievement_math_2022: 일차함수와 일차방정식의 관계 section; [9수02-17] achievement levels; achievement_level; 미지수가 2개인 일차방정식의 해를 일차함수의 그래프로 나타내고 관계를 설명하는 수행 수준을 구분,,prerequisite_ref;textbook_page_refs,Find textbook sequencing or prior-knowledge evidence for the prerequisite relation.,pending_textbook_pdf,,,,,,,,,,
3,중1(교육과정 학년군: 중1-3),변화와 관계,일차함수와 일차방정식의 관계,m1_func_two_variable_equation_solution_pair__prerequisite_for__m1_func_two_variable_equation_solution_set_graph,intra_unit,m1_func_two_variable_equation_solution_pair,미지수가 2개인 일차방정식 해의 순서쌍,일차함수와 일차방정식의 관계,m1_func_two_variable_equation_solution_set_graph,미지수가 2개인 일차방정식 해 전체의 그래프,일차함수와 일차방정식의 관계,prerequisite_for,medium,2,curriculum_math_2022: printed p. 35; [9수02-17]; achievement_standard; 일차함수와 미지수가 2개인 일차방정식의 관계를 설명하는 성취기준 | achievement_math_2022: 일차함수와 일차방정식의 관계 section; [9수02-17] achievement levels; achievement_level; 미지수가 2개인 일차방정식의 해를 일차함수의 그래프로 나타내고 관계를 설명하는 수행 수준을 구분,,prerequisite_ref;textbook_page_refs,Find textbook sequencing or prior-knowledge evidence for the prerequisite relation.,pending_textbook_pdf,,,,,,,,,,
3,중1(교육과정 학년군: 중1-3),변화와 관계,일차함수와 일차방정식의 관계,m1_func_two_variable_equation_solution_set_graph__prerequisite_for__m1_func_equation_relation,intra_unit,m1_func_two_variable_equation_solution_set_graph,미지수가 2개인 일차방정식 해 전체의 그래프,일차함수와 일차방정식의 관계,m1_func_equation_relation,일차함수와 미지수가 2개인 일차방정식의 관계,일차함수와 일차방정식의 관계,prerequisite_for,high,2,curriculum_math_2022: printed p. 35; [9수02-17]; achievement_standard; 일차함수와 미지수가 2개인 일차방정식의 관계를 설명하는 성취기준 | achievement_math_2022: 일차함수와 일차방정식의 관계 section; [9수02-17] achievement levels; achievement_level; 미지수가 2개인 일차방정식의 해를 일차함수의 그래프로 나타내고 관계를 설명하는 수행 수준을 구분,,prerequisite_ref;textbook_page_refs,Find textbook sequencing or prior-knowledge evidence for the prerequisite relation.,pending_textbook_pdf,,,,,,,,,,
3,중1(교육과정 학년군: 중1-3),변화와 관계,일차함수와 일차방정식의 관계,m1_func_two_variable_equation_solution_set_graph__prerequisite_for__m1_func_single_solution_set_vs_common_solution,intra_unit,m1_func_two_variable_equation_solution_set_graph,미지수가 2개인 일차방정식 해 전체의 그래프,일차함수와 일차방정식의 관계,m1_func_single_solution_set_vs_common_solution,한 방정식의 해 전체와 두 방정식의 공통해 구별하기,일차함수와 일차방정식의 관계,prerequisite_for,medium,4,curriculum_math_2022: printed p. 35; [9수02-17]; achievement_standard; 일차함수와 미지수가 2개인 일차방정식의 관계를 설명하는 성취기준 | achievement_math_2022: 일차함수와 일차방정식의 관계 section; [9수02-17] achievement levels; achievement_level; 미지수가 2개인 일차방정식의 해를 일차함수의 그래프로 나타내고 관계를 설명하는 수행 수준을 구분 | curriculum_math_2022: printed p. 35; [9수02-18]; achievement_standard; 두 일차함수의 그래프와 연립일차방정식의 관계를 설명하는 성취기준 | achievement_math_2022: 일차함수와 일차방정식의 관계 section; [9수02-18] achievement levels; achievement_level; 두 일차함수의 그래프의 교점과 연립일차방정식의 해 사이의 관계를 설명하는 수행 수준을 구분,,prerequisite_ref;textbook_page_refs,Find textbook sequencing or prior-knowledge evidence for the prerequisite relation.,pending_textbook_pdf,,,,,,,,,,
3,중1(교육과정 학년군: 중1-3),변화와 관계,일차함수와 일차방정식의 관계,m1_func_two_variable_linear_equation_graph__prerequisite_for__m1_func_graph_point_solution_correspondence,intra_unit,m1_func_two_variable_linear_equation_graph,미지수가 2개인 일차방정식의 그래프,일차함수와 일차방정식의 관계,m1_func_graph_point_solution_correspondence,그래프 위의 점과 방정식의 해의 대응,일차함수와 일차방정식의 관계,prerequisite_for,medium,4,curriculum_math_2022: printed p. 35; [9수02-17]; achievement_standard; 일차함수와 미지수가 2개인 일차방정식의 관계를 설명하는 성취기준 | achievement_math_2022: 일차함수와 일차방정식의 관계 section; [9수02-17] achievement levels; achievement_level; 미지수가 2개인 일차방정식의 해를 일차함수의 그래프로 나타내고 관계를 설명하는 수행 수준을 구분 | curriculum_math_2022: printed p. 34; [9수02-05]; achievement_standard; 순서쌍과 좌표를 이해하고 편리함을 인식하는 성취기준 | achievement_math_2022: 좌표평면과 그래프 section; [9수02-05] achievement levels; achievement_level; 수직선과 좌표평면 위의 점을 좌표로 나타내거나 주어진 좌표를 점으로 나타내는 수행을 구분,,prerequisite_ref;textbook_page_refs,Find textbook sequencing or prior-knowledge evidence for the prerequisite relation.,pending_textbook_pdf,,,,,,,,,,
3,중1(교육과정 학년군: 중1-3),변화와 관계,일차함수와 일차방정식의 관계,m1_func_two_variable_linear_equation_graph__prerequisite_for__m1_func_read_solution_pair_from_equation_graph,intra_unit,m1_func_two_variable_linear_equation_graph,미지수가 2개인 일차방정식의 그래프,일차함수와 일차방정식의 관계,m1_func_read_solution_pair_from_equation_graph,그래프에서 미지수가 2개인 일차방정식의 해 읽기,일차함수와 일차방정식의 관계,prerequisite_for,medium,4,curriculum_math_2022: printed p. 35; [9수02-17]; achievement_standard; 일차함수와 미지수가 2개인 일차방정식의 관계를 설명하는 성취기준 | achievement_math_2022: 일차함수와 일차방정식의 관계 section; [9수02-17] achievement levels; achievement_level; 미지수가 2개인 일차방정식의 해를 일차함수의 그래프로 나타내고 관계를 설명하는 수행 수준을 구분 | curriculum_math_2022: printed p. 34; [9수02-05]; achievement_standard; 순서쌍과 좌표를 이해하고 편리함을 인식하는 성취기준 | achievement_math_2022: 좌표평면과 그래프 section; [9수02-05] achievement levels; achievement_level; 수직선과 좌표평면 위의 점을 좌표로 나타내거나 주어진 좌표를 점으로 나타내는 수행을 구분,,prerequisite_ref;textbook_page_refs,Find textbook sequencing or prior-knowledge evidence for the prerequisite relation.,pending_textbook_pdf,,,,,,,,,,
3,중1(교육과정 학년군: 중1-3),변화와 관계,일차함수와 일차방정식의 관계,m1_func_two_variable_linear_equation_graph__prerequisite_for__m1_func_two_variable_equation_solution_set_graph,intra_unit,m1_func_two_variable_linear_equation_graph,미지수가 2개인 일차방정식의 그래프,일차함수와 일차방정식의 관계,m1_func_two_variable_equation_solution_set_graph,미지수가 2개인 일차방정식 해 전체의 그래프,일차함수와 일차방정식의 관계,prerequisite_for,medium,2,curriculum_math_2022: printed p. 35; [9수02-17]; achievement_standard; 일차함수와 미지수가 2개인 일차방정식의 관계를 설명하는 성취기준 | achievement_math_2022: 일차함수와 일차방정식의 관계 section; [9수02-17] achievement levels; achievement_level; 미지수가 2개인 일차방정식의 해를 일차함수의 그래프로 나타내고 관계를 설명하는 수행 수준을 구분,,prerequisite_ref;textbook_page_refs,Find textbook sequencing or prior-knowledge evidence for the prerequisite relation.,pending_textbook_pdf,,,,,,,,,,
3,중1(교육과정 학년군: 중1-3),변화와 관계,일차함수와 일차방정식의 관계,m1_func_intersection_point__represented_by__m1_func_intersection_point_coordinate,intra_unit,m1_func_intersection_point,교점,일차함수와 일차방정식의 관계,m1_func_intersection_point_coordinate,교점의 좌표,일차함수와 일차방정식의 관계,represented_by,medium,5,"curriculum_math_2022: printed p. 35; [9수02-18]; achievement_standard; 두 일차함수의 그래프와 연립일차방정식의 관계를 설명하는 성취기준 | achievement_math_2022: 일차함수와 일차방정식의 관계 section; [9수02-18] achievement levels; achievement_level; 두 일차함수의 그래프의 교점과 연립일차방정식의 해 사이의 관계를 설명하는 수행 수준을 구분 | achievement_research_report_2022: 연구보고서 p. 58; 변화와 관계 영역별 성취수준; research_report_achievement_level_context; 두 일차함수의 그래프의 교점이 한 개인 경우, 그래프의 교점과 연립일차방정식의 해 사이의 관계를 말하는 성취수준 맥락 | curriculum_math_2022: printed p. 34; [9수02-05]; achievement_standard; 순서쌍과 좌표를 이해하고 편리함을 인식하는 성취기준 | achievement_math_2022: 좌표평면과 그래프 section; [9수02-05] achievement levels; achievement_level; 수직선과 좌표평면 위의 점을 좌표로 나타내거나 주어진 좌표를 점으로 나타내는 수행을 구분",,representation_ref;textbook_page_refs,"Find textbook representation evidence such as a table, graph, expression, or diagram.",pending_textbook_pdf,,,,,,,,,,
3,중1(교육과정 학년군: 중1-3),변화와 관계,일차함수와 일차방정식의 관계,m1_func_two_variable_equation_solution_set_graph__represented_by__m1_func_two_variable_linear_equation_graph,intra_unit,m1_func_two_variable_equation_solution_set_graph,미지수가 2개인 일차방정식 해 전체의 그래프,일차함수와 일차방정식의 관계,m1_func_two_variable_linear_equation_graph,미지수가 2개인 일차방정식의 그래프,일차함수와 일차방정식의 관계,represented_by,medium,2,curriculum_math_2022: printed p. 35; [9수02-17]; achievement_standard; 일차함수와 미지수가 2개인 일차방정식의 관계를 설명하는 성취기준 | achievement_math_2022: 일차함수와 일차방정식의 관계 section; [9수02-17] achievement levels; achievement_level; 미지수가 2개인 일차방정식의 해를 일차함수의 그래프로 나타내고 관계를 설명하는 수행 수준을 구분,The graph is interpreted as the set of all ordered-pair solutions.,representation_ref;textbook_page_refs,"Find textbook representation evidence such as a table, graph, expression, or diagram.",pending_textbook_pdf,,,,,,,,,,
3,중1(교육과정 학년군: 중1-3),변화와 관계,일차함수와 일차방정식의 관계,m1_func_equation_function_form_conversion__used_in__m1_func_equation_relation,intra_unit,m1_func_equation_function_form_conversion,미지수가 2개인 일차방정식을 y=ax+b 꼴로 나타내기,일차함수와 일차방정식의 관계,m1_func_equation_relation,일차함수와 미지수가 2개인 일차방정식의 관계,일차함수와 일차방정식의 관계,used_in,medium,2,curriculum_math_2022: printed p. 35; [9수02-17]; achievement_standard; 일차함수와 미지수가 2개인 일차방정식의 관계를 설명하는 성취기준 | achievement_math_2022: 일차함수와 일차방정식의 관계 section; [9수02-17] achievement levels; achievement_level; 미지수가 2개인 일차방정식의 해를 일차함수의 그래프로 나타내고 관계를 설명하는 수행 수준을 구분,,procedure_ref;textbook_page_refs,"Find a worked example, procedure, or application where this source concept is used.",pending_textbook_pdf,,,,,,,,,,
3,중1(교육과정 학년군: 중1-3),변화와 관계,일차함수와 일차방정식의 관계,m1_func_equation_function_form_conversion__used_in__m1_func_two_variable_equation_as_graph,intra_unit,m1_func_equation_function_form_conversion,미지수가 2개인 일차방정식을 y=ax+b 꼴로 나타내기,일차함수와 일차방정식의 관계,m1_func_two_variable_equation_as_graph,미지수가 2개인 일차방정식의 해를 그래프로 나타내기,일차함수와 일차방정식의 관계,used_in,medium,2,curriculum_math_2022: printed p. 35; [9수02-17]; achievement_standard; 일차함수와 미지수가 2개인 일차방정식의 관계를 설명하는 성취기준 | achievement_math_2022: 일차함수와 일차방정식의 관계 section; [9수02-17] achievement levels; achievement_level; 미지수가 2개인 일차방정식의 해를 일차함수의 그래프로 나타내고 관계를 설명하는 수행 수준을 구분,,procedure_ref;textbook_page_refs,"Find a worked example, procedure, or application where this source concept is used.",pending_textbook_pdf,,,,,,,,,,
3,중1(교육과정 학년군: 중1-3),변화와 관계,일차함수와 일차방정식의 관계,m1_func_equation_function_form_conversion__used_in__m1_func_two_variable_linear_equation_graph,intra_unit,m1_func_equation_function_form_conversion,미지수가 2개인 일차방정식을 y=ax+b 꼴로 나타내기,일차함수와 일차방정식의 관계,m1_func_two_variable_linear_equation_graph,미지수가 2개인 일차방정식의 그래프,일차함수와 일차방정식의 관계,used_in,medium,2,curriculum_math_2022: printed p. 35; [9수02-17]; achievement_standard; 일차함수와 미지수가 2개인 일차방정식의 관계를 설명하는 성취기준 | achievement_math_2022: 일차함수와 일차방정식의 관계 section; [9수02-17] achievement levels; achievement_level; 미지수가 2개인 일차방정식의 해를 일차함수의 그래프로 나타내고 관계를 설명하는 수행 수준을 구분,Rewriting as a linear-function form can be one route to drawing the equation graph; textbook evidence should confirm exact method wording.,procedure_ref;textbook_page_refs,"Find a worked example, procedure, or application where this source concept is used.",pending_textbook_pdf,,,,,,,,,,
3,중1(교육과정 학년군: 중1-3),변화와 관계,일차함수와 일차방정식의 관계,m1_func_equation_graph_from_two_solution_pairs__used_in__m1_func_two_variable_equation_as_graph,intra_unit,m1_func_equation_graph_from_two_solution_pairs,두 해의 순서쌍으로 일차방정식 그래프 그리기,일차함수와 일차방정식의 관계,m1_func_two_variable_equation_as_graph,미지수가 2개인 일차방정식의 해를 그래프로 나타내기,일차함수와 일차방정식의 관계,used_in,medium,4,curriculum_math_2022: printed p. 35; [9수02-17]; achievement_standard; 일차함수와 미지수가 2개인 일차방정식의 관계를 설명하는 성취기준 | achievement_math_2022: 일차함수와 일차방정식의 관계 section; [9수02-17] achievement levels; achievement_level; 미지수가 2개인 일차방정식의 해를 일차함수의 그래프로 나타내고 관계를 설명하는 수행 수준을 구분 | curriculum_math_2022: printed p. 34; [9수02-05]; achievement_standard; 순서쌍과 좌표를 이해하고 편리함을 인식하는 성취기준 | achievement_math_2022: 좌표평면과 그래프 section; [9수02-05] achievement levels; achievement_level; 수직선과 좌표평면 위의 점을 좌표로 나타내거나 주어진 좌표를 점으로 나타내는 수행을 구분,,procedure_ref;textbook_page_refs,"Find a worked example, procedure, or application where this source concept is used.",pending_textbook_pdf,,,,,,,,,,
3,중1(교육과정 학년군: 중1-3),변화와 관계,일차함수와 일차방정식의 관계,m1_func_equation_graph_from_two_solution_pairs__used_in__m1_func_two_variable_linear_equation_graph,intra_unit,m1_func_equation_graph_from_two_solution_pairs,두 해의 순서쌍으로 일차방정식 그래프 그리기,일차함수와 일차방정식의 관계,m1_func_two_variable_linear_equation_graph,미지수가 2개인 일차방정식의 그래프,일차함수와 일차방정식의 관계,used_in,medium,4,curriculum_math_2022: printed p. 35; [9수02-17]; achievement_standard; 일차함수와 미지수가 2개인 일차방정식의 관계를 설명하는 성취기준 | achievement_math_2022: 일차함수와 일차방정식의 관계 section; [9수02-17] achievement levels; achievement_level; 미지수가 2개인 일차방정식의 해를 일차함수의 그래프로 나타내고 관계를 설명하는 수행 수준을 구분 | curriculum_math_2022: printed p. 34; [9수02-05]; achievement_standard; 순서쌍과 좌표를 이해하고 편리함을 인식하는 성취기준 | achievement_math_2022: 좌표평면과 그래프 section; [9수02-05] achievement levels; achievement_level; 수직선과 좌표평면 위의 점을 좌표로 나타내거나 주어진 좌표를 점으로 나타내는 수행을 구분,,procedure_ref;textbook_page_refs,"Find a worked example, procedure, or application where this source concept is used.",pending_textbook_pdf,,,,,,,,,,
3,중1(교육과정 학년군: 중1-3),변화와 관계,일차함수와 일차방정식의 관계,m1_func_equation_solution_table__used_in__m1_func_equation_graph_from_two_solution_pairs,intra_unit,m1_func_equation_solution_table,미지수가 2개인 일차방정식 해의 대응표,일차함수와 일차방정식의 관계,m1_func_equation_graph_from_two_solution_pairs,두 해의 순서쌍으로 일차방정식 그래프 그리기,일차함수와 일차방정식의 관계,used_in,medium,4,curriculum_math_2022: printed p. 35; [9수02-17]; achievement_standard; 일차함수와 미지수가 2개인 일차방정식의 관계를 설명하는 성취기준 | achievement_math_2022: 일차함수와 일차방정식의 관계 section; [9수02-17] achievement levels; achievement_level; 미지수가 2개인 일차방정식의 해를 일차함수의 그래프로 나타내고 관계를 설명하는 수행 수준을 구분 | curriculum_math_2022: printed p. 34; [9수02-05]; achievement_standard; 순서쌍과 좌표를 이해하고 편리함을 인식하는 성취기준 | achievement_math_2022: 좌표평면과 그래프 section; [9수02-05] achievement levels; achievement_level; 수직선과 좌표평면 위의 점을 좌표로 나타내거나 주어진 좌표를 점으로 나타내는 수행을 구분,,procedure_ref;textbook_page_refs,"Find a worked example, procedure, or application where this source concept is used.",pending_textbook_pdf,,,,,,,,,,
3,중1(교육과정 학년군: 중1-3),변화와 관계,일차함수와 일차방정식의 관계,m1_func_equation_two_intercepts_graph_drawing__used_in__m1_func_two_variable_equation_as_graph,intra_unit,m1_func_equation_two_intercepts_graph_drawing,두 축과의 교점으로 일차방정식 그래프 그리기,일차함수와 일차방정식의 관계,m1_func_two_variable_equation_as_graph,미지수가 2개인 일차방정식의 해를 그래프로 나타내기,일차함수와 일차방정식의 관계,used_in,medium,4,curriculum_math_2022: printed p. 35; [9수02-17]; achievement_standard; 일차함수와 미지수가 2개인 일차방정식의 관계를 설명하는 성취기준 | achievement_math_2022: 일차함수와 일차방정식의 관계 section; [9수02-17] achievement levels; achievement_level; 미지수가 2개인 일차방정식의 해를 일차함수의 그래프로 나타내고 관계를 설명하는 수행 수준을 구분 | curriculum_math_2022: printed p. 34; [9수02-05]; achievement_standard; 순서쌍과 좌표를 이해하고 편리함을 인식하는 성취기준 | achievement_math_2022: 좌표평면과 그래프 section; [9수02-05] achievement levels; achievement_level; 수직선과 좌표평면 위의 점을 좌표로 나타내거나 주어진 좌표를 점으로 나타내는 수행을 구분,,procedure_ref;textbook_page_refs,"Find a worked example, procedure, or application where this source concept is used.",pending_textbook_pdf,,,,,,,,,,
3,중1(교육과정 학년군: 중1-3),변화와 관계,일차함수와 일차방정식의 관계,m1_func_equation_two_intercepts_graph_drawing__used_in__m1_func_two_variable_linear_equation_graph,intra_unit,m1_func_equation_two_intercepts_graph_drawing,두 축과의 교점으로 일차방정식 그래프 그리기,일차함수와 일차방정식의 관계,m1_func_two_variable_linear_equation_graph,미지수가 2개인 일차방정식의 그래프,일차함수와 일차방정식의 관계,used_in,medium,4,curriculum_math_2022: printed p. 35; [9수02-17]; achievement_standard; 일차함수와 미지수가 2개인 일차방정식의 관계를 설명하는 성취기준 | achievement_math_2022: 일차함수와 일차방정식의 관계 section; [9수02-17] achievement levels; achievement_level; 미지수가 2개인 일차방정식의 해를 일차함수의 그래프로 나타내고 관계를 설명하는 수행 수준을 구분 | curriculum_math_2022: printed p. 34; [9수02-05]; achievement_standard; 순서쌍과 좌표를 이해하고 편리함을 인식하는 성취기준 | achievement_math_2022: 좌표평면과 그래프 section; [9수02-05] achievement levels; achievement_level; 수직선과 좌표평면 위의 점을 좌표로 나타내거나 주어진 좌표를 점으로 나타내는 수행을 구분,,procedure_ref;textbook_page_refs,"Find a worked example, procedure, or application where this source concept is used.",pending_textbook_pdf,,,,,,,,,,
3,중1(교육과정 학년군: 중1-3),변화와 관계,일차함수와 일차방정식의 관계,m1_func_equation_x_axis_intersection__used_in__m1_func_equation_two_intercepts_graph_drawing,intra_unit,m1_func_equation_x_axis_intersection,일차방정식 그래프의 x축과의 교점,일차함수와 일차방정식의 관계,m1_func_equation_two_intercepts_graph_drawing,두 축과의 교점으로 일차방정식 그래프 그리기,일차함수와 일차방정식의 관계,used_in,medium,4,curriculum_math_2022: printed p. 35; [9수02-17]; achievement_standard; 일차함수와 미지수가 2개인 일차방정식의 관계를 설명하는 성취기준 | achievement_math_2022: 일차함수와 일차방정식의 관계 section; [9수02-17] achievement levels; achievement_level; 미지수가 2개인 일차방정식의 해를 일차함수의 그래프로 나타내고 관계를 설명하는 수행 수준을 구분 | curriculum_math_2022: printed p. 34; [9수02-05]; achievement_standard; 순서쌍과 좌표를 이해하고 편리함을 인식하는 성취기준 | achievement_math_2022: 좌표평면과 그래프 section; [9수02-05] achievement levels; achievement_level; 수직선과 좌표평면 위의 점을 좌표로 나타내거나 주어진 좌표를 점으로 나타내는 수행을 구분,,procedure_ref;textbook_page_refs,"Find a worked example, procedure, or application where this source concept is used.",pending_textbook_pdf,,,,,,,,,,
3,중1(교육과정 학년군: 중1-3),변화와 관계,일차함수와 일차방정식의 관계,m1_func_equation_x_zero_substitution__used_in__m1_func_equation_y_axis_intersection,intra_unit,m1_func_equation_x_zero_substitution,x=0을 대입해 y축과의 교점 구하기,일차함수와 일차방정식의 관계,m1_func_equation_y_axis_intersection,일차방정식 그래프의 y축과의 교점,일차함수와 일차방정식의 관계,used_in,medium,4,curriculum_math_2022: printed p. 35; [9수02-17]; achievement_standard; 일차함수와 미지수가 2개인 일차방정식의 관계를 설명하는 성취기준 | achievement_math_2022: 일차함수와 일차방정식의 관계 section; [9수02-17] achievement levels; achievement_level; 미지수가 2개인 일차방정식의 해를 일차함수의 그래프로 나타내고 관계를 설명하는 수행 수준을 구분 | curriculum_math_2022: printed p. 34; [9수02-05]; achievement_standard; 순서쌍과 좌표를 이해하고 편리함을 인식하는 성취기준 | achievement_math_2022: 좌표평면과 그래프 section; [9수02-05] achievement levels; achievement_level; 수직선과 좌표평면 위의 점을 좌표로 나타내거나 주어진 좌표를 점으로 나타내는 수행을 구분,Substituting x=0 gives the point where the equation graph meets the y-axis.,procedure_ref;textbook_page_refs,"Find a worked example, procedure, or application where this source concept is used.",pending_textbook_pdf,,,,,,,,,,
3,중1(교육과정 학년군: 중1-3),변화와 관계,일차함수와 일차방정식의 관계,m1_func_equation_y_axis_intersection__used_in__m1_func_equation_two_intercepts_graph_drawing,intra_unit,m1_func_equation_y_axis_intersection,일차방정식 그래프의 y축과의 교점,일차함수와 일차방정식의 관계,m1_func_equation_two_intercepts_graph_drawing,두 축과의 교점으로 일차방정식 그래프 그리기,일차함수와 일차방정식의 관계,used_in,medium,4,curriculum_math_2022: printed p. 35; [9수02-17]; achievement_standard; 일차함수와 미지수가 2개인 일차방정식의 관계를 설명하는 성취기준 | achievement_math_2022: 일차함수와 일차방정식의 관계 section; [9수02-17] achievement levels; achievement_level; 미지수가 2개인 일차방정식의 해를 일차함수의 그래프로 나타내고 관계를 설명하는 수행 수준을 구분 | curriculum_math_2022: printed p. 34; [9수02-05]; achievement_standard; 순서쌍과 좌표를 이해하고 편리함을 인식하는 성취기준 | achievement_math_2022: 좌표평면과 그래프 section; [9수02-05] achievement levels; achievement_level; 수직선과 좌표평면 위의 점을 좌표로 나타내거나 주어진 좌표를 점으로 나타내는 수행을 구분,,procedure_ref;textbook_page_refs,"Find a worked example, procedure, or application where this source concept is used.",pending_textbook_pdf,,,,,,,,,,
3,중1(교육과정 학년군: 중1-3),변화와 관계,일차함수와 일차방정식의 관계,m1_func_equation_y_zero_substitution__used_in__m1_func_equation_x_axis_intersection,intra_unit,m1_func_equation_y_zero_substitution,y=0을 대입해 x축과의 교점 구하기,일차함수와 일차방정식의 관계,m1_func_equation_x_axis_intersection,일차방정식 그래프의 x축과의 교점,일차함수와 일차방정식의 관계,used_in,medium,4,curriculum_math_2022: printed p. 35; [9수02-17]; achievement_standard; 일차함수와 미지수가 2개인 일차방정식의 관계를 설명하는 성취기준 | achievement_math_2022: 일차함수와 일차방정식의 관계 section; [9수02-17] achievement levels; achievement_level; 미지수가 2개인 일차방정식의 해를 일차함수의 그래프로 나타내고 관계를 설명하는 수행 수준을 구분 | curriculum_math_2022: printed p. 34; [9수02-05]; achievement_standard; 순서쌍과 좌표를 이해하고 편리함을 인식하는 성취기준 | achievement_math_2022: 좌표평면과 그래프 section; [9수02-05] achievement levels; achievement_level; 수직선과 좌표평면 위의 점을 좌표로 나타내거나 주어진 좌표를 점으로 나타내는 수행을 구분,Substituting y=0 gives the point where the equation graph meets the x-axis.,procedure_ref;textbook_page_refs,"Find a worked example, procedure, or application where this source concept is used.",pending_textbook_pdf,,,,,,,,,,
3,중1(교육과정 학년군: 중1-3),변화와 관계,일차함수와 일차방정식의 관계,m1_func_graph_point_solution_correspondence__used_in__m1_func_equation_relation,intra_unit,m1_func_graph_point_solution_correspondence,그래프 위의 점과 방정식의 해의 대응,일차함수와 일차방정식의 관계,m1_func_equation_relation,일차함수와 미지수가 2개인 일차방정식의 관계,일차함수와 일차방정식의 관계,used_in,medium,4,curriculum_math_2022: printed p. 35; [9수02-17]; achievement_standard; 일차함수와 미지수가 2개인 일차방정식의 관계를 설명하는 성취기준 | achievement_math_2022: 일차함수와 일차방정식의 관계 section; [9수02-17] achievement levels; achievement_level; 미지수가 2개인 일차방정식의 해를 일차함수의 그래프로 나타내고 관계를 설명하는 수행 수준을 구분 | curriculum_math_2022: printed p. 34; [9수02-05]; achievement_standard; 순서쌍과 좌표를 이해하고 편리함을 인식하는 성취기준 | achievement_math_2022: 좌표평면과 그래프 section; [9수02-05] achievement levels; achievement_level; 수직선과 좌표평면 위의 점을 좌표로 나타내거나 주어진 좌표를 점으로 나타내는 수행을 구분,,procedure_ref;textbook_page_refs,"Find a worked example, procedure, or application where this source concept is used.",pending_textbook_pdf,,,,,,,,,,
3,중1(교육과정 학년군: 중1-3),변화와 관계,일차함수와 일차방정식의 관계,m1_func_graph_point_solution_correspondence__used_in__m1_func_read_solution_pair_from_equation_graph,intra_unit,m1_func_graph_point_solution_correspondence,그래프 위의 점과 방정식의 해의 대응,일차함수와 일차방정식의 관계,m1_func_read_solution_pair_from_equation_graph,그래프에서 미지수가 2개인 일차방정식의 해 읽기,일차함수와 일차방정식의 관계,used_in,medium,4,curriculum_math_2022: printed p. 35; [9수02-17]; achievement_standard; 일차함수와 미지수가 2개인 일차방정식의 관계를 설명하는 성취기준 | achievement_math_2022: 일차함수와 일차방정식의 관계 section; [9수02-17] achievement levels; achievement_level; 미지수가 2개인 일차방정식의 해를 일차함수의 그래프로 나타내고 관계를 설명하는 수행 수준을 구분 | curriculum_math_2022: printed p. 34; [9수02-05]; achievement_standard; 순서쌍과 좌표를 이해하고 편리함을 인식하는 성취기준 | achievement_math_2022: 좌표평면과 그래프 section; [9수02-05] achievement levels; achievement_level; 수직선과 좌표평면 위의 점을 좌표로 나타내거나 주어진 좌표를 점으로 나타내는 수행을 구분,,procedure_ref;textbook_page_refs,"Find a worked example, procedure, or application where this source concept is used.",pending_textbook_pdf,,,,,,,,,,
3,중1(교육과정 학년군: 중1-3),변화와 관계,일차함수와 일차방정식의 관계,m1_func_graph_point_solution_correspondence__used_in__m1_func_two_variable_equation_solution_set_graph,intra_unit,m1_func_graph_point_solution_correspondence,그래프 위의 점과 방정식의 해의 대응,일차함수와 일차방정식의 관계,m1_func_two_variable_equation_solution_set_graph,미지수가 2개인 일차방정식 해 전체의 그래프,일차함수와 일차방정식의 관계,used_in,medium,4,curriculum_math_2022: printed p. 35; [9수02-17]; achievement_standard; 일차함수와 미지수가 2개인 일차방정식의 관계를 설명하는 성취기준 | achievement_math_2022: 일차함수와 일차방정식의 관계 section; [9수02-17] achievement levels; achievement_level; 미지수가 2개인 일차방정식의 해를 일차함수의 그래프로 나타내고 관계를 설명하는 수행 수준을 구분 | curriculum_math_2022: printed p. 34; [9수02-05]; achievement_standard; 순서쌍과 좌표를 이해하고 편리함을 인식하는 성취기준 | achievement_math_2022: 좌표평면과 그래프 section; [9수02-05] achievement levels; achievement_level; 수직선과 좌표평면 위의 점을 좌표로 나타내거나 주어진 좌표를 점으로 나타내는 수행을 구분,,procedure_ref;textbook_page_refs,"Find a worked example, procedure, or application where this source concept is used.",pending_textbook_pdf,,,,,,,,,,
3,중1(교육과정 학년군: 중1-3),변화와 관계,일차함수와 일차방정식의 관계,m1_func_intersection_as_common_solution__used_in__m1_func_system_graph_relation,intra_unit,m1_func_intersection_as_common_solution,교점은 두 방정식의 공통해,일차함수와 일차방정식의 관계,m1_func_system_graph_relation,두 일차함수의 그래프와 연립일차방정식의 관계,일차함수와 일차방정식의 관계,used_in,high,4,curriculum_math_2022: printed p. 35; [9수02-18]; achievement_standard; 두 일차함수의 그래프와 연립일차방정식의 관계를 설명하는 성취기준 | achievement_math_2022: 일차함수와 일차방정식의 관계 section; [9수02-18] achievement levels; achievement_level; 두 일차함수의 그래프의 교점과 연립일차방정식의 해 사이의 관계를 설명하는 수행 수준을 구분 | curriculum_math_2022: printed p. 35; [9수02-13]; achievement_standard; 미지수가 2개인 연립일차방정식을 풀고 활용하는 성취기준 | achievement_math_2022: 연립일차방정식 section; [9수02-13] achievement levels; achievement_level; 미지수가 2개인 연립일차방정식을 여러 가지 방법으로 풀고 활용하는 수행 수준을 구분,,procedure_ref;textbook_page_refs,"Find a worked example, procedure, or application where this source concept is used.",pending_textbook_pdf,,,,,,,,,,
3,중1(교육과정 학년군: 중1-3),변화와 관계,일차함수와 일차방정식의 관계,m1_func_intersection_as_common_solution__used_in__m1_func_system_solution_from_intersection,intra_unit,m1_func_intersection_as_common_solution,교점은 두 방정식의 공통해,일차함수와 일차방정식의 관계,m1_func_system_solution_from_intersection,교점으로 연립일차방정식의 해 말하기,일차함수와 일차방정식의 관계,used_in,high,4,curriculum_math_2022: printed p. 35; [9수02-18]; achievement_standard; 두 일차함수의 그래프와 연립일차방정식의 관계를 설명하는 성취기준 | achievement_math_2022: 일차함수와 일차방정식의 관계 section; [9수02-18] achievement levels; achievement_level; 두 일차함수의 그래프의 교점과 연립일차방정식의 해 사이의 관계를 설명하는 수행 수준을 구분 | curriculum_math_2022: printed p. 35; [9수02-13]; achievement_standard; 미지수가 2개인 연립일차방정식을 풀고 활용하는 성취기준 | achievement_math_2022: 연립일차방정식 section; [9수02-13] achievement levels; achievement_level; 미지수가 2개인 연립일차방정식을 여러 가지 방법으로 풀고 활용하는 수행 수준을 구분,,procedure_ref;textbook_page_refs,"Find a worked example, procedure, or application where this source concept is used.",pending_textbook_pdf,,,,,,,,,,
3,중1(교육과정 학년군: 중1-3),변화와 관계,일차함수와 일차방정식의 관계,m1_func_intersection_coordinate_reading__used_in__m1_func_system_solution_from_intersection,intra_unit,m1_func_intersection_coordinate_reading,교점 좌표 읽기,일차함수와 일차방정식의 관계,m1_func_system_solution_from_intersection,교점으로 연립일차방정식의 해 말하기,일차함수와 일차방정식의 관계,used_in,medium,4,curriculum_math_2022: printed p. 35; [9수02-18]; achievement_standard; 두 일차함수의 그래프와 연립일차방정식의 관계를 설명하는 성취기준 | achievement_math_2022: 일차함수와 일차방정식의 관계 section; [9수02-18] achievement levels; achievement_level; 두 일차함수의 그래프의 교점과 연립일차방정식의 해 사이의 관계를 설명하는 수행 수준을 구분 | curriculum_math_2022: printed p. 34; [9수02-05]; achievement_standard; 순서쌍과 좌표를 이해하고 편리함을 인식하는 성취기준 | achievement_math_2022: 좌표평면과 그래프 section; [9수02-05] achievement levels; achievement_level; 수직선과 좌표평면 위의 점을 좌표로 나타내거나 주어진 좌표를 점으로 나타내는 수행을 구분,,procedure_ref;textbook_page_refs,"Find a worked example, procedure, or application where this source concept is used.",pending_textbook_pdf,,,,,,,,,,
3,중1(교육과정 학년군: 중1-3),변화와 관계,일차함수와 일차방정식의 관계,m1_func_intersection_coordinate_to_system_solution_pair__used_in__m1_func_system_solution_from_intersection,intra_unit,m1_func_intersection_coordinate_to_system_solution_pair,교점의 좌표를 연립일차방정식의 해로 쓰기,일차함수와 일차방정식의 관계,m1_func_system_solution_from_intersection,교점으로 연립일차방정식의 해 말하기,일차함수와 일차방정식의 관계,used_in,high,6,curriculum_math_2022: printed p. 35; [9수02-18]; achievement_standard; 두 일차함수의 그래프와 연립일차방정식의 관계를 설명하는 성취기준 | achievement_math_2022: 일차함수와 일차방정식의 관계 section; [9수02-18] achievement levels; achievement_level; 두 일차함수의 그래프의 교점과 연립일차방정식의 해 사이의 관계를 설명하는 수행 수준을 구분 | curriculum_math_2022: printed p. 35; [9수02-13]; achievement_standard; 미지수가 2개인 연립일차방정식을 풀고 활용하는 성취기준 | achievement_math_2022: 연립일차방정식 section; [9수02-13] achievement levels; achievement_level; 미지수가 2개인 연립일차방정식을 여러 가지 방법으로 풀고 활용하는 수행 수준을 구분 | curriculum_math_2022: printed p. 34; [9수02-05]; achievement_standard; 순서쌍과 좌표를 이해하고 편리함을 인식하는 성취기준 | achievement_math_2022: 좌표평면과 그래프 section; [9수02-05] achievement levels; achievement_level; 수직선과 좌표평면 위의 점을 좌표로 나타내거나 주어진 좌표를 점으로 나타내는 수행을 구분,,procedure_ref;textbook_page_refs,"Find a worked example, procedure, or application where this source concept is used.",pending_textbook_pdf,,,,,,,,,,
3,중1(교육과정 학년군: 중1-3),변화와 관계,일차함수와 일차방정식의 관계,m1_func_intersection_count__used_in__m1_func_intersection_solution_count_relation,intra_unit,m1_func_intersection_count,교점의 개수,일차함수와 일차방정식의 관계,m1_func_intersection_solution_count_relation,교점의 개수와 연립일차방정식 해의 개수의 관계,일차함수와 일차방정식의 관계,used_in,medium,2,curriculum_math_2022: printed p. 35; [9수02-18]; achievement_standard; 두 일차함수의 그래프와 연립일차방정식의 관계를 설명하는 성취기준 | achievement_math_2022: 일차함수와 일차방정식의 관계 section; [9수02-18] achievement levels; achievement_level; 두 일차함수의 그래프의 교점과 연립일차방정식의 해 사이의 관계를 설명하는 수행 수준을 구분,,procedure_ref;textbook_page_refs,"Find a worked example, procedure, or application where this source concept is used.",pending_textbook_pdf,,,,,,,,,,
3,중1(교육과정 학년군: 중1-3),변화와 관계,일차함수와 일차방정식의 관계,m1_func_intersection_count__used_in__m1_func_system_graph_relation,intra_unit,m1_func_intersection_count,교점의 개수,일차함수와 일차방정식의 관계,m1_func_system_graph_relation,두 일차함수의 그래프와 연립일차방정식의 관계,일차함수와 일차방정식의 관계,used_in,medium,2,curriculum_math_2022: printed p. 35; [9수02-18]; achievement_standard; 두 일차함수의 그래프와 연립일차방정식의 관계를 설명하는 성취기준 | achievement_math_2022: 일차함수와 일차방정식의 관계 section; [9수02-18] achievement levels; achievement_level; 두 일차함수의 그래프의 교점과 연립일차방정식의 해 사이의 관계를 설명하는 수행 수준을 구분,The number of intersections is used when interpreting the relation between two linear-function graphs and simultaneous linear equations.,procedure_ref;textbook_page_refs,"Find a worked example, procedure, or application where this source concept is used.",pending_textbook_pdf,,,,,,,,,,
3,중1(교육과정 학년군: 중1-3),변화와 관계,일차함수와 일차방정식의 관계,m1_func_intersection_point__used_in__m1_func_system_solution_from_intersection,intra_unit,m1_func_intersection_point,교점,일차함수와 일차방정식의 관계,m1_func_system_solution_from_intersection,교점으로 연립일차방정식의 해 말하기,일차함수와 일차방정식의 관계,used_in,high,2,curriculum_math_2022: printed p. 35; [9수02-18]; achievement_standard; 두 일차함수의 그래프와 연립일차방정식의 관계를 설명하는 성취기준 | achievement_math_2022: 일차함수와 일차방정식의 관계 section; [9수02-18] achievement levels; achievement_level; 두 일차함수의 그래프의 교점과 연립일차방정식의 해 사이의 관계를 설명하는 수행 수준을 구분,,procedure_ref;textbook_page_refs,"Find a worked example, procedure, or application where this source concept is used.",pending_textbook_pdf,,,,,,,,,,
3,중1(교육과정 학년군: 중1-3),변화와 관계,일차함수와 일차방정식의 관계,m1_func_intersection_point_coordinate__used_in__m1_func_intersection_as_common_solution,intra_unit,m1_func_intersection_point_coordinate,교점의 좌표,일차함수와 일차방정식의 관계,m1_func_intersection_as_common_solution,교점은 두 방정식의 공통해,일차함수와 일차방정식의 관계,used_in,high,4,curriculum_math_2022: printed p. 35; [9수02-18]; achievement_standard; 두 일차함수의 그래프와 연립일차방정식의 관계를 설명하는 성취기준 | achievement_math_2022: 일차함수와 일차방정식의 관계 section; [9수02-18] achievement levels; achievement_level; 두 일차함수의 그래프의 교점과 연립일차방정식의 해 사이의 관계를 설명하는 수행 수준을 구분 | curriculum_math_2022: printed p. 35; [9수02-13]; achievement_standard; 미지수가 2개인 연립일차방정식을 풀고 활용하는 성취기준 | achievement_math_2022: 연립일차방정식 section; [9수02-13] achievement levels; achievement_level; 미지수가 2개인 연립일차방정식을 여러 가지 방법으로 풀고 활용하는 수행 수준을 구분,,procedure_ref;textbook_page_refs,"Find a worked example, procedure, or application where this source concept is used.",pending_textbook_pdf,,,,,,,,,,
3,중1(교육과정 학년군: 중1-3),변화와 관계,일차함수와 일차방정식의 관계,m1_func_intersection_point_coordinate__used_in__m1_func_intersection_coordinate_to_system_solution_pair,intra_unit,m1_func_intersection_point_coordinate,교점의 좌표,일차함수와 일차방정식의 관계,m1_func_intersection_coordinate_to_system_solution_pair,교점의 좌표를 연립일차방정식의 해로 쓰기,일차함수와 일차방정식의 관계,used_in,high,6,curriculum_math_2022: printed p. 35; [9수02-18]; achievement_standard; 두 일차함수의 그래프와 연립일차방정식의 관계를 설명하는 성취기준 | achievement_math_2022: 일차함수와 일차방정식의 관계 section; [9수02-18] achievement levels; achievement_level; 두 일차함수의 그래프의 교점과 연립일차방정식의 해 사이의 관계를 설명하는 수행 수준을 구분 | curriculum_math_2022: printed p. 35; [9수02-13]; achievement_standard; 미지수가 2개인 연립일차방정식을 풀고 활용하는 성취기준 | achievement_math_2022: 연립일차방정식 section; [9수02-13] achievement levels; achievement_level; 미지수가 2개인 연립일차방정식을 여러 가지 방법으로 풀고 활용하는 수행 수준을 구분 | curriculum_math_2022: printed p. 34; [9수02-05]; achievement_standard; 순서쌍과 좌표를 이해하고 편리함을 인식하는 성취기준 | achievement_math_2022: 좌표평면과 그래프 section; [9수02-05] achievement levels; achievement_level; 수직선과 좌표평면 위의 점을 좌표로 나타내거나 주어진 좌표를 점으로 나타내는 수행을 구분,,procedure_ref;textbook_page_refs,"Find a worked example, procedure, or application where this source concept is used.",pending_textbook_pdf,,,,,,,,,,
3,중1(교육과정 학년군: 중1-3),변화와 관계,일차함수와 일차방정식의 관계,m1_func_intersection_point_coordinate__used_in__m1_func_system_solution_from_intersection,intra_unit,m1_func_intersection_point_coordinate,교점의 좌표,일차함수와 일차방정식의 관계,m1_func_system_solution_from_intersection,교점으로 연립일차방정식의 해 말하기,일차함수와 일차방정식의 관계,used_in,medium,2,curriculum_math_2022: printed p. 35; [9수02-18]; achievement_standard; 두 일차함수의 그래프와 연립일차방정식의 관계를 설명하는 성취기준 | achievement_math_2022: 일차함수와 일차방정식의 관계 section; [9수02-18] achievement levels; achievement_level; 두 일차함수의 그래프의 교점과 연립일차방정식의 해 사이의 관계를 설명하는 수행 수준을 구분,,procedure_ref;textbook_page_refs,"Find a worked example, procedure, or application where this source concept is used.",pending_textbook_pdf,,,,,,,,,,
3,중1(교육과정 학년군: 중1-3),변화와 관계,일차함수와 일차방정식의 관계,m1_func_intersection_solution_count_relation__used_in__m1_func_system_graph_relation,intra_unit,m1_func_intersection_solution_count_relation,교점의 개수와 연립일차방정식 해의 개수의 관계,일차함수와 일차방정식의 관계,m1_func_system_graph_relation,두 일차함수의 그래프와 연립일차방정식의 관계,일차함수와 일차방정식의 관계,used_in,medium,2,curriculum_math_2022: printed p. 35; [9수02-18]; achievement_standard; 두 일차함수의 그래프와 연립일차방정식의 관계를 설명하는 성취기준 | achievement_math_2022: 일차함수와 일차방정식의 관계 section; [9수02-18] achievement levels; achievement_level; 두 일차함수의 그래프의 교점과 연립일차방정식의 해 사이의 관계를 설명하는 수행 수준을 구분,,procedure_ref;textbook_page_refs,"Find a worked example, procedure, or application where this source concept is used.",pending_textbook_pdf,,,,,,,,,,
3,중1(교육과정 학년군: 중1-3),변화와 관계,일차함수와 일차방정식의 관계,m1_func_one_intersection_case__used_in__m1_func_system_graph_relation,intra_unit,m1_func_one_intersection_case,두 그래프가 한 점에서 만나는 경우,일차함수와 일차방정식의 관계,m1_func_system_graph_relation,두 일차함수의 그래프와 연립일차방정식의 관계,일차함수와 일차방정식의 관계,used_in,medium,3,"curriculum_math_2022: printed p. 35; [9수02-18]; achievement_standard; 두 일차함수의 그래프와 연립일차방정식의 관계를 설명하는 성취기준 | achievement_math_2022: 일차함수와 일차방정식의 관계 section; [9수02-18] achievement levels; achievement_level; 두 일차함수의 그래프의 교점과 연립일차방정식의 해 사이의 관계를 설명하는 수행 수준을 구분 | achievement_research_report_2022: 연구보고서 p. 58; 변화와 관계 영역별 성취수준; research_report_achievement_level_context; 두 일차함수의 그래프의 교점이 한 개인 경우, 그래프의 교점과 연립일차방정식의 해 사이의 관계를 말하는 성취수준 맥락",,procedure_ref;textbook_page_refs,"Find a worked example, procedure, or application where this source concept is used.",pending_textbook_pdf,,,,,,,,,,
3,중1(교육과정 학년군: 중1-3),변화와 관계,일차함수와 일차방정식의 관계,m1_func_one_intersection_case__used_in__m1_func_system_unique_solution_graph_case,intra_unit,m1_func_one_intersection_case,두 그래프가 한 점에서 만나는 경우,일차함수와 일차방정식의 관계,m1_func_system_unique_solution_graph_case,한 점에서 만나는 그래프와 하나의 해,일차함수와 일차방정식의 관계,used_in,medium,3,"curriculum_math_2022: printed p. 35; [9수02-18]; achievement_standard; 두 일차함수의 그래프와 연립일차방정식의 관계를 설명하는 성취기준 | achievement_math_2022: 일차함수와 일차방정식의 관계 section; [9수02-18] achievement levels; achievement_level; 두 일차함수의 그래프의 교점과 연립일차방정식의 해 사이의 관계를 설명하는 수행 수준을 구분 | achievement_research_report_2022: 연구보고서 p. 58; 변화와 관계 영역별 성취수준; research_report_achievement_level_context; 두 일차함수의 그래프의 교점이 한 개인 경우, 그래프의 교점과 연립일차방정식의 해 사이의 관계를 말하는 성취수준 맥락",,procedure_ref;textbook_page_refs,"Find a worked example, procedure, or application where this source concept is used.",pending_textbook_pdf,,,,,,,,,,
3,중1(교육과정 학년군: 중1-3),변화와 관계,일차함수와 일차방정식의 관계,m1_func_read_solution_pair_from_equation_graph__used_in__m1_func_equation_relation,intra_unit,m1_func_read_solution_pair_from_equation_graph,그래프에서 미지수가 2개인 일차방정식의 해 읽기,일차함수와 일차방정식의 관계,m1_func_equation_relation,일차함수와 미지수가 2개인 일차방정식의 관계,일차함수와 일차방정식의 관계,used_in,medium,4,curriculum_math_2022: printed p. 35; [9수02-17]; achievement_standard; 일차함수와 미지수가 2개인 일차방정식의 관계를 설명하는 성취기준 | achievement_math_2022: 일차함수와 일차방정식의 관계 section; [9수02-17] achievement levels; achievement_level; 미지수가 2개인 일차방정식의 해를 일차함수의 그래프로 나타내고 관계를 설명하는 수행 수준을 구분 | curriculum_math_2022: printed p. 34; [9수02-05]; achievement_standard; 순서쌍과 좌표를 이해하고 편리함을 인식하는 성취기준 | achievement_math_2022: 좌표평면과 그래프 section; [9수02-05] achievement levels; achievement_level; 수직선과 좌표평면 위의 점을 좌표로 나타내거나 주어진 좌표를 점으로 나타내는 수행을 구분,,procedure_ref;textbook_page_refs,"Find a worked example, procedure, or application where this source concept is used.",pending_textbook_pdf,,,,,,,,,,
3,중1(교육과정 학년군: 중1-3),변화와 관계,일차함수와 일차방정식의 관계,m1_func_single_solution_set_vs_common_solution__used_in__m1_func_system_graph_relation,intra_unit,m1_func_single_solution_set_vs_common_solution,한 방정식의 해 전체와 두 방정식의 공통해 구별하기,일차함수와 일차방정식의 관계,m1_func_system_graph_relation,두 일차함수의 그래프와 연립일차방정식의 관계,일차함수와 일차방정식의 관계,used_in,medium,4,curriculum_math_2022: printed p. 35; [9수02-17]; achievement_standard; 일차함수와 미지수가 2개인 일차방정식의 관계를 설명하는 성취기준 | achievement_math_2022: 일차함수와 일차방정식의 관계 section; [9수02-17] achievement levels; achievement_level; 미지수가 2개인 일차방정식의 해를 일차함수의 그래프로 나타내고 관계를 설명하는 수행 수준을 구분 | curriculum_math_2022: printed p. 35; [9수02-18]; achievement_standard; 두 일차함수의 그래프와 연립일차방정식의 관계를 설명하는 성취기준 | achievement_math_2022: 일차함수와 일차방정식의 관계 section; [9수02-18] achievement levels; achievement_level; 두 일차함수의 그래프의 교점과 연립일차방정식의 해 사이의 관계를 설명하는 수행 수준을 구분,,procedure_ref;textbook_page_refs,"Find a worked example, procedure, or application where this source concept is used.",pending_textbook_pdf,,,,,,,,,,
3,중1(교육과정 학년군: 중1-3),변화와 관계,일차함수와 일차방정식의 관계,m1_func_solution_pair_check_by_substitution__used_in__m1_func_graph_point_solution_correspondence,intra_unit,m1_func_solution_pair_check_by_substitution,순서쌍을 대입하여 방정식의 해인지 확인하기,일차함수와 일차방정식의 관계,m1_func_graph_point_solution_correspondence,그래프 위의 점과 방정식의 해의 대응,일차함수와 일차방정식의 관계,used_in,medium,4,curriculum_math_2022: printed p. 35; [9수02-17]; achievement_standard; 일차함수와 미지수가 2개인 일차방정식의 관계를 설명하는 성취기준 | achievement_math_2022: 일차함수와 일차방정식의 관계 section; [9수02-17] achievement levels; achievement_level; 미지수가 2개인 일차방정식의 해를 일차함수의 그래프로 나타내고 관계를 설명하는 수행 수준을 구분 | curriculum_math_2022: printed p. 34; [9수02-05]; achievement_standard; 순서쌍과 좌표를 이해하고 편리함을 인식하는 성취기준 | achievement_math_2022: 좌표평면과 그래프 section; [9수02-05] achievement levels; achievement_level; 수직선과 좌표평면 위의 점을 좌표로 나타내거나 주어진 좌표를 점으로 나타내는 수행을 구분,Substitution checks support the correspondence between points on the graph and ordered-pair solutions.,procedure_ref;textbook_page_refs,"Find a worked example, procedure, or application where this source concept is used.",pending_textbook_pdf,,,,,,,,,,
3,중1(교육과정 학년군: 중1-3),변화와 관계,일차함수와 일차방정식의 관계,m1_func_system_graph_relation__used_in__m1_func_system_solution_from_intersection,intra_unit,m1_func_system_graph_relation,두 일차함수의 그래프와 연립일차방정식의 관계,일차함수와 일차방정식의 관계,m1_func_system_solution_from_intersection,교점으로 연립일차방정식의 해 말하기,일차함수와 일차방정식의 관계,used_in,high,2,curriculum_math_2022: printed p. 35; [9수02-18]; achievement_standard; 두 일차함수의 그래프와 연립일차방정식의 관계를 설명하는 성취기준 | achievement_math_2022: 일차함수와 일차방정식의 관계 section; [9수02-18] achievement levels; achievement_level; 두 일차함수의 그래프의 교점과 연립일차방정식의 해 사이의 관계를 설명하는 수행 수준을 구분,,procedure_ref;textbook_page_refs,"Find a worked example, procedure, or application where this source concept is used.",pending_textbook_pdf,,,,,,,,,,
3,중1(교육과정 학년군: 중1-3),변화와 관계,일차함수와 일차방정식의 관계,m1_func_system_graph_same_plane__used_in__m1_func_intersection_coordinate_reading,intra_unit,m1_func_system_graph_same_plane,두 일차함수 그래프를 한 좌표평면에 나타내기,일차함수와 일차방정식의 관계,m1_func_intersection_coordinate_reading,교점 좌표 읽기,일차함수와 일차방정식의 관계,used_in,medium,4,curriculum_math_2022: printed p. 35; [9수02-18]; achievement_standard; 두 일차함수의 그래프와 연립일차방정식의 관계를 설명하는 성취기준 | achievement_math_2022: 일차함수와 일차방정식의 관계 section; [9수02-18] achievement levels; achievement_level; 두 일차함수의 그래프의 교점과 연립일차방정식의 해 사이의 관계를 설명하는 수행 수준을 구분 | curriculum_math_2022: printed p. 34; [9수02-05]; achievement_standard; 순서쌍과 좌표를 이해하고 편리함을 인식하는 성취기준 | achievement_math_2022: 좌표평면과 그래프 section; [9수02-05] achievement levels; achievement_level; 수직선과 좌표평면 위의 점을 좌표로 나타내거나 주어진 좌표를 점으로 나타내는 수행을 구분,,procedure_ref;textbook_page_refs,"Find a worked example, procedure, or application where this source concept is used.",pending_textbook_pdf,,,,,,,,,,
3,중1(교육과정 학년군: 중1-3),변화와 관계,일차함수와 일차방정식의 관계,m1_func_system_solution_from_intersection__used_in__m1_func_system_graph_relation,intra_unit,m1_func_system_solution_from_intersection,교점으로 연립일차방정식의 해 말하기,일차함수와 일차방정식의 관계,m1_func_system_graph_relation,두 일차함수의 그래프와 연립일차방정식의 관계,일차함수와 일차방정식의 관계,used_in,high,2,curriculum_math_2022: printed p. 35; [9수02-18]; achievement_standard; 두 일차함수의 그래프와 연립일차방정식의 관계를 설명하는 성취기준 | achievement_math_2022: 일차함수와 일차방정식의 관계 section; [9수02-18] achievement levels; achievement_level; 두 일차함수의 그래프의 교점과 연립일차방정식의 해 사이의 관계를 설명하는 수행 수준을 구분,,procedure_ref;textbook_page_refs,"Find a worked example, procedure, or application where this source concept is used.",pending_textbook_pdf,,,,,,,,,,
3,중1(교육과정 학년군: 중1-3),변화와 관계,일차함수와 일차방정식의 관계,m1_func_system_unique_solution_graph_case__used_in__m1_func_intersection_solution_count_relation,intra_unit,m1_func_system_unique_solution_graph_case,한 점에서 만나는 그래프와 하나의 해,일차함수와 일차방정식의 관계,m1_func_intersection_solution_count_relation,교점의 개수와 연립일차방정식 해의 개수의 관계,일차함수와 일차방정식의 관계,used_in,medium,3,"curriculum_math_2022: printed p. 35; [9수02-18]; achievement_standard; 두 일차함수의 그래프와 연립일차방정식의 관계를 설명하는 성취기준 | achievement_math_2022: 일차함수와 일차방정식의 관계 section; [9수02-18] achievement levels; achievement_level; 두 일차함수의 그래프의 교점과 연립일차방정식의 해 사이의 관계를 설명하는 수행 수준을 구분 | achievement_research_report_2022: 연구보고서 p. 58; 변화와 관계 영역별 성취수준; research_report_achievement_level_context; 두 일차함수의 그래프의 교점이 한 개인 경우, 그래프의 교점과 연립일차방정식의 해 사이의 관계를 말하는 성취수준 맥락",,procedure_ref;textbook_page_refs,"Find a worked example, procedure, or application where this source concept is used.",pending_textbook_pdf,,,,,,,,,,
3,중1(교육과정 학년군: 중1-3),변화와 관계,일차함수와 일차방정식의 관계,m1_func_two_linear_graphs__used_in__m1_func_system_graph_same_plane,intra_unit,m1_func_two_linear_graphs,두 일차함수의 그래프,일차함수와 일차방정식의 관계,m1_func_system_graph_same_plane,두 일차함수 그래프를 한 좌표평면에 나타내기,일차함수와 일차방정식의 관계,used_in,medium,4,curriculum_math_2022: printed p. 35; [9수02-18]; achievement_standard; 두 일차함수의 그래프와 연립일차방정식의 관계를 설명하는 성취기준 | achievement_math_2022: 일차함수와 일차방정식의 관계 section; [9수02-18] achievement levels; achievement_level; 두 일차함수의 그래프의 교점과 연립일차방정식의 해 사이의 관계를 설명하는 수행 수준을 구분 | curriculum_math_2022: printed p. 34; [9수02-05]; achievement_standard; 순서쌍과 좌표를 이해하고 편리함을 인식하는 성취기준 | achievement_math_2022: 좌표평면과 그래프 section; [9수02-05] achievement levels; achievement_level; 수직선과 좌표평면 위의 점을 좌표로 나타내거나 주어진 좌표를 점으로 나타내는 수행을 구분,,procedure_ref;textbook_page_refs,"Find a worked example, procedure, or application where this source concept is used.",pending_textbook_pdf,,,,,,,,,,
3,중1(교육과정 학년군: 중1-3),변화와 관계,일차함수와 일차방정식의 관계,m1_func_two_variable_equation_as_graph__used_in__m1_func_equation_relation,intra_unit,m1_func_two_variable_equation_as_graph,미지수가 2개인 일차방정식의 해를 그래프로 나타내기,일차함수와 일차방정식의 관계,m1_func_equation_relation,일차함수와 미지수가 2개인 일차방정식의 관계,일차함수와 일차방정식의 관계,used_in,high,2,curriculum_math_2022: printed p. 35; [9수02-17]; achievement_standard; 일차함수와 미지수가 2개인 일차방정식의 관계를 설명하는 성취기준 | achievement_math_2022: 일차함수와 일차방정식의 관계 section; [9수02-17] achievement levels; achievement_level; 미지수가 2개인 일차방정식의 해를 일차함수의 그래프로 나타내고 관계를 설명하는 수행 수준을 구분,,procedure_ref;textbook_page_refs,"Find a worked example, procedure, or application where this source concept is used.",pending_textbook_pdf,,,,,,,,,,
3,중1(교육과정 학년군: 중1-3),변화와 관계,일차함수와 일차방정식의 관계,m1_func_two_variable_equation_as_graph__used_in__m1_func_system_graph_relation,intra_unit,m1_func_two_variable_equation_as_graph,미지수가 2개인 일차방정식의 해를 그래프로 나타내기,일차함수와 일차방정식의 관계,m1_func_system_graph_relation,두 일차함수의 그래프와 연립일차방정식의 관계,일차함수와 일차방정식의 관계,used_in,medium,4,curriculum_math_2022: printed p. 35; [9수02-17]; achievement_standard; 일차함수와 미지수가 2개인 일차방정식의 관계를 설명하는 성취기준 | curriculum_math_2022: printed p. 35; [9수02-18]; achievement_standard; 두 일차함수의 그래프와 연립일차방정식의 관계를 설명하는 성취기준 | achievement_math_2022: 일차함수와 일차방정식의 관계 section; [9수02-17] achievement levels; achievement_level; 미지수가 2개인 일차방정식의 해를 일차함수의 그래프로 나타내고 관계를 설명하는 수행 수준을 구분 | achievement_math_2022: 일차함수와 일차방정식의 관계 section; [9수02-18] achievement levels; achievement_level; 두 일차함수의 그래프의 교점과 연립일차방정식의 해 사이의 관계를 설명하는 수행 수준을 구분,Graphing two-variable linear equations supports interpreting the graph relation with simultaneous equations.,procedure_ref;textbook_page_refs,"Find a worked example, procedure, or application where this source concept is used.",pending_textbook_pdf,,,,,,,,,,
3,중1(교육과정 학년군: 중1-3),변화와 관계,일차함수와 일차방정식의 관계,m1_func_two_variable_equation_solution_pair__used_in__m1_func_equation_solution_table,intra_unit,m1_func_two_variable_equation_solution_pair,미지수가 2개인 일차방정식 해의 순서쌍,일차함수와 일차방정식의 관계,m1_func_equation_solution_table,미지수가 2개인 일차방정식 해의 대응표,일차함수와 일차방정식의 관계,used_in,medium,4,curriculum_math_2022: printed p. 35; [9수02-17]; achievement_standard; 일차함수와 미지수가 2개인 일차방정식의 관계를 설명하는 성취기준 | achievement_math_2022: 일차함수와 일차방정식의 관계 section; [9수02-17] achievement levels; achievement_level; 미지수가 2개인 일차방정식의 해를 일차함수의 그래프로 나타내고 관계를 설명하는 수행 수준을 구분 | curriculum_math_2022: printed p. 34; [9수02-05]; achievement_standard; 순서쌍과 좌표를 이해하고 편리함을 인식하는 성취기준 | achievement_math_2022: 좌표평면과 그래프 section; [9수02-05] achievement levels; achievement_level; 수직선과 좌표평면 위의 점을 좌표로 나타내거나 주어진 좌표를 점으로 나타내는 수행을 구분,,procedure_ref;textbook_page_refs,"Find a worked example, procedure, or application where this source concept is used.",pending_textbook_pdf,,,,,,,,,,
3,중1(교육과정 학년군: 중1-3),변화와 관계,일차함수와 일차방정식의 관계,m1_func_two_variable_equation_solution_pair__used_in__m1_func_solution_pair_check_by_substitution,intra_unit,m1_func_two_variable_equation_solution_pair,미지수가 2개인 일차방정식 해의 순서쌍,일차함수와 일차방정식의 관계,m1_func_solution_pair_check_by_substitution,순서쌍을 대입하여 방정식의 해인지 확인하기,일차함수와 일차방정식의 관계,used_in,medium,4,curriculum_math_2022: printed p. 35; [9수02-17]; achievement_standard; 일차함수와 미지수가 2개인 일차방정식의 관계를 설명하는 성취기준 | achievement_math_2022: 일차함수와 일차방정식의 관계 section; [9수02-17] achievement levels; achievement_level; 미지수가 2개인 일차방정식의 해를 일차함수의 그래프로 나타내고 관계를 설명하는 수행 수준을 구분 | curriculum_math_2022: printed p. 34; [9수02-05]; achievement_standard; 순서쌍과 좌표를 이해하고 편리함을 인식하는 성취기준 | achievement_math_2022: 좌표평면과 그래프 section; [9수02-05] achievement levels; achievement_level; 수직선과 좌표평면 위의 점을 좌표로 나타내거나 주어진 좌표를 점으로 나타내는 수행을 구분,A candidate ordered pair is checked by substitution before it is treated as a point on the equation graph.,procedure_ref;textbook_page_refs,"Find a worked example, procedure, or application where this source concept is used.",pending_textbook_pdf,,,,,,,,,,
3,중1(교육과정 학년군: 중1-3),변화와 관계,일차함수와 일차방정식의 관계,m1_func_two_variable_equation_solution_pair__used_in__m1_func_two_variable_equation_as_graph,intra_unit,m1_func_two_variable_equation_solution_pair,미지수가 2개인 일차방정식 해의 순서쌍,일차함수와 일차방정식의 관계,m1_func_two_variable_equation_as_graph,미지수가 2개인 일차방정식의 해를 그래프로 나타내기,일차함수와 일차방정식의 관계,used_in,medium,2,curriculum_math_2022: printed p. 35; [9수02-17]; achievement_standard; 일차함수와 미지수가 2개인 일차방정식의 관계를 설명하는 성취기준 | achievement_math_2022: 일차함수와 일차방정식의 관계 section; [9수02-17] achievement levels; achievement_level; 미지수가 2개인 일차방정식의 해를 일차함수의 그래프로 나타내고 관계를 설명하는 수행 수준을 구분,,procedure_ref;textbook_page_refs,"Find a worked example, procedure, or application where this source concept is used.",pending_textbook_pdf,,,,,,,,,,
3,중1(교육과정 학년군: 중1-3),변화와 관계,일차함수와 일차방정식의 관계,m1_func_two_variable_equation_solution_set_graph__used_in__m1_func_equation_relation,intra_unit,m1_func_two_variable_equation_solution_set_graph,미지수가 2개인 일차방정식 해 전체의 그래프,일차함수와 일차방정식의 관계,m1_func_equation_relation,일차함수와 미지수가 2개인 일차방정식의 관계,일차함수와 일차방정식의 관계,used_in,medium,2,curriculum_math_2022: printed p. 35; [9수02-17]; achievement_standard; 일차함수와 미지수가 2개인 일차방정식의 관계를 설명하는 성취기준 | achievement_math_2022: 일차함수와 일차방정식의 관계 section; [9수02-17] achievement levels; achievement_level; 미지수가 2개인 일차방정식의 해를 일차함수의 그래프로 나타내고 관계를 설명하는 수행 수준을 구분,,procedure_ref;textbook_page_refs,"Find a worked example, procedure, or application where this source concept is used.",pending_textbook_pdf,,,,,,,,,,
3,중1(교육과정 학년군: 중1-3),변화와 관계,일차함수와 일차방정식의 관계,m1_func_two_variable_equation_solution_set_graph__used_in__m1_func_two_variable_equation_as_graph,intra_unit,m1_func_two_variable_equation_solution_set_graph,미지수가 2개인 일차방정식 해 전체의 그래프,일차함수와 일차방정식의 관계,m1_func_two_variable_equation_as_graph,미지수가 2개인 일차방정식의 해를 그래프로 나타내기,일차함수와 일차방정식의 관계,used_in,medium,2,curriculum_math_2022: printed p. 35; [9수02-17]; achievement_standard; 일차함수와 미지수가 2개인 일차방정식의 관계를 설명하는 성취기준 | achievement_math_2022: 일차함수와 일차방정식의 관계 section; [9수02-17] achievement levels; achievement_level; 미지수가 2개인 일차방정식의 해를 일차함수의 그래프로 나타내고 관계를 설명하는 수행 수준을 구분,Graphing the equation depends on treating the graph as the set of all solution pairs.,procedure_ref;textbook_page_refs,"Find a worked example, procedure, or application where this source concept is used.",pending_textbook_pdf,,,,,,,,,,
3,중1(교육과정 학년군: 중1-3),변화와 관계,일차함수와 일차방정식의 관계,m1_func_two_variable_linear_equation_graph__used_in__m1_func_read_solution_pair_from_equation_graph,intra_unit,m1_func_two_variable_linear_equation_graph,미지수가 2개인 일차방정식의 그래프,일차함수와 일차방정식의 관계,m1_func_read_solution_pair_from_equation_graph,그래프에서 미지수가 2개인 일차방정식의 해 읽기,일차함수와 일차방정식의 관계,used_in,medium,4,curriculum_math_2022: printed p. 35; [9수02-17]; achievement_standard; 일차함수와 미지수가 2개인 일차방정식의 관계를 설명하는 성취기준 | achievement_math_2022: 일차함수와 일차방정식의 관계 section; [9수02-17] achievement levels; achievement_level; 미지수가 2개인 일차방정식의 해를 일차함수의 그래프로 나타내고 관계를 설명하는 수행 수준을 구분 | curriculum_math_2022: printed p. 34; [9수02-05]; achievement_standard; 순서쌍과 좌표를 이해하고 편리함을 인식하는 성취기준 | achievement_math_2022: 좌표평면과 그래프 section; [9수02-05] achievement levels; achievement_level; 수직선과 좌표평면 위의 점을 좌표로 나타내거나 주어진 좌표를 점으로 나타내는 수행을 구분,,procedure_ref;textbook_page_refs,"Find a worked example, procedure, or application where this source concept is used.",pending_textbook_pdf,,,,,,,,,,
3,중1(교육과정 학년군: 중1-3),변화와 관계,일차함수와 일차방정식의 관계,m1_func_two_variable_linear_equation_graph__used_in__m1_func_two_variable_equation_as_graph,intra_unit,m1_func_two_variable_linear_equation_graph,미지수가 2개인 일차방정식의 그래프,일차함수와 일차방정식의 관계,m1_func_two_variable_equation_as_graph,미지수가 2개인 일차방정식의 해를 그래프로 나타내기,일차함수와 일차방정식의 관계,used_in,high,2,curriculum_math_2022: printed p. 35; [9수02-17]; achievement_standard; 일차함수와 미지수가 2개인 일차방정식의 관계를 설명하는 성취기준 | achievement_math_2022: 일차함수와 일차방정식의 관계 section; [9수02-17] achievement levels; achievement_level; 미지수가 2개인 일차방정식의 해를 일차함수의 그래프로 나타내고 관계를 설명하는 수행 수준을 구분,,procedure_ref;textbook_page_refs,"Find a worked example, procedure, or application where this source concept is used.",pending_textbook_pdf,,,,,,,,,,
3,중1(교육과정 학년군: 중1-3),변화와 관계,일차함수와 일차방정식의 관계,m1_func_single_solution_set_vs_common_solution__contrasts_with__m1_func_two_variable_equation_as_graph,intra_unit,m1_func_single_solution_set_vs_common_solution,한 방정식의 해 전체와 두 방정식의 공통해 구별하기,일차함수와 일차방정식의 관계,m1_func_two_variable_equation_as_graph,미지수가 2개인 일차방정식의 해를 그래프로 나타내기,일차함수와 일차방정식의 관계,contrasts_with,medium,4,curriculum_math_2022: printed p. 35; [9수02-17]; achievement_standard; 일차함수와 미지수가 2개인 일차방정식의 관계를 설명하는 성취기준 | achievement_math_2022: 일차함수와 일차방정식의 관계 section; [9수02-17] achievement levels; achievement_level; 미지수가 2개인 일차방정식의 해를 일차함수의 그래프로 나타내고 관계를 설명하는 수행 수준을 구분 | curriculum_math_2022: printed p. 35; [9수02-18]; achievement_standard; 두 일차함수의 그래프와 연립일차방정식의 관계를 설명하는 성취기준 | achievement_math_2022: 일차함수와 일차방정식의 관계 section; [9수02-18] achievement levels; achievement_level; 두 일차함수의 그래프의 교점과 연립일차방정식의 해 사이의 관계를 설명하는 수행 수준을 구분,The distinction node contrasts the single-equation graphing procedure with the system-solution interpretation.,contrast_ref;textbook_page_refs,Find textbook wording or examples that distinguish the two concepts.,pending_textbook_pdf,,,,,,,,,,
3,중1(교육과정 학년군: 중1-3),변화와 관계,일차함수와 일차방정식의 관계,m1_func_two_linear_graphs__contrasts_with__m1_func_two_variable_equation_as_graph,intra_unit,m1_func_two_linear_graphs,두 일차함수의 그래프,일차함수와 일차방정식의 관계,m1_func_two_variable_equation_as_graph,미지수가 2개인 일차방정식의 해를 그래프로 나타내기,일차함수와 일차방정식의 관계,contrasts_with,medium,4,curriculum_math_2022: printed p. 35; [9수02-17]; achievement_standard; 일차함수와 미지수가 2개인 일차방정식의 관계를 설명하는 성취기준 | curriculum_math_2022: printed p. 35; [9수02-18]; achievement_standard; 두 일차함수의 그래프와 연립일차방정식의 관계를 설명하는 성취기준 | achievement_math_2022: 일차함수와 일차방정식의 관계 section; [9수02-17] achievement levels; achievement_level; 미지수가 2개인 일차방정식의 해를 일차함수의 그래프로 나타내고 관계를 설명하는 수행 수준을 구분 | achievement_math_2022: 일차함수와 일차방정식의 관계 section; [9수02-18] achievement levels; achievement_level; 두 일차함수의 그래프의 교점과 연립일차방정식의 해 사이의 관계를 설명하는 수행 수준을 구분,"Two graphs are used to compare a pair of equations, while a single equation graph represents all solutions of one equation.",contrast_ref;textbook_page_refs,Find textbook wording or examples that distinguish the two concepts.,pending_textbook_pdf,,,,,,,,,,
3,중1(교육과정 학년군: 중1-3),변화와 관계,일차함수와 일차방정식의 관계,m1_func_two_variable_equation_as_graph__contrasts_with__m1_func_two_linear_graphs,intra_unit,m1_func_two_variable_equation_as_graph,미지수가 2개인 일차방정식의 해를 그래프로 나타내기,일차함수와 일차방정식의 관계,m1_func_two_linear_graphs,두 일차함수의 그래프,일차함수와 일차방정식의 관계,contrasts_with,medium,4,curriculum_math_2022: printed p. 35; [9수02-17]; achievement_standard; 일차함수와 미지수가 2개인 일차방정식의 관계를 설명하는 성취기준 | curriculum_math_2022: printed p. 35; [9수02-18]; achievement_standard; 두 일차함수의 그래프와 연립일차방정식의 관계를 설명하는 성취기준 | achievement_math_2022: 일차함수와 일차방정식의 관계 section; [9수02-17] achievement levels; achievement_level; 미지수가 2개인 일차방정식의 해를 일차함수의 그래프로 나타내고 관계를 설명하는 수행 수준을 구분 | achievement_math_2022: 일차함수와 일차방정식의 관계 section; [9수02-18] achievement levels; achievement_level; 두 일차함수의 그래프의 교점과 연립일차방정식의 해 사이의 관계를 설명하는 수행 수준을 구분,A single graph for all solutions of one equation and two graphs for a simultaneous equation system play different roles.,contrast_ref;textbook_page_refs,Find textbook wording or examples that distinguish the two concepts.,pending_textbook_pdf,,,,,,,,,,
3,중1(교육과정 학년군: 중1-3),변화와 관계,일차함수와 일차방정식의 관계,m1_func_two_variable_equation_solution_set_graph__contrasts_with__m1_func_single_solution_set_vs_common_solution,intra_unit,m1_func_two_variable_equation_solution_set_graph,미지수가 2개인 일차방정식 해 전체의 그래프,일차함수와 일차방정식의 관계,m1_func_single_solution_set_vs_common_solution,한 방정식의 해 전체와 두 방정식의 공통해 구별하기,일차함수와 일차방정식의 관계,contrasts_with,medium,4,curriculum_math_2022: printed p. 35; [9수02-17]; achievement_standard; 일차함수와 미지수가 2개인 일차방정식의 관계를 설명하는 성취기준 | achievement_math_2022: 일차함수와 일차방정식의 관계 section; [9수02-17] achievement levels; achievement_level; 미지수가 2개인 일차방정식의 해를 일차함수의 그래프로 나타내고 관계를 설명하는 수행 수준을 구분 | curriculum_math_2022: printed p. 35; [9수02-18]; achievement_standard; 두 일차함수의 그래프와 연립일차방정식의 관계를 설명하는 성취기준 | achievement_math_2022: 일차함수와 일차방정식의 관계 section; [9수02-18] achievement levels; achievement_level; 두 일차함수의 그래프의 교점과 연립일차방정식의 해 사이의 관계를 설명하는 수행 수준을 구분,One equation's full solution set and a system's common solution have different graph meanings.,contrast_ref;textbook_page_refs,Find textbook wording or examples that distinguish the two concepts.,pending_textbook_pdf,,,,,,,,,,
3,중1(교육과정 학년군: 중1-3),변화와 관계,일차함수와 일차방정식의 관계,m1_func_two_variable_linear_equation_graph__related_to__m1_func_equation_relation,intra_unit,m1_func_two_variable_linear_equation_graph,미지수가 2개인 일차방정식의 그래프,일차함수와 일차방정식의 관계,m1_func_equation_relation,일차함수와 미지수가 2개인 일차방정식의 관계,일차함수와 일차방정식의 관계,related_to,medium,2,curriculum_math_2022: printed p. 35; [9수02-17]; achievement_standard; 일차함수와 미지수가 2개인 일차방정식의 관계를 설명하는 성취기준 | achievement_math_2022: 일차함수와 일차방정식의 관계 section; [9수02-17] achievement levels; achievement_level; 미지수가 2개인 일차방정식의 해를 일차함수의 그래프로 나타내고 관계를 설명하는 수행 수준을 구분,The graph of a two-variable linear equation is the representation used when explaining its relation to a linear function.,related_ref;textbook_page_refs,Find textbook wording or examples that justify keeping these concepts linked.,pending_textbook_pdf,,,,,,,,,,
3,중1(교육과정 학년군: 중1-3),변화와 관계,일차함수와 일차방정식의 관계,m1_coord_coordinate__prerequisite_for__m1_func_equation_x_axis_intersection,cross_unit,m1_coord_coordinate,좌표,좌표평면과 그래프,m1_func_equation_x_axis_intersection,일차방정식 그래프의 x축과의 교점,일차함수와 일차방정식의 관계,prerequisite_for,medium,4,curriculum_math_2022: printed p. 35; [9수02-17]; achievement_standard; 일차함수와 미지수가 2개인 일차방정식의 관계를 설명하는 성취기준 | achievement_math_2022: 일차함수와 일차방정식의 관계 section; [9수02-17] achievement levels; achievement_level; 미지수가 2개인 일차방정식의 해를 일차함수의 그래프로 나타내고 관계를 설명하는 수행 수준을 구분 | curriculum_math_2022: printed p. 34; [9수02-05]; achievement_standard; 순서쌍과 좌표를 이해하고 편리함을 인식하는 성취기준 | achievement_math_2022: 좌표평면과 그래프 section; [9수02-05] achievement levels; achievement_level; 수직선과 좌표평면 위의 점을 좌표로 나타내거나 주어진 좌표를 점으로 나타내는 수행을 구분,,prerequisite_ref;textbook_page_refs,Find textbook sequencing or prior-knowledge evidence for the prerequisite relation.,pending_textbook_pdf,,,,,,,,,,
3,중1(교육과정 학년군: 중1-3),변화와 관계,일차함수와 일차방정식의 관계,m1_coord_coordinate__prerequisite_for__m1_func_equation_y_axis_intersection,cross_unit,m1_coord_coordinate,좌표,좌표평면과 그래프,m1_func_equation_y_axis_intersection,일차방정식 그래프의 y축과의 교점,일차함수와 일차방정식의 관계,prerequisite_for,medium,4,curriculum_math_2022: printed p. 35; [9수02-17]; achievement_standard; 일차함수와 미지수가 2개인 일차방정식의 관계를 설명하는 성취기준 | achievement_math_2022: 일차함수와 일차방정식의 관계 section; [9수02-17] achievement levels; achievement_level; 미지수가 2개인 일차방정식의 해를 일차함수의 그래프로 나타내고 관계를 설명하는 수행 수준을 구분 | curriculum_math_2022: printed p. 34; [9수02-05]; achievement_standard; 순서쌍과 좌표를 이해하고 편리함을 인식하는 성취기준 | achievement_math_2022: 좌표평면과 그래프 section; [9수02-05] achievement levels; achievement_level; 수직선과 좌표평면 위의 점을 좌표로 나타내거나 주어진 좌표를 점으로 나타내는 수행을 구분,,prerequisite_ref;textbook_page_refs,Find textbook sequencing or prior-knowledge evidence for the prerequisite relation.,pending_textbook_pdf,,,,,,,,,,
3,중1(교육과정 학년군: 중1-3),변화와 관계,일차함수와 일차방정식의 관계,m1_coord_coordinate__prerequisite_for__m1_func_intersection_point,cross_unit,m1_coord_coordinate,좌표,좌표평면과 그래프,m1_func_intersection_point,교점,일차함수와 일차방정식의 관계,prerequisite_for,medium,2,"achievement_math_2022: 일차함수와 일차방정식의 관계 section; [9수02-18] achievement levels; achievement_level; 두 일차함수의 그래프의 교점과 연립일차방정식의 해 사이의 관계를 설명하는 수행 수준을 구분 | achievement_research_report_2022: 연구보고서 p. 58; 변화와 관계 영역별 성취수준; research_report_achievement_level_context; 두 일차함수의 그래프의 교점이 한 개인 경우, 그래프의 교점과 연립일차방정식의 해 사이의 관계를 말하는 성취수준 맥락",,prerequisite_ref;textbook_page_refs,Find textbook sequencing or prior-knowledge evidence for the prerequisite relation.,pending_textbook_pdf,,,,,,,,,,
3,중1(교육과정 학년군: 중1-3),변화와 관계,일차함수와 일차방정식의 관계,m1_coord_coordinate__prerequisite_for__m1_func_intersection_point_coordinate,cross_unit,m1_coord_coordinate,좌표,좌표평면과 그래프,m1_func_intersection_point_coordinate,교점의 좌표,일차함수와 일차방정식의 관계,prerequisite_for,medium,5,"curriculum_math_2022: printed p. 35; [9수02-18]; achievement_standard; 두 일차함수의 그래프와 연립일차방정식의 관계를 설명하는 성취기준 | achievement_math_2022: 일차함수와 일차방정식의 관계 section; [9수02-18] achievement levels; achievement_level; 두 일차함수의 그래프의 교점과 연립일차방정식의 해 사이의 관계를 설명하는 수행 수준을 구분 | achievement_research_report_2022: 연구보고서 p. 58; 변화와 관계 영역별 성취수준; research_report_achievement_level_context; 두 일차함수의 그래프의 교점이 한 개인 경우, 그래프의 교점과 연립일차방정식의 해 사이의 관계를 말하는 성취수준 맥락 | curriculum_math_2022: printed p. 34; [9수02-05]; achievement_standard; 순서쌍과 좌표를 이해하고 편리함을 인식하는 성취기준 | achievement_math_2022: 좌표평면과 그래프 section; [9수02-05] achievement levels; achievement_level; 수직선과 좌표평면 위의 점을 좌표로 나타내거나 주어진 좌표를 점으로 나타내는 수행을 구분",,prerequisite_ref;textbook_page_refs,Find textbook sequencing or prior-knowledge evidence for the prerequisite relation.,pending_textbook_pdf,,,,,,,,,,
3,중1(교육과정 학년군: 중1-3),변화와 관계,일차함수와 일차방정식의 관계,m1_coord_coordinate_plane__prerequisite_for__m1_func_equation_graph_from_two_solution_pairs,cross_unit,m1_coord_coordinate_plane,좌표평면,좌표평면과 그래프,m1_func_equation_graph_from_two_solution_pairs,두 해의 순서쌍으로 일차방정식 그래프 그리기,일차함수와 일차방정식의 관계,prerequisite_for,medium,4,curriculum_math_2022: printed p. 35; [9수02-17]; achievement_standard; 일차함수와 미지수가 2개인 일차방정식의 관계를 설명하는 성취기준 | achievement_math_2022: 일차함수와 일차방정식의 관계 section; [9수02-17] achievement levels; achievement_level; 미지수가 2개인 일차방정식의 해를 일차함수의 그래프로 나타내고 관계를 설명하는 수행 수준을 구분 | curriculum_math_2022: printed p. 34; [9수02-05]; achievement_standard; 순서쌍과 좌표를 이해하고 편리함을 인식하는 성취기준 | achievement_math_2022: 좌표평면과 그래프 section; [9수02-05] achievement levels; achievement_level; 수직선과 좌표평면 위의 점을 좌표로 나타내거나 주어진 좌표를 점으로 나타내는 수행을 구분,,prerequisite_ref;textbook_page_refs,Find textbook sequencing or prior-knowledge evidence for the prerequisite relation.,pending_textbook_pdf,,,,,,,,,,
3,중1(교육과정 학년군: 중1-3),변화와 관계,일차함수와 일차방정식의 관계,m1_coord_coordinate_plane__prerequisite_for__m1_func_equation_two_intercepts_graph_drawing,cross_unit,m1_coord_coordinate_plane,좌표평면,좌표평면과 그래프,m1_func_equation_two_intercepts_graph_drawing,두 축과의 교점으로 일차방정식 그래프 그리기,일차함수와 일차방정식의 관계,prerequisite_for,medium,4,curriculum_math_2022: printed p. 35; [9수02-17]; achievement_standard; 일차함수와 미지수가 2개인 일차방정식의 관계를 설명하는 성취기준 | achievement_math_2022: 일차함수와 일차방정식의 관계 section; [9수02-17] achievement levels; achievement_level; 미지수가 2개인 일차방정식의 해를 일차함수의 그래프로 나타내고 관계를 설명하는 수행 수준을 구분 | curriculum_math_2022: printed p. 34; [9수02-05]; achievement_standard; 순서쌍과 좌표를 이해하고 편리함을 인식하는 성취기준 | achievement_math_2022: 좌표평면과 그래프 section; [9수02-05] achievement levels; achievement_level; 수직선과 좌표평면 위의 점을 좌표로 나타내거나 주어진 좌표를 점으로 나타내는 수행을 구분,,prerequisite_ref;textbook_page_refs,Find textbook sequencing or prior-knowledge evidence for the prerequisite relation.,pending_textbook_pdf,,,,,,,,,,
3,중1(교육과정 학년군: 중1-3),변화와 관계,일차함수와 일차방정식의 관계,m1_coord_coordinate_plane__prerequisite_for__m1_func_system_graph_same_plane,cross_unit,m1_coord_coordinate_plane,좌표평면,좌표평면과 그래프,m1_func_system_graph_same_plane,두 일차함수 그래프를 한 좌표평면에 나타내기,일차함수와 일차방정식의 관계,prerequisite_for,medium,4,curriculum_math_2022: printed p. 35; [9수02-18]; achievement_standard; 두 일차함수의 그래프와 연립일차방정식의 관계를 설명하는 성취기준 | achievement_math_2022: 일차함수와 일차방정식의 관계 section; [9수02-18] achievement levels; achievement_level; 두 일차함수의 그래프의 교점과 연립일차방정식의 해 사이의 관계를 설명하는 수행 수준을 구분 | curriculum_math_2022: printed p. 34; [9수02-05]; achievement_standard; 순서쌍과 좌표를 이해하고 편리함을 인식하는 성취기준 | achievement_math_2022: 좌표평면과 그래프 section; [9수02-05] achievement levels; achievement_level; 수직선과 좌표평면 위의 점을 좌표로 나타내거나 주어진 좌표를 점으로 나타내는 수행을 구분,,prerequisite_ref;textbook_page_refs,Find textbook sequencing or prior-knowledge evidence for the prerequisite relation.,pending_textbook_pdf,,,,,,,,,,
3,중1(교육과정 학년군: 중1-3),변화와 관계,일차함수와 일차방정식의 관계,m1_coord_coordinate_plane__prerequisite_for__m1_func_two_variable_linear_equation_graph,cross_unit,m1_coord_coordinate_plane,좌표평면,좌표평면과 그래프,m1_func_two_variable_linear_equation_graph,미지수가 2개인 일차방정식의 그래프,일차함수와 일차방정식의 관계,prerequisite_for,high,2,curriculum_math_2022: printed p. 35; [9수02-17]; achievement_standard; 일차함수와 미지수가 2개인 일차방정식의 관계를 설명하는 성취기준 | achievement_math_2022: 일차함수와 일차방정식의 관계 section; [9수02-17] achievement levels; achievement_level; 미지수가 2개인 일차방정식의 해를 일차함수의 그래프로 나타내고 관계를 설명하는 수행 수준을 구분,,prerequisite_ref;textbook_page_refs,Find textbook sequencing or prior-knowledge evidence for the prerequisite relation.,pending_textbook_pdf,,,,,,,,,,
3,중1(교육과정 학년군: 중1-3),변화와 관계,일차함수와 일차방정식의 관계,m1_coord_ordered_pair__prerequisite_for__m1_func_read_solution_pair_from_equation_graph,cross_unit,m1_coord_ordered_pair,순서쌍,좌표평면과 그래프,m1_func_read_solution_pair_from_equation_graph,그래프에서 미지수가 2개인 일차방정식의 해 읽기,일차함수와 일차방정식의 관계,prerequisite_for,medium,4,curriculum_math_2022: printed p. 35; [9수02-17]; achievement_standard; 일차함수와 미지수가 2개인 일차방정식의 관계를 설명하는 성취기준 | achievement_math_2022: 일차함수와 일차방정식의 관계 section; [9수02-17] achievement levels; achievement_level; 미지수가 2개인 일차방정식의 해를 일차함수의 그래프로 나타내고 관계를 설명하는 수행 수준을 구분 | curriculum_math_2022: printed p. 34; [9수02-05]; achievement_standard; 순서쌍과 좌표를 이해하고 편리함을 인식하는 성취기준 | achievement_math_2022: 좌표평면과 그래프 section; [9수02-05] achievement levels; achievement_level; 수직선과 좌표평면 위의 점을 좌표로 나타내거나 주어진 좌표를 점으로 나타내는 수행을 구분,,prerequisite_ref;textbook_page_refs,Find textbook sequencing or prior-knowledge evidence for the prerequisite relation.,pending_textbook_pdf,,,,,,,,,,
3,중1(교육과정 학년군: 중1-3),변화와 관계,일차함수와 일차방정식의 관계,m1_coord_ordered_pair__prerequisite_for__m1_func_two_variable_equation_solution_pair,cross_unit,m1_coord_ordered_pair,순서쌍,좌표평면과 그래프,m1_func_two_variable_equation_solution_pair,미지수가 2개인 일차방정식 해의 순서쌍,일차함수와 일차방정식의 관계,prerequisite_for,medium,4,curriculum_math_2022: printed p. 35; [9수02-17]; achievement_standard; 일차함수와 미지수가 2개인 일차방정식의 관계를 설명하는 성취기준 | achievement_math_2022: 일차함수와 일차방정식의 관계 section; [9수02-17] achievement levels; achievement_level; 미지수가 2개인 일차방정식의 해를 일차함수의 그래프로 나타내고 관계를 설명하는 수행 수준을 구분 | curriculum_math_2022: printed p. 34; [9수02-05]; achievement_standard; 순서쌍과 좌표를 이해하고 편리함을 인식하는 성취기준 | achievement_math_2022: 좌표평면과 그래프 section; [9수02-05] achievement levels; achievement_level; 수직선과 좌표평면 위의 점을 좌표로 나타내거나 주어진 좌표를 점으로 나타내는 수행을 구분,,prerequisite_ref;textbook_page_refs,Find textbook sequencing or prior-knowledge evidence for the prerequisite relation.,pending_textbook_pdf,,,,,,,,,,
3,중1(교육과정 학년군: 중1-3),변화와 관계,일차함수와 일차방정식의 관계,m1_coord_x_axis__prerequisite_for__m1_func_equation_x_axis_intersection,cross_unit,m1_coord_x_axis,x축,좌표평면과 그래프,m1_func_equation_x_axis_intersection,일차방정식 그래프의 x축과의 교점,일차함수와 일차방정식의 관계,prerequisite_for,medium,4,curriculum_math_2022: printed p. 35; [9수02-17]; achievement_standard; 일차함수와 미지수가 2개인 일차방정식의 관계를 설명하는 성취기준 | achievement_math_2022: 일차함수와 일차방정식의 관계 section; [9수02-17] achievement levels; achievement_level; 미지수가 2개인 일차방정식의 해를 일차함수의 그래프로 나타내고 관계를 설명하는 수행 수준을 구분 | curriculum_math_2022: printed p. 34; [9수02-05]; achievement_standard; 순서쌍과 좌표를 이해하고 편리함을 인식하는 성취기준 | achievement_math_2022: 좌표평면과 그래프 section; [9수02-05] achievement levels; achievement_level; 수직선과 좌표평면 위의 점을 좌표로 나타내거나 주어진 좌표를 점으로 나타내는 수행을 구분,,prerequisite_ref;textbook_page_refs,Find textbook sequencing or prior-knowledge evidence for the prerequisite relation.,pending_textbook_pdf,,,,,,,,,,
3,중1(교육과정 학년군: 중1-3),변화와 관계,일차함수와 일차방정식의 관계,m1_coord_x_axis__prerequisite_for__m1_func_equation_y_zero_substitution,cross_unit,m1_coord_x_axis,x축,좌표평면과 그래프,m1_func_equation_y_zero_substitution,y=0을 대입해 x축과의 교점 구하기,일차함수와 일차방정식의 관계,prerequisite_for,medium,4,curriculum_math_2022: printed p. 35; [9수02-17]; achievement_standard; 일차함수와 미지수가 2개인 일차방정식의 관계를 설명하는 성취기준 | achievement_math_2022: 일차함수와 일차방정식의 관계 section; [9수02-17] achievement levels; achievement_level; 미지수가 2개인 일차방정식의 해를 일차함수의 그래프로 나타내고 관계를 설명하는 수행 수준을 구분 | curriculum_math_2022: printed p. 34; [9수02-05]; achievement_standard; 순서쌍과 좌표를 이해하고 편리함을 인식하는 성취기준 | achievement_math_2022: 좌표평면과 그래프 section; [9수02-05] achievement levels; achievement_level; 수직선과 좌표평면 위의 점을 좌표로 나타내거나 주어진 좌표를 점으로 나타내는 수행을 구분,,prerequisite_ref;textbook_page_refs,Find textbook sequencing or prior-knowledge evidence for the prerequisite relation.,pending_textbook_pdf,,,,,,,,,,
3,중1(교육과정 학년군: 중1-3),변화와 관계,일차함수와 일차방정식의 관계,m1_coord_x_coordinate__prerequisite_for__m1_func_intersection_coordinate_reading,cross_unit,m1_coord_x_coordinate,x좌표,좌표평면과 그래프,m1_func_intersection_coordinate_reading,교점 좌표 읽기,일차함수와 일차방정식의 관계,prerequisite_for,medium,4,curriculum_math_2022: printed p. 35; [9수02-18]; achievement_standard; 두 일차함수의 그래프와 연립일차방정식의 관계를 설명하는 성취기준 | achievement_math_2022: 일차함수와 일차방정식의 관계 section; [9수02-18] achievement levels; achievement_level; 두 일차함수의 그래프의 교점과 연립일차방정식의 해 사이의 관계를 설명하는 수행 수준을 구분 | curriculum_math_2022: printed p. 34; [9수02-05]; achievement_standard; 순서쌍과 좌표를 이해하고 편리함을 인식하는 성취기준 | achievement_math_2022: 좌표평면과 그래프 section; [9수02-05] achievement levels; achievement_level; 수직선과 좌표평면 위의 점을 좌표로 나타내거나 주어진 좌표를 점으로 나타내는 수행을 구분,,prerequisite_ref;textbook_page_refs,Find textbook sequencing or prior-knowledge evidence for the prerequisite relation.,pending_textbook_pdf,,,,,,,,,,
3,중1(교육과정 학년군: 중1-3),변화와 관계,일차함수와 일차방정식의 관계,m1_coord_y_axis__prerequisite_for__m1_func_equation_x_zero_substitution,cross_unit,m1_coord_y_axis,y축,좌표평면과 그래프,m1_func_equation_x_zero_substitution,x=0을 대입해 y축과의 교점 구하기,일차함수와 일차방정식의 관계,prerequisite_for,medium,4,curriculum_math_2022: printed p. 35; [9수02-17]; achievement_standard; 일차함수와 미지수가 2개인 일차방정식의 관계를 설명하는 성취기준 | achievement_math_2022: 일차함수와 일차방정식의 관계 section; [9수02-17] achievement levels; achievement_level; 미지수가 2개인 일차방정식의 해를 일차함수의 그래프로 나타내고 관계를 설명하는 수행 수준을 구분 | curriculum_math_2022: printed p. 34; [9수02-05]; achievement_standard; 순서쌍과 좌표를 이해하고 편리함을 인식하는 성취기준 | achievement_math_2022: 좌표평면과 그래프 section; [9수02-05] achievement levels; achievement_level; 수직선과 좌표평면 위의 점을 좌표로 나타내거나 주어진 좌표를 점으로 나타내는 수행을 구분,,prerequisite_ref;textbook_page_refs,Find textbook sequencing or prior-knowledge evidence for the prerequisite relation.,pending_textbook_pdf,,,,,,,,,,
3,중1(교육과정 학년군: 중1-3),변화와 관계,일차함수와 일차방정식의 관계,m1_coord_y_axis__prerequisite_for__m1_func_equation_y_axis_intersection,cross_unit,m1_coord_y_axis,y축,좌표평면과 그래프,m1_func_equation_y_axis_intersection,일차방정식 그래프의 y축과의 교점,일차함수와 일차방정식의 관계,prerequisite_for,medium,4,curriculum_math_2022: printed p. 35; [9수02-17]; achievement_standard; 일차함수와 미지수가 2개인 일차방정식의 관계를 설명하는 성취기준 | achievement_math_2022: 일차함수와 일차방정식의 관계 section; [9수02-17] achievement levels; achievement_level; 미지수가 2개인 일차방정식의 해를 일차함수의 그래프로 나타내고 관계를 설명하는 수행 수준을 구분 | curriculum_math_2022: printed p. 34; [9수02-05]; achievement_standard; 순서쌍과 좌표를 이해하고 편리함을 인식하는 성취기준 | achievement_math_2022: 좌표평면과 그래프 section; [9수02-05] achievement levels; achievement_level; 수직선과 좌표평면 위의 점을 좌표로 나타내거나 주어진 좌표를 점으로 나타내는 수행을 구분,,prerequisite_ref;textbook_page_refs,Find textbook sequencing or prior-knowledge evidence for the prerequisite relation.,pending_textbook_pdf,,,,,,,,,,
3,중1(교육과정 학년군: 중1-3),변화와 관계,일차함수와 일차방정식의 관계,m1_coord_y_coordinate__prerequisite_for__m1_func_intersection_coordinate_reading,cross_unit,m1_coord_y_coordinate,y좌표,좌표평면과 그래프,m1_func_intersection_coordinate_reading,교점 좌표 읽기,일차함수와 일차방정식의 관계,prerequisite_for,medium,4,curriculum_math_2022: printed p. 35; [9수02-18]; achievement_standard; 두 일차함수의 그래프와 연립일차방정식의 관계를 설명하는 성취기준 | achievement_math_2022: 일차함수와 일차방정식의 관계 section; [9수02-18] achievement levels; achievement_level; 두 일차함수의 그래프의 교점과 연립일차방정식의 해 사이의 관계를 설명하는 수행 수준을 구분 | curriculum_math_2022: printed p. 34; [9수02-05]; achievement_standard; 순서쌍과 좌표를 이해하고 편리함을 인식하는 성취기준 | achievement_math_2022: 좌표평면과 그래프 section; [9수02-05] achievement levels; achievement_level; 수직선과 좌표평면 위의 점을 좌표로 나타내거나 주어진 좌표를 점으로 나타내는 수행을 구분,,prerequisite_ref;textbook_page_refs,Find textbook sequencing or prior-knowledge evidence for the prerequisite relation.,pending_textbook_pdf,,,,,,,,,,
3,중1(교육과정 학년군: 중1-3),변화와 관계,일차함수와 일차방정식의 관계,m1_eq_equality_properties__prerequisite_for__m1_func_equation_function_form_conversion,cross_unit,m1_eq_equality_properties,등식의 성질,일차방정식,m1_func_equation_function_form_conversion,미지수가 2개인 일차방정식을 y=ax+b 꼴로 나타내기,일차함수와 일차방정식의 관계,prerequisite_for,medium,2,curriculum_math_2022: printed p. 35; [9수02-17]; achievement_standard; 일차함수와 미지수가 2개인 일차방정식의 관계를 설명하는 성취기준 | achievement_math_2022: 일차함수와 일차방정식의 관계 section; [9수02-17] achievement levels; achievement_level; 미지수가 2개인 일차방정식의 해를 일차함수의 그래프로 나타내고 관계를 설명하는 수행 수준을 구분,,prerequisite_ref;textbook_page_refs,Find textbook sequencing or prior-knowledge evidence for the prerequisite relation.,pending_textbook_pdf,,,,,,,,,,
3,중1(교육과정 학년군: 중1-3),변화와 관계,일차함수와 일차방정식의 관계,m1_eq_unit__prerequisite_for__m1_func_eq_relation_unit,cross_unit,m1_eq_unit,일차방정식,일차방정식,m1_func_eq_relation_unit,일차함수와 일차방정식의 관계,일차함수와 일차방정식의 관계,prerequisite_for,high,2,curriculum_math_2022: printed p. 35; [9수02-17]; achievement_standard; 일차함수와 미지수가 2개인 일차방정식의 관계를 설명하는 성취기준 | achievement_math_2022: 일차함수와 일차방정식의 관계 section; [9수02-17] achievement levels; achievement_level; 미지수가 2개인 일차방정식의 해를 일차함수의 그래프로 나타내고 관계를 설명하는 수행 수준을 구분,,prerequisite_ref;textbook_page_refs,Find textbook sequencing or prior-knowledge evidence for the prerequisite relation.,pending_textbook_pdf,,,,,,,,,,
3,중1(교육과정 학년군: 중1-3),변화와 관계,일차함수와 일차방정식의 관계,m1_expr_substitution__prerequisite_for__m1_func_equation_x_zero_substitution,cross_unit,m1_expr_substitution,대입,문자의 사용과 식,m1_func_equation_x_zero_substitution,x=0을 대입해 y축과의 교점 구하기,일차함수와 일차방정식의 관계,prerequisite_for,medium,4,curriculum_math_2022: printed p. 35; [9수02-17]; achievement_standard; 일차함수와 미지수가 2개인 일차방정식의 관계를 설명하는 성취기준 | achievement_math_2022: 일차함수와 일차방정식의 관계 section; [9수02-17] achievement levels; achievement_level; 미지수가 2개인 일차방정식의 해를 일차함수의 그래프로 나타내고 관계를 설명하는 수행 수준을 구분 | curriculum_math_2022: printed p. 34; [9수02-05]; achievement_standard; 순서쌍과 좌표를 이해하고 편리함을 인식하는 성취기준 | achievement_math_2022: 좌표평면과 그래프 section; [9수02-05] achievement levels; achievement_level; 수직선과 좌표평면 위의 점을 좌표로 나타내거나 주어진 좌표를 점으로 나타내는 수행을 구분,,prerequisite_ref;textbook_page_refs,Find textbook sequencing or prior-knowledge evidence for the prerequisite relation.,pending_textbook_pdf,,,,,,,,,,
3,중1(교육과정 학년군: 중1-3),변화와 관계,일차함수와 일차방정식의 관계,m1_expr_substitution__prerequisite_for__m1_func_equation_y_zero_substitution,cross_unit,m1_expr_substitution,대입,문자의 사용과 식,m1_func_equation_y_zero_substitution,y=0을 대입해 x축과의 교점 구하기,일차함수와 일차방정식의 관계,prerequisite_for,medium,4,curriculum_math_2022: printed p. 35; [9수02-17]; achievement_standard; 일차함수와 미지수가 2개인 일차방정식의 관계를 설명하는 성취기준 | achievement_math_2022: 일차함수와 일차방정식의 관계 section; [9수02-17] achievement levels; achievement_level; 미지수가 2개인 일차방정식의 해를 일차함수의 그래프로 나타내고 관계를 설명하는 수행 수준을 구분 | curriculum_math_2022: printed p. 34; [9수02-05]; achievement_standard; 순서쌍과 좌표를 이해하고 편리함을 인식하는 성취기준 | achievement_math_2022: 좌표평면과 그래프 section; [9수02-05] achievement levels; achievement_level; 수직선과 좌표평면 위의 점을 좌표로 나타내거나 주어진 좌표를 점으로 나타내는 수행을 구분,,prerequisite_ref;textbook_page_refs,Find textbook sequencing or prior-knowledge evidence for the prerequisite relation.,pending_textbook_pdf,,,,,,,,,,
3,중1(교육과정 학년군: 중1-3),변화와 관계,일차함수와 일차방정식의 관계,m1_expr_substitution__prerequisite_for__m1_func_solution_pair_check_by_substitution,cross_unit,m1_expr_substitution,대입,문자의 사용과 식,m1_func_solution_pair_check_by_substitution,순서쌍을 대입하여 방정식의 해인지 확인하기,일차함수와 일차방정식의 관계,prerequisite_for,medium,4,curriculum_math_2022: printed p. 35; [9수02-17]; achievement_standard; 일차함수와 미지수가 2개인 일차방정식의 관계를 설명하는 성취기준 | achievement_math_2022: 일차함수와 일차방정식의 관계 section; [9수02-17] achievement levels; achievement_level; 미지수가 2개인 일차방정식의 해를 일차함수의 그래프로 나타내고 관계를 설명하는 수행 수준을 구분 | curriculum_math_2022: printed p. 34; [9수02-05]; achievement_standard; 순서쌍과 좌표를 이해하고 편리함을 인식하는 성취기준 | achievement_math_2022: 좌표평면과 그래프 section; [9수02-05] achievement levels; achievement_level; 수직선과 좌표평면 위의 점을 좌표로 나타내거나 주어진 좌표를 점으로 나타내는 수행을 구분,,prerequisite_ref;textbook_page_refs,Find textbook sequencing or prior-knowledge evidence for the prerequisite relation.,pending_textbook_pdf,,,,,,,,,,
3,중1(교육과정 학년군: 중1-3),변화와 관계,일차함수와 일차방정식의 관계,m1_func_linear_formula__prerequisite_for__m1_func_equation_function_form_conversion,cross_unit,m1_func_linear_formula,일차함수의 식,일차함수와 그 그래프,m1_func_equation_function_form_conversion,미지수가 2개인 일차방정식을 y=ax+b 꼴로 나타내기,일차함수와 일차방정식의 관계,prerequisite_for,medium,2,curriculum_math_2022: printed p. 35; [9수02-17]; achievement_standard; 일차함수와 미지수가 2개인 일차방정식의 관계를 설명하는 성취기준 | achievement_math_2022: 일차함수와 일차방정식의 관계 section; [9수02-17] achievement levels; achievement_level; 미지수가 2개인 일차방정식의 해를 일차함수의 그래프로 나타내고 관계를 설명하는 수행 수준을 구분,,prerequisite_ref;textbook_page_refs,Find textbook sequencing or prior-knowledge evidence for the prerequisite relation.,pending_textbook_pdf,,,,,,,,,,
3,중1(교육과정 학년군: 중1-3),변화와 관계,일차함수와 일차방정식의 관계,m1_func_linear_graph__prerequisite_for__m1_func_two_linear_graphs,cross_unit,m1_func_linear_graph,일차함수의 그래프,일차함수와 그 그래프,m1_func_two_linear_graphs,두 일차함수의 그래프,일차함수와 일차방정식의 관계,prerequisite_for,high,2,curriculum_math_2022: printed p. 35; [9수02-18]; achievement_standard; 두 일차함수의 그래프와 연립일차방정식의 관계를 설명하는 성취기준 | achievement_math_2022: 일차함수와 일차방정식의 관계 section; [9수02-18] achievement levels; achievement_level; 두 일차함수의 그래프의 교점과 연립일차방정식의 해 사이의 관계를 설명하는 수행 수준을 구분,,prerequisite_ref;textbook_page_refs,Find textbook sequencing or prior-knowledge evidence for the prerequisite relation.,pending_textbook_pdf,,,,,,,,,,
3,중1(교육과정 학년군: 중1-3),변화와 관계,일차함수와 일차방정식의 관계,m1_func_linear_graph__prerequisite_for__m1_func_two_variable_equation_as_graph,cross_unit,m1_func_linear_graph,일차함수의 그래프,일차함수와 그 그래프,m1_func_two_variable_equation_as_graph,미지수가 2개인 일차방정식의 해를 그래프로 나타내기,일차함수와 일차방정식의 관계,prerequisite_for,high,2,curriculum_math_2022: printed p. 35; [9수02-17]; achievement_standard; 일차함수와 미지수가 2개인 일차방정식의 관계를 설명하는 성취기준 | achievement_math_2022: 일차함수와 일차방정식의 관계 section; [9수02-17] achievement levels; achievement_level; 미지수가 2개인 일차방정식의 해를 일차함수의 그래프로 나타내고 관계를 설명하는 수행 수준을 구분,,prerequisite_ref;textbook_page_refs,Find textbook sequencing or prior-knowledge evidence for the prerequisite relation.,pending_textbook_pdf,,,,,,,,,,
3,중1(교육과정 학년군: 중1-3),변화와 관계,일차함수와 일차방정식의 관계,m1_func_linear_graph__prerequisite_for__m1_func_two_variable_linear_equation_graph,cross_unit,m1_func_linear_graph,일차함수의 그래프,일차함수와 그 그래프,m1_func_two_variable_linear_equation_graph,미지수가 2개인 일차방정식의 그래프,일차함수와 일차방정식의 관계,prerequisite_for,high,2,curriculum_math_2022: printed p. 35; [9수02-17]; achievement_standard; 일차함수와 미지수가 2개인 일차방정식의 관계를 설명하는 성취기준 | achievement_math_2022: 일차함수와 일차방정식의 관계 section; [9수02-17] achievement levels; achievement_level; 미지수가 2개인 일차방정식의 해를 일차함수의 그래프로 나타내고 관계를 설명하는 수행 수준을 구분,,prerequisite_ref;textbook_page_refs,Find textbook sequencing or prior-knowledge evidence for the prerequisite relation.,pending_textbook_pdf,,,,,,,,,,
3,중1(교육과정 학년군: 중1-3),변화와 관계,일차함수와 일차방정식의 관계,m1_func_unit__prerequisite_for__m1_func_eq_relation_unit,cross_unit,m1_func_unit,일차함수와 그 그래프,일차함수와 그 그래프,m1_func_eq_relation_unit,일차함수와 일차방정식의 관계,일차함수와 일차방정식의 관계,prerequisite_for,high,4,curriculum_math_2022: printed p. 35; [9수02-17]; achievement_standard; 일차함수와 미지수가 2개인 일차방정식의 관계를 설명하는 성취기준 | curriculum_math_2022: printed p. 35; [9수02-18]; achievement_standard; 두 일차함수의 그래프와 연립일차방정식의 관계를 설명하는 성취기준 | achievement_math_2022: 일차함수와 일차방정식의 관계 section; [9수02-17] achievement levels; achievement_level; 미지수가 2개인 일차방정식의 해를 일차함수의 그래프로 나타내고 관계를 설명하는 수행 수준을 구분 | achievement_math_2022: 일차함수와 일차방정식의 관계 section; [9수02-18] achievement levels; achievement_level; 두 일차함수의 그래프의 교점과 연립일차방정식의 해 사이의 관계를 설명하는 수행 수준을 구분,,prerequisite_ref;textbook_page_refs,Find textbook sequencing or prior-knowledge evidence for the prerequisite relation.,pending_textbook_pdf,,,,,,,,,,
3,중1(교육과정 학년군: 중1-3),변화와 관계,일차함수와 일차방정식의 관계,m1_num_zero__prerequisite_for__m1_func_equation_x_zero_substitution,cross_unit,m1_num_zero,0,정수와 유리수,m1_func_equation_x_zero_substitution,x=0을 대입해 y축과의 교점 구하기,일차함수와 일차방정식의 관계,prerequisite_for,medium,4,curriculum_math_2022: printed p. 35; [9수02-17]; achievement_standard; 일차함수와 미지수가 2개인 일차방정식의 관계를 설명하는 성취기준 | achievement_math_2022: 일차함수와 일차방정식의 관계 section; [9수02-17] achievement levels; achievement_level; 미지수가 2개인 일차방정식의 해를 일차함수의 그래프로 나타내고 관계를 설명하는 수행 수준을 구분 | curriculum_math_2022: printed p. 34; [9수02-05]; achievement_standard; 순서쌍과 좌표를 이해하고 편리함을 인식하는 성취기준 | achievement_math_2022: 좌표평면과 그래프 section; [9수02-05] achievement levels; achievement_level; 수직선과 좌표평면 위의 점을 좌표로 나타내거나 주어진 좌표를 점으로 나타내는 수행을 구분,,prerequisite_ref;textbook_page_refs,Find textbook sequencing or prior-knowledge evidence for the prerequisite relation.,pending_textbook_pdf,,,,,,,,,,
3,중1(교육과정 학년군: 중1-3),변화와 관계,일차함수와 일차방정식의 관계,m1_num_zero__prerequisite_for__m1_func_equation_y_zero_substitution,cross_unit,m1_num_zero,0,정수와 유리수,m1_func_equation_y_zero_substitution,y=0을 대입해 x축과의 교점 구하기,일차함수와 일차방정식의 관계,prerequisite_for,medium,4,curriculum_math_2022: printed p. 35; [9수02-17]; achievement_standard; 일차함수와 미지수가 2개인 일차방정식의 관계를 설명하는 성취기준 | achievement_math_2022: 일차함수와 일차방정식의 관계 section; [9수02-17] achievement levels; achievement_level; 미지수가 2개인 일차방정식의 해를 일차함수의 그래프로 나타내고 관계를 설명하는 수행 수준을 구분 | curriculum_math_2022: printed p. 34; [9수02-05]; achievement_standard; 순서쌍과 좌표를 이해하고 편리함을 인식하는 성취기준 | achievement_math_2022: 좌표평면과 그래프 section; [9수02-05] achievement levels; achievement_level; 수직선과 좌표평면 위의 점을 좌표로 나타내거나 주어진 좌표를 점으로 나타내는 수행을 구분,,prerequisite_ref;textbook_page_refs,Find textbook sequencing or prior-knowledge evidence for the prerequisite relation.,pending_textbook_pdf,,,,,,,,,,
3,중1(교육과정 학년군: 중1-3),변화와 관계,일차함수와 일차방정식의 관계,m1_repr_table__prerequisite_for__m1_func_equation_solution_table,cross_unit,m1_repr_table,표,좌표평면과 그래프,m1_func_equation_solution_table,미지수가 2개인 일차방정식 해의 대응표,일차함수와 일차방정식의 관계,prerequisite_for,medium,4,curriculum_math_2022: printed p. 35; [9수02-17]; achievement_standard; 일차함수와 미지수가 2개인 일차방정식의 관계를 설명하는 성취기준 | achievement_math_2022: 일차함수와 일차방정식의 관계 section; [9수02-17] achievement levels; achievement_level; 미지수가 2개인 일차방정식의 해를 일차함수의 그래프로 나타내고 관계를 설명하는 수행 수준을 구분 | curriculum_math_2022: printed p. 34; [9수02-05]; achievement_standard; 순서쌍과 좌표를 이해하고 편리함을 인식하는 성취기준 | achievement_math_2022: 좌표평면과 그래프 section; [9수02-05] achievement levels; achievement_level; 수직선과 좌표평면 위의 점을 좌표로 나타내거나 주어진 좌표를 점으로 나타내는 수행을 구분,,prerequisite_ref;textbook_page_refs,Find textbook sequencing or prior-knowledge evidence for the prerequisite relation.,pending_textbook_pdf,,,,,,,,,,
3,중1(교육과정 학년군: 중1-3),변화와 관계,일차함수와 일차방정식의 관계,m1_system_common_solution_condition__prerequisite_for__m1_func_intersection_as_common_solution,cross_unit,m1_system_common_solution_condition,공통 해 조건,연립일차방정식,m1_func_intersection_as_common_solution,교점은 두 방정식의 공통해,일차함수와 일차방정식의 관계,prerequisite_for,high,4,curriculum_math_2022: printed p. 35; [9수02-18]; achievement_standard; 두 일차함수의 그래프와 연립일차방정식의 관계를 설명하는 성취기준 | achievement_math_2022: 일차함수와 일차방정식의 관계 section; [9수02-18] achievement levels; achievement_level; 두 일차함수의 그래프의 교점과 연립일차방정식의 해 사이의 관계를 설명하는 수행 수준을 구분 | curriculum_math_2022: printed p. 35; [9수02-13]; achievement_standard; 미지수가 2개인 연립일차방정식을 풀고 활용하는 성취기준 | achievement_math_2022: 연립일차방정식 section; [9수02-13] achievement levels; achievement_level; 미지수가 2개인 연립일차방정식을 여러 가지 방법으로 풀고 활용하는 수행 수준을 구분,,prerequisite_ref;textbook_page_refs,Find textbook sequencing or prior-knowledge evidence for the prerequisite relation.,pending_textbook_pdf,,,,,,,,,,
3,중1(교육과정 학년군: 중1-3),변화와 관계,일차함수와 일차방정식의 관계,m1_system_simultaneous_linear_equations__prerequisite_for__m1_func_system_graph_relation,cross_unit,m1_system_simultaneous_linear_equations,연립일차방정식,연립일차방정식,m1_func_system_graph_relation,두 일차함수의 그래프와 연립일차방정식의 관계,일차함수와 일차방정식의 관계,prerequisite_for,high,2,curriculum_math_2022: printed p. 35; [9수02-18]; achievement_standard; 두 일차함수의 그래프와 연립일차방정식의 관계를 설명하는 성취기준 | achievement_math_2022: 일차함수와 일차방정식의 관계 section; [9수02-18] achievement levels; achievement_level; 두 일차함수의 그래프의 교점과 연립일차방정식의 해 사이의 관계를 설명하는 수행 수준을 구분,,prerequisite_ref;textbook_page_refs,Find textbook sequencing or prior-knowledge evidence for the prerequisite relation.,pending_textbook_pdf,,,,,,,,,,
3,중1(교육과정 학년군: 중1-3),변화와 관계,일차함수와 일차방정식의 관계,m1_system_solution__prerequisite_for__m1_func_intersection_solution_count_relation,cross_unit,m1_system_solution,연립일차방정식의 해,연립일차방정식,m1_func_intersection_solution_count_relation,교점의 개수와 연립일차방정식 해의 개수의 관계,일차함수와 일차방정식의 관계,prerequisite_for,medium,2,curriculum_math_2022: printed p. 35; [9수02-18]; achievement_standard; 두 일차함수의 그래프와 연립일차방정식의 관계를 설명하는 성취기준 | achievement_math_2022: 일차함수와 일차방정식의 관계 section; [9수02-18] achievement levels; achievement_level; 두 일차함수의 그래프의 교점과 연립일차방정식의 해 사이의 관계를 설명하는 수행 수준을 구분,,prerequisite_ref;textbook_page_refs,Find textbook sequencing or prior-knowledge evidence for the prerequisite relation.,pending_textbook_pdf,,,,,,,,,,
3,중1(교육과정 학년군: 중1-3),변화와 관계,일차함수와 일차방정식의 관계,m1_system_solution__prerequisite_for__m1_func_single_solution_set_vs_common_solution,cross_unit,m1_system_solution,연립일차방정식의 해,연립일차방정식,m1_func_single_solution_set_vs_common_solution,한 방정식의 해 전체와 두 방정식의 공통해 구별하기,일차함수와 일차방정식의 관계,prerequisite_for,medium,4,curriculum_math_2022: printed p. 35; [9수02-17]; achievement_standard; 일차함수와 미지수가 2개인 일차방정식의 관계를 설명하는 성취기준 | achievement_math_2022: 일차함수와 일차방정식의 관계 section; [9수02-17] achievement levels; achievement_level; 미지수가 2개인 일차방정식의 해를 일차함수의 그래프로 나타내고 관계를 설명하는 수행 수준을 구분 | curriculum_math_2022: printed p. 35; [9수02-18]; achievement_standard; 두 일차함수의 그래프와 연립일차방정식의 관계를 설명하는 성취기준 | achievement_math_2022: 일차함수와 일차방정식의 관계 section; [9수02-18] achievement levels; achievement_level; 두 일차함수의 그래프의 교점과 연립일차방정식의 해 사이의 관계를 설명하는 수행 수준을 구분,,prerequisite_ref;textbook_page_refs,Find textbook sequencing or prior-knowledge evidence for the prerequisite relation.,pending_textbook_pdf,,,,,,,,,,
3,중1(교육과정 학년군: 중1-3),변화와 관계,일차함수와 일차방정식의 관계,m1_system_solution__prerequisite_for__m1_func_system_solution_from_intersection,cross_unit,m1_system_solution,연립일차방정식의 해,연립일차방정식,m1_func_system_solution_from_intersection,교점으로 연립일차방정식의 해 말하기,일차함수와 일차방정식의 관계,prerequisite_for,high,2,curriculum_math_2022: printed p. 35; [9수02-18]; achievement_standard; 두 일차함수의 그래프와 연립일차방정식의 관계를 설명하는 성취기준 | achievement_math_2022: 일차함수와 일차방정식의 관계 section; [9수02-18] achievement levels; achievement_level; 두 일차함수의 그래프의 교점과 연립일차방정식의 해 사이의 관계를 설명하는 수행 수준을 구분,,prerequisite_ref;textbook_page_refs,Find textbook sequencing or prior-knowledge evidence for the prerequisite relation.,pending_textbook_pdf,,,,,,,,,,
3,중1(교육과정 학년군: 중1-3),변화와 관계,일차함수와 일차방정식의 관계,m1_system_solution_ordered_pair__prerequisite_for__m1_func_intersection_coordinate_to_system_solution_pair,cross_unit,m1_system_solution_ordered_pair,해의 순서쌍 표현,연립일차방정식,m1_func_intersection_coordinate_to_system_solution_pair,교점의 좌표를 연립일차방정식의 해로 쓰기,일차함수와 일차방정식의 관계,prerequisite_for,high,6,curriculum_math_2022: printed p. 35; [9수02-18]; achievement_standard; 두 일차함수의 그래프와 연립일차방정식의 관계를 설명하는 성취기준 | achievement_math_2022: 일차함수와 일차방정식의 관계 section; [9수02-18] achievement levels; achievement_level; 두 일차함수의 그래프의 교점과 연립일차방정식의 해 사이의 관계를 설명하는 수행 수준을 구분 | curriculum_math_2022: printed p. 35; [9수02-13]; achievement_standard; 미지수가 2개인 연립일차방정식을 풀고 활용하는 성취기준 | achievement_math_2022: 연립일차방정식 section; [9수02-13] achievement levels; achievement_level; 미지수가 2개인 연립일차방정식을 여러 가지 방법으로 풀고 활용하는 수행 수준을 구분 | curriculum_math_2022: printed p. 34; [9수02-05]; achievement_standard; 순서쌍과 좌표를 이해하고 편리함을 인식하는 성취기준 | achievement_math_2022: 좌표평면과 그래프 section; [9수02-05] achievement levels; achievement_level; 수직선과 좌표평면 위의 점을 좌표로 나타내거나 주어진 좌표를 점으로 나타내는 수행을 구분,,prerequisite_ref;textbook_page_refs,Find textbook sequencing or prior-knowledge evidence for the prerequisite relation.,pending_textbook_pdf,,,,,,,,,,
3,중1(교육과정 학년군: 중1-3),변화와 관계,일차함수와 일차방정식의 관계,m1_system_two_variable_linear_equation__prerequisite_for__m1_func_equation_function_form_conversion,cross_unit,m1_system_two_variable_linear_equation,미지수가 2개인 일차방정식,연립일차방정식,m1_func_equation_function_form_conversion,미지수가 2개인 일차방정식을 y=ax+b 꼴로 나타내기,일차함수와 일차방정식의 관계,prerequisite_for,medium,2,curriculum_math_2022: printed p. 35; [9수02-17]; achievement_standard; 일차함수와 미지수가 2개인 일차방정식의 관계를 설명하는 성취기준 | achievement_math_2022: 일차함수와 일차방정식의 관계 section; [9수02-17] achievement levels; achievement_level; 미지수가 2개인 일차방정식의 해를 일차함수의 그래프로 나타내고 관계를 설명하는 수행 수준을 구분,,prerequisite_ref;textbook_page_refs,Find textbook sequencing or prior-knowledge evidence for the prerequisite relation.,pending_textbook_pdf,,,,,,,,,,
3,중1(교육과정 학년군: 중1-3),변화와 관계,일차함수와 일차방정식의 관계,m1_system_two_variable_linear_equation__prerequisite_for__m1_func_two_variable_equation_as_graph,cross_unit,m1_system_two_variable_linear_equation,미지수가 2개인 일차방정식,연립일차방정식,m1_func_two_variable_equation_as_graph,미지수가 2개인 일차방정식의 해를 그래프로 나타내기,일차함수와 일차방정식의 관계,prerequisite_for,high,2,curriculum_math_2022: printed p. 35; [9수02-17]; achievement_standard; 일차함수와 미지수가 2개인 일차방정식의 관계를 설명하는 성취기준 | achievement_math_2022: 일차함수와 일차방정식의 관계 section; [9수02-17] achievement levels; achievement_level; 미지수가 2개인 일차방정식의 해를 일차함수의 그래프로 나타내고 관계를 설명하는 수행 수준을 구분,,prerequisite_ref;textbook_page_refs,Find textbook sequencing or prior-knowledge evidence for the prerequisite relation.,pending_textbook_pdf,,,,,,,,,,
3,중1(교육과정 학년군: 중1-3),변화와 관계,일차함수와 일차방정식의 관계,m1_system_two_variable_linear_equation__prerequisite_for__m1_func_two_variable_equation_solution_pair,cross_unit,m1_system_two_variable_linear_equation,미지수가 2개인 일차방정식,연립일차방정식,m1_func_two_variable_equation_solution_pair,미지수가 2개인 일차방정식 해의 순서쌍,일차함수와 일차방정식의 관계,prerequisite_for,medium,4,curriculum_math_2022: printed p. 35; [9수02-17]; achievement_standard; 일차함수와 미지수가 2개인 일차방정식의 관계를 설명하는 성취기준 | achievement_math_2022: 일차함수와 일차방정식의 관계 section; [9수02-17] achievement levels; achievement_level; 미지수가 2개인 일차방정식의 해를 일차함수의 그래프로 나타내고 관계를 설명하는 수행 수준을 구분 | curriculum_math_2022: printed p. 34; [9수02-05]; achievement_standard; 순서쌍과 좌표를 이해하고 편리함을 인식하는 성취기준 | achievement_math_2022: 좌표평면과 그래프 section; [9수02-05] achievement levels; achievement_level; 수직선과 좌표평면 위의 점을 좌표로 나타내거나 주어진 좌표를 점으로 나타내는 수행을 구분,,prerequisite_ref;textbook_page_refs,Find textbook sequencing or prior-knowledge evidence for the prerequisite relation.,pending_textbook_pdf,,,,,,,,,,
3,중1(교육과정 학년군: 중1-3),변화와 관계,일차함수와 일차방정식의 관계,m1_system_two_variable_linear_equation__prerequisite_for__m1_func_two_variable_linear_equation_graph,cross_unit,m1_system_two_variable_linear_equation,미지수가 2개인 일차방정식,연립일차방정식,m1_func_two_variable_linear_equation_graph,미지수가 2개인 일차방정식의 그래프,일차함수와 일차방정식의 관계,prerequisite_for,high,2,curriculum_math_2022: printed p. 35; [9수02-17]; achievement_standard; 일차함수와 미지수가 2개인 일차방정식의 관계를 설명하는 성취기준 | achievement_math_2022: 일차함수와 일차방정식의 관계 section; [9수02-17] achievement levels; achievement_level; 미지수가 2개인 일차방정식의 해를 일차함수의 그래프로 나타내고 관계를 설명하는 수행 수준을 구분,,prerequisite_ref;textbook_page_refs,Find textbook sequencing or prior-knowledge evidence for the prerequisite relation.,pending_textbook_pdf,,,,,,,,,,
3,중1(교육과정 학년군: 중1-3),변화와 관계,일차함수와 일차방정식의 관계,m1_func_two_variable_equation_solution_pair__represented_by__m1_coord_ordered_pair,cross_unit,m1_func_two_variable_equation_solution_pair,미지수가 2개인 일차방정식 해의 순서쌍,일차함수와 일차방정식의 관계,m1_coord_ordered_pair,순서쌍,좌표평면과 그래프,represented_by,medium,4,curriculum_math_2022: printed p. 35; [9수02-17]; achievement_standard; 일차함수와 미지수가 2개인 일차방정식의 관계를 설명하는 성취기준 | curriculum_math_2022: printed p. 34; [9수02-05]; achievement_standard; 순서쌍과 좌표를 이해하고 편리함을 인식하는 성취기준 | achievement_math_2022: 일차함수와 일차방정식의 관계 section; [9수02-17] achievement levels; achievement_level; 미지수가 2개인 일차방정식의 해를 일차함수의 그래프로 나타내고 관계를 설명하는 수행 수준을 구분 | achievement_math_2022: 좌표평면과 그래프 section; [9수02-05] achievement levels; achievement_level; 수직선과 좌표평면 위의 점을 좌표로 나타내거나 주어진 좌표를 점으로 나타내는 수행을 구분,Each solution of a two-variable linear equation is written as an ordered pair before it is placed on the coordinate plane.,representation_ref;textbook_page_refs,"Find textbook representation evidence such as a table, graph, expression, or diagram.",pending_textbook_pdf,,,,,,,,,,
3,중1(교육과정 학년군: 중1-3),변화와 관계,일차함수와 일차방정식의 관계,m1_system_simultaneous_linear_equations__represented_by__m1_func_two_linear_graphs,cross_unit,m1_system_simultaneous_linear_equations,연립일차방정식,연립일차방정식,m1_func_two_linear_graphs,두 일차함수의 그래프,일차함수와 일차방정식의 관계,represented_by,high,2,curriculum_math_2022: printed p. 35; [9수02-18]; achievement_standard; 두 일차함수의 그래프와 연립일차방정식의 관계를 설명하는 성취기준 | achievement_math_2022: 일차함수와 일차방정식의 관계 section; [9수02-18] achievement levels; achievement_level; 두 일차함수의 그래프의 교점과 연립일차방정식의 해 사이의 관계를 설명하는 수행 수준을 구분,,representation_ref;textbook_page_refs,"Find textbook representation evidence such as a table, graph, expression, or diagram.",pending_textbook_pdf,,,,,,,,,,
3,중1(교육과정 학년군: 중1-3),변화와 관계,일차함수와 일차방정식의 관계,m1_system_solution__represented_by__m1_func_intersection_point,cross_unit,m1_system_solution,연립일차방정식의 해,연립일차방정식,m1_func_intersection_point,교점,일차함수와 일차방정식의 관계,represented_by,high,2,curriculum_math_2022: printed p. 35; [9수02-18]; achievement_standard; 두 일차함수의 그래프와 연립일차방정식의 관계를 설명하는 성취기준 | achievement_math_2022: 일차함수와 일차방정식의 관계 section; [9수02-18] achievement levels; achievement_level; 두 일차함수의 그래프의 교점과 연립일차방정식의 해 사이의 관계를 설명하는 수행 수준을 구분,연립일차방정식의 해는 두 일차함수 그래프의 교점 좌표로 표현된다.,representation_ref;textbook_page_refs,"Find textbook representation evidence such as a table, graph, expression, or diagram.",pending_textbook_pdf,,,,,,,,,,
3,중1(교육과정 학년군: 중1-3),변화와 관계,일차함수와 일차방정식의 관계,m1_system_solution__represented_by__m1_func_intersection_point_coordinate,cross_unit,m1_system_solution,연립일차방정식의 해,연립일차방정식,m1_func_intersection_point_coordinate,교점의 좌표,일차함수와 일차방정식의 관계,represented_by,high,4,curriculum_math_2022: printed p. 35; [9수02-18]; achievement_standard; 두 일차함수의 그래프와 연립일차방정식의 관계를 설명하는 성취기준 | achievement_math_2022: 일차함수와 일차방정식의 관계 section; [9수02-18] achievement levels; achievement_level; 두 일차함수의 그래프의 교점과 연립일차방정식의 해 사이의 관계를 설명하는 수행 수준을 구분 | curriculum_math_2022: printed p. 34; [9수02-05]; achievement_standard; 순서쌍과 좌표를 이해하고 편리함을 인식하는 성취기준 | achievement_math_2022: 좌표평면과 그래프 section; [9수02-05] achievement levels; achievement_level; 수직선과 좌표평면 위의 점을 좌표로 나타내거나 주어진 좌표를 점으로 나타내는 수행을 구분,The solution of a simultaneous linear equation system can be read as the coordinate of an intersection point.,representation_ref;textbook_page_refs,"Find textbook representation evidence such as a table, graph, expression, or diagram.",pending_textbook_pdf,,,,,,,,,,
3,중1(교육과정 학년군: 중1-3),변화와 관계,일차함수와 일차방정식의 관계,m1_system_two_variable_linear_equation__represented_by__m1_func_two_variable_linear_equation_graph,cross_unit,m1_system_two_variable_linear_equation,미지수가 2개인 일차방정식,연립일차방정식,m1_func_two_variable_linear_equation_graph,미지수가 2개인 일차방정식의 그래프,일차함수와 일차방정식의 관계,represented_by,high,2,curriculum_math_2022: printed p. 35; [9수02-17]; achievement_standard; 일차함수와 미지수가 2개인 일차방정식의 관계를 설명하는 성취기준 | achievement_math_2022: 일차함수와 일차방정식의 관계 section; [9수02-17] achievement levels; achievement_level; 미지수가 2개인 일차방정식의 해를 일차함수의 그래프로 나타내고 관계를 설명하는 수행 수준을 구분,A two-variable linear equation can be represented by the line consisting of all of its solution pairs.,representation_ref;textbook_page_refs,"Find textbook representation evidence such as a table, graph, expression, or diagram.",pending_textbook_pdf,,,,,,,,,,
3,중1(교육과정 학년군: 중1-3),변화와 관계,일차함수와 일차방정식의 관계,m1_func_intersection_coordinate_reading__used_in__m1_system_solution,cross_unit,m1_func_intersection_coordinate_reading,교점 좌표 읽기,일차함수와 일차방정식의 관계,m1_system_solution,연립일차방정식의 해,연립일차방정식,used_in,medium,4,curriculum_math_2022: printed p. 35; [9수02-18]; achievement_standard; 두 일차함수의 그래프와 연립일차방정식의 관계를 설명하는 성취기준 | achievement_math_2022: 일차함수와 일차방정식의 관계 section; [9수02-18] achievement levels; achievement_level; 두 일차함수의 그래프의 교점과 연립일차방정식의 해 사이의 관계를 설명하는 수행 수준을 구분 | curriculum_math_2022: printed p. 34; [9수02-05]; achievement_standard; 순서쌍과 좌표를 이해하고 편리함을 인식하는 성취기준 | achievement_math_2022: 좌표평면과 그래프 section; [9수02-05] achievement levels; achievement_level; 수직선과 좌표평면 위의 점을 좌표로 나타내거나 주어진 좌표를 점으로 나타내는 수행을 구분,Reading the intersection coordinate is used to identify the simultaneous-equation solution.,procedure_ref;textbook_page_refs,"Find a worked example, procedure, or application where this source concept is used.",pending_textbook_pdf,,,,,,,,,,
3,중1(교육과정 학년군: 중1-3),변화와 관계,일차함수와 일차방정식의 관계,m1_func_intersection_coordinate_to_system_solution_pair__used_in__m1_system_solution,cross_unit,m1_func_intersection_coordinate_to_system_solution_pair,교점의 좌표를 연립일차방정식의 해로 쓰기,일차함수와 일차방정식의 관계,m1_system_solution,연립일차방정식의 해,연립일차방정식,used_in,high,6,curriculum_math_2022: printed p. 35; [9수02-18]; achievement_standard; 두 일차함수의 그래프와 연립일차방정식의 관계를 설명하는 성취기준 | achievement_math_2022: 일차함수와 일차방정식의 관계 section; [9수02-18] achievement levels; achievement_level; 두 일차함수의 그래프의 교점과 연립일차방정식의 해 사이의 관계를 설명하는 수행 수준을 구분 | curriculum_math_2022: printed p. 35; [9수02-13]; achievement_standard; 미지수가 2개인 연립일차방정식을 풀고 활용하는 성취기준 | achievement_math_2022: 연립일차방정식 section; [9수02-13] achievement levels; achievement_level; 미지수가 2개인 연립일차방정식을 여러 가지 방법으로 풀고 활용하는 수행 수준을 구분 | curriculum_math_2022: printed p. 34; [9수02-05]; achievement_standard; 순서쌍과 좌표를 이해하고 편리함을 인식하는 성취기준 | achievement_math_2022: 좌표평면과 그래프 section; [9수02-05] achievement levels; achievement_level; 수직선과 좌표평면 위의 점을 좌표로 나타내거나 주어진 좌표를 점으로 나타내는 수행을 구분,,procedure_ref;textbook_page_refs,"Find a worked example, procedure, or application where this source concept is used.",pending_textbook_pdf,,,,,,,,,,
3,중1(교육과정 학년군: 중1-3),변화와 관계,일차함수와 일차방정식의 관계,m1_func_linear_graph__used_in__m1_func_equation_relation,cross_unit,m1_func_linear_graph,일차함수의 그래프,일차함수와 그 그래프,m1_func_equation_relation,일차함수와 미지수가 2개인 일차방정식의 관계,일차함수와 일차방정식의 관계,used_in,high,2,curriculum_math_2022: printed p. 35; [9수02-17]; achievement_standard; 일차함수와 미지수가 2개인 일차방정식의 관계를 설명하는 성취기준 | achievement_math_2022: 일차함수와 일차방정식의 관계 section; [9수02-17] achievement levels; achievement_level; 미지수가 2개인 일차방정식의 해를 일차함수의 그래프로 나타내고 관계를 설명하는 수행 수준을 구분,,procedure_ref;textbook_page_refs,"Find a worked example, procedure, or application where this source concept is used.",pending_textbook_pdf,,,,,,,,,,
3,중1(교육과정 학년군: 중1-3),변화와 관계,일차함수와 일차방정식의 관계,m1_system_solution_ordered_pair__used_in__m1_func_intersection_coordinate_to_system_solution_pair,cross_unit,m1_system_solution_ordered_pair,해의 순서쌍 표현,연립일차방정식,m1_func_intersection_coordinate_to_system_solution_pair,교점의 좌표를 연립일차방정식의 해로 쓰기,일차함수와 일차방정식의 관계,used_in,high,6,curriculum_math_2022: printed p. 35; [9수02-18]; achievement_standard; 두 일차함수의 그래프와 연립일차방정식의 관계를 설명하는 성취기준 | achievement_math_2022: 일차함수와 일차방정식의 관계 section; [9수02-18] achievement levels; achievement_level; 두 일차함수의 그래프의 교점과 연립일차방정식의 해 사이의 관계를 설명하는 수행 수준을 구분 | curriculum_math_2022: printed p. 35; [9수02-13]; achievement_standard; 미지수가 2개인 연립일차방정식을 풀고 활용하는 성취기준 | achievement_math_2022: 연립일차방정식 section; [9수02-13] achievement levels; achievement_level; 미지수가 2개인 연립일차방정식을 여러 가지 방법으로 풀고 활용하는 수행 수준을 구분 | curriculum_math_2022: printed p. 34; [9수02-05]; achievement_standard; 순서쌍과 좌표를 이해하고 편리함을 인식하는 성취기준 | achievement_math_2022: 좌표평면과 그래프 section; [9수02-05] achievement levels; achievement_level; 수직선과 좌표평면 위의 점을 좌표로 나타내거나 주어진 좌표를 점으로 나타내는 수행을 구분,,procedure_ref;textbook_page_refs,"Find a worked example, procedure, or application where this source concept is used.",pending_textbook_pdf,,,,,,,,,,
3,중1(교육과정 학년군: 중1-3),변화와 관계,일차함수와 일차방정식의 관계,m1_system_two_variable_linear_equation__used_in__m1_func_equation_relation,cross_unit,m1_system_two_variable_linear_equation,미지수가 2개인 일차방정식,연립일차방정식,m1_func_equation_relation,일차함수와 미지수가 2개인 일차방정식의 관계,일차함수와 일차방정식의 관계,used_in,medium,4,curriculum_math_2022: printed p. 35; [9수02-13]; achievement_standard; 미지수가 2개인 연립일차방정식을 풀고 활용하는 성취기준 | curriculum_math_2022: printed p. 35; [9수02-17]; achievement_standard; 일차함수와 미지수가 2개인 일차방정식의 관계를 설명하는 성취기준 | achievement_math_2022: 연립일차방정식 section; [9수02-13] achievement levels; achievement_level; 미지수가 2개인 연립일차방정식을 여러 가지 방법으로 풀고 활용하는 수행 수준을 구분 | achievement_math_2022: 일차함수와 일차방정식의 관계 section; [9수02-17] achievement levels; achievement_level; 미지수가 2개인 일차방정식의 해를 일차함수의 그래프로 나타내고 관계를 설명하는 수행 수준을 구분,The relation between linear functions and two-variable linear equations uses the two-variable equation concept explicitly.,procedure_ref;textbook_page_refs,"Find a worked example, procedure, or application where this source concept is used.",pending_textbook_pdf,,,,,,,,,,
3,중1(교육과정 학년군: 중1-3),변화와 관계,일차함수와 일차방정식의 관계,m1_system_two_variable_linear_equation__used_in__m1_func_two_variable_equation_as_graph,cross_unit,m1_system_two_variable_linear_equation,미지수가 2개인 일차방정식,연립일차방정식,m1_func_two_variable_equation_as_graph,미지수가 2개인 일차방정식의 해를 그래프로 나타내기,일차함수와 일차방정식의 관계,used_in,high,2,curriculum_math_2022: printed p. 35; [9수02-17]; achievement_standard; 일차함수와 미지수가 2개인 일차방정식의 관계를 설명하는 성취기준 | achievement_math_2022: 일차함수와 일차방정식의 관계 section; [9수02-17] achievement levels; achievement_level; 미지수가 2개인 일차방정식의 해를 일차함수의 그래프로 나타내고 관계를 설명하는 수행 수준을 구분,,procedure_ref;textbook_page_refs,"Find a worked example, procedure, or application where this source concept is used.",pending_textbook_pdf,,,,,,,,,,
3,중1(교육과정 학년군: 중1-3),변화와 관계,일차함수와 일차방정식의 관계,m1_geo_intersection_point__contrasts_with__m1_func_intersection_point,cross_unit,m1_geo_intersection_point,교점,기본 도형,m1_func_intersection_point,교점,일차함수와 일차방정식의 관계,contrasts_with,medium,5,"curriculum_math_2022: printed p. 37; [9수03-01]; achievement_standard; 점, 선, 면, 각을 이해하고 점, 직선, 평면의 위치 관계를 설명하는 성취기준 | curriculum_math_2022: printed pp. 38-39; terms and symbols for 도형과 측정; term_list; 교점, 교선, 두 점 사이의 거리, 중점, 수직이등분선, 꼬인 위치, 교각, 맞꼭지각, 엇각, 동위각, 평각, 직교, 수선의 발, 작도, 대변, 대각, 삼각형의 합동 조건, 내각, 외각, 부채꼴, 중심각, 호, 현, 활꼴, 할선, 다면체, 각뿔대, 정다면체, 회전체, 회전축, 원뿔대, 증명, 접선, 접점, 접한다, 외심, 외접, 외접원, 내심, 내접, 내접원, 중선, 무게중심, 닮음, 닮음비, 삼각형의 닮음 조건, 피타고라스 정리, 삼각비, 사인, 코사인, 탄젠트, 원주각 등을 다룸 | curriculum_math_2022: printed p. 35; [9수02-18]; achievement_standard; 두 일차함수의 그래프와 연립일차방정식의 관계를 설명하는 성취기준 | achievement_math_2022: 기본 도형 section; [9수03-01] achievement levels; achievement_level; 점, 선, 면, 각 관련 용어와 기호를 이해하고 점, 직선, 평면의 위치 관계를 설명하는 수준을 구분 | achievement_math_2022: 일차함수와 일차방정식의 관계 section; [9수02-18] achievement levels; achievement_level; 두 일차함수의 그래프의 교점과 연립일차방정식의 해 사이의 관계를 설명하는 수행 수준을 구분","The same Korean term '교점' appears for geometric intersections and intersections of linear graphs, so the map keeps the contexts distinct.",contrast_ref;textbook_page_refs,Find textbook wording or examples that distinguish the two concepts.,pending_textbook_pdf,,,,,,,,,,
3,중1(교육과정 학년군: 중1-3),변화와 관계,일차함수와 일차방정식의 관계,m1_system_solution__contrasts_with__m1_func_single_solution_set_vs_common_solution,cross_unit,m1_system_solution,연립일차방정식의 해,연립일차방정식,m1_func_single_solution_set_vs_common_solution,한 방정식의 해 전체와 두 방정식의 공통해 구별하기,일차함수와 일차방정식의 관계,contrasts_with,medium,4,curriculum_math_2022: printed p. 35; [9수02-17]; achievement_standard; 일차함수와 미지수가 2개인 일차방정식의 관계를 설명하는 성취기준 | achievement_math_2022: 일차함수와 일차방정식의 관계 section; [9수02-17] achievement levels; achievement_level; 미지수가 2개인 일차방정식의 해를 일차함수의 그래프로 나타내고 관계를 설명하는 수행 수준을 구분 | curriculum_math_2022: printed p. 35; [9수02-18]; achievement_standard; 두 일차함수의 그래프와 연립일차방정식의 관계를 설명하는 성취기준 | achievement_math_2022: 일차함수와 일차방정식의 관계 section; [9수02-18] achievement levels; achievement_level; 두 일차함수의 그래프의 교점과 연립일차방정식의 해 사이의 관계를 설명하는 수행 수준을 구분,,contrast_ref;textbook_page_refs,Find textbook wording or examples that distinguish the two concepts.,pending_textbook_pdf,,,,,,,,,,
3,중1(교육과정 학년군: 중1-3),변화와 관계,일차함수와 일차방정식의 관계,m1_coord_graph_unit__related_to__m1_func_eq_relation_unit,cross_unit,m1_coord_graph_unit,좌표평면과 그래프,좌표평면과 그래프,m1_func_eq_relation_unit,일차함수와 일차방정식의 관계,일차함수와 일차방정식의 관계,related_to,medium,8,"curriculum_math_2022: printed p. 34; [9수02-05]; achievement_standard; 순서쌍과 좌표를 이해하고 편리함을 인식하는 성취기준 | curriculum_math_2022: printed p. 34; [9수02-06]; achievement_standard; 다양한 상황을 그래프로 나타내고 주어진 그래프를 해석하는 성취기준 | curriculum_math_2022: printed p. 35; [9수02-17]; achievement_standard; 일차함수와 미지수가 2개인 일차방정식의 관계를 설명하는 성취기준 | curriculum_math_2022: printed p. 35; [9수02-18]; achievement_standard; 두 일차함수의 그래프와 연립일차방정식의 관계를 설명하는 성취기준 | achievement_math_2022: 좌표평면과 그래프 section; [9수02-05] achievement levels; achievement_level; 수직선과 좌표평면 위의 점을 좌표로 나타내거나 주어진 좌표를 점으로 나타내는 수행을 구분 | achievement_math_2022: 좌표평면과 그래프 section; [9수02-06] achievement levels; achievement_level; 상황을 그래프로 나타내기, 변화 상태 파악, 주어진 그래프 해석 수준을 구분 | achievement_math_2022: 일차함수와 일차방정식의 관계 section; [9수02-17] achievement levels; achievement_level; 미지수가 2개인 일차방정식의 해를 일차함수의 그래프로 나타내고 관계를 설명하는 수행 수준을 구분 | achievement_math_2022: 일차함수와 일차방정식의 관계 section; [9수02-18] achievement levels; achievement_level; 두 일차함수의 그래프의 교점과 연립일차방정식의 해 사이의 관계를 설명하는 수행 수준을 구분","Coordinate and graph representations support interpreting relationships between linear functions, linear equations, and simultaneous equations.",related_ref;textbook_page_refs,Find textbook wording or examples that justify keeping these concepts linked.,pending_textbook_pdf,,,,,,,,,,
3,중1(교육과정 학년군: 중1-3),변화와 관계,일차함수와 일차방정식의 관계,m1_func_equation_x_axis_intersection__related_to__m1_func_x_intercept,cross_unit,m1_func_equation_x_axis_intersection,일차방정식 그래프의 x축과의 교점,일차함수와 일차방정식의 관계,m1_func_x_intercept,x절편,일차함수와 그 그래프,related_to,medium,4,"curriculum_math_2022: printed p. 35; [9수02-17]; achievement_standard; 일차함수와 미지수가 2개인 일차방정식의 관계를 설명하는 성취기준 | achievement_math_2022: 일차함수와 일차방정식의 관계 section; [9수02-17] achievement levels; achievement_level; 미지수가 2개인 일차방정식의 해를 일차함수의 그래프로 나타내고 관계를 설명하는 수행 수준을 구분 | curriculum_math_2022: printed p. 36; terms and symbols for 변화와 관계; term_list; 대입, 다항식, 항, 단항식, 상수항, 계수, 차수, 일차식, 동류항, 등식, 방정식, 미지수, 해, 근, 항등식, 이항, 일차방정식, 변수, 좌표, 그래프, 인수, 인수분해, 완전제곱식, 이차방정식, 중근, 근의 공식, 이차함수, 포물선, 축, 꼭짓점, 최댓값, 최솟값 등을 다룸 | achievement_math_2022: 일차함수와 그 그래프 section; [9수02-15] achievement levels; achievement_level; 일차함수인지 판단하고 기울기, x절편, y절편, 평행이동 등을 이용하여 그래프를 그리는 수행 수준을 구분","The equation-graph x-axis intersection is related to, but not treated as a prerequisite for, the general x-intercept term.",related_ref;textbook_page_refs,Find textbook wording or examples that justify keeping these concepts linked.,pending_textbook_pdf,,,,,,,,,,
3,중1(교육과정 학년군: 중1-3),변화와 관계,일차함수와 일차방정식의 관계,m1_func_equation_y_axis_intersection__related_to__m1_func_y_intercept,cross_unit,m1_func_equation_y_axis_intersection,일차방정식 그래프의 y축과의 교점,일차함수와 일차방정식의 관계,m1_func_y_intercept,y절편,일차함수와 그 그래프,related_to,medium,4,"curriculum_math_2022: printed p. 35; [9수02-17]; achievement_standard; 일차함수와 미지수가 2개인 일차방정식의 관계를 설명하는 성취기준 | achievement_math_2022: 일차함수와 일차방정식의 관계 section; [9수02-17] achievement levels; achievement_level; 미지수가 2개인 일차방정식의 해를 일차함수의 그래프로 나타내고 관계를 설명하는 수행 수준을 구분 | curriculum_math_2022: printed p. 36; terms and symbols for 변화와 관계; term_list; 대입, 다항식, 항, 단항식, 상수항, 계수, 차수, 일차식, 동류항, 등식, 방정식, 미지수, 해, 근, 항등식, 이항, 일차방정식, 변수, 좌표, 그래프, 인수, 인수분해, 완전제곱식, 이차방정식, 중근, 근의 공식, 이차함수, 포물선, 축, 꼭짓점, 최댓값, 최솟값 등을 다룸 | achievement_math_2022: 일차함수와 그 그래프 section; [9수02-15] achievement levels; achievement_level; 일차함수인지 판단하고 기울기, x절편, y절편, 평행이동 등을 이용하여 그래프를 그리는 수행 수준을 구분","The equation-graph y-axis intersection is related to, but not treated as a prerequisite for, the general y-intercept term.",related_ref;textbook_page_refs,Find textbook wording or examples that justify keeping these concepts linked.,pending_textbook_pdf,,,,,,,,,,
3,중1(교육과정 학년군: 중1-3),변화와 관계,일차함수와 일차방정식의 관계,m1_func_intersection_as_common_solution__related_to__m1_system_solution,cross_unit,m1_func_intersection_as_common_solution,교점은 두 방정식의 공통해,일차함수와 일차방정식의 관계,m1_system_solution,연립일차방정식의 해,연립일차방정식,related_to,high,4,curriculum_math_2022: printed p. 35; [9수02-18]; achievement_standard; 두 일차함수의 그래프와 연립일차방정식의 관계를 설명하는 성취기준 | achievement_math_2022: 일차함수와 일차방정식의 관계 section; [9수02-18] achievement levels; achievement_level; 두 일차함수의 그래프의 교점과 연립일차방정식의 해 사이의 관계를 설명하는 수행 수준을 구분 | curriculum_math_2022: printed p. 35; [9수02-13]; achievement_standard; 미지수가 2개인 연립일차방정식을 풀고 활용하는 성취기준 | achievement_math_2022: 연립일차방정식 section; [9수02-13] achievement levels; achievement_level; 미지수가 2개인 연립일차방정식을 여러 가지 방법으로 풀고 활용하는 수행 수준을 구분,The common-solution property explains why an intersection coordinate can be read as a system solution.,related_ref;textbook_page_refs,Find textbook wording or examples that justify keeping these concepts linked.,pending_textbook_pdf,,,,,,,,,,
3,중1(교육과정 학년군: 중1-3),변화와 관계,일차함수와 일차방정식의 관계,m1_func_system_unique_solution_graph_case__related_to__m1_system_solution,cross_unit,m1_func_system_unique_solution_graph_case,한 점에서 만나는 그래프와 하나의 해,일차함수와 일차방정식의 관계,m1_system_solution,연립일차방정식의 해,연립일차방정식,related_to,medium,3,"curriculum_math_2022: printed p. 35; [9수02-18]; achievement_standard; 두 일차함수의 그래프와 연립일차방정식의 관계를 설명하는 성취기준 | achievement_math_2022: 일차함수와 일차방정식의 관계 section; [9수02-18] achievement levels; achievement_level; 두 일차함수의 그래프의 교점과 연립일차방정식의 해 사이의 관계를 설명하는 수행 수준을 구분 | achievement_research_report_2022: 연구보고서 p. 58; 변화와 관계 영역별 성취수준; research_report_achievement_level_context; 두 일차함수의 그래프의 교점이 한 개인 경우, 그래프의 교점과 연립일차방정식의 해 사이의 관계를 말하는 성취수준 맥락",,related_ref;textbook_page_refs,Find textbook wording or examples that justify keeping these concepts linked.,pending_textbook_pdf,,,,,,,,,,
3,중1(교육과정 학년군: 중1-3),변화와 관계,일차함수와 일차방정식의 관계,m1_func_two_variable_equation_solution_pair__related_to__m1_system_solution_ordered_pair,cross_unit,m1_func_two_variable_equation_solution_pair,미지수가 2개인 일차방정식 해의 순서쌍,일차함수와 일차방정식의 관계,m1_system_solution_ordered_pair,해의 순서쌍 표현,연립일차방정식,related_to,medium,4,curriculum_math_2022: printed p. 35; [9수02-13]; achievement_standard; 미지수가 2개인 연립일차방정식을 풀고 활용하는 성취기준 | curriculum_math_2022: printed p. 35; [9수02-17]; achievement_standard; 일차함수와 미지수가 2개인 일차방정식의 관계를 설명하는 성취기준 | achievement_math_2022: 연립일차방정식 section; [9수02-13] achievement levels; achievement_level; 미지수가 2개인 연립일차방정식을 여러 가지 방법으로 풀고 활용하는 수행 수준을 구분 | achievement_math_2022: 일차함수와 일차방정식의 관계 section; [9수02-17] achievement levels; achievement_level; 미지수가 2개인 일차방정식의 해를 일차함수의 그래프로 나타내고 관계를 설명하는 수행 수준을 구분,Both nodes track ordered-pair notation for solutions; this edge preserves the unit-specific distinction between one equation and a simultaneous system.,related_ref;textbook_page_refs,Find textbook wording or examples that justify keeping these concepts linked.,pending_textbook_pdf,,,,,,,,,,
3,중1(교육과정 학년군: 중1-3),변화와 관계,일차함수와 일차방정식의 관계,m1_system_unit__related_to__m1_func_eq_relation_unit,cross_unit,m1_system_unit,연립일차방정식,연립일차방정식,m1_func_eq_relation_unit,일차함수와 일차방정식의 관계,일차함수와 일차방정식의 관계,related_to,medium,4,curriculum_math_2022: printed p. 35; [9수02-13]; achievement_standard; 미지수가 2개인 연립일차방정식을 풀고 활용하는 성취기준 | curriculum_math_2022: printed p. 35; [9수02-18]; achievement_standard; 두 일차함수의 그래프와 연립일차방정식의 관계를 설명하는 성취기준 | achievement_math_2022: 연립일차방정식 section; [9수02-13] achievement levels; achievement_level; 미지수가 2개인 연립일차방정식을 여러 가지 방법으로 풀고 활용하는 수행 수준을 구분 | achievement_math_2022: 일차함수와 일차방정식의 관계 section; [9수02-18] achievement levels; achievement_level; 두 일차함수의 그래프의 교점과 연립일차방정식의 해 사이의 관계를 설명하는 수행 수준을 구분,"The simultaneous-equation unit is connected to the graph relation unit, but the finer prerequisite is the simultaneous linear equation concept rather than the whole unit.",related_ref;textbook_page_refs,Find textbook wording or examples that justify keeping these concepts linked.,pending_textbook_pdf,,,,,,,,,,
