packet_rank,grade,domain,unit,edge_id,edge_scope,source_id,source_label_ko,source_unit,target_id,target_label_ko,target_unit,relationship_type,confidence,source_ref_count,current_source_refs,notes,required_evidence_fields,evidence_focus,extraction_status,structure_ref,prerequisite_ref,representation_ref,procedure_ref,contrast_ref,misconception_ref,problem_pattern_ref,related_ref,textbook_page_refs,extraction_notes
21,중1(교육과정 학년군: 중1-3),변화와 관계,문자의 사용과 식,m1_expr_unit__contains__m1_mis_coefficient_constant_degree,intra_unit,m1_expr_unit,문자의 사용과 식,문자의 사용과 식,m1_mis_coefficient_constant_degree,계수·상수항·차수 혼동,문자의 사용과 식,contains,low,2,"curriculum_math_2022: printed p. 36; terms and symbols for 변화와 관계; term_list; 대입, 다항식, 항, 단항식, 상수항, 계수, 차수, 일차식, 동류항, 등식, 방정식, 미지수, 해, 근, 항등식, 이항, 일차방정식, 변수, 좌표, 그래프, 인수, 인수분해, 완전제곱식, 이차방정식, 중근, 근의 공식, 이차함수, 포물선, 축, 꼭짓점, 최댓값, 최솟값 등을 다룸 | achievement_math_2022: 문자의 사용과 식 section; [9수02-02] achievement levels; achievement_level; 일차식의 덧셈과 뺄셈 원리 이해, 계산, 과정 설명 수준을 구분",,structure_ref;textbook_page_refs;extraction_notes,Find textbook structure evidence for the containment relation.,pending_textbook_pdf,,,,,,,,,,
21,중1(교육과정 학년군: 중1-3),변화와 관계,문자의 사용과 식,m1_expr_unit__contains__m1_mis_letter_as_label_only,intra_unit,m1_expr_unit,문자의 사용과 식,문자의 사용과 식,m1_mis_letter_as_label_only,문자를 이름표로만 해석하는 오류,문자의 사용과 식,contains,low,2,"curriculum_math_2022: printed p. 36; achievement-standard considerations; teaching_note; 문자와 수, 문자와 일상 언어의 공통점과 차이점을 탐색하고 문자의 유용성을 인식하게 함 | achievement_math_2022: 문자의 사용과 식 section; [9수02-01] achievement levels; achievement_level; 문자를 사용한 식으로 나타내기, 문자의 특징 이해, 식의 값 계산 수준을 구분",,structure_ref;textbook_page_refs;extraction_notes,Find textbook structure evidence for the containment relation.,pending_textbook_pdf,,,,,,,,,,
21,중1(교육과정 학년군: 중1-3),변화와 관계,문자의 사용과 식,m1_expr_unit__contains__m1_mis_like_terms,intra_unit,m1_expr_unit,문자의 사용과 식,문자의 사용과 식,m1_mis_like_terms,동류항이 아닌 항을 합치는 오류,문자의 사용과 식,contains,low,2,"curriculum_math_2022: printed p. 36; terms and symbols for 변화와 관계; term_list; 대입, 다항식, 항, 단항식, 상수항, 계수, 차수, 일차식, 동류항, 등식, 방정식, 미지수, 해, 근, 항등식, 이항, 일차방정식, 변수, 좌표, 그래프, 인수, 인수분해, 완전제곱식, 이차방정식, 중근, 근의 공식, 이차함수, 포물선, 축, 꼭짓점, 최댓값, 최솟값 등을 다룸 | achievement_math_2022: 문자의 사용과 식 section; [9수02-02] achievement levels; achievement_level; 일차식의 덧셈과 뺄셈 원리 이해, 계산, 과정 설명 수준을 구분",,structure_ref;textbook_page_refs;extraction_notes,Find textbook structure evidence for the containment relation.,pending_textbook_pdf,,,,,,,,,,
21,중1(교육과정 학년군: 중1-3),변화와 관계,문자의 사용과 식,m1_mis_coefficient_constant_degree__often_confused_with__m1_expr_coefficient,intra_unit,m1_mis_coefficient_constant_degree,계수·상수항·차수 혼동,문자의 사용과 식,m1_expr_coefficient,계수,문자의 사용과 식,often_confused_with,low,2,"curriculum_math_2022: printed p. 36; terms and symbols for 변화와 관계; term_list; 대입, 다항식, 항, 단항식, 상수항, 계수, 차수, 일차식, 동류항, 등식, 방정식, 미지수, 해, 근, 항등식, 이항, 일차방정식, 변수, 좌표, 그래프, 인수, 인수분해, 완전제곱식, 이차방정식, 중근, 근의 공식, 이차함수, 포물선, 축, 꼭짓점, 최댓값, 최솟값 등을 다룸 | achievement_math_2022: 문자의 사용과 식 section; [9수02-02] achievement levels; achievement_level; 일차식의 덧셈과 뺄셈 원리 이해, 계산, 과정 설명 수준을 구분",,misconception_ref;problem_pattern_ref;textbook_page_refs;extraction_notes,"Find misconception, caution, example, or problem-pattern evidence for the confusion risk.",pending_textbook_pdf,,,,,,,,,,
21,중1(교육과정 학년군: 중1-3),변화와 관계,문자의 사용과 식,m1_mis_coefficient_constant_degree__often_confused_with__m1_expr_constant_term,intra_unit,m1_mis_coefficient_constant_degree,계수·상수항·차수 혼동,문자의 사용과 식,m1_expr_constant_term,상수항,문자의 사용과 식,often_confused_with,low,2,"curriculum_math_2022: printed p. 36; terms and symbols for 변화와 관계; term_list; 대입, 다항식, 항, 단항식, 상수항, 계수, 차수, 일차식, 동류항, 등식, 방정식, 미지수, 해, 근, 항등식, 이항, 일차방정식, 변수, 좌표, 그래프, 인수, 인수분해, 완전제곱식, 이차방정식, 중근, 근의 공식, 이차함수, 포물선, 축, 꼭짓점, 최댓값, 최솟값 등을 다룸 | achievement_math_2022: 문자의 사용과 식 section; [9수02-02] achievement levels; achievement_level; 일차식의 덧셈과 뺄셈 원리 이해, 계산, 과정 설명 수준을 구분",,misconception_ref;problem_pattern_ref;textbook_page_refs;extraction_notes,"Find misconception, caution, example, or problem-pattern evidence for the confusion risk.",pending_textbook_pdf,,,,,,,,,,
21,중1(교육과정 학년군: 중1-3),변화와 관계,문자의 사용과 식,m1_mis_coefficient_constant_degree__often_confused_with__m1_expr_degree,intra_unit,m1_mis_coefficient_constant_degree,계수·상수항·차수 혼동,문자의 사용과 식,m1_expr_degree,차수,문자의 사용과 식,often_confused_with,low,2,"curriculum_math_2022: printed p. 36; terms and symbols for 변화와 관계; term_list; 대입, 다항식, 항, 단항식, 상수항, 계수, 차수, 일차식, 동류항, 등식, 방정식, 미지수, 해, 근, 항등식, 이항, 일차방정식, 변수, 좌표, 그래프, 인수, 인수분해, 완전제곱식, 이차방정식, 중근, 근의 공식, 이차함수, 포물선, 축, 꼭짓점, 최댓값, 최솟값 등을 다룸 | achievement_math_2022: 문자의 사용과 식 section; [9수02-02] achievement levels; achievement_level; 일차식의 덧셈과 뺄셈 원리 이해, 계산, 과정 설명 수준을 구분",,misconception_ref;problem_pattern_ref;textbook_page_refs;extraction_notes,"Find misconception, caution, example, or problem-pattern evidence for the confusion risk.",pending_textbook_pdf,,,,,,,,,,
21,중1(교육과정 학년군: 중1-3),변화와 관계,문자의 사용과 식,m1_mis_letter_as_label_only__often_confused_with__m1_expr_letter,intra_unit,m1_mis_letter_as_label_only,문자를 이름표로만 해석하는 오류,문자의 사용과 식,m1_expr_letter,문자,문자의 사용과 식,often_confused_with,low,2,"curriculum_math_2022: printed p. 36; achievement-standard considerations; teaching_note; 문자와 수, 문자와 일상 언어의 공통점과 차이점을 탐색하고 문자의 유용성을 인식하게 함 | achievement_math_2022: 문자의 사용과 식 section; [9수02-01] achievement levels; achievement_level; 문자를 사용한 식으로 나타내기, 문자의 특징 이해, 식의 값 계산 수준을 구분",,misconception_ref;problem_pattern_ref;textbook_page_refs;extraction_notes,"Find misconception, caution, example, or problem-pattern evidence for the confusion risk.",pending_textbook_pdf,,,,,,,,,,
21,중1(교육과정 학년군: 중1-3),변화와 관계,문자의 사용과 식,m1_mis_like_terms__often_confused_with__m1_expr_add_sub_linear_expression,intra_unit,m1_mis_like_terms,동류항이 아닌 항을 합치는 오류,문자의 사용과 식,m1_expr_add_sub_linear_expression,일차식의 덧셈과 뺄셈,문자의 사용과 식,often_confused_with,low,2,"curriculum_math_2022: printed p. 34; [9수02-02]; achievement_standard; 일차식의 덧셈과 뺄셈 원리를 이해하고 계산하는 성취기준 | achievement_math_2022: 문자의 사용과 식 section; [9수02-02] achievement levels; achievement_level; 일차식의 덧셈과 뺄셈 원리 이해, 계산, 과정 설명 수준을 구분",,misconception_ref;problem_pattern_ref;textbook_page_refs;extraction_notes,"Find misconception, caution, example, or problem-pattern evidence for the confusion risk.",pending_textbook_pdf,,,,,,,,,,
21,중1(교육과정 학년군: 중1-3),변화와 관계,문자의 사용과 식,m1_mis_like_terms__often_confused_with__m1_expr_like_terms,intra_unit,m1_mis_like_terms,동류항이 아닌 항을 합치는 오류,문자의 사용과 식,m1_expr_like_terms,동류항,문자의 사용과 식,often_confused_with,low,2,"curriculum_math_2022: printed p. 36; terms and symbols for 변화와 관계; term_list; 대입, 다항식, 항, 단항식, 상수항, 계수, 차수, 일차식, 동류항, 등식, 방정식, 미지수, 해, 근, 항등식, 이항, 일차방정식, 변수, 좌표, 그래프, 인수, 인수분해, 완전제곱식, 이차방정식, 중근, 근의 공식, 이차함수, 포물선, 축, 꼭짓점, 최댓값, 최솟값 등을 다룸 | achievement_math_2022: 문자의 사용과 식 section; [9수02-02] achievement levels; achievement_level; 일차식의 덧셈과 뺄셈 원리 이해, 계산, 과정 설명 수준을 구분",,misconception_ref;problem_pattern_ref;textbook_page_refs;extraction_notes,"Find misconception, caution, example, or problem-pattern evidence for the confusion risk.",pending_textbook_pdf,,,,,,,,,,
21,중1(교육과정 학년군: 중1-3),변화와 관계,문자의 사용과 식,m1_mis_function_value_input_output__often_confused_with__m1_expr_substitution,cross_unit,m1_mis_function_value_input_output,함숫값과 입력값 혼동,일차함수와 그 그래프,m1_expr_substitution,대입,문자의 사용과 식,often_confused_with,low,2,curriculum_math_2022: printed p. 35; [9수02-14]; achievement_standard; 함수의 개념을 이해하고 함숫값을 구하는 성취기준 | achievement_math_2022: 일차함수와 그 그래프 section; [9수02-14] achievement levels; achievement_level; 두 양 사이의 관계가 함수인지 판단하고 함숫값을 구하는 수행 수준을 구분,related_ids에서 확인된 오개념 위험 연결을 낮은 신뢰도 edge로 보강. 교과서 근거 확인 후 유지 또는 조정.,misconception_ref;problem_pattern_ref;textbook_page_refs;extraction_notes,"Find misconception, caution, example, or problem-pattern evidence for the confusion risk.",pending_textbook_pdf,,,,,,,,,,
21,중1(교육과정 학년군: 중1-3),변화와 관계,문자의 사용과 식,m1_mis_letter_as_label_only__often_confused_with__m1_term_variable,cross_unit,m1_mis_letter_as_label_only,문자를 이름표로만 해석하는 오류,문자의 사용과 식,m1_term_variable,변수,좌표평면과 그래프,often_confused_with,low,2,"curriculum_math_2022: printed p. 36; achievement-standard considerations; teaching_note; 문자와 수, 문자와 일상 언어의 공통점과 차이점을 탐색하고 문자의 유용성을 인식하게 함 | achievement_math_2022: 문자의 사용과 식 section; [9수02-01] achievement levels; achievement_level; 문자를 사용한 식으로 나타내기, 문자의 특징 이해, 식의 값 계산 수준을 구분",related_ids에서 확인된 오개념 위험 연결을 낮은 신뢰도 edge로 보강. 교과서 근거 확인 후 유지 또는 조정.,misconception_ref;problem_pattern_ref;textbook_page_refs;extraction_notes,"Find misconception, caution, example, or problem-pattern evidence for the confusion risk.",pending_textbook_pdf,,,,,,,,,,
21,중1(교육과정 학년군: 중1-3),변화와 관계,문자의 사용과 식,m1_mis_polynomial_like_terms__often_confused_with__m1_expr_like_terms,cross_unit,m1_mis_polynomial_like_terms,다항식에서 동류항 처리를 누락하는 오류,식의 계산,m1_expr_like_terms,동류항,문자의 사용과 식,often_confused_with,low,2,curriculum_math_2022: printed p. 35; [9수02-09]; achievement_standard; 다항식의 덧셈과 뺄셈 원리를 이해하고 계산하는 성취기준 | achievement_math_2022: 식의 계산 section; [9수02-09] achievement levels; achievement_level; 다항식의 덧셈과 뺄셈 원리 이해와 계산 수행 수준을 구분,related_ids에서 확인된 오개념 위험 연결을 낮은 신뢰도 edge로 보강. 교과서 근거 확인 후 유지 또는 조정.,misconception_ref;problem_pattern_ref;textbook_page_refs;extraction_notes,"Find misconception, caution, example, or problem-pattern evidence for the confusion risk.",pending_textbook_pdf,,,,,,,,,,
21,중1(교육과정 학년군: 중1-3),변화와 관계,문자의 사용과 식,m1_mis_radical_like_terms__often_confused_with__m1_expr_like_terms,cross_unit,m1_mis_radical_like_terms,근호 안의 수가 다른 제곱근을 동류항처럼 더하는 오류,제곱근과 실수,m1_expr_like_terms,동류항,문자의 사용과 식,often_confused_with,low,1,"achievement_math_2022: 제곱근과 실수 section; [9수01-10] achievement levels; achievement_level; 근호를 포함한 식의 사칙계산 원리, 제곱근의 곱셈과 나눗셈, 근호 안의 수가 같은 제곱근의 덧셈과 뺄셈 수준을 구분",,misconception_ref;problem_pattern_ref;textbook_page_refs;extraction_notes,"Find misconception, caution, example, or problem-pattern evidence for the confusion risk.",pending_textbook_pdf,,,,,,,,,,
21,중1(교육과정 학년군: 중1-3),변화와 관계,문자의 사용과 식,m1_mis_system_substitution__often_confused_with__m1_expr_substitution,cross_unit,m1_mis_system_substitution,대입법에서 식 전체를 대입하지 않는 오류,연립일차방정식,m1_expr_substitution,대입,문자의 사용과 식,often_confused_with,low,2,"curriculum_math_2022: printed p. 36; terms usable in teaching and learning situations; instructional_term_list; 식의 값, 좌변, 우변, 양변, 이차식, 전개식, 연립일차방정식, 소거, 가감법, 대입법, 함수의 그래프 등은 교수·학습 상황에서 사용할 수 있음 | achievement_math_2022: 연립일차방정식 section; [9수02-13] achievement levels; achievement_level; 미지수가 2개인 연립일차방정식을 여러 가지 방법으로 풀고 활용하는 수행 수준을 구분",related_ids에서 확인된 오개념 위험 연결을 낮은 신뢰도 edge로 보강. 교과서 근거 확인 후 유지 또는 조정.,misconception_ref;problem_pattern_ref;textbook_page_refs;extraction_notes,"Find misconception, caution, example, or problem-pattern evidence for the confusion risk.",pending_textbook_pdf,,,,,,,,,,
21,중1(교육과정 학년군: 중1-3),변화와 관계,문자의 사용과 식,m1_num_domain__related_to__m1_expr_unit,cross_unit,m1_num_domain,수와 연산,수와 연산,m1_expr_unit,문자의 사용과 식,문자의 사용과 식,related_to,low,7,"curriculum_math_2022: printed p. 33; [9수01-01]; achievement_standard; 소인수분해의 뜻을 알고 자연수를 소인수분해 하는 성취기준 | curriculum_math_2022: printed p. 33; [9수01-05]; achievement_standard; 정수와 유리수의 사칙계산 원리를 이해하고 계산하는 성취기준 | curriculum_math_2022: printed p. 34; [9수02-01]; achievement_standard; 다양한 상황을 문자를 사용한 식으로 나타내고 식의 값을 구하는 성취기준 | curriculum_math_2022: printed p. 34; [9수02-02]; achievement_standard; 일차식의 덧셈과 뺄셈 원리를 이해하고 계산하는 성취기준 | achievement_math_2022: 정수와 유리수 section; [9수01-05] achievement levels; achievement_level; 정수와 유리수의 사칙계산 원리 이해, 덧셈·뺄셈·곱셈·나눗셈, 혼합계산 수준을 구분 | achievement_math_2022: 문자의 사용과 식 section; [9수02-01] achievement levels; achievement_level; 문자를 사용한 식으로 나타내기, 문자의 특징 이해, 식의 값 계산 수준을 구분 | achievement_math_2022: 문자의 사용과 식 section; [9수02-02] achievement levels; achievement_level; 일차식의 덧셈과 뺄셈 원리 이해, 계산, 과정 설명 수준을 구분","Number-and-operation concepts support symbolic expression work, but this broad domain bridge needs textbook evidence for fine-grained prerequisites.",related_ref;textbook_page_refs;extraction_notes,Find textbook wording or examples that justify keeping these concepts linked.,pending_textbook_pdf,,,,,,,,,,
21,중1(교육과정 학년군: 중1-3),변화와 관계,문자의 사용과 식,m1_expr_linear_expression__contains__m1_expr_like_terms,intra_unit,m1_expr_linear_expression,일차식,문자의 사용과 식,m1_expr_like_terms,동류항,문자의 사용과 식,contains,medium,2,"curriculum_math_2022: printed p. 36; terms and symbols for 변화와 관계; term_list; 대입, 다항식, 항, 단항식, 상수항, 계수, 차수, 일차식, 동류항, 등식, 방정식, 미지수, 해, 근, 항등식, 이항, 일차방정식, 변수, 좌표, 그래프, 인수, 인수분해, 완전제곱식, 이차방정식, 중근, 근의 공식, 이차함수, 포물선, 축, 꼭짓점, 최댓값, 최솟값 등을 다룸 | achievement_math_2022: 문자의 사용과 식 section; [9수02-02] achievement levels; achievement_level; 일차식의 덧셈과 뺄셈 원리 이해, 계산, 과정 설명 수준을 구분",,structure_ref;textbook_page_refs,Find textbook structure evidence for the containment relation.,pending_textbook_pdf,,,,,,,,,,
21,중1(교육과정 학년군: 중1-3),변화와 관계,문자의 사용과 식,m1_expr_polynomial__contains__m1_expr_linear_expression,intra_unit,m1_expr_polynomial,다항식,문자의 사용과 식,m1_expr_linear_expression,일차식,문자의 사용과 식,contains,high,3,"curriculum_math_2022: printed p. 34; [9수02-02]; achievement_standard; 일차식의 덧셈과 뺄셈 원리를 이해하고 계산하는 성취기준 | curriculum_math_2022: printed p. 36; terms and symbols for 변화와 관계; term_list; 대입, 다항식, 항, 단항식, 상수항, 계수, 차수, 일차식, 동류항, 등식, 방정식, 미지수, 해, 근, 항등식, 이항, 일차방정식, 변수, 좌표, 그래프, 인수, 인수분해, 완전제곱식, 이차방정식, 중근, 근의 공식, 이차함수, 포물선, 축, 꼭짓점, 최댓값, 최솟값 등을 다룸 | achievement_math_2022: 문자의 사용과 식 section; [9수02-02] achievement levels; achievement_level; 일차식의 덧셈과 뺄셈 원리 이해, 계산, 과정 설명 수준을 구분",,structure_ref;textbook_page_refs,Find textbook structure evidence for the containment relation.,pending_textbook_pdf,,,,,,,,,,
21,중1(교육과정 학년군: 중1-3),변화와 관계,문자의 사용과 식,m1_expr_polynomial__contains__m1_expr_monomial,intra_unit,m1_expr_polynomial,다항식,문자의 사용과 식,m1_expr_monomial,단항식,문자의 사용과 식,contains,high,1,"curriculum_math_2022: printed p. 36; terms and symbols for 변화와 관계; term_list; 대입, 다항식, 항, 단항식, 상수항, 계수, 차수, 일차식, 동류항, 등식, 방정식, 미지수, 해, 근, 항등식, 이항, 일차방정식, 변수, 좌표, 그래프, 인수, 인수분해, 완전제곱식, 이차방정식, 중근, 근의 공식, 이차함수, 포물선, 축, 꼭짓점, 최댓값, 최솟값 등을 다룸",,structure_ref;textbook_page_refs,Find textbook structure evidence for the containment relation.,pending_textbook_pdf,,,,,,,,,,
21,중1(교육과정 학년군: 중1-3),변화와 관계,문자의 사용과 식,m1_expr_polynomial__contains__m1_expr_term,intra_unit,m1_expr_polynomial,다항식,문자의 사용과 식,m1_expr_term,항,문자의 사용과 식,contains,high,1,"curriculum_math_2022: printed p. 36; terms and symbols for 변화와 관계; term_list; 대입, 다항식, 항, 단항식, 상수항, 계수, 차수, 일차식, 동류항, 등식, 방정식, 미지수, 해, 근, 항등식, 이항, 일차방정식, 변수, 좌표, 그래프, 인수, 인수분해, 완전제곱식, 이차방정식, 중근, 근의 공식, 이차함수, 포물선, 축, 꼭짓점, 최댓값, 최솟값 등을 다룸",,structure_ref;textbook_page_refs,Find textbook structure evidence for the containment relation.,pending_textbook_pdf,,,,,,,,,,
21,중1(교육과정 학년군: 중1-3),변화와 관계,문자의 사용과 식,m1_expr_term__contains__m1_expr_coefficient,intra_unit,m1_expr_term,항,문자의 사용과 식,m1_expr_coefficient,계수,문자의 사용과 식,contains,high,1,"curriculum_math_2022: printed p. 36; terms and symbols for 변화와 관계; term_list; 대입, 다항식, 항, 단항식, 상수항, 계수, 차수, 일차식, 동류항, 등식, 방정식, 미지수, 해, 근, 항등식, 이항, 일차방정식, 변수, 좌표, 그래프, 인수, 인수분해, 완전제곱식, 이차방정식, 중근, 근의 공식, 이차함수, 포물선, 축, 꼭짓점, 최댓값, 최솟값 등을 다룸",,structure_ref;textbook_page_refs,Find textbook structure evidence for the containment relation.,pending_textbook_pdf,,,,,,,,,,
21,중1(교육과정 학년군: 중1-3),변화와 관계,문자의 사용과 식,m1_expr_term__contains__m1_expr_constant_term,intra_unit,m1_expr_term,항,문자의 사용과 식,m1_expr_constant_term,상수항,문자의 사용과 식,contains,high,1,"curriculum_math_2022: printed p. 36; terms and symbols for 변화와 관계; term_list; 대입, 다항식, 항, 단항식, 상수항, 계수, 차수, 일차식, 동류항, 등식, 방정식, 미지수, 해, 근, 항등식, 이항, 일차방정식, 변수, 좌표, 그래프, 인수, 인수분해, 완전제곱식, 이차방정식, 중근, 근의 공식, 이차함수, 포물선, 축, 꼭짓점, 최댓값, 최솟값 등을 다룸",,structure_ref;textbook_page_refs,Find textbook structure evidence for the containment relation.,pending_textbook_pdf,,,,,,,,,,
21,중1(교육과정 학년군: 중1-3),변화와 관계,문자의 사용과 식,m1_expr_term__contains__m1_expr_degree,intra_unit,m1_expr_term,항,문자의 사용과 식,m1_expr_degree,차수,문자의 사용과 식,contains,high,1,"curriculum_math_2022: printed p. 36; terms and symbols for 변화와 관계; term_list; 대입, 다항식, 항, 단항식, 상수항, 계수, 차수, 일차식, 동류항, 등식, 방정식, 미지수, 해, 근, 항등식, 이항, 일차방정식, 변수, 좌표, 그래프, 인수, 인수분해, 완전제곱식, 이차방정식, 중근, 근의 공식, 이차함수, 포물선, 축, 꼭짓점, 최댓값, 최솟값 등을 다룸",,structure_ref;textbook_page_refs,Find textbook structure evidence for the containment relation.,pending_textbook_pdf,,,,,,,,,,
21,중1(교육과정 학년군: 중1-3),변화와 관계,문자의 사용과 식,m1_expr_unit__contains__m1_expr_add_sub_linear_expression,intra_unit,m1_expr_unit,문자의 사용과 식,문자의 사용과 식,m1_expr_add_sub_linear_expression,일차식의 덧셈과 뺄셈,문자의 사용과 식,contains,high,2,"curriculum_math_2022: printed p. 34; [9수02-02]; achievement_standard; 일차식의 덧셈과 뺄셈 원리를 이해하고 계산하는 성취기준 | achievement_math_2022: 문자의 사용과 식 section; [9수02-02] achievement levels; achievement_level; 일차식의 덧셈과 뺄셈 원리 이해, 계산, 과정 설명 수준을 구분",,structure_ref;textbook_page_refs,Find textbook structure evidence for the containment relation.,pending_textbook_pdf,,,,,,,,,,
21,중1(교육과정 학년군: 중1-3),변화와 관계,문자의 사용과 식,m1_expr_unit__contains__m1_expr_evaluate_expression_value,intra_unit,m1_expr_unit,문자의 사용과 식,문자의 사용과 식,m1_expr_evaluate_expression_value,식의 값 구하기,문자의 사용과 식,contains,high,4,"curriculum_math_2022: printed p. 34; [9수02-01]; achievement_standard; 다양한 상황을 문자를 사용한 식으로 나타내고 식의 값을 구하는 성취기준 | curriculum_math_2022: printed p. 36; terms usable in teaching and learning situations; instructional_term_list; 식의 값, 좌변, 우변, 양변, 이차식, 전개식, 연립일차방정식, 소거, 가감법, 대입법, 함수의 그래프 등은 교수·학습 상황에서 사용할 수 있음 | achievement_math_2022: 문자의 사용과 식 section; [9수02-01] achievement levels; achievement_level; 문자를 사용한 식으로 나타내기, 문자의 특징 이해, 식의 값 계산 수준을 구분 | achievement_research_report_2022: 연구보고서 p. 214; 문자의 사용과 식 성취기준별 성취수준; research_report_achievement_level_context; 다양한 상황을 문자를 사용한 식으로 나타내고 식의 값을 구하며, 일차식의 덧셈과 뺄셈 원리와 계산 과정 설명 수준을 구분",,structure_ref;textbook_page_refs,Find textbook structure evidence for the containment relation.,pending_textbook_pdf,,,,,,,,,,
21,중1(교육과정 학년군: 중1-3),변화와 관계,문자의 사용과 식,m1_expr_unit__contains__m1_expr_explain_linear_expression_calculation,intra_unit,m1_expr_unit,문자의 사용과 식,문자의 사용과 식,m1_expr_explain_linear_expression_calculation,일차식 계산 과정 설명하기,문자의 사용과 식,contains,medium,3,"curriculum_math_2022: printed p. 34; [9수02-02]; achievement_standard; 일차식의 덧셈과 뺄셈 원리를 이해하고 계산하는 성취기준 | achievement_math_2022: 문자의 사용과 식 section; [9수02-02] achievement levels; achievement_level; 일차식의 덧셈과 뺄셈 원리 이해, 계산, 과정 설명 수준을 구분 | achievement_research_report_2022: 연구보고서 p. 214; 문자의 사용과 식 성취기준별 성취수준; research_report_achievement_level_context; 다양한 상황을 문자를 사용한 식으로 나타내고 식의 값을 구하며, 일차식의 덧셈과 뺄셈 원리와 계산 과정 설명 수준을 구분",,structure_ref;textbook_page_refs,Find textbook structure evidence for the containment relation.,pending_textbook_pdf,,,,,,,,,,
21,중1(교육과정 학년군: 중1-3),변화와 관계,문자의 사용과 식,m1_expr_unit__contains__m1_expr_letter,intra_unit,m1_expr_unit,문자의 사용과 식,문자의 사용과 식,m1_expr_letter,문자,문자의 사용과 식,contains,high,2,"curriculum_math_2022: printed p. 34; [9수02-01]; achievement_standard; 다양한 상황을 문자를 사용한 식으로 나타내고 식의 값을 구하는 성취기준 | curriculum_math_2022: printed p. 36; achievement-standard considerations; teaching_note; 문자와 수, 문자와 일상 언어의 공통점과 차이점을 탐색하고 문자의 유용성을 인식하게 함",,structure_ref;textbook_page_refs,Find textbook structure evidence for the containment relation.,pending_textbook_pdf,,,,,,,,,,
21,중1(교육과정 학년군: 중1-3),변화와 관계,문자의 사용과 식,m1_expr_unit__contains__m1_expr_letter_quantity,intra_unit,m1_expr_unit,문자의 사용과 식,문자의 사용과 식,m1_expr_letter_quantity,문자가 나타내는 수량 정하기,문자의 사용과 식,contains,medium,4,"curriculum_math_2022: printed p. 34; [9수02-01]; achievement_standard; 다양한 상황을 문자를 사용한 식으로 나타내고 식의 값을 구하는 성취기준 | curriculum_math_2022: printed p. 36; achievement-standard considerations; teaching_note; 문자와 수, 문자와 일상 언어의 공통점과 차이점을 탐색하고 문자의 유용성을 인식하게 함 | achievement_math_2022: 문자의 사용과 식 section; [9수02-01] achievement levels; achievement_level; 문자를 사용한 식으로 나타내기, 문자의 특징 이해, 식의 값 계산 수준을 구분 | achievement_research_report_2022: 연구보고서 p. 214; 문자의 사용과 식 성취기준별 성취수준; research_report_achievement_level_context; 다양한 상황을 문자를 사용한 식으로 나타내고 식의 값을 구하며, 일차식의 덧셈과 뺄셈 원리와 계산 과정 설명 수준을 구분",,structure_ref;textbook_page_refs,Find textbook structure evidence for the containment relation.,pending_textbook_pdf,,,,,,,,,,
21,중1(교육과정 학년군: 중1-3),변화와 관계,문자의 사용과 식,m1_expr_unit__contains__m1_expr_linear_expression,intra_unit,m1_expr_unit,문자의 사용과 식,문자의 사용과 식,m1_expr_linear_expression,일차식,문자의 사용과 식,contains,high,3,"curriculum_math_2022: printed p. 34; [9수02-02]; achievement_standard; 일차식의 덧셈과 뺄셈 원리를 이해하고 계산하는 성취기준 | curriculum_math_2022: printed p. 36; terms and symbols for 변화와 관계; term_list; 대입, 다항식, 항, 단항식, 상수항, 계수, 차수, 일차식, 동류항, 등식, 방정식, 미지수, 해, 근, 항등식, 이항, 일차방정식, 변수, 좌표, 그래프, 인수, 인수분해, 완전제곱식, 이차방정식, 중근, 근의 공식, 이차함수, 포물선, 축, 꼭짓점, 최댓값, 최솟값 등을 다룸 | achievement_math_2022: 문자의 사용과 식 section; [9수02-02] achievement levels; achievement_level; 일차식의 덧셈과 뺄셈 원리 이해, 계산, 과정 설명 수준을 구분",,structure_ref;textbook_page_refs,Find textbook structure evidence for the containment relation.,pending_textbook_pdf,,,,,,,,,,
21,중1(교육과정 학년군: 중1-3),변화와 관계,문자의 사용과 식,m1_expr_unit__contains__m1_expr_linear_expression_add_sub_principle,intra_unit,m1_expr_unit,문자의 사용과 식,문자의 사용과 식,m1_expr_linear_expression_add_sub_principle,일차식의 덧셈과 뺄셈 원리,문자의 사용과 식,contains,high,3,"curriculum_math_2022: printed p. 34; [9수02-02]; achievement_standard; 일차식의 덧셈과 뺄셈 원리를 이해하고 계산하는 성취기준 | achievement_math_2022: 문자의 사용과 식 section; [9수02-02] achievement levels; achievement_level; 일차식의 덧셈과 뺄셈 원리 이해, 계산, 과정 설명 수준을 구분 | achievement_research_report_2022: 연구보고서 p. 214; 문자의 사용과 식 성취기준별 성취수준; research_report_achievement_level_context; 다양한 상황을 문자를 사용한 식으로 나타내고 식의 값을 구하며, 일차식의 덧셈과 뺄셈 원리와 계산 과정 설명 수준을 구분",,structure_ref;textbook_page_refs,Find textbook structure evidence for the containment relation.,pending_textbook_pdf,,,,,,,,,,
21,중1(교육과정 학년군: 중1-3),변화와 관계,문자의 사용과 식,m1_expr_unit__contains__m1_expr_literal_expression,intra_unit,m1_expr_unit,문자의 사용과 식,문자의 사용과 식,m1_expr_literal_expression,문자를 사용한 식,문자의 사용과 식,contains,high,2,"curriculum_math_2022: printed p. 34; [9수02-01]; achievement_standard; 다양한 상황을 문자를 사용한 식으로 나타내고 식의 값을 구하는 성취기준 | achievement_math_2022: 문자의 사용과 식 section; [9수02-01] achievement levels; achievement_level; 문자를 사용한 식으로 나타내기, 문자의 특징 이해, 식의 값 계산 수준을 구분",,structure_ref;textbook_page_refs,Find textbook structure evidence for the containment relation.,pending_textbook_pdf,,,,,,,,,,
21,중1(교육과정 학년군: 중1-3),변화와 관계,문자의 사용과 식,m1_expr_unit__contains__m1_expr_polynomial,intra_unit,m1_expr_unit,문자의 사용과 식,문자의 사용과 식,m1_expr_polynomial,다항식,문자의 사용과 식,contains,high,1,"curriculum_math_2022: printed p. 36; terms and symbols for 변화와 관계; term_list; 대입, 다항식, 항, 단항식, 상수항, 계수, 차수, 일차식, 동류항, 등식, 방정식, 미지수, 해, 근, 항등식, 이항, 일차방정식, 변수, 좌표, 그래프, 인수, 인수분해, 완전제곱식, 이차방정식, 중근, 근의 공식, 이차함수, 포물선, 축, 꼭짓점, 최댓값, 최솟값 등을 다룸",,structure_ref;textbook_page_refs,Find textbook structure evidence for the containment relation.,pending_textbook_pdf,,,,,,,,,,
21,중1(교육과정 학년군: 중1-3),변화와 관계,문자의 사용과 식,m1_expr_unit__contains__m1_expr_quantity_relationship,intra_unit,m1_expr_unit,문자의 사용과 식,문자의 사용과 식,m1_expr_quantity_relationship,상황 속 수량 관계,문자의 사용과 식,contains,medium,3,"curriculum_math_2022: printed p. 34; [9수02-01]; achievement_standard; 다양한 상황을 문자를 사용한 식으로 나타내고 식의 값을 구하는 성취기준 | achievement_math_2022: 문자의 사용과 식 section; [9수02-01] achievement levels; achievement_level; 문자를 사용한 식으로 나타내기, 문자의 특징 이해, 식의 값 계산 수준을 구분 | achievement_research_report_2022: 연구보고서 p. 214; 문자의 사용과 식 성취기준별 성취수준; research_report_achievement_level_context; 다양한 상황을 문자를 사용한 식으로 나타내고 식의 값을 구하며, 일차식의 덧셈과 뺄셈 원리와 계산 과정 설명 수준을 구분",,structure_ref;textbook_page_refs,Find textbook structure evidence for the containment relation.,pending_textbook_pdf,,,,,,,,,,
21,중1(교육과정 학년군: 중1-3),변화와 관계,문자의 사용과 식,m1_expr_unit__contains__m1_expr_situation_to_literal_expression,intra_unit,m1_expr_unit,문자의 사용과 식,문자의 사용과 식,m1_expr_situation_to_literal_expression,상황을 문자를 사용한 식으로 나타내기,문자의 사용과 식,contains,high,3,"curriculum_math_2022: printed p. 34; [9수02-01]; achievement_standard; 다양한 상황을 문자를 사용한 식으로 나타내고 식의 값을 구하는 성취기준 | achievement_math_2022: 문자의 사용과 식 section; [9수02-01] achievement levels; achievement_level; 문자를 사용한 식으로 나타내기, 문자의 특징 이해, 식의 값 계산 수준을 구분 | achievement_research_report_2022: 연구보고서 p. 214; 문자의 사용과 식 성취기준별 성취수준; research_report_achievement_level_context; 다양한 상황을 문자를 사용한 식으로 나타내고 식의 값을 구하며, 일차식의 덧셈과 뺄셈 원리와 계산 과정 설명 수준을 구분",,structure_ref;textbook_page_refs,Find textbook structure evidence for the containment relation.,pending_textbook_pdf,,,,,,,,,,
21,중1(교육과정 학년군: 중1-3),변화와 관계,문자의 사용과 식,m1_expr_unit__contains__m1_expr_substitution,intra_unit,m1_expr_unit,문자의 사용과 식,문자의 사용과 식,m1_expr_substitution,대입,문자의 사용과 식,contains,high,2,"curriculum_math_2022: printed p. 36; terms and symbols for 변화와 관계; term_list; 대입, 다항식, 항, 단항식, 상수항, 계수, 차수, 일차식, 동류항, 등식, 방정식, 미지수, 해, 근, 항등식, 이항, 일차방정식, 변수, 좌표, 그래프, 인수, 인수분해, 완전제곱식, 이차방정식, 중근, 근의 공식, 이차함수, 포물선, 축, 꼭짓점, 최댓값, 최솟값 등을 다룸 | achievement_math_2022: 문자의 사용과 식 section; [9수02-01] achievement levels; achievement_level; 문자를 사용한 식으로 나타내기, 문자의 특징 이해, 식의 값 계산 수준을 구분",,structure_ref;textbook_page_refs,Find textbook structure evidence for the containment relation.,pending_textbook_pdf,,,,,,,,,,
21,중1(교육과정 학년군: 중1-3),변화와 관계,문자의 사용과 식,m1_expr_unit__contains__m1_expr_usefulness,intra_unit,m1_expr_unit,문자의 사용과 식,문자의 사용과 식,m1_expr_usefulness,문자를 사용한 식의 유용성,문자의 사용과 식,contains,high,4,"curriculum_math_2022: printed p. 34; [9수02-01]; achievement_standard; 다양한 상황을 문자를 사용한 식으로 나타내고 식의 값을 구하는 성취기준 | curriculum_math_2022: printed p. 36; achievement-standard considerations; teaching_note; 문자와 수, 문자와 일상 언어의 공통점과 차이점을 탐색하고 문자의 유용성을 인식하게 함 | achievement_math_2022: 문자의 사용과 식 section; [9수02-01] achievement levels; achievement_level; 문자를 사용한 식으로 나타내기, 문자의 특징 이해, 식의 값 계산 수준을 구분 | achievement_research_report_2022: 연구보고서 p. 214; 문자의 사용과 식 성취기준별 성취수준; research_report_achievement_level_context; 다양한 상황을 문자를 사용한 식으로 나타내고 식의 값을 구하며, 일차식의 덧셈과 뺄셈 원리와 계산 과정 설명 수준을 구분",,structure_ref;textbook_page_refs,Find textbook structure evidence for the containment relation.,pending_textbook_pdf,,,,,,,,,,
21,중1(교육과정 학년군: 중1-3),변화와 관계,문자의 사용과 식,m1_expr_unit__contains__m1_expr_value,intra_unit,m1_expr_unit,문자의 사용과 식,문자의 사용과 식,m1_expr_value,식의 값,문자의 사용과 식,contains,high,3,"curriculum_math_2022: printed p. 34; [9수02-01]; achievement_standard; 다양한 상황을 문자를 사용한 식으로 나타내고 식의 값을 구하는 성취기준 | curriculum_math_2022: printed p. 36; terms usable in teaching and learning situations; instructional_term_list; 식의 값, 좌변, 우변, 양변, 이차식, 전개식, 연립일차방정식, 소거, 가감법, 대입법, 함수의 그래프 등은 교수·학습 상황에서 사용할 수 있음 | achievement_math_2022: 문자의 사용과 식 section; [9수02-01] achievement levels; achievement_level; 문자를 사용한 식으로 나타내기, 문자의 특징 이해, 식의 값 계산 수준을 구분",,structure_ref;textbook_page_refs,Find textbook structure evidence for the containment relation.,pending_textbook_pdf,,,,,,,,,,
21,중1(교육과정 학년군: 중1-3),변화와 관계,문자의 사용과 식,m1_expr_add_sub_linear_expression__prerequisite_for__m1_expr_explain_linear_expression_calculation,intra_unit,m1_expr_add_sub_linear_expression,일차식의 덧셈과 뺄셈,문자의 사용과 식,m1_expr_explain_linear_expression_calculation,일차식 계산 과정 설명하기,문자의 사용과 식,prerequisite_for,medium,3,"curriculum_math_2022: printed p. 34; [9수02-02]; achievement_standard; 일차식의 덧셈과 뺄셈 원리를 이해하고 계산하는 성취기준 | achievement_math_2022: 문자의 사용과 식 section; [9수02-02] achievement levels; achievement_level; 일차식의 덧셈과 뺄셈 원리 이해, 계산, 과정 설명 수준을 구분 | achievement_research_report_2022: 연구보고서 p. 214; 문자의 사용과 식 성취기준별 성취수준; research_report_achievement_level_context; 다양한 상황을 문자를 사용한 식으로 나타내고 식의 값을 구하며, 일차식의 덧셈과 뺄셈 원리와 계산 과정 설명 수준을 구분",,prerequisite_ref;textbook_page_refs,Find textbook sequencing or prior-knowledge evidence for the prerequisite relation.,pending_textbook_pdf,,,,,,,,,,
21,중1(교육과정 학년군: 중1-3),변화와 관계,문자의 사용과 식,m1_expr_coefficient__prerequisite_for__m1_expr_like_terms,intra_unit,m1_expr_coefficient,계수,문자의 사용과 식,m1_expr_like_terms,동류항,문자의 사용과 식,prerequisite_for,medium,2,"curriculum_math_2022: printed p. 36; terms and symbols for 변화와 관계; term_list; 대입, 다항식, 항, 단항식, 상수항, 계수, 차수, 일차식, 동류항, 등식, 방정식, 미지수, 해, 근, 항등식, 이항, 일차방정식, 변수, 좌표, 그래프, 인수, 인수분해, 완전제곱식, 이차방정식, 중근, 근의 공식, 이차함수, 포물선, 축, 꼭짓점, 최댓값, 최솟값 등을 다룸 | achievement_math_2022: 문자의 사용과 식 section; [9수02-02] achievement levels; achievement_level; 일차식의 덧셈과 뺄셈 원리 이해, 계산, 과정 설명 수준을 구분",,prerequisite_ref;textbook_page_refs,Find textbook sequencing or prior-knowledge evidence for the prerequisite relation.,pending_textbook_pdf,,,,,,,,,,
21,중1(교육과정 학년군: 중1-3),변화와 관계,문자의 사용과 식,m1_expr_degree__prerequisite_for__m1_expr_linear_expression,intra_unit,m1_expr_degree,차수,문자의 사용과 식,m1_expr_linear_expression,일차식,문자의 사용과 식,prerequisite_for,high,4,"curriculum_math_2022: printed p. 34; [9수02-02]; achievement_standard; 일차식의 덧셈과 뺄셈 원리를 이해하고 계산하는 성취기준 | curriculum_math_2022: printed p. 36; terms and symbols for 변화와 관계; term_list; 대입, 다항식, 항, 단항식, 상수항, 계수, 차수, 일차식, 동류항, 등식, 방정식, 미지수, 해, 근, 항등식, 이항, 일차방정식, 변수, 좌표, 그래프, 인수, 인수분해, 완전제곱식, 이차방정식, 중근, 근의 공식, 이차함수, 포물선, 축, 꼭짓점, 최댓값, 최솟값 등을 다룸 | achievement_math_2022: 문자의 사용과 식 section; [9수02-02] achievement levels; achievement_level; 일차식의 덧셈과 뺄셈 원리 이해, 계산, 과정 설명 수준을 구분 | achievement_research_report_2022: 연구보고서 p. 214; 문자의 사용과 식 성취기준별 성취수준; research_report_achievement_level_context; 다양한 상황을 문자를 사용한 식으로 나타내고 식의 값을 구하며, 일차식의 덧셈과 뺄셈 원리와 계산 과정 설명 수준을 구분",,prerequisite_ref;textbook_page_refs,Find textbook sequencing or prior-knowledge evidence for the prerequisite relation.,pending_textbook_pdf,,,,,,,,,,
21,중1(교육과정 학년군: 중1-3),변화와 관계,문자의 사용과 식,m1_expr_letter__prerequisite_for__m1_expr_letter_quantity,intra_unit,m1_expr_letter,문자,문자의 사용과 식,m1_expr_letter_quantity,문자가 나타내는 수량 정하기,문자의 사용과 식,prerequisite_for,medium,4,"curriculum_math_2022: printed p. 34; [9수02-01]; achievement_standard; 다양한 상황을 문자를 사용한 식으로 나타내고 식의 값을 구하는 성취기준 | curriculum_math_2022: printed p. 36; achievement-standard considerations; teaching_note; 문자와 수, 문자와 일상 언어의 공통점과 차이점을 탐색하고 문자의 유용성을 인식하게 함 | achievement_math_2022: 문자의 사용과 식 section; [9수02-01] achievement levels; achievement_level; 문자를 사용한 식으로 나타내기, 문자의 특징 이해, 식의 값 계산 수준을 구분 | achievement_research_report_2022: 연구보고서 p. 214; 문자의 사용과 식 성취기준별 성취수준; research_report_achievement_level_context; 다양한 상황을 문자를 사용한 식으로 나타내고 식의 값을 구하며, 일차식의 덧셈과 뺄셈 원리와 계산 과정 설명 수준을 구분",,prerequisite_ref;textbook_page_refs,Find textbook sequencing or prior-knowledge evidence for the prerequisite relation.,pending_textbook_pdf,,,,,,,,,,
21,중1(교육과정 학년군: 중1-3),변화와 관계,문자의 사용과 식,m1_expr_letter__prerequisite_for__m1_expr_literal_expression,intra_unit,m1_expr_letter,문자,문자의 사용과 식,m1_expr_literal_expression,문자를 사용한 식,문자의 사용과 식,prerequisite_for,high,3,"curriculum_math_2022: printed p. 34; [9수02-01]; achievement_standard; 다양한 상황을 문자를 사용한 식으로 나타내고 식의 값을 구하는 성취기준 | achievement_math_2022: 문자의 사용과 식 section; [9수02-01] achievement levels; achievement_level; 문자를 사용한 식으로 나타내기, 문자의 특징 이해, 식의 값 계산 수준을 구분 | achievement_research_report_2022: 연구보고서 p. 214; 문자의 사용과 식 성취기준별 성취수준; research_report_achievement_level_context; 다양한 상황을 문자를 사용한 식으로 나타내고 식의 값을 구하며, 일차식의 덧셈과 뺄셈 원리와 계산 과정 설명 수준을 구분",,prerequisite_ref;textbook_page_refs,Find textbook sequencing or prior-knowledge evidence for the prerequisite relation.,pending_textbook_pdf,,,,,,,,,,
21,중1(교육과정 학년군: 중1-3),변화와 관계,문자의 사용과 식,m1_expr_letter__prerequisite_for__m1_expr_substitution,intra_unit,m1_expr_letter,문자,문자의 사용과 식,m1_expr_substitution,대입,문자의 사용과 식,prerequisite_for,high,3,"curriculum_math_2022: printed p. 36; terms and symbols for 변화와 관계; term_list; 대입, 다항식, 항, 단항식, 상수항, 계수, 차수, 일차식, 동류항, 등식, 방정식, 미지수, 해, 근, 항등식, 이항, 일차방정식, 변수, 좌표, 그래프, 인수, 인수분해, 완전제곱식, 이차방정식, 중근, 근의 공식, 이차함수, 포물선, 축, 꼭짓점, 최댓값, 최솟값 등을 다룸 | curriculum_math_2022: printed p. 34; [9수02-01]; achievement_standard; 다양한 상황을 문자를 사용한 식으로 나타내고 식의 값을 구하는 성취기준 | achievement_math_2022: 문자의 사용과 식 section; [9수02-01] achievement levels; achievement_level; 문자를 사용한 식으로 나타내기, 문자의 특징 이해, 식의 값 계산 수준을 구분",,prerequisite_ref;textbook_page_refs,Find textbook sequencing or prior-knowledge evidence for the prerequisite relation.,pending_textbook_pdf,,,,,,,,,,
21,중1(교육과정 학년군: 중1-3),변화와 관계,문자의 사용과 식,m1_expr_letter_quantity__prerequisite_for__m1_expr_situation_to_literal_expression,intra_unit,m1_expr_letter_quantity,문자가 나타내는 수량 정하기,문자의 사용과 식,m1_expr_situation_to_literal_expression,상황을 문자를 사용한 식으로 나타내기,문자의 사용과 식,prerequisite_for,high,3,"curriculum_math_2022: printed p. 34; [9수02-01]; achievement_standard; 다양한 상황을 문자를 사용한 식으로 나타내고 식의 값을 구하는 성취기준 | achievement_math_2022: 문자의 사용과 식 section; [9수02-01] achievement levels; achievement_level; 문자를 사용한 식으로 나타내기, 문자의 특징 이해, 식의 값 계산 수준을 구분 | achievement_research_report_2022: 연구보고서 p. 214; 문자의 사용과 식 성취기준별 성취수준; research_report_achievement_level_context; 다양한 상황을 문자를 사용한 식으로 나타내고 식의 값을 구하며, 일차식의 덧셈과 뺄셈 원리와 계산 과정 설명 수준을 구분",,prerequisite_ref;textbook_page_refs,Find textbook sequencing or prior-knowledge evidence for the prerequisite relation.,pending_textbook_pdf,,,,,,,,,,
21,중1(교육과정 학년군: 중1-3),변화와 관계,문자의 사용과 식,m1_expr_like_terms__prerequisite_for__m1_expr_add_sub_linear_expression,intra_unit,m1_expr_like_terms,동류항,문자의 사용과 식,m1_expr_add_sub_linear_expression,일차식의 덧셈과 뺄셈,문자의 사용과 식,prerequisite_for,high,3,"curriculum_math_2022: printed p. 34; [9수02-02]; achievement_standard; 일차식의 덧셈과 뺄셈 원리를 이해하고 계산하는 성취기준 | achievement_math_2022: 문자의 사용과 식 section; [9수02-02] achievement levels; achievement_level; 일차식의 덧셈과 뺄셈 원리 이해, 계산, 과정 설명 수준을 구분 | achievement_research_report_2022: 연구보고서 p. 214; 문자의 사용과 식 성취기준별 성취수준; research_report_achievement_level_context; 다양한 상황을 문자를 사용한 식으로 나타내고 식의 값을 구하며, 일차식의 덧셈과 뺄셈 원리와 계산 과정 설명 수준을 구분",,prerequisite_ref;textbook_page_refs,Find textbook sequencing or prior-knowledge evidence for the prerequisite relation.,pending_textbook_pdf,,,,,,,,,,
21,중1(교육과정 학년군: 중1-3),변화와 관계,문자의 사용과 식,m1_expr_like_terms__prerequisite_for__m1_expr_linear_expression_add_sub_principle,intra_unit,m1_expr_like_terms,동류항,문자의 사용과 식,m1_expr_linear_expression_add_sub_principle,일차식의 덧셈과 뺄셈 원리,문자의 사용과 식,prerequisite_for,high,3,"curriculum_math_2022: printed p. 34; [9수02-02]; achievement_standard; 일차식의 덧셈과 뺄셈 원리를 이해하고 계산하는 성취기준 | achievement_math_2022: 문자의 사용과 식 section; [9수02-02] achievement levels; achievement_level; 일차식의 덧셈과 뺄셈 원리 이해, 계산, 과정 설명 수준을 구분 | achievement_research_report_2022: 연구보고서 p. 214; 문자의 사용과 식 성취기준별 성취수준; research_report_achievement_level_context; 다양한 상황을 문자를 사용한 식으로 나타내고 식의 값을 구하며, 일차식의 덧셈과 뺄셈 원리와 계산 과정 설명 수준을 구분",,prerequisite_ref;textbook_page_refs,Find textbook sequencing or prior-knowledge evidence for the prerequisite relation.,pending_textbook_pdf,,,,,,,,,,
21,중1(교육과정 학년군: 중1-3),변화와 관계,문자의 사용과 식,m1_expr_linear_expression__prerequisite_for__m1_expr_add_sub_linear_expression,intra_unit,m1_expr_linear_expression,일차식,문자의 사용과 식,m1_expr_add_sub_linear_expression,일차식의 덧셈과 뺄셈,문자의 사용과 식,prerequisite_for,high,3,"curriculum_math_2022: printed p. 34; [9수02-02]; achievement_standard; 일차식의 덧셈과 뺄셈 원리를 이해하고 계산하는 성취기준 | achievement_math_2022: 문자의 사용과 식 section; [9수02-02] achievement levels; achievement_level; 일차식의 덧셈과 뺄셈 원리 이해, 계산, 과정 설명 수준을 구분 | achievement_research_report_2022: 연구보고서 p. 214; 문자의 사용과 식 성취기준별 성취수준; research_report_achievement_level_context; 다양한 상황을 문자를 사용한 식으로 나타내고 식의 값을 구하며, 일차식의 덧셈과 뺄셈 원리와 계산 과정 설명 수준을 구분",,prerequisite_ref;textbook_page_refs,Find textbook sequencing or prior-knowledge evidence for the prerequisite relation.,pending_textbook_pdf,,,,,,,,,,
21,중1(교육과정 학년군: 중1-3),변화와 관계,문자의 사용과 식,m1_expr_linear_expression__prerequisite_for__m1_expr_linear_expression_add_sub_principle,intra_unit,m1_expr_linear_expression,일차식,문자의 사용과 식,m1_expr_linear_expression_add_sub_principle,일차식의 덧셈과 뺄셈 원리,문자의 사용과 식,prerequisite_for,high,3,"curriculum_math_2022: printed p. 34; [9수02-02]; achievement_standard; 일차식의 덧셈과 뺄셈 원리를 이해하고 계산하는 성취기준 | achievement_math_2022: 문자의 사용과 식 section; [9수02-02] achievement levels; achievement_level; 일차식의 덧셈과 뺄셈 원리 이해, 계산, 과정 설명 수준을 구분 | achievement_research_report_2022: 연구보고서 p. 214; 문자의 사용과 식 성취기준별 성취수준; research_report_achievement_level_context; 다양한 상황을 문자를 사용한 식으로 나타내고 식의 값을 구하며, 일차식의 덧셈과 뺄셈 원리와 계산 과정 설명 수준을 구분",,prerequisite_ref;textbook_page_refs,Find textbook sequencing or prior-knowledge evidence for the prerequisite relation.,pending_textbook_pdf,,,,,,,,,,
21,중1(교육과정 학년군: 중1-3),변화와 관계,문자의 사용과 식,m1_expr_linear_expression_add_sub_principle__prerequisite_for__m1_expr_explain_linear_expression_calculation,intra_unit,m1_expr_linear_expression_add_sub_principle,일차식의 덧셈과 뺄셈 원리,문자의 사용과 식,m1_expr_explain_linear_expression_calculation,일차식 계산 과정 설명하기,문자의 사용과 식,prerequisite_for,medium,3,"curriculum_math_2022: printed p. 34; [9수02-02]; achievement_standard; 일차식의 덧셈과 뺄셈 원리를 이해하고 계산하는 성취기준 | achievement_math_2022: 문자의 사용과 식 section; [9수02-02] achievement levels; achievement_level; 일차식의 덧셈과 뺄셈 원리 이해, 계산, 과정 설명 수준을 구분 | achievement_research_report_2022: 연구보고서 p. 214; 문자의 사용과 식 성취기준별 성취수준; research_report_achievement_level_context; 다양한 상황을 문자를 사용한 식으로 나타내고 식의 값을 구하며, 일차식의 덧셈과 뺄셈 원리와 계산 과정 설명 수준을 구분",,prerequisite_ref;textbook_page_refs,Find textbook sequencing or prior-knowledge evidence for the prerequisite relation.,pending_textbook_pdf,,,,,,,,,,
21,중1(교육과정 학년군: 중1-3),변화와 관계,문자의 사용과 식,m1_expr_literal_expression__prerequisite_for__m1_expr_evaluate_expression_value,intra_unit,m1_expr_literal_expression,문자를 사용한 식,문자의 사용과 식,m1_expr_evaluate_expression_value,식의 값 구하기,문자의 사용과 식,prerequisite_for,high,4,"curriculum_math_2022: printed p. 34; [9수02-01]; achievement_standard; 다양한 상황을 문자를 사용한 식으로 나타내고 식의 값을 구하는 성취기준 | curriculum_math_2022: printed p. 36; terms usable in teaching and learning situations; instructional_term_list; 식의 값, 좌변, 우변, 양변, 이차식, 전개식, 연립일차방정식, 소거, 가감법, 대입법, 함수의 그래프 등은 교수·학습 상황에서 사용할 수 있음 | achievement_math_2022: 문자의 사용과 식 section; [9수02-01] achievement levels; achievement_level; 문자를 사용한 식으로 나타내기, 문자의 특징 이해, 식의 값 계산 수준을 구분 | achievement_research_report_2022: 연구보고서 p. 214; 문자의 사용과 식 성취기준별 성취수준; research_report_achievement_level_context; 다양한 상황을 문자를 사용한 식으로 나타내고 식의 값을 구하며, 일차식의 덧셈과 뺄셈 원리와 계산 과정 설명 수준을 구분",,prerequisite_ref;textbook_page_refs,Find textbook sequencing or prior-knowledge evidence for the prerequisite relation.,pending_textbook_pdf,,,,,,,,,,
21,중1(교육과정 학년군: 중1-3),변화와 관계,문자의 사용과 식,m1_expr_literal_expression__prerequisite_for__m1_expr_substitution,intra_unit,m1_expr_literal_expression,문자를 사용한 식,문자의 사용과 식,m1_expr_substitution,대입,문자의 사용과 식,prerequisite_for,high,3,"curriculum_math_2022: printed p. 36; terms and symbols for 변화와 관계; term_list; 대입, 다항식, 항, 단항식, 상수항, 계수, 차수, 일차식, 동류항, 등식, 방정식, 미지수, 해, 근, 항등식, 이항, 일차방정식, 변수, 좌표, 그래프, 인수, 인수분해, 완전제곱식, 이차방정식, 중근, 근의 공식, 이차함수, 포물선, 축, 꼭짓점, 최댓값, 최솟값 등을 다룸 | curriculum_math_2022: printed p. 34; [9수02-01]; achievement_standard; 다양한 상황을 문자를 사용한 식으로 나타내고 식의 값을 구하는 성취기준 | achievement_math_2022: 문자의 사용과 식 section; [9수02-01] achievement levels; achievement_level; 문자를 사용한 식으로 나타내기, 문자의 특징 이해, 식의 값 계산 수준을 구분",,prerequisite_ref;textbook_page_refs,Find textbook sequencing or prior-knowledge evidence for the prerequisite relation.,pending_textbook_pdf,,,,,,,,,,
21,중1(교육과정 학년군: 중1-3),변화와 관계,문자의 사용과 식,m1_expr_literal_expression__prerequisite_for__m1_expr_value,intra_unit,m1_expr_literal_expression,문자를 사용한 식,문자의 사용과 식,m1_expr_value,식의 값,문자의 사용과 식,prerequisite_for,high,4,"curriculum_math_2022: printed p. 34; [9수02-01]; achievement_standard; 다양한 상황을 문자를 사용한 식으로 나타내고 식의 값을 구하는 성취기준 | curriculum_math_2022: printed p. 36; terms usable in teaching and learning situations; instructional_term_list; 식의 값, 좌변, 우변, 양변, 이차식, 전개식, 연립일차방정식, 소거, 가감법, 대입법, 함수의 그래프 등은 교수·학습 상황에서 사용할 수 있음 | achievement_math_2022: 문자의 사용과 식 section; [9수02-01] achievement levels; achievement_level; 문자를 사용한 식으로 나타내기, 문자의 특징 이해, 식의 값 계산 수준을 구분 | achievement_research_report_2022: 연구보고서 p. 214; 문자의 사용과 식 성취기준별 성취수준; research_report_achievement_level_context; 다양한 상황을 문자를 사용한 식으로 나타내고 식의 값을 구하며, 일차식의 덧셈과 뺄셈 원리와 계산 과정 설명 수준을 구분",,prerequisite_ref;textbook_page_refs,Find textbook sequencing or prior-knowledge evidence for the prerequisite relation.,pending_textbook_pdf,,,,,,,,,,
21,중1(교육과정 학년군: 중1-3),변화와 관계,문자의 사용과 식,m1_expr_polynomial__prerequisite_for__m1_expr_linear_expression,intra_unit,m1_expr_polynomial,다항식,문자의 사용과 식,m1_expr_linear_expression,일차식,문자의 사용과 식,prerequisite_for,high,4,"curriculum_math_2022: printed p. 34; [9수02-02]; achievement_standard; 일차식의 덧셈과 뺄셈 원리를 이해하고 계산하는 성취기준 | curriculum_math_2022: printed p. 36; terms and symbols for 변화와 관계; term_list; 대입, 다항식, 항, 단항식, 상수항, 계수, 차수, 일차식, 동류항, 등식, 방정식, 미지수, 해, 근, 항등식, 이항, 일차방정식, 변수, 좌표, 그래프, 인수, 인수분해, 완전제곱식, 이차방정식, 중근, 근의 공식, 이차함수, 포물선, 축, 꼭짓점, 최댓값, 최솟값 등을 다룸 | achievement_math_2022: 문자의 사용과 식 section; [9수02-02] achievement levels; achievement_level; 일차식의 덧셈과 뺄셈 원리 이해, 계산, 과정 설명 수준을 구분 | achievement_research_report_2022: 연구보고서 p. 214; 문자의 사용과 식 성취기준별 성취수준; research_report_achievement_level_context; 다양한 상황을 문자를 사용한 식으로 나타내고 식의 값을 구하며, 일차식의 덧셈과 뺄셈 원리와 계산 과정 설명 수준을 구분",,prerequisite_ref;textbook_page_refs,Find textbook sequencing or prior-knowledge evidence for the prerequisite relation.,pending_textbook_pdf,,,,,,,,,,
21,중1(교육과정 학년군: 중1-3),변화와 관계,문자의 사용과 식,m1_expr_quantity_relationship__prerequisite_for__m1_expr_letter_quantity,intra_unit,m1_expr_quantity_relationship,상황 속 수량 관계,문자의 사용과 식,m1_expr_letter_quantity,문자가 나타내는 수량 정하기,문자의 사용과 식,prerequisite_for,medium,4,"curriculum_math_2022: printed p. 34; [9수02-01]; achievement_standard; 다양한 상황을 문자를 사용한 식으로 나타내고 식의 값을 구하는 성취기준 | curriculum_math_2022: printed p. 36; achievement-standard considerations; teaching_note; 문자와 수, 문자와 일상 언어의 공통점과 차이점을 탐색하고 문자의 유용성을 인식하게 함 | achievement_math_2022: 문자의 사용과 식 section; [9수02-01] achievement levels; achievement_level; 문자를 사용한 식으로 나타내기, 문자의 특징 이해, 식의 값 계산 수준을 구분 | achievement_research_report_2022: 연구보고서 p. 214; 문자의 사용과 식 성취기준별 성취수준; research_report_achievement_level_context; 다양한 상황을 문자를 사용한 식으로 나타내고 식의 값을 구하며, 일차식의 덧셈과 뺄셈 원리와 계산 과정 설명 수준을 구분",,prerequisite_ref;textbook_page_refs,Find textbook sequencing or prior-knowledge evidence for the prerequisite relation.,pending_textbook_pdf,,,,,,,,,,
21,중1(교육과정 학년군: 중1-3),변화와 관계,문자의 사용과 식,m1_expr_substitution__prerequisite_for__m1_expr_evaluate_expression_value,intra_unit,m1_expr_substitution,대입,문자의 사용과 식,m1_expr_evaluate_expression_value,식의 값 구하기,문자의 사용과 식,prerequisite_for,high,4,"curriculum_math_2022: printed p. 34; [9수02-01]; achievement_standard; 다양한 상황을 문자를 사용한 식으로 나타내고 식의 값을 구하는 성취기준 | curriculum_math_2022: printed p. 36; terms usable in teaching and learning situations; instructional_term_list; 식의 값, 좌변, 우변, 양변, 이차식, 전개식, 연립일차방정식, 소거, 가감법, 대입법, 함수의 그래프 등은 교수·학습 상황에서 사용할 수 있음 | achievement_math_2022: 문자의 사용과 식 section; [9수02-01] achievement levels; achievement_level; 문자를 사용한 식으로 나타내기, 문자의 특징 이해, 식의 값 계산 수준을 구분 | achievement_research_report_2022: 연구보고서 p. 214; 문자의 사용과 식 성취기준별 성취수준; research_report_achievement_level_context; 다양한 상황을 문자를 사용한 식으로 나타내고 식의 값을 구하며, 일차식의 덧셈과 뺄셈 원리와 계산 과정 설명 수준을 구분",,prerequisite_ref;textbook_page_refs,Find textbook sequencing or prior-knowledge evidence for the prerequisite relation.,pending_textbook_pdf,,,,,,,,,,
21,중1(교육과정 학년군: 중1-3),변화와 관계,문자의 사용과 식,m1_expr_substitution__prerequisite_for__m1_expr_value,intra_unit,m1_expr_substitution,대입,문자의 사용과 식,m1_expr_value,식의 값,문자의 사용과 식,prerequisite_for,high,4,"curriculum_math_2022: printed p. 34; [9수02-01]; achievement_standard; 다양한 상황을 문자를 사용한 식으로 나타내고 식의 값을 구하는 성취기준 | curriculum_math_2022: printed p. 36; terms usable in teaching and learning situations; instructional_term_list; 식의 값, 좌변, 우변, 양변, 이차식, 전개식, 연립일차방정식, 소거, 가감법, 대입법, 함수의 그래프 등은 교수·학습 상황에서 사용할 수 있음 | achievement_math_2022: 문자의 사용과 식 section; [9수02-01] achievement levels; achievement_level; 문자를 사용한 식으로 나타내기, 문자의 특징 이해, 식의 값 계산 수준을 구분 | achievement_research_report_2022: 연구보고서 p. 214; 문자의 사용과 식 성취기준별 성취수준; research_report_achievement_level_context; 다양한 상황을 문자를 사용한 식으로 나타내고 식의 값을 구하며, 일차식의 덧셈과 뺄셈 원리와 계산 과정 설명 수준을 구분",,prerequisite_ref;textbook_page_refs,Find textbook sequencing or prior-knowledge evidence for the prerequisite relation.,pending_textbook_pdf,,,,,,,,,,
21,중1(교육과정 학년군: 중1-3),변화와 관계,문자의 사용과 식,m1_expr_term__prerequisite_for__m1_expr_coefficient,intra_unit,m1_expr_term,항,문자의 사용과 식,m1_expr_coefficient,계수,문자의 사용과 식,prerequisite_for,high,1,"curriculum_math_2022: printed p. 36; terms and symbols for 변화와 관계; term_list; 대입, 다항식, 항, 단항식, 상수항, 계수, 차수, 일차식, 동류항, 등식, 방정식, 미지수, 해, 근, 항등식, 이항, 일차방정식, 변수, 좌표, 그래프, 인수, 인수분해, 완전제곱식, 이차방정식, 중근, 근의 공식, 이차함수, 포물선, 축, 꼭짓점, 최댓값, 최솟값 등을 다룸",,prerequisite_ref;textbook_page_refs,Find textbook sequencing or prior-knowledge evidence for the prerequisite relation.,pending_textbook_pdf,,,,,,,,,,
21,중1(교육과정 학년군: 중1-3),변화와 관계,문자의 사용과 식,m1_expr_term__prerequisite_for__m1_expr_constant_term,intra_unit,m1_expr_term,항,문자의 사용과 식,m1_expr_constant_term,상수항,문자의 사용과 식,prerequisite_for,high,1,"curriculum_math_2022: printed p. 36; terms and symbols for 변화와 관계; term_list; 대입, 다항식, 항, 단항식, 상수항, 계수, 차수, 일차식, 동류항, 등식, 방정식, 미지수, 해, 근, 항등식, 이항, 일차방정식, 변수, 좌표, 그래프, 인수, 인수분해, 완전제곱식, 이차방정식, 중근, 근의 공식, 이차함수, 포물선, 축, 꼭짓점, 최댓값, 최솟값 등을 다룸",,prerequisite_ref;textbook_page_refs,Find textbook sequencing or prior-knowledge evidence for the prerequisite relation.,pending_textbook_pdf,,,,,,,,,,
21,중1(교육과정 학년군: 중1-3),변화와 관계,문자의 사용과 식,m1_expr_term__prerequisite_for__m1_expr_degree,intra_unit,m1_expr_term,항,문자의 사용과 식,m1_expr_degree,차수,문자의 사용과 식,prerequisite_for,high,1,"curriculum_math_2022: printed p. 36; terms and symbols for 변화와 관계; term_list; 대입, 다항식, 항, 단항식, 상수항, 계수, 차수, 일차식, 동류항, 등식, 방정식, 미지수, 해, 근, 항등식, 이항, 일차방정식, 변수, 좌표, 그래프, 인수, 인수분해, 완전제곱식, 이차방정식, 중근, 근의 공식, 이차함수, 포물선, 축, 꼭짓점, 최댓값, 최솟값 등을 다룸",,prerequisite_ref;textbook_page_refs,Find textbook sequencing or prior-knowledge evidence for the prerequisite relation.,pending_textbook_pdf,,,,,,,,,,
21,중1(교육과정 학년군: 중1-3),변화와 관계,문자의 사용과 식,m1_expr_term__prerequisite_for__m1_expr_like_terms,intra_unit,m1_expr_term,항,문자의 사용과 식,m1_expr_like_terms,동류항,문자의 사용과 식,prerequisite_for,medium,2,"curriculum_math_2022: printed p. 36; terms and symbols for 변화와 관계; term_list; 대입, 다항식, 항, 단항식, 상수항, 계수, 차수, 일차식, 동류항, 등식, 방정식, 미지수, 해, 근, 항등식, 이항, 일차방정식, 변수, 좌표, 그래프, 인수, 인수분해, 완전제곱식, 이차방정식, 중근, 근의 공식, 이차함수, 포물선, 축, 꼭짓점, 최댓값, 최솟값 등을 다룸 | achievement_math_2022: 문자의 사용과 식 section; [9수02-02] achievement levels; achievement_level; 일차식의 덧셈과 뺄셈 원리 이해, 계산, 과정 설명 수준을 구분",,prerequisite_ref;textbook_page_refs,Find textbook sequencing or prior-knowledge evidence for the prerequisite relation.,pending_textbook_pdf,,,,,,,,,,
21,중1(교육과정 학년군: 중1-3),변화와 관계,문자의 사용과 식,m1_expr_add_sub_linear_expression__used_in__m1_expr_explain_linear_expression_calculation,intra_unit,m1_expr_add_sub_linear_expression,일차식의 덧셈과 뺄셈,문자의 사용과 식,m1_expr_explain_linear_expression_calculation,일차식 계산 과정 설명하기,문자의 사용과 식,used_in,medium,3,"curriculum_math_2022: printed p. 34; [9수02-02]; achievement_standard; 일차식의 덧셈과 뺄셈 원리를 이해하고 계산하는 성취기준 | achievement_math_2022: 문자의 사용과 식 section; [9수02-02] achievement levels; achievement_level; 일차식의 덧셈과 뺄셈 원리 이해, 계산, 과정 설명 수준을 구분 | achievement_research_report_2022: 연구보고서 p. 214; 문자의 사용과 식 성취기준별 성취수준; research_report_achievement_level_context; 다양한 상황을 문자를 사용한 식으로 나타내고 식의 값을 구하며, 일차식의 덧셈과 뺄셈 원리와 계산 과정 설명 수준을 구분",,procedure_ref;textbook_page_refs,"Find a worked example, procedure, or application where this source concept is used.",pending_textbook_pdf,,,,,,,,,,
21,중1(교육과정 학년군: 중1-3),변화와 관계,문자의 사용과 식,m1_expr_evaluate_expression_value__used_in__m1_expr_value,intra_unit,m1_expr_evaluate_expression_value,식의 값 구하기,문자의 사용과 식,m1_expr_value,식의 값,문자의 사용과 식,used_in,high,4,"curriculum_math_2022: printed p. 34; [9수02-01]; achievement_standard; 다양한 상황을 문자를 사용한 식으로 나타내고 식의 값을 구하는 성취기준 | curriculum_math_2022: printed p. 36; terms usable in teaching and learning situations; instructional_term_list; 식의 값, 좌변, 우변, 양변, 이차식, 전개식, 연립일차방정식, 소거, 가감법, 대입법, 함수의 그래프 등은 교수·학습 상황에서 사용할 수 있음 | achievement_math_2022: 문자의 사용과 식 section; [9수02-01] achievement levels; achievement_level; 문자를 사용한 식으로 나타내기, 문자의 특징 이해, 식의 값 계산 수준을 구분 | achievement_research_report_2022: 연구보고서 p. 214; 문자의 사용과 식 성취기준별 성취수준; research_report_achievement_level_context; 다양한 상황을 문자를 사용한 식으로 나타내고 식의 값을 구하며, 일차식의 덧셈과 뺄셈 원리와 계산 과정 설명 수준을 구분",,procedure_ref;textbook_page_refs,"Find a worked example, procedure, or application where this source concept is used.",pending_textbook_pdf,,,,,,,,,,
21,중1(교육과정 학년군: 중1-3),변화와 관계,문자의 사용과 식,m1_expr_letter__used_in__m1_expr_letter_quantity,intra_unit,m1_expr_letter,문자,문자의 사용과 식,m1_expr_letter_quantity,문자가 나타내는 수량 정하기,문자의 사용과 식,used_in,medium,4,"curriculum_math_2022: printed p. 34; [9수02-01]; achievement_standard; 다양한 상황을 문자를 사용한 식으로 나타내고 식의 값을 구하는 성취기준 | curriculum_math_2022: printed p. 36; achievement-standard considerations; teaching_note; 문자와 수, 문자와 일상 언어의 공통점과 차이점을 탐색하고 문자의 유용성을 인식하게 함 | achievement_math_2022: 문자의 사용과 식 section; [9수02-01] achievement levels; achievement_level; 문자를 사용한 식으로 나타내기, 문자의 특징 이해, 식의 값 계산 수준을 구분 | achievement_research_report_2022: 연구보고서 p. 214; 문자의 사용과 식 성취기준별 성취수준; research_report_achievement_level_context; 다양한 상황을 문자를 사용한 식으로 나타내고 식의 값을 구하며, 일차식의 덧셈과 뺄셈 원리와 계산 과정 설명 수준을 구분",,procedure_ref;textbook_page_refs,"Find a worked example, procedure, or application where this source concept is used.",pending_textbook_pdf,,,,,,,,,,
21,중1(교육과정 학년군: 중1-3),변화와 관계,문자의 사용과 식,m1_expr_letter__used_in__m1_expr_literal_expression,intra_unit,m1_expr_letter,문자,문자의 사용과 식,m1_expr_literal_expression,문자를 사용한 식,문자의 사용과 식,used_in,high,2,"curriculum_math_2022: printed p. 34; [9수02-01]; achievement_standard; 다양한 상황을 문자를 사용한 식으로 나타내고 식의 값을 구하는 성취기준 | achievement_math_2022: 문자의 사용과 식 section; [9수02-01] achievement levels; achievement_level; 문자를 사용한 식으로 나타내기, 문자의 특징 이해, 식의 값 계산 수준을 구분",,procedure_ref;textbook_page_refs,"Find a worked example, procedure, or application where this source concept is used.",pending_textbook_pdf,,,,,,,,,,
21,중1(교육과정 학년군: 중1-3),변화와 관계,문자의 사용과 식,m1_expr_letter_quantity__used_in__m1_expr_situation_to_literal_expression,intra_unit,m1_expr_letter_quantity,문자가 나타내는 수량 정하기,문자의 사용과 식,m1_expr_situation_to_literal_expression,상황을 문자를 사용한 식으로 나타내기,문자의 사용과 식,used_in,medium,3,"curriculum_math_2022: printed p. 34; [9수02-01]; achievement_standard; 다양한 상황을 문자를 사용한 식으로 나타내고 식의 값을 구하는 성취기준 | achievement_math_2022: 문자의 사용과 식 section; [9수02-01] achievement levels; achievement_level; 문자를 사용한 식으로 나타내기, 문자의 특징 이해, 식의 값 계산 수준을 구분 | achievement_research_report_2022: 연구보고서 p. 214; 문자의 사용과 식 성취기준별 성취수준; research_report_achievement_level_context; 다양한 상황을 문자를 사용한 식으로 나타내고 식의 값을 구하며, 일차식의 덧셈과 뺄셈 원리와 계산 과정 설명 수준을 구분",,procedure_ref;textbook_page_refs,"Find a worked example, procedure, or application where this source concept is used.",pending_textbook_pdf,,,,,,,,,,
21,중1(교육과정 학년군: 중1-3),변화와 관계,문자의 사용과 식,m1_expr_like_terms__used_in__m1_expr_add_sub_linear_expression,intra_unit,m1_expr_like_terms,동류항,문자의 사용과 식,m1_expr_add_sub_linear_expression,일차식의 덧셈과 뺄셈,문자의 사용과 식,used_in,medium,3,"curriculum_math_2022: printed p. 34; [9수02-02]; achievement_standard; 일차식의 덧셈과 뺄셈 원리를 이해하고 계산하는 성취기준 | curriculum_math_2022: printed p. 36; terms and symbols for 변화와 관계; term_list; 대입, 다항식, 항, 단항식, 상수항, 계수, 차수, 일차식, 동류항, 등식, 방정식, 미지수, 해, 근, 항등식, 이항, 일차방정식, 변수, 좌표, 그래프, 인수, 인수분해, 완전제곱식, 이차방정식, 중근, 근의 공식, 이차함수, 포물선, 축, 꼭짓점, 최댓값, 최솟값 등을 다룸 | achievement_math_2022: 문자의 사용과 식 section; [9수02-02] achievement levels; achievement_level; 일차식의 덧셈과 뺄셈 원리 이해, 계산, 과정 설명 수준을 구분",,procedure_ref;textbook_page_refs,"Find a worked example, procedure, or application where this source concept is used.",pending_textbook_pdf,,,,,,,,,,
21,중1(교육과정 학년군: 중1-3),변화와 관계,문자의 사용과 식,m1_expr_linear_expression_add_sub_principle__used_in__m1_expr_add_sub_linear_expression,intra_unit,m1_expr_linear_expression_add_sub_principle,일차식의 덧셈과 뺄셈 원리,문자의 사용과 식,m1_expr_add_sub_linear_expression,일차식의 덧셈과 뺄셈,문자의 사용과 식,used_in,high,3,"curriculum_math_2022: printed p. 34; [9수02-02]; achievement_standard; 일차식의 덧셈과 뺄셈 원리를 이해하고 계산하는 성취기준 | achievement_math_2022: 문자의 사용과 식 section; [9수02-02] achievement levels; achievement_level; 일차식의 덧셈과 뺄셈 원리 이해, 계산, 과정 설명 수준을 구분 | achievement_research_report_2022: 연구보고서 p. 214; 문자의 사용과 식 성취기준별 성취수준; research_report_achievement_level_context; 다양한 상황을 문자를 사용한 식으로 나타내고 식의 값을 구하며, 일차식의 덧셈과 뺄셈 원리와 계산 과정 설명 수준을 구분",,procedure_ref;textbook_page_refs,"Find a worked example, procedure, or application where this source concept is used.",pending_textbook_pdf,,,,,,,,,,
21,중1(교육과정 학년군: 중1-3),변화와 관계,문자의 사용과 식,m1_expr_linear_expression_add_sub_principle__used_in__m1_expr_explain_linear_expression_calculation,intra_unit,m1_expr_linear_expression_add_sub_principle,일차식의 덧셈과 뺄셈 원리,문자의 사용과 식,m1_expr_explain_linear_expression_calculation,일차식 계산 과정 설명하기,문자의 사용과 식,used_in,medium,3,"curriculum_math_2022: printed p. 34; [9수02-02]; achievement_standard; 일차식의 덧셈과 뺄셈 원리를 이해하고 계산하는 성취기준 | achievement_math_2022: 문자의 사용과 식 section; [9수02-02] achievement levels; achievement_level; 일차식의 덧셈과 뺄셈 원리 이해, 계산, 과정 설명 수준을 구분 | achievement_research_report_2022: 연구보고서 p. 214; 문자의 사용과 식 성취기준별 성취수준; research_report_achievement_level_context; 다양한 상황을 문자를 사용한 식으로 나타내고 식의 값을 구하며, 일차식의 덧셈과 뺄셈 원리와 계산 과정 설명 수준을 구분",,procedure_ref;textbook_page_refs,"Find a worked example, procedure, or application where this source concept is used.",pending_textbook_pdf,,,,,,,,,,
21,중1(교육과정 학년군: 중1-3),변화와 관계,문자의 사용과 식,m1_expr_literal_expression__used_in__m1_expr_evaluate_expression_value,intra_unit,m1_expr_literal_expression,문자를 사용한 식,문자의 사용과 식,m1_expr_evaluate_expression_value,식의 값 구하기,문자의 사용과 식,used_in,high,3,"curriculum_math_2022: printed p. 34; [9수02-01]; achievement_standard; 다양한 상황을 문자를 사용한 식으로 나타내고 식의 값을 구하는 성취기준 | achievement_math_2022: 문자의 사용과 식 section; [9수02-01] achievement levels; achievement_level; 문자를 사용한 식으로 나타내기, 문자의 특징 이해, 식의 값 계산 수준을 구분 | achievement_research_report_2022: 연구보고서 p. 214; 문자의 사용과 식 성취기준별 성취수준; research_report_achievement_level_context; 다양한 상황을 문자를 사용한 식으로 나타내고 식의 값을 구하며, 일차식의 덧셈과 뺄셈 원리와 계산 과정 설명 수준을 구분",,procedure_ref;textbook_page_refs,"Find a worked example, procedure, or application where this source concept is used.",pending_textbook_pdf,,,,,,,,,,
21,중1(교육과정 학년군: 중1-3),변화와 관계,문자의 사용과 식,m1_expr_literal_expression__used_in__m1_expr_usefulness,intra_unit,m1_expr_literal_expression,문자를 사용한 식,문자의 사용과 식,m1_expr_usefulness,문자를 사용한 식의 유용성,문자의 사용과 식,used_in,high,3,"curriculum_math_2022: printed p. 34; [9수02-01]; achievement_standard; 다양한 상황을 문자를 사용한 식으로 나타내고 식의 값을 구하는 성취기준 | curriculum_math_2022: printed p. 36; achievement-standard considerations; teaching_note; 문자와 수, 문자와 일상 언어의 공통점과 차이점을 탐색하고 문자의 유용성을 인식하게 함 | achievement_math_2022: 문자의 사용과 식 section; [9수02-01] achievement levels; achievement_level; 문자를 사용한 식으로 나타내기, 문자의 특징 이해, 식의 값 계산 수준을 구분",,procedure_ref;textbook_page_refs,"Find a worked example, procedure, or application where this source concept is used.",pending_textbook_pdf,,,,,,,,,,
21,중1(교육과정 학년군: 중1-3),변화와 관계,문자의 사용과 식,m1_expr_literal_expression__used_in__m1_expr_value,intra_unit,m1_expr_literal_expression,문자를 사용한 식,문자의 사용과 식,m1_expr_value,식의 값,문자의 사용과 식,used_in,high,2,"curriculum_math_2022: printed p. 34; [9수02-01]; achievement_standard; 다양한 상황을 문자를 사용한 식으로 나타내고 식의 값을 구하는 성취기준 | achievement_math_2022: 문자의 사용과 식 section; [9수02-01] achievement levels; achievement_level; 문자를 사용한 식으로 나타내기, 문자의 특징 이해, 식의 값 계산 수준을 구분",,procedure_ref;textbook_page_refs,"Find a worked example, procedure, or application where this source concept is used.",pending_textbook_pdf,,,,,,,,,,
21,중1(교육과정 학년군: 중1-3),변화와 관계,문자의 사용과 식,m1_expr_quantity_relationship__used_in__m1_expr_letter_quantity,intra_unit,m1_expr_quantity_relationship,상황 속 수량 관계,문자의 사용과 식,m1_expr_letter_quantity,문자가 나타내는 수량 정하기,문자의 사용과 식,used_in,medium,3,"curriculum_math_2022: printed p. 34; [9수02-01]; achievement_standard; 다양한 상황을 문자를 사용한 식으로 나타내고 식의 값을 구하는 성취기준 | achievement_math_2022: 문자의 사용과 식 section; [9수02-01] achievement levels; achievement_level; 문자를 사용한 식으로 나타내기, 문자의 특징 이해, 식의 값 계산 수준을 구분 | achievement_research_report_2022: 연구보고서 p. 214; 문자의 사용과 식 성취기준별 성취수준; research_report_achievement_level_context; 다양한 상황을 문자를 사용한 식으로 나타내고 식의 값을 구하며, 일차식의 덧셈과 뺄셈 원리와 계산 과정 설명 수준을 구분",,procedure_ref;textbook_page_refs,"Find a worked example, procedure, or application where this source concept is used.",pending_textbook_pdf,,,,,,,,,,
21,중1(교육과정 학년군: 중1-3),변화와 관계,문자의 사용과 식,m1_expr_quantity_relationship__used_in__m1_expr_situation_to_literal_expression,intra_unit,m1_expr_quantity_relationship,상황 속 수량 관계,문자의 사용과 식,m1_expr_situation_to_literal_expression,상황을 문자를 사용한 식으로 나타내기,문자의 사용과 식,used_in,medium,3,"curriculum_math_2022: printed p. 34; [9수02-01]; achievement_standard; 다양한 상황을 문자를 사용한 식으로 나타내고 식의 값을 구하는 성취기준 | achievement_math_2022: 문자의 사용과 식 section; [9수02-01] achievement levels; achievement_level; 문자를 사용한 식으로 나타내기, 문자의 특징 이해, 식의 값 계산 수준을 구분 | achievement_research_report_2022: 연구보고서 p. 214; 문자의 사용과 식 성취기준별 성취수준; research_report_achievement_level_context; 다양한 상황을 문자를 사용한 식으로 나타내고 식의 값을 구하며, 일차식의 덧셈과 뺄셈 원리와 계산 과정 설명 수준을 구분",,procedure_ref;textbook_page_refs,"Find a worked example, procedure, or application where this source concept is used.",pending_textbook_pdf,,,,,,,,,,
21,중1(교육과정 학년군: 중1-3),변화와 관계,문자의 사용과 식,m1_expr_situation_to_literal_expression__used_in__m1_expr_literal_expression,intra_unit,m1_expr_situation_to_literal_expression,상황을 문자를 사용한 식으로 나타내기,문자의 사용과 식,m1_expr_literal_expression,문자를 사용한 식,문자의 사용과 식,used_in,high,3,"curriculum_math_2022: printed p. 34; [9수02-01]; achievement_standard; 다양한 상황을 문자를 사용한 식으로 나타내고 식의 값을 구하는 성취기준 | achievement_math_2022: 문자의 사용과 식 section; [9수02-01] achievement levels; achievement_level; 문자를 사용한 식으로 나타내기, 문자의 특징 이해, 식의 값 계산 수준을 구분 | achievement_research_report_2022: 연구보고서 p. 214; 문자의 사용과 식 성취기준별 성취수준; research_report_achievement_level_context; 다양한 상황을 문자를 사용한 식으로 나타내고 식의 값을 구하며, 일차식의 덧셈과 뺄셈 원리와 계산 과정 설명 수준을 구분",,procedure_ref;textbook_page_refs,"Find a worked example, procedure, or application where this source concept is used.",pending_textbook_pdf,,,,,,,,,,
21,중1(교육과정 학년군: 중1-3),변화와 관계,문자의 사용과 식,m1_expr_situation_to_literal_expression__used_in__m1_expr_usefulness,intra_unit,m1_expr_situation_to_literal_expression,상황을 문자를 사용한 식으로 나타내기,문자의 사용과 식,m1_expr_usefulness,문자를 사용한 식의 유용성,문자의 사용과 식,used_in,medium,4,"curriculum_math_2022: printed p. 34; [9수02-01]; achievement_standard; 다양한 상황을 문자를 사용한 식으로 나타내고 식의 값을 구하는 성취기준 | curriculum_math_2022: printed p. 36; achievement-standard considerations; teaching_note; 문자와 수, 문자와 일상 언어의 공통점과 차이점을 탐색하고 문자의 유용성을 인식하게 함 | achievement_math_2022: 문자의 사용과 식 section; [9수02-01] achievement levels; achievement_level; 문자를 사용한 식으로 나타내기, 문자의 특징 이해, 식의 값 계산 수준을 구분 | achievement_research_report_2022: 연구보고서 p. 214; 문자의 사용과 식 성취기준별 성취수준; research_report_achievement_level_context; 다양한 상황을 문자를 사용한 식으로 나타내고 식의 값을 구하며, 일차식의 덧셈과 뺄셈 원리와 계산 과정 설명 수준을 구분",,procedure_ref;textbook_page_refs,"Find a worked example, procedure, or application where this source concept is used.",pending_textbook_pdf,,,,,,,,,,
21,중1(교육과정 학년군: 중1-3),변화와 관계,문자의 사용과 식,m1_expr_substitution__used_in__m1_expr_evaluate_expression_value,intra_unit,m1_expr_substitution,대입,문자의 사용과 식,m1_expr_evaluate_expression_value,식의 값 구하기,문자의 사용과 식,used_in,high,4,"curriculum_math_2022: printed p. 34; [9수02-01]; achievement_standard; 다양한 상황을 문자를 사용한 식으로 나타내고 식의 값을 구하는 성취기준 | curriculum_math_2022: printed p. 36; terms and symbols for 변화와 관계; term_list; 대입, 다항식, 항, 단항식, 상수항, 계수, 차수, 일차식, 동류항, 등식, 방정식, 미지수, 해, 근, 항등식, 이항, 일차방정식, 변수, 좌표, 그래프, 인수, 인수분해, 완전제곱식, 이차방정식, 중근, 근의 공식, 이차함수, 포물선, 축, 꼭짓점, 최댓값, 최솟값 등을 다룸 | achievement_math_2022: 문자의 사용과 식 section; [9수02-01] achievement levels; achievement_level; 문자를 사용한 식으로 나타내기, 문자의 특징 이해, 식의 값 계산 수준을 구분 | achievement_research_report_2022: 연구보고서 p. 214; 문자의 사용과 식 성취기준별 성취수준; research_report_achievement_level_context; 다양한 상황을 문자를 사용한 식으로 나타내고 식의 값을 구하며, 일차식의 덧셈과 뺄셈 원리와 계산 과정 설명 수준을 구분",,procedure_ref;textbook_page_refs,"Find a worked example, procedure, or application where this source concept is used.",pending_textbook_pdf,,,,,,,,,,
21,중1(교육과정 학년군: 중1-3),변화와 관계,문자의 사용과 식,m1_expr_substitution__used_in__m1_expr_value,intra_unit,m1_expr_substitution,대입,문자의 사용과 식,m1_expr_value,식의 값,문자의 사용과 식,used_in,high,3,"curriculum_math_2022: printed p. 34; [9수02-01]; achievement_standard; 다양한 상황을 문자를 사용한 식으로 나타내고 식의 값을 구하는 성취기준 | curriculum_math_2022: printed p. 36; terms and symbols for 변화와 관계; term_list; 대입, 다항식, 항, 단항식, 상수항, 계수, 차수, 일차식, 동류항, 등식, 방정식, 미지수, 해, 근, 항등식, 이항, 일차방정식, 변수, 좌표, 그래프, 인수, 인수분해, 완전제곱식, 이차방정식, 중근, 근의 공식, 이차함수, 포물선, 축, 꼭짓점, 최댓값, 최솟값 등을 다룸 | achievement_math_2022: 문자의 사용과 식 section; [9수02-01] achievement levels; achievement_level; 문자를 사용한 식으로 나타내기, 문자의 특징 이해, 식의 값 계산 수준을 구분",,procedure_ref;textbook_page_refs,"Find a worked example, procedure, or application where this source concept is used.",pending_textbook_pdf,,,,,,,,,,
21,중1(교육과정 학년군: 중1-3),변화와 관계,문자의 사용과 식,m1_expr_term__used_in__m1_expr_degree,intra_unit,m1_expr_term,항,문자의 사용과 식,m1_expr_degree,차수,문자의 사용과 식,used_in,high,1,"curriculum_math_2022: printed p. 36; terms and symbols for 변화와 관계; term_list; 대입, 다항식, 항, 단항식, 상수항, 계수, 차수, 일차식, 동류항, 등식, 방정식, 미지수, 해, 근, 항등식, 이항, 일차방정식, 변수, 좌표, 그래프, 인수, 인수분해, 완전제곱식, 이차방정식, 중근, 근의 공식, 이차함수, 포물선, 축, 꼭짓점, 최댓값, 최솟값 등을 다룸",,procedure_ref;textbook_page_refs,"Find a worked example, procedure, or application where this source concept is used.",pending_textbook_pdf,,,,,,,,,,
21,중1(교육과정 학년군: 중1-3),변화와 관계,문자의 사용과 식,m1_expr_coefficient__contrasts_with__m1_expr_constant_term,intra_unit,m1_expr_coefficient,계수,문자의 사용과 식,m1_expr_constant_term,상수항,문자의 사용과 식,contrasts_with,medium,2,"curriculum_math_2022: printed p. 36; terms and symbols for 변화와 관계; term_list; 대입, 다항식, 항, 단항식, 상수항, 계수, 차수, 일차식, 동류항, 등식, 방정식, 미지수, 해, 근, 항등식, 이항, 일차방정식, 변수, 좌표, 그래프, 인수, 인수분해, 완전제곱식, 이차방정식, 중근, 근의 공식, 이차함수, 포물선, 축, 꼭짓점, 최댓값, 최솟값 등을 다룸 | achievement_math_2022: 문자의 사용과 식 section; [9수02-02] achievement levels; achievement_level; 일차식의 덧셈과 뺄셈 원리 이해, 계산, 과정 설명 수준을 구분",계수와 상수항은 항의 구성에서 서로 다른 역할을 하는 용어이므로 구별한다.,contrast_ref;textbook_page_refs,Find textbook wording or examples that distinguish the two concepts.,pending_textbook_pdf,,,,,,,,,,
21,중1(교육과정 학년군: 중1-3),변화와 관계,문자의 사용과 식,m1_expr_coefficient__contrasts_with__m1_expr_degree,intra_unit,m1_expr_coefficient,계수,문자의 사용과 식,m1_expr_degree,차수,문자의 사용과 식,contrasts_with,medium,2,"curriculum_math_2022: printed p. 36; terms and symbols for 변화와 관계; term_list; 대입, 다항식, 항, 단항식, 상수항, 계수, 차수, 일차식, 동류항, 등식, 방정식, 미지수, 해, 근, 항등식, 이항, 일차방정식, 변수, 좌표, 그래프, 인수, 인수분해, 완전제곱식, 이차방정식, 중근, 근의 공식, 이차함수, 포물선, 축, 꼭짓점, 최댓값, 최솟값 등을 다룸 | achievement_math_2022: 문자의 사용과 식 section; [9수02-02] achievement levels; achievement_level; 일차식의 덧셈과 뺄셈 원리 이해, 계산, 과정 설명 수준을 구분",Coefficient and degree describe different aspects of a term or polynomial.,contrast_ref;textbook_page_refs,Find textbook wording or examples that distinguish the two concepts.,pending_textbook_pdf,,,,,,,,,,
21,중1(교육과정 학년군: 중1-3),변화와 관계,문자의 사용과 식,m1_expr_monomial__related_to__m1_expr_term,intra_unit,m1_expr_monomial,단항식,문자의 사용과 식,m1_expr_term,항,문자의 사용과 식,related_to,medium,1,"curriculum_math_2022: printed p. 36; terms and symbols for 변화와 관계; term_list; 대입, 다항식, 항, 단항식, 상수항, 계수, 차수, 일차식, 동류항, 등식, 방정식, 미지수, 해, 근, 항등식, 이항, 일차방정식, 변수, 좌표, 그래프, 인수, 인수분해, 완전제곱식, 이차방정식, 중근, 근의 공식, 이차함수, 포물선, 축, 꼭짓점, 최댓값, 최솟값 등을 다룸","A monomial is a one-term expression, so monomial and term vocabulary should stay linked but distinct.",related_ref;textbook_page_refs,Find textbook wording or examples that justify keeping these concepts linked.,pending_textbook_pdf,,,,,,,,,,
21,중1(교육과정 학년군: 중1-3),변화와 관계,문자의 사용과 식,m1_expr_unit__contains__m1_repr_everyday_language,cross_unit,m1_expr_unit,문자의 사용과 식,문자의 사용과 식,m1_repr_everyday_language,일상 언어,좌표평면과 그래프,contains,high,2,"curriculum_math_2022: printed p. 36; achievement-standard considerations; teaching_note; 문자와 수, 문자와 일상 언어의 공통점과 차이점을 탐색하고 문자의 유용성을 인식하게 함 | curriculum_math_2022: printed pp. 35-36; achievement-standard explanation and considerations; teaching_note; 좌표 사용 예, 그래프의 증가·감소·주기적 변화, 표·식·그래프 변환을 다룸",,structure_ref;textbook_page_refs,Find textbook structure evidence for the containment relation.,pending_textbook_pdf,,,,,,,,,,
21,중1(교육과정 학년군: 중1-3),변화와 관계,문자의 사용과 식,m1_expr_unit__contains__m1_repr_expression,cross_unit,m1_expr_unit,문자의 사용과 식,문자의 사용과 식,m1_repr_expression,식,좌표평면과 그래프,contains,high,2,"curriculum_math_2022: printed p. 34; [9수02-01]; achievement_standard; 다양한 상황을 문자를 사용한 식으로 나타내고 식의 값을 구하는 성취기준 | achievement_math_2022: 문자의 사용과 식 section; [9수02-01] achievement levels; achievement_level; 문자를 사용한 식으로 나타내기, 문자의 특징 이해, 식의 값 계산 수준을 구분",,structure_ref;textbook_page_refs,Find textbook structure evidence for the containment relation.,pending_textbook_pdf,,,,,,,,,,
21,중1(교육과정 학년군: 중1-3),변화와 관계,문자의 사용과 식,m1_expr_unit__contains__m1_term_variable,cross_unit,m1_expr_unit,문자의 사용과 식,문자의 사용과 식,m1_term_variable,변수,좌표평면과 그래프,contains,high,5,"curriculum_math_2022: printed p. 34; [9수02-01]; achievement_standard; 다양한 상황을 문자를 사용한 식으로 나타내고 식의 값을 구하는 성취기준 | curriculum_math_2022: printed p. 36; terms and symbols for 변화와 관계; term_list; 대입, 다항식, 항, 단항식, 상수항, 계수, 차수, 일차식, 동류항, 등식, 방정식, 미지수, 해, 근, 항등식, 이항, 일차방정식, 변수, 좌표, 그래프, 인수, 인수분해, 완전제곱식, 이차방정식, 중근, 근의 공식, 이차함수, 포물선, 축, 꼭짓점, 최댓값, 최솟값 등을 다룸 | curriculum_math_2022: printed p. 36; achievement-standard considerations; teaching_note; 문자와 수, 문자와 일상 언어의 공통점과 차이점을 탐색하고 문자의 유용성을 인식하게 함 | curriculum_math_2022: printed pp. 35-36; achievement-standard explanation and considerations; teaching_note; 좌표 사용 예, 그래프의 증가·감소·주기적 변화, 표·식·그래프 변환을 다룸 | achievement_math_2022: 문자의 사용과 식 section; [9수02-01] achievement levels; achievement_level; 문자를 사용한 식으로 나타내기, 문자의 특징 이해, 식의 값 계산 수준을 구분",,structure_ref;textbook_page_refs,Find textbook structure evidence for the containment relation.,pending_textbook_pdf,,,,,,,,,,
21,중1(교육과정 학년군: 중1-3),변화와 관계,문자의 사용과 식,m1_expr_add_sub_linear_expression__prerequisite_for__m1_ineq_isolate_unknown,cross_unit,m1_expr_add_sub_linear_expression,일차식의 덧셈과 뺄셈,문자의 사용과 식,m1_ineq_isolate_unknown,미지수를 한쪽으로 모으기,일차부등식,prerequisite_for,medium,2,curriculum_math_2022: printed p. 35; [9수02-12]; achievement_standard; 일차부등식을 풀고 활용하여 문제를 해결하는 성취기준 | achievement_math_2022: 일차부등식 section; [9수02-12] achievement levels; achievement_level; 일차부등식을 풀고 활용하거나 문제의 뜻에 맞는 일차부등식을 세우는 수행 수준을 구분,,prerequisite_ref;textbook_page_refs,Find textbook sequencing or prior-knowledge evidence for the prerequisite relation.,pending_textbook_pdf,,,,,,,,,,
21,중1(교육과정 학년군: 중1-3),변화와 관계,문자의 사용과 식,m1_expr_add_sub_linear_expression__prerequisite_for__m1_ineq_solving_linear_inequality,cross_unit,m1_expr_add_sub_linear_expression,일차식의 덧셈과 뺄셈,문자의 사용과 식,m1_ineq_solving_linear_inequality,일차부등식 풀기,일차부등식,prerequisite_for,high,3,curriculum_math_2022: printed p. 35; [9수02-12]; achievement_standard; 일차부등식을 풀고 활용하여 문제를 해결하는 성취기준 | curriculum_math_2022: printed p. 36; achievement-standard considerations; teaching_note; 부등식은 다양한 상황으로 도입하고 여러 방법으로 풀며 해가 문제 상황에 적합한지 확인하게 함 | achievement_math_2022: 일차부등식 section; [9수02-12] achievement levels; achievement_level; 일차부등식을 풀고 활용하거나 문제의 뜻에 맞는 일차부등식을 세우는 수행 수준을 구분,,prerequisite_ref;textbook_page_refs,Find textbook sequencing or prior-knowledge evidence for the prerequisite relation.,pending_textbook_pdf,,,,,,,,,,
21,중1(교육과정 학년군: 중1-3),변화와 관계,문자의 사용과 식,m1_expr_add_sub_linear_expression__prerequisite_for__m1_system_elimination_coefficient_matching,cross_unit,m1_expr_add_sub_linear_expression,일차식의 덧셈과 뺄셈,문자의 사용과 식,m1_system_elimination_coefficient_matching,소거할 미지수의 계수 맞추기,연립일차방정식,prerequisite_for,medium,2,"curriculum_math_2022: printed p. 36; terms usable in teaching and learning situations; instructional_term_list; 식의 값, 좌변, 우변, 양변, 이차식, 전개식, 연립일차방정식, 소거, 가감법, 대입법, 함수의 그래프 등은 교수·학습 상황에서 사용할 수 있음 | achievement_math_2022: 연립일차방정식 section; [9수02-13] achievement levels; achievement_level; 미지수가 2개인 연립일차방정식을 여러 가지 방법으로 풀고 활용하는 수행 수준을 구분",,prerequisite_ref;textbook_page_refs,Find textbook sequencing or prior-knowledge evidence for the prerequisite relation.,pending_textbook_pdf,,,,,,,,,,
21,중1(교육과정 학년군: 중1-3),변화와 관계,문자의 사용과 식,m1_expr_coefficient__prerequisite_for__m1_calc_collect_like_terms_polynomial,cross_unit,m1_expr_coefficient,계수,문자의 사용과 식,m1_calc_collect_like_terms_polynomial,다항식에서 동류항 모으기,식의 계산,prerequisite_for,high,3,"curriculum_math_2022: printed p. 36; terms and symbols for 변화와 관계; term_list; 대입, 다항식, 항, 단항식, 상수항, 계수, 차수, 일차식, 동류항, 등식, 방정식, 미지수, 해, 근, 항등식, 이항, 일차방정식, 변수, 좌표, 그래프, 인수, 인수분해, 완전제곱식, 이차방정식, 중근, 근의 공식, 이차함수, 포물선, 축, 꼭짓점, 최댓값, 최솟값 등을 다룸 | curriculum_math_2022: printed p. 35; [9수02-09]; achievement_standard; 다항식의 덧셈과 뺄셈 원리를 이해하고 계산하는 성취기준 | achievement_math_2022: 식의 계산 section; [9수02-09] achievement levels; achievement_level; 다항식의 덧셈과 뺄셈 원리 이해와 계산 수행 수준을 구분",,prerequisite_ref;textbook_page_refs,Find textbook sequencing or prior-knowledge evidence for the prerequisite relation.,pending_textbook_pdf,,,,,,,,,,
21,중1(교육과정 학년군: 중1-3),변화와 관계,문자의 사용과 식,m1_expr_coefficient__prerequisite_for__m1_calc_monomial_coefficient_calculation,cross_unit,m1_expr_coefficient,계수,문자의 사용과 식,m1_calc_monomial_coefficient_calculation,단항식 계산에서 계수끼리 계산하기,식의 계산,prerequisite_for,medium,4,"curriculum_math_2022: printed p. 35; [9수02-08]; achievement_standard; 지수법칙을 이해하고 이를 이용하여 식을 간단히 하는 성취기준 | curriculum_math_2022: printed pp. 35-36; achievement-standard explanation and considerations; teaching_note; 지수법칙은 자연수 지수 범위에서 단항식의 곱셈과 나눗셈에 필요한 정도로 다루고, 수의 사칙연산과 소인수분해가 다항식으로 확장될 수 있음을 인식하게 함 | achievement_math_2022: 식의 계산 section; [9수02-08] achievement levels; achievement_level; 지수법칙을 이용하여 거듭제곱이나 단항식의 곱셈과 나눗셈을 하는 수준을 구분 | curriculum_math_2022: printed p. 36; terms and symbols for 변화와 관계; term_list; 대입, 다항식, 항, 단항식, 상수항, 계수, 차수, 일차식, 동류항, 등식, 방정식, 미지수, 해, 근, 항등식, 이항, 일차방정식, 변수, 좌표, 그래프, 인수, 인수분해, 완전제곱식, 이차방정식, 중근, 근의 공식, 이차함수, 포물선, 축, 꼭짓점, 최댓값, 최솟값 등을 다룸",,prerequisite_ref;textbook_page_refs,Find textbook sequencing or prior-knowledge evidence for the prerequisite relation.,pending_textbook_pdf,,,,,,,,,,
21,중1(교육과정 학년군: 중1-3),변화와 관계,문자의 사용과 식,m1_expr_coefficient__prerequisite_for__m1_calc_polynomial_term_structure_check,cross_unit,m1_expr_coefficient,계수,문자의 사용과 식,m1_calc_polynomial_term_structure_check,다항식의 항·계수·차수 확인하기,식의 계산,prerequisite_for,medium,3,"curriculum_math_2022: printed p. 36; terms and symbols for 변화와 관계; term_list; 대입, 다항식, 항, 단항식, 상수항, 계수, 차수, 일차식, 동류항, 등식, 방정식, 미지수, 해, 근, 항등식, 이항, 일차방정식, 변수, 좌표, 그래프, 인수, 인수분해, 완전제곱식, 이차방정식, 중근, 근의 공식, 이차함수, 포물선, 축, 꼭짓점, 최댓값, 최솟값 등을 다룸 | curriculum_math_2022: printed p. 35; [9수02-09]; achievement_standard; 다항식의 덧셈과 뺄셈 원리를 이해하고 계산하는 성취기준 | achievement_math_2022: 식의 계산 section; [9수02-09] achievement levels; achievement_level; 다항식의 덧셈과 뺄셈 원리 이해와 계산 수행 수준을 구분",,prerequisite_ref;textbook_page_refs,Find textbook sequencing or prior-knowledge evidence for the prerequisite relation.,pending_textbook_pdf,,,,,,,,,,
21,중1(교육과정 학년군: 중1-3),변화와 관계,문자의 사용과 식,m1_expr_coefficient__prerequisite_for__m1_factor_binomial_product_xab,cross_unit,m1_expr_coefficient,계수,문자의 사용과 식,m1_factor_binomial_product_xab,(x+a)(x+b) 공식,다항식의 곱셈과 인수분해,prerequisite_for,high,2,"curriculum_math_2022: printed p. 36; [9수02-19] explanation; teaching_note; 다항식의 곱셈과 인수분해의 역관계를 이해하고, m(a+b), (a±b)^2, (a+b)(a-b), (x+a)(x+b), (ax+b)(cx+d) 범위의 공식을 다룸 | achievement_math_2022: 다항식의 곱셈과 인수분해 section; [9수02-19] achievement levels; achievement_level; 다항식의 곱셈과 인수분해의 역관계 이해, 두 다항식의 곱 전개, 이차식 인수분해, 간단한 절차 수행 수준을 구분",,prerequisite_ref;textbook_page_refs,Find textbook sequencing or prior-knowledge evidence for the prerequisite relation.,pending_textbook_pdf,,,,,,,,,,
21,중1(교육과정 학년군: 중1-3),변화와 관계,문자의 사용과 식,m1_expr_coefficient__prerequisite_for__m1_factor_cross_term_coefficient_check,cross_unit,m1_expr_coefficient,계수,문자의 사용과 식,m1_factor_cross_term_coefficient_check,교차항 계수 확인하기,다항식의 곱셈과 인수분해,prerequisite_for,medium,2,"curriculum_math_2022: printed p. 36; [9수02-19] explanation; teaching_note; 다항식의 곱셈과 인수분해의 역관계를 이해하고, m(a+b), (a±b)^2, (a+b)(a-b), (x+a)(x+b), (ax+b)(cx+d) 범위의 공식을 다룸 | achievement_math_2022: 다항식의 곱셈과 인수분해 section; [9수02-19] achievement levels; achievement_level; 다항식의 곱셈과 인수분해의 역관계 이해, 두 다항식의 곱 전개, 이차식 인수분해, 간단한 절차 수행 수준을 구분",,prerequisite_ref;textbook_page_refs,Find textbook sequencing or prior-knowledge evidence for the prerequisite relation.,pending_textbook_pdf,,,,,,,,,,
21,중1(교육과정 학년군: 중1-3),변화와 관계,문자의 사용과 식,m1_expr_coefficient__prerequisite_for__m1_factor_linear_product_axb_cxd,cross_unit,m1_expr_coefficient,계수,문자의 사용과 식,m1_factor_linear_product_axb_cxd,(ax+b)(cx+d) 공식,다항식의 곱셈과 인수분해,prerequisite_for,high,2,"curriculum_math_2022: printed p. 36; [9수02-19] explanation; teaching_note; 다항식의 곱셈과 인수분해의 역관계를 이해하고, m(a+b), (a±b)^2, (a+b)(a-b), (x+a)(x+b), (ax+b)(cx+d) 범위의 공식을 다룸 | achievement_math_2022: 다항식의 곱셈과 인수분해 section; [9수02-19] achievement levels; achievement_level; 다항식의 곱셈과 인수분해의 역관계 이해, 두 다항식의 곱 전개, 이차식 인수분해, 간단한 절차 수행 수준을 구분",,prerequisite_ref;textbook_page_refs,Find textbook sequencing or prior-knowledge evidence for the prerequisite relation.,pending_textbook_pdf,,,,,,,,,,
21,중1(교육과정 학년군: 중1-3),변화와 관계,문자의 사용과 식,m1_expr_coefficient__prerequisite_for__m1_factor_perfect_square_middle_term_check,cross_unit,m1_expr_coefficient,계수,문자의 사용과 식,m1_factor_perfect_square_middle_term_check,완전제곱식의 가운데 항 확인하기,다항식의 곱셈과 인수분해,prerequisite_for,medium,2,"curriculum_math_2022: printed p. 36; [9수02-19] explanation; teaching_note; 다항식의 곱셈과 인수분해의 역관계를 이해하고, m(a+b), (a±b)^2, (a+b)(a-b), (x+a)(x+b), (ax+b)(cx+d) 범위의 공식을 다룸 | achievement_math_2022: 다항식의 곱셈과 인수분해 section; [9수02-19] achievement levels; achievement_level; 다항식의 곱셈과 인수분해의 역관계 이해, 두 다항식의 곱 전개, 이차식 인수분해, 간단한 절차 수행 수준을 구분",,prerequisite_ref;textbook_page_refs,Find textbook sequencing or prior-knowledge evidence for the prerequisite relation.,pending_textbook_pdf,,,,,,,,,,
21,중1(교육과정 학년군: 중1-3),변화와 관계,문자의 사용과 식,m1_expr_coefficient__prerequisite_for__m1_factor_sum_product_pair_search,cross_unit,m1_expr_coefficient,계수,문자의 사용과 식,m1_factor_sum_product_pair_search,합과 곱이 맞는 수 찾기,다항식의 곱셈과 인수분해,prerequisite_for,medium,2,"curriculum_math_2022: printed p. 36; [9수02-19] explanation; teaching_note; 다항식의 곱셈과 인수분해의 역관계를 이해하고, m(a+b), (a±b)^2, (a+b)(a-b), (x+a)(x+b), (ax+b)(cx+d) 범위의 공식을 다룸 | achievement_math_2022: 다항식의 곱셈과 인수분해 section; [9수02-19] achievement levels; achievement_level; 다항식의 곱셈과 인수분해의 역관계 이해, 두 다항식의 곱 전개, 이차식 인수분해, 간단한 절차 수행 수준을 구분",,prerequisite_ref;textbook_page_refs,Find textbook sequencing or prior-knowledge evidence for the prerequisite relation.,pending_textbook_pdf,,,,,,,,,,
21,중1(교육과정 학년군: 중1-3),변화와 관계,문자의 사용과 식,m1_expr_coefficient__prerequisite_for__m1_quad_eq_coefficients_in_standard_form,cross_unit,m1_expr_coefficient,계수,문자의 사용과 식,m1_quad_eq_coefficients_in_standard_form,이차방정식의 계수,이차방정식,prerequisite_for,medium,3,"curriculum_math_2022: printed p. 36; terms and symbols for 변화와 관계; term_list; 대입, 다항식, 항, 단항식, 상수항, 계수, 차수, 일차식, 동류항, 등식, 방정식, 미지수, 해, 근, 항등식, 이항, 일차방정식, 변수, 좌표, 그래프, 인수, 인수분해, 완전제곱식, 이차방정식, 중근, 근의 공식, 이차함수, 포물선, 축, 꼭짓점, 최댓값, 최솟값 등을 다룸 | achievement_math_2022: 이차방정식 section; [9수02-20] achievement levels; achievement_level; 이차방정식을 풀고 과정을 설명하거나 활용하며, 이차항의 계수가 1인 이차방정식을 푸는 수준을 구분 | achievement_research_report_2022: 연구보고서 p. 220; 이차방정식 성취기준별 성취수준; research_report_achievement_level_context; [9수02-20] 성취수준에서 이차방정식 풀이와 과정 설명, 문제 상황의 이차방정식 설정, 이차항의 계수가 1인 이차방정식 풀이를 구분",,prerequisite_ref;textbook_page_refs,Find textbook sequencing or prior-knowledge evidence for the prerequisite relation.,pending_textbook_pdf,,,,,,,,,,
21,중1(교육과정 학년군: 중1-3),변화와 관계,문자의 사용과 식,m1_expr_coefficient__prerequisite_for__m1_quad_eq_leading_coefficient_one_case,cross_unit,m1_expr_coefficient,계수,문자의 사용과 식,m1_quad_eq_leading_coefficient_one_case,이차항의 계수가 1인 이차방정식,이차방정식,prerequisite_for,high,3,"curriculum_math_2022: printed p. 35; [9수02-20]; achievement_standard; 이차방정식을 풀고 활용하여 문제를 해결하는 성취기준 | achievement_math_2022: 이차방정식 section; [9수02-20] achievement levels; achievement_level; 이차방정식을 풀고 과정을 설명하거나 활용하며, 이차항의 계수가 1인 이차방정식을 푸는 수준을 구분 | achievement_research_report_2022: 연구보고서 p. 220; 이차방정식 성취기준별 성취수준; research_report_achievement_level_context; [9수02-20] 성취수준에서 이차방정식 풀이와 과정 설명, 문제 상황의 이차방정식 설정, 이차항의 계수가 1인 이차방정식 풀이를 구분",,prerequisite_ref;textbook_page_refs,Find textbook sequencing or prior-knowledge evidence for the prerequisite relation.,pending_textbook_pdf,,,,,,,,,,
21,중1(교육과정 학년군: 중1-3),변화와 관계,문자의 사용과 식,m1_expr_constant_term__prerequisite_for__m1_eq_collect_constant_terms,cross_unit,m1_expr_constant_term,상수항,문자의 사용과 식,m1_eq_collect_constant_terms,상수항 모으기,일차방정식,prerequisite_for,medium,4,"curriculum_math_2022: printed p. 36; terms and symbols for 변화와 관계; term_list; 대입, 다항식, 항, 단항식, 상수항, 계수, 차수, 일차식, 동류항, 등식, 방정식, 미지수, 해, 근, 항등식, 이항, 일차방정식, 변수, 좌표, 그래프, 인수, 인수분해, 완전제곱식, 이차방정식, 중근, 근의 공식, 이차함수, 포물선, 축, 꼭짓점, 최댓값, 최솟값 등을 다룸 | curriculum_math_2022: printed p. 36; achievement-standard considerations; teaching_note; 방정식은 다양한 상황으로 도입하고 여러 방법으로 풀며 해가 상황에 적합한지 확인하게 함 | achievement_math_2022: 일차방정식 section; [9수02-04] achievement levels; achievement_level; 일차방정식을 풀고 활용 문제를 해결하거나 식을 세우는 수행 수준을 구분 | achievement_research_report_2022: 연구보고서 p. 214; 일차방정식 [9수02-04] 성취기준별 성취수준; research_report_achievement_level_context; 일차방정식을 풀고 활용 문제를 해결하거나 문제의 뜻에 맞는 식을 세우는 수행 수준을 구분",,prerequisite_ref;textbook_page_refs,Find textbook sequencing or prior-knowledge evidence for the prerequisite relation.,pending_textbook_pdf,,,,,,,,,,
21,중1(교육과정 학년군: 중1-3),변화와 관계,문자의 사용과 식,m1_expr_degree__prerequisite_for__m1_calc_polynomial_term_structure_check,cross_unit,m1_expr_degree,차수,문자의 사용과 식,m1_calc_polynomial_term_structure_check,다항식의 항·계수·차수 확인하기,식의 계산,prerequisite_for,medium,3,"curriculum_math_2022: printed p. 36; terms and symbols for 변화와 관계; term_list; 대입, 다항식, 항, 단항식, 상수항, 계수, 차수, 일차식, 동류항, 등식, 방정식, 미지수, 해, 근, 항등식, 이항, 일차방정식, 변수, 좌표, 그래프, 인수, 인수분해, 완전제곱식, 이차방정식, 중근, 근의 공식, 이차함수, 포물선, 축, 꼭짓점, 최댓값, 최솟값 등을 다룸 | curriculum_math_2022: printed p. 35; [9수02-09]; achievement_standard; 다항식의 덧셈과 뺄셈 원리를 이해하고 계산하는 성취기준 | achievement_math_2022: 식의 계산 section; [9수02-09] achievement levels; achievement_level; 다항식의 덧셈과 뺄셈 원리 이해와 계산 수행 수준을 구분",,prerequisite_ref;textbook_page_refs,Find textbook sequencing or prior-knowledge evidence for the prerequisite relation.,pending_textbook_pdf,,,,,,,,,,
21,중1(교육과정 학년군: 중1-3),변화와 관계,문자의 사용과 식,m1_expr_degree__prerequisite_for__m1_factor_quadratic_expression,cross_unit,m1_expr_degree,차수,문자의 사용과 식,m1_factor_quadratic_expression,이차식,다항식의 곱셈과 인수분해,prerequisite_for,medium,3,"curriculum_math_2022: printed p. 36; terms usable in teaching and learning situations; instructional_term_list; 식의 값, 좌변, 우변, 양변, 이차식, 전개식, 연립일차방정식, 소거, 가감법, 대입법, 함수의 그래프 등은 교수·학습 상황에서 사용할 수 있음 | achievement_math_2022: 다항식의 곱셈과 인수분해 section; [9수02-19] achievement levels; achievement_level; 다항식의 곱셈과 인수분해의 역관계 이해, 두 다항식의 곱 전개, 이차식 인수분해, 간단한 절차 수행 수준을 구분 | achievement_research_report_2022: 연구보고서 p. 219; 다항식의 곱셈과 인수분해 성취기준별 성취수준; research_report_achievement_level_context; 다항식의 곱셈과 인수분해의 역관계 이해와 과정 설명, 두 다항식의 곱 전개, 이차식 인수분해, 안내된 절차 수행 수준을 구분",,prerequisite_ref;textbook_page_refs,Find textbook sequencing or prior-knowledge evidence for the prerequisite relation.,pending_textbook_pdf,,,,,,,,,,
21,중1(교육과정 학년군: 중1-3),변화와 관계,문자의 사용과 식,m1_expr_degree__prerequisite_for__m1_quad_eq_quadratic_term,cross_unit,m1_expr_degree,차수,문자의 사용과 식,m1_quad_eq_quadratic_term,이차항,이차방정식,prerequisite_for,medium,2,"achievement_math_2022: 이차방정식 section; [9수02-20] achievement levels; achievement_level; 이차방정식을 풀고 과정을 설명하거나 활용하며, 이차항의 계수가 1인 이차방정식을 푸는 수준을 구분 | achievement_research_report_2022: 연구보고서 p. 220; 이차방정식 성취기준별 성취수준; research_report_achievement_level_context; [9수02-20] 성취수준에서 이차방정식 풀이와 과정 설명, 문제 상황의 이차방정식 설정, 이차항의 계수가 1인 이차방정식 풀이를 구분",,prerequisite_ref;textbook_page_refs,Find textbook sequencing or prior-knowledge evidence for the prerequisite relation.,pending_textbook_pdf,,,,,,,,,,
21,중1(교육과정 학년군: 중1-3),변화와 관계,문자의 사용과 식,m1_expr_letter__prerequisite_for__m1_eq_unknown,cross_unit,m1_expr_letter,문자,문자의 사용과 식,m1_eq_unknown,미지수,일차방정식,prerequisite_for,high,2,"curriculum_math_2022: printed p. 36; terms and symbols for 변화와 관계; term_list; 대입, 다항식, 항, 단항식, 상수항, 계수, 차수, 일차식, 동류항, 등식, 방정식, 미지수, 해, 근, 항등식, 이항, 일차방정식, 변수, 좌표, 그래프, 인수, 인수분해, 완전제곱식, 이차방정식, 중근, 근의 공식, 이차함수, 포물선, 축, 꼭짓점, 최댓값, 최솟값 등을 다룸 | achievement_math_2022: 일차방정식 section; [9수02-03] achievement levels; achievement_level; 방정식과 해의 뜻, 등식의 성질, 해인지 판단하는 수행 수준을 구분",,prerequisite_ref;textbook_page_refs,Find textbook sequencing or prior-knowledge evidence for the prerequisite relation.,pending_textbook_pdf,,,,,,,,,,
21,중1(교육과정 학년군: 중1-3),변화와 관계,문자의 사용과 식,m1_expr_letter_quantity__prerequisite_for__m1_eq_choose_unknown_from_context,cross_unit,m1_expr_letter_quantity,문자가 나타내는 수량 정하기,문자의 사용과 식,m1_eq_choose_unknown_from_context,문제 상황에서 미지수 정하기,일차방정식,prerequisite_for,medium,4,curriculum_math_2022: printed p. 34; [9수02-04]; achievement_standard; 일차방정식을 풀고 활용하여 문제를 해결하는 성취기준 | curriculum_math_2022: printed p. 36; achievement-standard considerations; teaching_note; 방정식은 다양한 상황으로 도입하고 여러 방법으로 풀며 해가 상황에 적합한지 확인하게 함 | achievement_math_2022: 일차방정식 section; [9수02-04] achievement levels; achievement_level; 일차방정식을 풀고 활용 문제를 해결하거나 식을 세우는 수행 수준을 구분 | achievement_research_report_2022: 연구보고서 p. 214; 일차방정식 [9수02-04] 성취기준별 성취수준; research_report_achievement_level_context; 일차방정식을 풀고 활용 문제를 해결하거나 문제의 뜻에 맞는 식을 세우는 수행 수준을 구분,,prerequisite_ref;textbook_page_refs,Find textbook sequencing or prior-knowledge evidence for the prerequisite relation.,pending_textbook_pdf,,,,,,,,,,
21,중1(교육과정 학년군: 중1-3),변화와 관계,문자의 사용과 식,m1_expr_letter_quantity__prerequisite_for__m1_ineq_choose_unknown_from_context,cross_unit,m1_expr_letter_quantity,문자가 나타내는 수량 정하기,문자의 사용과 식,m1_ineq_choose_unknown_from_context,문제 상황에서 미지수 정하기,일차부등식,prerequisite_for,medium,3,curriculum_math_2022: printed p. 35; [9수02-12]; achievement_standard; 일차부등식을 풀고 활용하여 문제를 해결하는 성취기준 | curriculum_math_2022: printed p. 36; achievement-standard considerations; teaching_note; 부등식은 다양한 상황으로 도입하고 여러 방법으로 풀며 해가 문제 상황에 적합한지 확인하게 함 | achievement_math_2022: 일차부등식 section; [9수02-12] achievement levels; achievement_level; 일차부등식을 풀고 활용하거나 문제의 뜻에 맞는 일차부등식을 세우는 수행 수준을 구분,,prerequisite_ref;textbook_page_refs,Find textbook sequencing or prior-knowledge evidence for the prerequisite relation.,pending_textbook_pdf,,,,,,,,,,
21,중1(교육과정 학년군: 중1-3),변화와 관계,문자의 사용과 식,m1_expr_like_terms__prerequisite_for__m1_calc_collect_like_terms_polynomial,cross_unit,m1_expr_like_terms,동류항,문자의 사용과 식,m1_calc_collect_like_terms_polynomial,다항식에서 동류항 모으기,식의 계산,prerequisite_for,high,3,"curriculum_math_2022: printed p. 36; terms and symbols for 변화와 관계; term_list; 대입, 다항식, 항, 단항식, 상수항, 계수, 차수, 일차식, 동류항, 등식, 방정식, 미지수, 해, 근, 항등식, 이항, 일차방정식, 변수, 좌표, 그래프, 인수, 인수분해, 완전제곱식, 이차방정식, 중근, 근의 공식, 이차함수, 포물선, 축, 꼭짓점, 최댓값, 최솟값 등을 다룸 | curriculum_math_2022: printed p. 35; [9수02-09]; achievement_standard; 다항식의 덧셈과 뺄셈 원리를 이해하고 계산하는 성취기준 | achievement_math_2022: 식의 계산 section; [9수02-09] achievement levels; achievement_level; 다항식의 덧셈과 뺄셈 원리 이해와 계산 수행 수준을 구분",,prerequisite_ref;textbook_page_refs,Find textbook sequencing or prior-knowledge evidence for the prerequisite relation.,pending_textbook_pdf,,,,,,,,,,
21,중1(교육과정 학년군: 중1-3),변화와 관계,문자의 사용과 식,m1_expr_like_terms__prerequisite_for__m1_calc_polynomial_add_sub,cross_unit,m1_expr_like_terms,동류항,문자의 사용과 식,m1_calc_polynomial_add_sub,다항식의 덧셈과 뺄셈,식의 계산,prerequisite_for,high,2,curriculum_math_2022: printed p. 35; [9수02-09]; achievement_standard; 다항식의 덧셈과 뺄셈 원리를 이해하고 계산하는 성취기준 | achievement_math_2022: 식의 계산 section; [9수02-09] achievement levels; achievement_level; 다항식의 덧셈과 뺄셈 원리 이해와 계산 수행 수준을 구분,,prerequisite_ref;textbook_page_refs,Find textbook sequencing or prior-knowledge evidence for the prerequisite relation.,pending_textbook_pdf,,,,,,,,,,
21,중1(교육과정 학년군: 중1-3),변화와 관계,문자의 사용과 식,m1_expr_like_terms__prerequisite_for__m1_calc_polynomial_add_sub_principle,cross_unit,m1_expr_like_terms,동류항,문자의 사용과 식,m1_calc_polynomial_add_sub_principle,다항식의 덧셈과 뺄셈 원리,식의 계산,prerequisite_for,high,2,curriculum_math_2022: printed p. 35; [9수02-09]; achievement_standard; 다항식의 덧셈과 뺄셈 원리를 이해하고 계산하는 성취기준 | achievement_math_2022: 식의 계산 section; [9수02-09] achievement levels; achievement_level; 다항식의 덧셈과 뺄셈 원리 이해와 계산 수행 수준을 구분,,prerequisite_ref;textbook_page_refs,Find textbook sequencing or prior-knowledge evidence for the prerequisite relation.,pending_textbook_pdf,,,,,,,,,,
21,중1(교육과정 학년군: 중1-3),변화와 관계,문자의 사용과 식,m1_expr_like_terms__prerequisite_for__m1_calc_simplify_expression,cross_unit,m1_expr_like_terms,동류항,문자의 사용과 식,m1_calc_simplify_expression,식을 간단히 하기,식의 계산,prerequisite_for,high,2,curriculum_math_2022: printed p. 35; [9수02-08]; achievement_standard; 지수법칙을 이해하고 이를 이용하여 식을 간단히 하는 성취기준 | achievement_math_2022: 식의 계산 section; [9수02-08] achievement levels; achievement_level; 지수법칙을 이용하여 거듭제곱이나 단항식의 곱셈과 나눗셈을 하는 수준을 구분,,prerequisite_ref;textbook_page_refs,Find textbook sequencing or prior-knowledge evidence for the prerequisite relation.,pending_textbook_pdf,,,,,,,,,,
21,중1(교육과정 학년군: 중1-3),변화와 관계,문자의 사용과 식,m1_expr_linear_expression__prerequisite_for__m1_eq_linear_equation,cross_unit,m1_expr_linear_expression,일차식,문자의 사용과 식,m1_eq_linear_equation,일차방정식,일차방정식,prerequisite_for,high,3,"curriculum_math_2022: printed p. 34; [9수02-04]; achievement_standard; 일차방정식을 풀고 활용하여 문제를 해결하는 성취기준 | curriculum_math_2022: printed p. 36; terms and symbols for 변화와 관계; term_list; 대입, 다항식, 항, 단항식, 상수항, 계수, 차수, 일차식, 동류항, 등식, 방정식, 미지수, 해, 근, 항등식, 이항, 일차방정식, 변수, 좌표, 그래프, 인수, 인수분해, 완전제곱식, 이차방정식, 중근, 근의 공식, 이차함수, 포물선, 축, 꼭짓점, 최댓값, 최솟값 등을 다룸 | achievement_math_2022: 일차방정식 section; [9수02-04] achievement levels; achievement_level; 일차방정식을 풀고 활용 문제를 해결하거나 식을 세우는 수행 수준을 구분",,prerequisite_ref;textbook_page_refs,Find textbook sequencing or prior-knowledge evidence for the prerequisite relation.,pending_textbook_pdf,,,,,,,,,,
21,중1(교육과정 학년군: 중1-3),변화와 관계,문자의 사용과 식,m1_expr_linear_expression__prerequisite_for__m1_eq_unit,cross_unit,m1_expr_linear_expression,일차식,문자의 사용과 식,m1_eq_unit,일차방정식,일차방정식,prerequisite_for,high,4,"curriculum_math_2022: printed p. 34; [9수02-03]; achievement_standard; 방정식과 그 해의 뜻, 등식의 성질을 다루는 성취기준 | curriculum_math_2022: printed p. 34; [9수02-04]; achievement_standard; 일차방정식을 풀고 활용하여 문제를 해결하는 성취기준 | achievement_research_report_2022: 연구보고서 p. 214; 일차방정식 [9수02-03] 성취기준별 성취수준; research_report_achievement_level_context; 방정식과 해의 뜻, 항등식, 등식의 성질, 해인지 판단하는 수행 수준을 구분 | achievement_research_report_2022: 연구보고서 p. 214; 일차방정식 [9수02-04] 성취기준별 성취수준; research_report_achievement_level_context; 일차방정식을 풀고 활용 문제를 해결하거나 문제의 뜻에 맞는 식을 세우는 수행 수준을 구분",,prerequisite_ref;textbook_page_refs,Find textbook sequencing or prior-knowledge evidence for the prerequisite relation.,pending_textbook_pdf,,,,,,,,,,
21,중1(교육과정 학년군: 중1-3),변화와 관계,문자의 사용과 식,m1_expr_linear_expression__prerequisite_for__m1_func_linear_function,cross_unit,m1_expr_linear_expression,일차식,문자의 사용과 식,m1_func_linear_function,일차함수,일차함수와 그 그래프,prerequisite_for,high,2,"curriculum_math_2022: printed p. 35; [9수02-15]; achievement_standard; 일차함수의 개념을 이해하고 그 그래프를 그리는 성취기준 | achievement_math_2022: 일차함수와 그 그래프 section; [9수02-15] achievement levels; achievement_level; 일차함수인지 판단하고 기울기, x절편, y절편, 평행이동 등을 이용하여 그래프를 그리는 수행 수준을 구분",,prerequisite_ref;textbook_page_refs,Find textbook sequencing or prior-knowledge evidence for the prerequisite relation.,pending_textbook_pdf,,,,,,,,,,
21,중1(교육과정 학년군: 중1-3),변화와 관계,문자의 사용과 식,m1_expr_linear_expression__prerequisite_for__m1_ineq_linear_inequality,cross_unit,m1_expr_linear_expression,일차식,문자의 사용과 식,m1_ineq_linear_inequality,일차부등식,일차부등식,prerequisite_for,high,3,"curriculum_math_2022: printed p. 35; [9수02-12]; achievement_standard; 일차부등식을 풀고 활용하여 문제를 해결하는 성취기준 | curriculum_math_2022: printed p. 36; terms and symbols for 변화와 관계; term_list; 대입, 다항식, 항, 단항식, 상수항, 계수, 차수, 일차식, 동류항, 등식, 방정식, 미지수, 해, 근, 항등식, 이항, 일차방정식, 변수, 좌표, 그래프, 인수, 인수분해, 완전제곱식, 이차방정식, 중근, 근의 공식, 이차함수, 포물선, 축, 꼭짓점, 최댓값, 최솟값 등을 다룸 | achievement_math_2022: 일차부등식 section; [9수02-12] achievement levels; achievement_level; 일차부등식을 풀고 활용하거나 문제의 뜻에 맞는 일차부등식을 세우는 수행 수준을 구분",,prerequisite_ref;textbook_page_refs,Find textbook sequencing or prior-knowledge evidence for the prerequisite relation.,pending_textbook_pdf,,,,,,,,,,
21,중1(교육과정 학년군: 중1-3),변화와 관계,문자의 사용과 식,m1_expr_literal_expression__prerequisite_for__m1_eq_modeling_linear_equation,cross_unit,m1_expr_literal_expression,문자를 사용한 식,문자의 사용과 식,m1_eq_modeling_linear_equation,일차방정식 세우기,일차방정식,prerequisite_for,high,2,curriculum_math_2022: printed p. 34; [9수02-04]; achievement_standard; 일차방정식을 풀고 활용하여 문제를 해결하는 성취기준 | achievement_math_2022: 일차방정식 section; [9수02-04] achievement levels; achievement_level; 일차방정식을 풀고 활용 문제를 해결하거나 식을 세우는 수행 수준을 구분,,prerequisite_ref;textbook_page_refs,Find textbook sequencing or prior-knowledge evidence for the prerequisite relation.,pending_textbook_pdf,,,,,,,,,,
21,중1(교육과정 학년군: 중1-3),변화와 관계,문자의 사용과 식,m1_expr_literal_expression__prerequisite_for__m1_ineq_modeling_linear_inequality,cross_unit,m1_expr_literal_expression,문자를 사용한 식,문자의 사용과 식,m1_ineq_modeling_linear_inequality,일차부등식 세우기,일차부등식,prerequisite_for,high,2,curriculum_math_2022: printed p. 35; [9수02-12]; achievement_standard; 일차부등식을 풀고 활용하여 문제를 해결하는 성취기준 | achievement_math_2022: 일차부등식 section; [9수02-12] achievement levels; achievement_level; 일차부등식을 풀고 활용하거나 문제의 뜻에 맞는 일차부등식을 세우는 수행 수준을 구분,,prerequisite_ref;textbook_page_refs,Find textbook sequencing or prior-knowledge evidence for the prerequisite relation.,pending_textbook_pdf,,,,,,,,,,
21,중1(교육과정 학년군: 중1-3),변화와 관계,문자의 사용과 식,m1_expr_literal_expression__prerequisite_for__m1_ineq_translate_condition,cross_unit,m1_expr_literal_expression,문자를 사용한 식,문자의 사용과 식,m1_ineq_translate_condition,문제 조건을 부등식으로 옮기기,일차부등식,prerequisite_for,medium,3,curriculum_math_2022: printed p. 35; [9수02-12]; achievement_standard; 일차부등식을 풀고 활용하여 문제를 해결하는 성취기준 | curriculum_math_2022: printed p. 36; achievement-standard considerations; teaching_note; 부등식은 다양한 상황으로 도입하고 여러 방법으로 풀며 해가 문제 상황에 적합한지 확인하게 함 | achievement_math_2022: 일차부등식 section; [9수02-12] achievement levels; achievement_level; 일차부등식을 풀고 활용하거나 문제의 뜻에 맞는 일차부등식을 세우는 수행 수준을 구분,,prerequisite_ref;textbook_page_refs,Find textbook sequencing or prior-knowledge evidence for the prerequisite relation.,pending_textbook_pdf,,,,,,,,,,
21,중1(교육과정 학년군: 중1-3),변화와 관계,문자의 사용과 식,m1_expr_literal_expression__prerequisite_for__m1_system_modeling,cross_unit,m1_expr_literal_expression,문자를 사용한 식,문자의 사용과 식,m1_system_modeling,연립일차방정식 세우기,연립일차방정식,prerequisite_for,high,2,curriculum_math_2022: printed p. 35; [9수02-13]; achievement_standard; 미지수가 2개인 연립일차방정식을 풀고 활용하는 성취기준 | achievement_math_2022: 연립일차방정식 section; [9수02-13] achievement levels; achievement_level; 미지수가 2개인 연립일차방정식을 여러 가지 방법으로 풀고 활용하는 수행 수준을 구분,,prerequisite_ref;textbook_page_refs,Find textbook sequencing or prior-knowledge evidence for the prerequisite relation.,pending_textbook_pdf,,,,,,,,,,
21,중1(교육과정 학년군: 중1-3),변화와 관계,문자의 사용과 식,m1_expr_literal_expression__prerequisite_for__m1_system_modeling_variable_assignment,cross_unit,m1_expr_literal_expression,문자를 사용한 식,문자의 사용과 식,m1_system_modeling_variable_assignment,두 미지수 정하기,연립일차방정식,prerequisite_for,medium,2,curriculum_math_2022: printed p. 35; [9수02-13]; achievement_standard; 미지수가 2개인 연립일차방정식을 풀고 활용하는 성취기준 | achievement_math_2022: 연립일차방정식 section; [9수02-13] achievement levels; achievement_level; 미지수가 2개인 연립일차방정식을 여러 가지 방법으로 풀고 활용하는 수행 수준을 구분,,prerequisite_ref;textbook_page_refs,Find textbook sequencing or prior-knowledge evidence for the prerequisite relation.,pending_textbook_pdf,,,,,,,,,,
21,중1(교육과정 학년군: 중1-3),변화와 관계,문자의 사용과 식,m1_expr_literal_expression__prerequisite_for__m1_system_substitution_isolate_variable,cross_unit,m1_expr_literal_expression,문자를 사용한 식,문자의 사용과 식,m1_system_substitution_isolate_variable,한 미지수를 다른 미지수의 식으로 나타내기,연립일차방정식,prerequisite_for,medium,2,"curriculum_math_2022: printed p. 36; terms usable in teaching and learning situations; instructional_term_list; 식의 값, 좌변, 우변, 양변, 이차식, 전개식, 연립일차방정식, 소거, 가감법, 대입법, 함수의 그래프 등은 교수·학습 상황에서 사용할 수 있음 | achievement_math_2022: 연립일차방정식 section; [9수02-13] achievement levels; achievement_level; 미지수가 2개인 연립일차방정식을 여러 가지 방법으로 풀고 활용하는 수행 수준을 구분",,prerequisite_ref;textbook_page_refs,Find textbook sequencing or prior-knowledge evidence for the prerequisite relation.,pending_textbook_pdf,,,,,,,,,,
21,중1(교육과정 학년군: 중1-3),변화와 관계,문자의 사용과 식,m1_expr_monomial__prerequisite_for__m1_calc_apply_exponent_laws_to_monomials,cross_unit,m1_expr_monomial,단항식,문자의 사용과 식,m1_calc_apply_exponent_laws_to_monomials,지수법칙을 단항식 계산에 적용하기,식의 계산,prerequisite_for,high,3,"curriculum_math_2022: printed p. 35; [9수02-08]; achievement_standard; 지수법칙을 이해하고 이를 이용하여 식을 간단히 하는 성취기준 | curriculum_math_2022: printed pp. 35-36; achievement-standard explanation and considerations; teaching_note; 지수법칙은 자연수 지수 범위에서 단항식의 곱셈과 나눗셈에 필요한 정도로 다루고, 수의 사칙연산과 소인수분해가 다항식으로 확장될 수 있음을 인식하게 함 | achievement_math_2022: 식의 계산 section; [9수02-08] achievement levels; achievement_level; 지수법칙을 이용하여 거듭제곱이나 단항식의 곱셈과 나눗셈을 하는 수준을 구분",,prerequisite_ref;textbook_page_refs,Find textbook sequencing or prior-knowledge evidence for the prerequisite relation.,pending_textbook_pdf,,,,,,,,,,
21,중1(교육과정 학년군: 중1-3),변화와 관계,문자의 사용과 식,m1_expr_monomial__prerequisite_for__m1_calc_monomial_coefficient_calculation,cross_unit,m1_expr_monomial,단항식,문자의 사용과 식,m1_calc_monomial_coefficient_calculation,단항식 계산에서 계수끼리 계산하기,식의 계산,prerequisite_for,medium,4,"curriculum_math_2022: printed p. 35; [9수02-08]; achievement_standard; 지수법칙을 이해하고 이를 이용하여 식을 간단히 하는 성취기준 | curriculum_math_2022: printed pp. 35-36; achievement-standard explanation and considerations; teaching_note; 지수법칙은 자연수 지수 범위에서 단항식의 곱셈과 나눗셈에 필요한 정도로 다루고, 수의 사칙연산과 소인수분해가 다항식으로 확장될 수 있음을 인식하게 함 | achievement_math_2022: 식의 계산 section; [9수02-08] achievement levels; achievement_level; 지수법칙을 이용하여 거듭제곱이나 단항식의 곱셈과 나눗셈을 하는 수준을 구분 | curriculum_math_2022: printed p. 36; terms and symbols for 변화와 관계; term_list; 대입, 다항식, 항, 단항식, 상수항, 계수, 차수, 일차식, 동류항, 등식, 방정식, 미지수, 해, 근, 항등식, 이항, 일차방정식, 변수, 좌표, 그래프, 인수, 인수분해, 완전제곱식, 이차방정식, 중근, 근의 공식, 이차함수, 포물선, 축, 꼭짓점, 최댓값, 최솟값 등을 다룸",,prerequisite_ref;textbook_page_refs,Find textbook sequencing or prior-knowledge evidence for the prerequisite relation.,pending_textbook_pdf,,,,,,,,,,
21,중1(교육과정 학년군: 중1-3),변화와 관계,문자의 사용과 식,m1_expr_monomial__prerequisite_for__m1_calc_monomial_literal_part_calculation,cross_unit,m1_expr_monomial,단항식,문자의 사용과 식,m1_calc_monomial_literal_part_calculation,단항식 계산에서 문자 부분 계산하기,식의 계산,prerequisite_for,medium,4,"curriculum_math_2022: printed p. 35; [9수02-08]; achievement_standard; 지수법칙을 이해하고 이를 이용하여 식을 간단히 하는 성취기준 | curriculum_math_2022: printed pp. 35-36; achievement-standard explanation and considerations; teaching_note; 지수법칙은 자연수 지수 범위에서 단항식의 곱셈과 나눗셈에 필요한 정도로 다루고, 수의 사칙연산과 소인수분해가 다항식으로 확장될 수 있음을 인식하게 함 | achievement_math_2022: 식의 계산 section; [9수02-08] achievement levels; achievement_level; 지수법칙을 이용하여 거듭제곱이나 단항식의 곱셈과 나눗셈을 하는 수준을 구분 | curriculum_math_2022: printed p. 36; terms and symbols for 변화와 관계; term_list; 대입, 다항식, 항, 단항식, 상수항, 계수, 차수, 일차식, 동류항, 등식, 방정식, 미지수, 해, 근, 항등식, 이항, 일차방정식, 변수, 좌표, 그래프, 인수, 인수분해, 완전제곱식, 이차방정식, 중근, 근의 공식, 이차함수, 포물선, 축, 꼭짓점, 최댓값, 최솟값 등을 다룸",,prerequisite_ref;textbook_page_refs,Find textbook sequencing or prior-knowledge evidence for the prerequisite relation.,pending_textbook_pdf,,,,,,,,,,
21,중1(교육과정 학년군: 중1-3),변화와 관계,문자의 사용과 식,m1_expr_monomial__prerequisite_for__m1_calc_monomial_mul_div,cross_unit,m1_expr_monomial,단항식,문자의 사용과 식,m1_calc_monomial_mul_div,단항식의 곱셈과 나눗셈,식의 계산,prerequisite_for,high,3,"curriculum_math_2022: printed p. 35; [9수02-08]; achievement_standard; 지수법칙을 이해하고 이를 이용하여 식을 간단히 하는 성취기준 | curriculum_math_2022: printed pp. 35-36; achievement-standard explanation and considerations; teaching_note; 지수법칙은 자연수 지수 범위에서 단항식의 곱셈과 나눗셈에 필요한 정도로 다루고, 수의 사칙연산과 소인수분해가 다항식으로 확장될 수 있음을 인식하게 함 | achievement_math_2022: 식의 계산 section; [9수02-08] achievement levels; achievement_level; 지수법칙을 이용하여 거듭제곱이나 단항식의 곱셈과 나눗셈을 하는 수준을 구분",,prerequisite_ref;textbook_page_refs,Find textbook sequencing or prior-knowledge evidence for the prerequisite relation.,pending_textbook_pdf,,,,,,,,,,
21,중1(교육과정 학년군: 중1-3),변화와 관계,문자의 사용과 식,m1_expr_monomial__prerequisite_for__m1_calc_monomial_polynomial_mul_div,cross_unit,m1_expr_monomial,단항식,문자의 사용과 식,m1_calc_monomial_polynomial_mul_div,단항식과 다항식의 곱셈과 나눗셈,식의 계산,prerequisite_for,high,3,"curriculum_math_2022: printed p. 35; [9수02-10]; achievement_standard; 단항식과 다항식의 곱셈, 다항식을 단항식으로 나누는 계산을 다루는 성취기준 | curriculum_math_2022: printed pp. 35-36; achievement-standard explanation and considerations; teaching_note; 지수법칙은 자연수 지수 범위에서 단항식의 곱셈과 나눗셈에 필요한 정도로 다루고, 수의 사칙연산과 소인수분해가 다항식으로 확장될 수 있음을 인식하게 함 | achievement_math_2022: 식의 계산 section; [9수02-10] achievement levels; achievement_level; 단항식과 다항식의 곱셈, 다항식과 단항식의 나눗셈 원리 이해와 계산 수행 수준을 구분",,prerequisite_ref;textbook_page_refs,Find textbook sequencing or prior-knowledge evidence for the prerequisite relation.,pending_textbook_pdf,,,,,,,,,,
21,중1(교육과정 학년군: 중1-3),변화와 관계,문자의 사용과 식,m1_expr_monomial__prerequisite_for__m1_calc_monomial_times_polynomial_distribution,cross_unit,m1_expr_monomial,단항식,문자의 사용과 식,m1_calc_monomial_times_polynomial_distribution,단항식을 다항식에 분배하기,식의 계산,prerequisite_for,medium,4,"curriculum_math_2022: printed p. 35; [9수02-10]; achievement_standard; 단항식과 다항식의 곱셈, 다항식을 단항식으로 나누는 계산을 다루는 성취기준 | curriculum_math_2022: printed pp. 35-36; achievement-standard explanation and considerations; teaching_note; 지수법칙은 자연수 지수 범위에서 단항식의 곱셈과 나눗셈에 필요한 정도로 다루고, 수의 사칙연산과 소인수분해가 다항식으로 확장될 수 있음을 인식하게 함 | achievement_math_2022: 식의 계산 section; [9수02-10] achievement levels; achievement_level; 단항식과 다항식의 곱셈, 다항식과 단항식의 나눗셈 원리 이해와 계산 수행 수준을 구분 | curriculum_math_2022: printed p. 34; terms and symbols for 수와 연산; term_list; 소수, 합성수, 거듭제곱, 지수, 밑, 소인수, 소인수분해, 서로소, 양수, 음수, 정수, 수직선, 유리수, 절댓값, 교환법칙, 결합법칙, 분배법칙, 역수, 유한소수, 무한소수, 순환소수, 순환마디, 제곱근, 근호, 무리수, 실수, 분모의 유리화 등을 다룸",,prerequisite_ref;textbook_page_refs,Find textbook sequencing or prior-knowledge evidence for the prerequisite relation.,pending_textbook_pdf,,,,,,,,,,
21,중1(교육과정 학년군: 중1-3),변화와 관계,문자의 사용과 식,m1_expr_monomial__prerequisite_for__m1_calc_unit,cross_unit,m1_expr_monomial,단항식,문자의 사용과 식,m1_calc_unit,식의 계산,식의 계산,prerequisite_for,high,3,"curriculum_math_2022: printed p. 35; [9수02-08]; achievement_standard; 지수법칙을 이해하고 이를 이용하여 식을 간단히 하는 성취기준 | curriculum_math_2022: printed p. 35; [9수02-09]; achievement_standard; 다항식의 덧셈과 뺄셈 원리를 이해하고 계산하는 성취기준 | curriculum_math_2022: printed p. 35; [9수02-10]; achievement_standard; 단항식과 다항식의 곱셈, 다항식을 단항식으로 나누는 계산을 다루는 성취기준",,prerequisite_ref;textbook_page_refs,Find textbook sequencing or prior-knowledge evidence for the prerequisite relation.,pending_textbook_pdf,,,,,,,,,,
21,중1(교육과정 학년군: 중1-3),변화와 관계,문자의 사용과 식,m1_expr_polynomial__prerequisite_for__m1_calc_arithmetic_to_polynomial_extension,cross_unit,m1_expr_polynomial,다항식,문자의 사용과 식,m1_calc_arithmetic_to_polynomial_extension,수의 사칙연산에서 다항식 계산으로의 확장,식의 계산,prerequisite_for,medium,1,"curriculum_math_2022: printed pp. 35-36; achievement-standard explanation and considerations; teaching_note; 지수법칙은 자연수 지수 범위에서 단항식의 곱셈과 나눗셈에 필요한 정도로 다루고, 수의 사칙연산과 소인수분해가 다항식으로 확장될 수 있음을 인식하게 함",,prerequisite_ref;textbook_page_refs,Find textbook sequencing or prior-knowledge evidence for the prerequisite relation.,pending_textbook_pdf,,,,,,,,,,
21,중1(교육과정 학년군: 중1-3),변화와 관계,문자의 사용과 식,m1_expr_polynomial__prerequisite_for__m1_calc_collect_like_terms_polynomial,cross_unit,m1_expr_polynomial,다항식,문자의 사용과 식,m1_calc_collect_like_terms_polynomial,다항식에서 동류항 모으기,식의 계산,prerequisite_for,high,3,"curriculum_math_2022: printed p. 36; terms and symbols for 변화와 관계; term_list; 대입, 다항식, 항, 단항식, 상수항, 계수, 차수, 일차식, 동류항, 등식, 방정식, 미지수, 해, 근, 항등식, 이항, 일차방정식, 변수, 좌표, 그래프, 인수, 인수분해, 완전제곱식, 이차방정식, 중근, 근의 공식, 이차함수, 포물선, 축, 꼭짓점, 최댓값, 최솟값 등을 다룸 | curriculum_math_2022: printed p. 35; [9수02-09]; achievement_standard; 다항식의 덧셈과 뺄셈 원리를 이해하고 계산하는 성취기준 | achievement_math_2022: 식의 계산 section; [9수02-09] achievement levels; achievement_level; 다항식의 덧셈과 뺄셈 원리 이해와 계산 수행 수준을 구분",,prerequisite_ref;textbook_page_refs,Find textbook sequencing or prior-knowledge evidence for the prerequisite relation.,pending_textbook_pdf,,,,,,,,,,
21,중1(교육과정 학년군: 중1-3),변화와 관계,문자의 사용과 식,m1_expr_polynomial__prerequisite_for__m1_calc_monomial_polynomial_mul_div,cross_unit,m1_expr_polynomial,다항식,문자의 사용과 식,m1_calc_monomial_polynomial_mul_div,단항식과 다항식의 곱셈과 나눗셈,식의 계산,prerequisite_for,high,3,"curriculum_math_2022: printed p. 35; [9수02-10]; achievement_standard; 단항식과 다항식의 곱셈, 다항식을 단항식으로 나누는 계산을 다루는 성취기준 | curriculum_math_2022: printed pp. 35-36; achievement-standard explanation and considerations; teaching_note; 지수법칙은 자연수 지수 범위에서 단항식의 곱셈과 나눗셈에 필요한 정도로 다루고, 수의 사칙연산과 소인수분해가 다항식으로 확장될 수 있음을 인식하게 함 | achievement_math_2022: 식의 계산 section; [9수02-10] achievement levels; achievement_level; 단항식과 다항식의 곱셈, 다항식과 단항식의 나눗셈 원리 이해와 계산 수행 수준을 구분",,prerequisite_ref;textbook_page_refs,Find textbook sequencing or prior-knowledge evidence for the prerequisite relation.,pending_textbook_pdf,,,,,,,,,,
21,중1(교육과정 학년군: 중1-3),변화와 관계,문자의 사용과 식,m1_expr_polynomial__prerequisite_for__m1_calc_monomial_times_polynomial_distribution,cross_unit,m1_expr_polynomial,다항식,문자의 사용과 식,m1_calc_monomial_times_polynomial_distribution,단항식을 다항식에 분배하기,식의 계산,prerequisite_for,medium,4,"curriculum_math_2022: printed p. 35; [9수02-10]; achievement_standard; 단항식과 다항식의 곱셈, 다항식을 단항식으로 나누는 계산을 다루는 성취기준 | curriculum_math_2022: printed pp. 35-36; achievement-standard explanation and considerations; teaching_note; 지수법칙은 자연수 지수 범위에서 단항식의 곱셈과 나눗셈에 필요한 정도로 다루고, 수의 사칙연산과 소인수분해가 다항식으로 확장될 수 있음을 인식하게 함 | achievement_math_2022: 식의 계산 section; [9수02-10] achievement levels; achievement_level; 단항식과 다항식의 곱셈, 다항식과 단항식의 나눗셈 원리 이해와 계산 수행 수준을 구분 | curriculum_math_2022: printed p. 34; terms and symbols for 수와 연산; term_list; 소수, 합성수, 거듭제곱, 지수, 밑, 소인수, 소인수분해, 서로소, 양수, 음수, 정수, 수직선, 유리수, 절댓값, 교환법칙, 결합법칙, 분배법칙, 역수, 유한소수, 무한소수, 순환소수, 순환마디, 제곱근, 근호, 무리수, 실수, 분모의 유리화 등을 다룸",,prerequisite_ref;textbook_page_refs,Find textbook sequencing or prior-knowledge evidence for the prerequisite relation.,pending_textbook_pdf,,,,,,,,,,
21,중1(교육과정 학년군: 중1-3),변화와 관계,문자의 사용과 식,m1_expr_polynomial__prerequisite_for__m1_calc_polynomial_add_sub,cross_unit,m1_expr_polynomial,다항식,문자의 사용과 식,m1_calc_polynomial_add_sub,다항식의 덧셈과 뺄셈,식의 계산,prerequisite_for,high,2,curriculum_math_2022: printed p. 35; [9수02-09]; achievement_standard; 다항식의 덧셈과 뺄셈 원리를 이해하고 계산하는 성취기준 | achievement_math_2022: 식의 계산 section; [9수02-09] achievement levels; achievement_level; 다항식의 덧셈과 뺄셈 원리 이해와 계산 수행 수준을 구분,,prerequisite_ref;textbook_page_refs,Find textbook sequencing or prior-knowledge evidence for the prerequisite relation.,pending_textbook_pdf,,,,,,,,,,
21,중1(교육과정 학년군: 중1-3),변화와 관계,문자의 사용과 식,m1_expr_polynomial__prerequisite_for__m1_calc_polynomial_add_sub_principle,cross_unit,m1_expr_polynomial,다항식,문자의 사용과 식,m1_calc_polynomial_add_sub_principle,다항식의 덧셈과 뺄셈 원리,식의 계산,prerequisite_for,high,2,curriculum_math_2022: printed p. 35; [9수02-09]; achievement_standard; 다항식의 덧셈과 뺄셈 원리를 이해하고 계산하는 성취기준 | achievement_math_2022: 식의 계산 section; [9수02-09] achievement levels; achievement_level; 다항식의 덧셈과 뺄셈 원리 이해와 계산 수행 수준을 구분,,prerequisite_ref;textbook_page_refs,Find textbook sequencing or prior-knowledge evidence for the prerequisite relation.,pending_textbook_pdf,,,,,,,,,,
21,중1(교육과정 학년군: 중1-3),변화와 관계,문자의 사용과 식,m1_expr_polynomial__prerequisite_for__m1_calc_polynomial_divided_by_monomial_termwise,cross_unit,m1_expr_polynomial,다항식,문자의 사용과 식,m1_calc_polynomial_divided_by_monomial_termwise,다항식의 각 항을 단항식으로 나누기,식의 계산,prerequisite_for,medium,3,"curriculum_math_2022: printed p. 35; [9수02-10]; achievement_standard; 단항식과 다항식의 곱셈, 다항식을 단항식으로 나누는 계산을 다루는 성취기준 | curriculum_math_2022: printed pp. 35-36; achievement-standard explanation and considerations; teaching_note; 지수법칙은 자연수 지수 범위에서 단항식의 곱셈과 나눗셈에 필요한 정도로 다루고, 수의 사칙연산과 소인수분해가 다항식으로 확장될 수 있음을 인식하게 함 | achievement_math_2022: 식의 계산 section; [9수02-10] achievement levels; achievement_level; 단항식과 다항식의 곱셈, 다항식과 단항식의 나눗셈 원리 이해와 계산 수행 수준을 구분",,prerequisite_ref;textbook_page_refs,Find textbook sequencing or prior-knowledge evidence for the prerequisite relation.,pending_textbook_pdf,,,,,,,,,,
21,중1(교육과정 학년군: 중1-3),변화와 관계,문자의 사용과 식,m1_expr_polynomial__prerequisite_for__m1_calc_polynomial_subtraction_sign_distribution,cross_unit,m1_expr_polynomial,다항식,문자의 사용과 식,m1_calc_polynomial_subtraction_sign_distribution,다항식의 뺄셈에서 부호 바꾸기,식의 계산,prerequisite_for,medium,4,"curriculum_math_2022: printed p. 35; [9수02-09]; achievement_standard; 다항식의 덧셈과 뺄셈 원리를 이해하고 계산하는 성취기준 | achievement_math_2022: 식의 계산 section; [9수02-09] achievement levels; achievement_level; 다항식의 덧셈과 뺄셈 원리 이해와 계산 수행 수준을 구분 | curriculum_math_2022: printed p. 33; [9수01-05]; achievement_standard; 정수와 유리수의 사칙계산 원리를 이해하고 계산하는 성취기준 | achievement_math_2022: 정수와 유리수 section; [9수01-05] achievement levels; achievement_level; 정수와 유리수의 사칙계산 원리 이해, 덧셈·뺄셈·곱셈·나눗셈, 혼합계산 수준을 구분",,prerequisite_ref;textbook_page_refs,Find textbook sequencing or prior-knowledge evidence for the prerequisite relation.,pending_textbook_pdf,,,,,,,,,,
21,중1(교육과정 학년군: 중1-3),변화와 관계,문자의 사용과 식,m1_expr_polynomial__prerequisite_for__m1_calc_polynomial_term_structure_check,cross_unit,m1_expr_polynomial,다항식,문자의 사용과 식,m1_calc_polynomial_term_structure_check,다항식의 항·계수·차수 확인하기,식의 계산,prerequisite_for,medium,3,"curriculum_math_2022: printed p. 36; terms and symbols for 변화와 관계; term_list; 대입, 다항식, 항, 단항식, 상수항, 계수, 차수, 일차식, 동류항, 등식, 방정식, 미지수, 해, 근, 항등식, 이항, 일차방정식, 변수, 좌표, 그래프, 인수, 인수분해, 완전제곱식, 이차방정식, 중근, 근의 공식, 이차함수, 포물선, 축, 꼭짓점, 최댓값, 최솟값 등을 다룸 | curriculum_math_2022: printed p. 35; [9수02-09]; achievement_standard; 다항식의 덧셈과 뺄셈 원리를 이해하고 계산하는 성취기준 | achievement_math_2022: 식의 계산 section; [9수02-09] achievement levels; achievement_level; 다항식의 덧셈과 뺄셈 원리 이해와 계산 수행 수준을 구분",,prerequisite_ref;textbook_page_refs,Find textbook sequencing or prior-knowledge evidence for the prerequisite relation.,pending_textbook_pdf,,,,,,,,,,
21,중1(교육과정 학년군: 중1-3),변화와 관계,문자의 사용과 식,m1_expr_polynomial__prerequisite_for__m1_calc_unit,cross_unit,m1_expr_polynomial,다항식,문자의 사용과 식,m1_calc_unit,식의 계산,식의 계산,prerequisite_for,high,3,"curriculum_math_2022: printed p. 35; [9수02-08]; achievement_standard; 지수법칙을 이해하고 이를 이용하여 식을 간단히 하는 성취기준 | curriculum_math_2022: printed p. 35; [9수02-09]; achievement_standard; 다항식의 덧셈과 뺄셈 원리를 이해하고 계산하는 성취기준 | curriculum_math_2022: printed p. 35; [9수02-10]; achievement_standard; 단항식과 다항식의 곱셈, 다항식을 단항식으로 나누는 계산을 다루는 성취기준",,prerequisite_ref;textbook_page_refs,Find textbook sequencing or prior-knowledge evidence for the prerequisite relation.,pending_textbook_pdf,,,,,,,,,,
21,중1(교육과정 학년군: 중1-3),변화와 관계,문자의 사용과 식,m1_expr_polynomial__prerequisite_for__m1_eq_equation,cross_unit,m1_expr_polynomial,다항식,문자의 사용과 식,m1_eq_equation,방정식,일차방정식,prerequisite_for,medium,2,"curriculum_math_2022: printed p. 34; [9수02-03]; achievement_standard; 방정식과 그 해의 뜻, 등식의 성질을 다루는 성취기준 | achievement_math_2022: 일차방정식 section; [9수02-03] achievement levels; achievement_level; 방정식과 해의 뜻, 등식의 성질, 해인지 판단하는 수행 수준을 구분",,prerequisite_ref;textbook_page_refs,Find textbook sequencing or prior-knowledge evidence for the prerequisite relation.,pending_textbook_pdf,,,,,,,,,,
21,중1(교육과정 학년군: 중1-3),변화와 관계,문자의 사용과 식,m1_expr_polynomial__prerequisite_for__m1_factor_quadratic_expression,cross_unit,m1_expr_polynomial,다항식,문자의 사용과 식,m1_factor_quadratic_expression,이차식,다항식의 곱셈과 인수분해,prerequisite_for,medium,3,"curriculum_math_2022: printed p. 36; terms usable in teaching and learning situations; instructional_term_list; 식의 값, 좌변, 우변, 양변, 이차식, 전개식, 연립일차방정식, 소거, 가감법, 대입법, 함수의 그래프 등은 교수·학습 상황에서 사용할 수 있음 | achievement_math_2022: 다항식의 곱셈과 인수분해 section; [9수02-19] achievement levels; achievement_level; 다항식의 곱셈과 인수분해의 역관계 이해, 두 다항식의 곱 전개, 이차식 인수분해, 간단한 절차 수행 수준을 구분 | achievement_research_report_2022: 연구보고서 p. 219; 다항식의 곱셈과 인수분해 성취기준별 성취수준; research_report_achievement_level_context; 다항식의 곱셈과 인수분해의 역관계 이해와 과정 설명, 두 다항식의 곱 전개, 이차식 인수분해, 안내된 절차 수행 수준을 구분",,prerequisite_ref;textbook_page_refs,Find textbook sequencing or prior-knowledge evidence for the prerequisite relation.,pending_textbook_pdf,,,,,,,,,,
21,중1(교육과정 학년군: 중1-3),변화와 관계,문자의 사용과 식,m1_expr_polynomial__prerequisite_for__m1_factor_unit,cross_unit,m1_expr_polynomial,다항식,문자의 사용과 식,m1_factor_unit,다항식의 곱셈과 인수분해,다항식의 곱셈과 인수분해,prerequisite_for,high,4,"curriculum_math_2022: printed p. 35; [9수02-19]; achievement_standard; 다항식의 곱셈과 인수분해를 하는 성취기준 | curriculum_math_2022: printed p. 36; [9수02-19] explanation; teaching_note; 다항식의 곱셈과 인수분해의 역관계를 이해하고, m(a+b), (a±b)^2, (a+b)(a-b), (x+a)(x+b), (ax+b)(cx+d) 범위의 공식을 다룸 | achievement_math_2022: 다항식의 곱셈과 인수분해 section; [9수02-19] achievement levels; achievement_level; 다항식의 곱셈과 인수분해의 역관계 이해, 두 다항식의 곱 전개, 이차식 인수분해, 간단한 절차 수행 수준을 구분 | achievement_research_report_2022: 연구보고서 p. 219; 다항식의 곱셈과 인수분해 성취기준별 성취수준; research_report_achievement_level_context; 다항식의 곱셈과 인수분해의 역관계 이해와 과정 설명, 두 다항식의 곱 전개, 이차식 인수분해, 안내된 절차 수행 수준을 구분",,prerequisite_ref;textbook_page_refs,Find textbook sequencing or prior-knowledge evidence for the prerequisite relation.,pending_textbook_pdf,,,,,,,,,,
21,중1(교육과정 학년군: 중1-3),변화와 관계,문자의 사용과 식,m1_expr_substitution__prerequisite_for__m1_eq_judge_solution,cross_unit,m1_expr_substitution,대입,문자의 사용과 식,m1_eq_judge_solution,해인지 판단하기,일차방정식,prerequisite_for,high,3,"curriculum_math_2022: printed p. 34; [9수02-03]; achievement_standard; 방정식과 그 해의 뜻, 등식의 성질을 다루는 성취기준 | achievement_math_2022: 일차방정식 section; [9수02-03] achievement levels; achievement_level; 방정식과 해의 뜻, 등식의 성질, 해인지 판단하는 수행 수준을 구분 | achievement_research_report_2022: 연구보고서 p. 214; 일차방정식 [9수02-03] 성취기준별 성취수준; research_report_achievement_level_context; 방정식과 해의 뜻, 항등식, 등식의 성질, 해인지 판단하는 수행 수준을 구분",,prerequisite_ref;textbook_page_refs,Find textbook sequencing or prior-knowledge evidence for the prerequisite relation.,pending_textbook_pdf,,,,,,,,,,
21,중1(교육과정 학년군: 중1-3),변화와 관계,문자의 사용과 식,m1_expr_substitution__prerequisite_for__m1_eq_solution,cross_unit,m1_expr_substitution,대입,문자의 사용과 식,m1_eq_solution,해,일차방정식,prerequisite_for,high,4,"curriculum_math_2022: printed p. 34; [9수02-03]; achievement_standard; 방정식과 그 해의 뜻, 등식의 성질을 다루는 성취기준 | curriculum_math_2022: printed p. 36; terms and symbols for 변화와 관계; term_list; 대입, 다항식, 항, 단항식, 상수항, 계수, 차수, 일차식, 동류항, 등식, 방정식, 미지수, 해, 근, 항등식, 이항, 일차방정식, 변수, 좌표, 그래프, 인수, 인수분해, 완전제곱식, 이차방정식, 중근, 근의 공식, 이차함수, 포물선, 축, 꼭짓점, 최댓값, 최솟값 등을 다룸 | achievement_math_2022: 일차방정식 section; [9수02-03] achievement levels; achievement_level; 방정식과 해의 뜻, 등식의 성질, 해인지 판단하는 수행 수준을 구분 | achievement_research_report_2022: 연구보고서 p. 214; 일차방정식 [9수02-03] 성취기준별 성취수준; research_report_achievement_level_context; 방정식과 해의 뜻, 항등식, 등식의 성질, 해인지 판단하는 수행 수준을 구분",,prerequisite_ref;textbook_page_refs,Find textbook sequencing or prior-knowledge evidence for the prerequisite relation.,pending_textbook_pdf,,,,,,,,,,
21,중1(교육과정 학년군: 중1-3),변화와 관계,문자의 사용과 식,m1_expr_substitution__prerequisite_for__m1_eq_solution_check,cross_unit,m1_expr_substitution,대입,문자의 사용과 식,m1_eq_solution_check,해의 확인,일차방정식,prerequisite_for,high,5,"curriculum_math_2022: printed p. 36; achievement-standard considerations; teaching_note; 방정식은 다양한 상황으로 도입하고 여러 방법으로 풀며 해가 상황에 적합한지 확인하게 함 | achievement_math_2022: 일차방정식 section; [9수02-03] achievement levels; achievement_level; 방정식과 해의 뜻, 등식의 성질, 해인지 판단하는 수행 수준을 구분 | achievement_math_2022: 일차방정식 section; [9수02-04] achievement levels; achievement_level; 일차방정식을 풀고 활용 문제를 해결하거나 식을 세우는 수행 수준을 구분 | achievement_research_report_2022: 연구보고서 p. 214; 일차방정식 [9수02-03] 성취기준별 성취수준; research_report_achievement_level_context; 방정식과 해의 뜻, 항등식, 등식의 성질, 해인지 판단하는 수행 수준을 구분 | achievement_research_report_2022: 연구보고서 p. 214; 일차방정식 [9수02-04] 성취기준별 성취수준; research_report_achievement_level_context; 일차방정식을 풀고 활용 문제를 해결하거나 문제의 뜻에 맞는 식을 세우는 수행 수준을 구분",,prerequisite_ref;textbook_page_refs,Find textbook sequencing or prior-knowledge evidence for the prerequisite relation.,pending_textbook_pdf,,,,,,,,,,
21,중1(교육과정 학년군: 중1-3),변화와 관계,문자의 사용과 식,m1_expr_substitution__prerequisite_for__m1_eq_truth_value_by_substitution,cross_unit,m1_expr_substitution,대입,문자의 사용과 식,m1_eq_truth_value_by_substitution,대입값에 따른 등식의 참거짓,일차방정식,prerequisite_for,medium,3,"curriculum_math_2022: printed p. 34; [9수02-03]; achievement_standard; 방정식과 그 해의 뜻, 등식의 성질을 다루는 성취기준 | achievement_math_2022: 일차방정식 section; [9수02-03] achievement levels; achievement_level; 방정식과 해의 뜻, 등식의 성질, 해인지 판단하는 수행 수준을 구분 | achievement_research_report_2022: 연구보고서 p. 214; 일차방정식 [9수02-03] 성취기준별 성취수준; research_report_achievement_level_context; 방정식과 해의 뜻, 항등식, 등식의 성질, 해인지 판단하는 수행 수준을 구분",,prerequisite_ref;textbook_page_refs,Find textbook sequencing or prior-knowledge evidence for the prerequisite relation.,pending_textbook_pdf,,,,,,,,,,
21,중1(교육과정 학년군: 중1-3),변화와 관계,문자의 사용과 식,m1_expr_substitution__prerequisite_for__m1_func_value,cross_unit,m1_expr_substitution,대입,문자의 사용과 식,m1_func_value,함숫값,일차함수와 그 그래프,prerequisite_for,high,3,"curriculum_math_2022: printed p. 35; [9수02-14]; achievement_standard; 함수의 개념을 이해하고 함숫값을 구하는 성취기준 | curriculum_math_2022: printed p. 36; terms and symbols for 변화와 관계; term_list; 대입, 다항식, 항, 단항식, 상수항, 계수, 차수, 일차식, 동류항, 등식, 방정식, 미지수, 해, 근, 항등식, 이항, 일차방정식, 변수, 좌표, 그래프, 인수, 인수분해, 완전제곱식, 이차방정식, 중근, 근의 공식, 이차함수, 포물선, 축, 꼭짓점, 최댓값, 최솟값 등을 다룸 | achievement_math_2022: 일차함수와 그 그래프 section; [9수02-14] achievement levels; achievement_level; 두 양 사이의 관계가 함수인지 판단하고 함숫값을 구하는 수행 수준을 구분",,prerequisite_ref;textbook_page_refs,Find textbook sequencing or prior-knowledge evidence for the prerequisite relation.,pending_textbook_pdf,,,,,,,,,,
21,중1(교육과정 학년군: 중1-3),변화와 관계,문자의 사용과 식,m1_expr_substitution__prerequisite_for__m1_ineq_judge_solution,cross_unit,m1_expr_substitution,대입,문자의 사용과 식,m1_ineq_judge_solution,부등식의 해인지 판단하기,일차부등식,prerequisite_for,medium,2,"curriculum_math_2022: printed p. 35; [9수02-11]; achievement_standard; 부등식과 그 해의 뜻, 부등식의 성질을 다루는 성취기준 | achievement_math_2022: 일차부등식 section; [9수02-11] achievement levels; achievement_level; 부등식과 해의 뜻, 부등식의 성질, 등식의 성질과의 비교 수준을 구분",,prerequisite_ref;textbook_page_refs,Find textbook sequencing or prior-knowledge evidence for the prerequisite relation.,pending_textbook_pdf,,,,,,,,,,
21,중1(교육과정 학년군: 중1-3),변화와 관계,문자의 사용과 식,m1_expr_substitution__prerequisite_for__m1_ineq_solution,cross_unit,m1_expr_substitution,대입,문자의 사용과 식,m1_ineq_solution,부등식의 해,일차부등식,prerequisite_for,high,2,"curriculum_math_2022: printed p. 35; [9수02-11]; achievement_standard; 부등식과 그 해의 뜻, 부등식의 성질을 다루는 성취기준 | achievement_math_2022: 일차부등식 section; [9수02-11] achievement levels; achievement_level; 부등식과 해의 뜻, 부등식의 성질, 등식의 성질과의 비교 수준을 구분",,prerequisite_ref;textbook_page_refs,Find textbook sequencing or prior-knowledge evidence for the prerequisite relation.,pending_textbook_pdf,,,,,,,,,,
21,중1(교육과정 학년군: 중1-3),변화와 관계,문자의 사용과 식,m1_expr_substitution__prerequisite_for__m1_ineq_solution_check,cross_unit,m1_expr_substitution,대입,문자의 사용과 식,m1_ineq_solution_check,부등식 해의 확인,일차부등식,prerequisite_for,high,3,"curriculum_math_2022: printed p. 36; achievement-standard considerations; teaching_note; 부등식은 다양한 상황으로 도입하고 여러 방법으로 풀며 해가 문제 상황에 적합한지 확인하게 함 | achievement_math_2022: 일차부등식 section; [9수02-11] achievement levels; achievement_level; 부등식과 해의 뜻, 부등식의 성질, 등식의 성질과의 비교 수준을 구분 | achievement_math_2022: 일차부등식 section; [9수02-12] achievement levels; achievement_level; 일차부등식을 풀고 활용하거나 문제의 뜻에 맞는 일차부등식을 세우는 수행 수준을 구분",,prerequisite_ref;textbook_page_refs,Find textbook sequencing or prior-knowledge evidence for the prerequisite relation.,pending_textbook_pdf,,,,,,,,,,
21,중1(교육과정 학년군: 중1-3),변화와 관계,문자의 사용과 식,m1_expr_substitution__prerequisite_for__m1_system_back_substitution,cross_unit,m1_expr_substitution,대입,문자의 사용과 식,m1_system_back_substitution,한 미지수 값을 대입해 다른 미지수 구하기,연립일차방정식,prerequisite_for,medium,2,curriculum_math_2022: printed p. 35; [9수02-13]; achievement_standard; 미지수가 2개인 연립일차방정식을 풀고 활용하는 성취기준 | achievement_math_2022: 연립일차방정식 section; [9수02-13] achievement levels; achievement_level; 미지수가 2개인 연립일차방정식을 여러 가지 방법으로 풀고 활용하는 수행 수준을 구분,,prerequisite_ref;textbook_page_refs,Find textbook sequencing or prior-knowledge evidence for the prerequisite relation.,pending_textbook_pdf,,,,,,,,,,
21,중1(교육과정 학년군: 중1-3),변화와 관계,문자의 사용과 식,m1_expr_substitution__prerequisite_for__m1_system_solution_check,cross_unit,m1_expr_substitution,대입,문자의 사용과 식,m1_system_solution_check,연립일차방정식 해의 확인,연립일차방정식,prerequisite_for,medium,2,curriculum_math_2022: printed p. 35; [9수02-13]; achievement_standard; 미지수가 2개인 연립일차방정식을 풀고 활용하는 성취기준 | achievement_math_2022: 연립일차방정식 section; [9수02-13] achievement levels; achievement_level; 미지수가 2개인 연립일차방정식을 여러 가지 방법으로 풀고 활용하는 수행 수준을 구분,,prerequisite_ref;textbook_page_refs,Find textbook sequencing or prior-knowledge evidence for the prerequisite relation.,pending_textbook_pdf,,,,,,,,,,
21,중1(교육과정 학년군: 중1-3),변화와 관계,문자의 사용과 식,m1_expr_substitution__prerequisite_for__m1_system_substitution_into_other_equation,cross_unit,m1_expr_substitution,대입,문자의 사용과 식,m1_system_substitution_into_other_equation,다른 방정식에 식 전체 대입하기,연립일차방정식,prerequisite_for,medium,2,"curriculum_math_2022: printed p. 36; terms usable in teaching and learning situations; instructional_term_list; 식의 값, 좌변, 우변, 양변, 이차식, 전개식, 연립일차방정식, 소거, 가감법, 대입법, 함수의 그래프 등은 교수·학습 상황에서 사용할 수 있음 | achievement_math_2022: 연립일차방정식 section; [9수02-13] achievement levels; achievement_level; 미지수가 2개인 연립일차방정식을 여러 가지 방법으로 풀고 활용하는 수행 수준을 구분",,prerequisite_ref;textbook_page_refs,Find textbook sequencing or prior-knowledge evidence for the prerequisite relation.,pending_textbook_pdf,,,,,,,,,,
21,중1(교육과정 학년군: 중1-3),변화와 관계,문자의 사용과 식,m1_expr_substitution__prerequisite_for__m1_system_substitution_method,cross_unit,m1_expr_substitution,대입,문자의 사용과 식,m1_system_substitution_method,대입법,연립일차방정식,prerequisite_for,high,2,"curriculum_math_2022: printed p. 36; terms usable in teaching and learning situations; instructional_term_list; 식의 값, 좌변, 우변, 양변, 이차식, 전개식, 연립일차방정식, 소거, 가감법, 대입법, 함수의 그래프 등은 교수·학습 상황에서 사용할 수 있음 | achievement_math_2022: 연립일차방정식 section; [9수02-13] achievement levels; achievement_level; 미지수가 2개인 연립일차방정식을 여러 가지 방법으로 풀고 활용하는 수행 수준을 구분",,prerequisite_ref;textbook_page_refs,Find textbook sequencing or prior-knowledge evidence for the prerequisite relation.,pending_textbook_pdf,,,,,,,,,,
21,중1(교육과정 학년군: 중1-3),변화와 관계,문자의 사용과 식,m1_expr_term__prerequisite_for__m1_calc_polynomial_divided_by_monomial_termwise,cross_unit,m1_expr_term,항,문자의 사용과 식,m1_calc_polynomial_divided_by_monomial_termwise,다항식의 각 항을 단항식으로 나누기,식의 계산,prerequisite_for,medium,3,"curriculum_math_2022: printed p. 35; [9수02-10]; achievement_standard; 단항식과 다항식의 곱셈, 다항식을 단항식으로 나누는 계산을 다루는 성취기준 | curriculum_math_2022: printed pp. 35-36; achievement-standard explanation and considerations; teaching_note; 지수법칙은 자연수 지수 범위에서 단항식의 곱셈과 나눗셈에 필요한 정도로 다루고, 수의 사칙연산과 소인수분해가 다항식으로 확장될 수 있음을 인식하게 함 | achievement_math_2022: 식의 계산 section; [9수02-10] achievement levels; achievement_level; 단항식과 다항식의 곱셈, 다항식과 단항식의 나눗셈 원리 이해와 계산 수행 수준을 구분",,prerequisite_ref;textbook_page_refs,Find textbook sequencing or prior-knowledge evidence for the prerequisite relation.,pending_textbook_pdf,,,,,,,,,,
21,중1(교육과정 학년군: 중1-3),변화와 관계,문자의 사용과 식,m1_expr_term__prerequisite_for__m1_calc_polynomial_term_structure_check,cross_unit,m1_expr_term,항,문자의 사용과 식,m1_calc_polynomial_term_structure_check,다항식의 항·계수·차수 확인하기,식의 계산,prerequisite_for,medium,3,"curriculum_math_2022: printed p. 36; terms and symbols for 변화와 관계; term_list; 대입, 다항식, 항, 단항식, 상수항, 계수, 차수, 일차식, 동류항, 등식, 방정식, 미지수, 해, 근, 항등식, 이항, 일차방정식, 변수, 좌표, 그래프, 인수, 인수분해, 완전제곱식, 이차방정식, 중근, 근의 공식, 이차함수, 포물선, 축, 꼭짓점, 최댓값, 최솟값 등을 다룸 | curriculum_math_2022: printed p. 35; [9수02-09]; achievement_standard; 다항식의 덧셈과 뺄셈 원리를 이해하고 계산하는 성취기준 | achievement_math_2022: 식의 계산 section; [9수02-09] achievement levels; achievement_level; 다항식의 덧셈과 뺄셈 원리 이해와 계산 수행 수준을 구분",,prerequisite_ref;textbook_page_refs,Find textbook sequencing or prior-knowledge evidence for the prerequisite relation.,pending_textbook_pdf,,,,,,,,,,
21,중1(교육과정 학년군: 중1-3),변화와 관계,문자의 사용과 식,m1_expr_term__prerequisite_for__m1_eq_collect_unknown_terms,cross_unit,m1_expr_term,항,문자의 사용과 식,m1_eq_collect_unknown_terms,미지수항 모으기,일차방정식,prerequisite_for,medium,4,"curriculum_math_2022: printed p. 36; terms and symbols for 변화와 관계; term_list; 대입, 다항식, 항, 단항식, 상수항, 계수, 차수, 일차식, 동류항, 등식, 방정식, 미지수, 해, 근, 항등식, 이항, 일차방정식, 변수, 좌표, 그래프, 인수, 인수분해, 완전제곱식, 이차방정식, 중근, 근의 공식, 이차함수, 포물선, 축, 꼭짓점, 최댓값, 최솟값 등을 다룸 | curriculum_math_2022: printed p. 36; achievement-standard considerations; teaching_note; 방정식은 다양한 상황으로 도입하고 여러 방법으로 풀며 해가 상황에 적합한지 확인하게 함 | achievement_math_2022: 일차방정식 section; [9수02-04] achievement levels; achievement_level; 일차방정식을 풀고 활용 문제를 해결하거나 식을 세우는 수행 수준을 구분 | achievement_research_report_2022: 연구보고서 p. 214; 일차방정식 [9수02-04] 성취기준별 성취수준; research_report_achievement_level_context; 일차방정식을 풀고 활용 문제를 해결하거나 문제의 뜻에 맞는 식을 세우는 수행 수준을 구분",,prerequisite_ref;textbook_page_refs,Find textbook sequencing or prior-knowledge evidence for the prerequisite relation.,pending_textbook_pdf,,,,,,,,,,
21,중1(교육과정 학년군: 중1-3),변화와 관계,문자의 사용과 식,m1_expr_term__prerequisite_for__m1_eq_transposition,cross_unit,m1_expr_term,항,문자의 사용과 식,m1_eq_transposition,이항,일차방정식,prerequisite_for,high,2,"curriculum_math_2022: printed p. 36; terms and symbols for 변화와 관계; term_list; 대입, 다항식, 항, 단항식, 상수항, 계수, 차수, 일차식, 동류항, 등식, 방정식, 미지수, 해, 근, 항등식, 이항, 일차방정식, 변수, 좌표, 그래프, 인수, 인수분해, 완전제곱식, 이차방정식, 중근, 근의 공식, 이차함수, 포물선, 축, 꼭짓점, 최댓값, 최솟값 등을 다룸 | curriculum_math_2022: printed p. 36; achievement-standard considerations; teaching_note; 방정식은 다양한 상황으로 도입하고 여러 방법으로 풀며 해가 상황에 적합한지 확인하게 함",,prerequisite_ref;textbook_page_refs,Find textbook sequencing or prior-knowledge evidence for the prerequisite relation.,pending_textbook_pdf,,,,,,,,,,
21,중1(교육과정 학년군: 중1-3),변화와 관계,문자의 사용과 식,m1_expr_term__prerequisite_for__m1_quad_eq_quadratic_term,cross_unit,m1_expr_term,항,문자의 사용과 식,m1_quad_eq_quadratic_term,이차항,이차방정식,prerequisite_for,medium,2,"achievement_math_2022: 이차방정식 section; [9수02-20] achievement levels; achievement_level; 이차방정식을 풀고 과정을 설명하거나 활용하며, 이차항의 계수가 1인 이차방정식을 푸는 수준을 구분 | achievement_research_report_2022: 연구보고서 p. 220; 이차방정식 성취기준별 성취수준; research_report_achievement_level_context; [9수02-20] 성취수준에서 이차방정식 풀이와 과정 설명, 문제 상황의 이차방정식 설정, 이차항의 계수가 1인 이차방정식 풀이를 구분",,prerequisite_ref;textbook_page_refs,Find textbook sequencing or prior-knowledge evidence for the prerequisite relation.,pending_textbook_pdf,,,,,,,,,,
21,중1(교육과정 학년군: 중1-3),변화와 관계,문자의 사용과 식,m1_expr_unit__prerequisite_for__m1_calc_unit,cross_unit,m1_expr_unit,문자의 사용과 식,문자의 사용과 식,m1_calc_unit,식의 계산,식의 계산,prerequisite_for,high,4,"curriculum_math_2022: printed p. 35; [9수02-08]; achievement_standard; 지수법칙을 이해하고 이를 이용하여 식을 간단히 하는 성취기준 | curriculum_math_2022: printed p. 35; [9수02-09]; achievement_standard; 다항식의 덧셈과 뺄셈 원리를 이해하고 계산하는 성취기준 | curriculum_math_2022: printed p. 35; [9수02-10]; achievement_standard; 단항식과 다항식의 곱셈, 다항식을 단항식으로 나누는 계산을 다루는 성취기준 | curriculum_math_2022: printed pp. 35-36; achievement-standard explanation and considerations; teaching_note; 지수법칙은 자연수 지수 범위에서 단항식의 곱셈과 나눗셈에 필요한 정도로 다루고, 수의 사칙연산과 소인수분해가 다항식으로 확장될 수 있음을 인식하게 함",,prerequisite_ref;textbook_page_refs,Find textbook sequencing or prior-knowledge evidence for the prerequisite relation.,pending_textbook_pdf,,,,,,,,,,
21,중1(교육과정 학년군: 중1-3),변화와 관계,문자의 사용과 식,m1_expr_unit__prerequisite_for__m1_eq_unit,cross_unit,m1_expr_unit,문자의 사용과 식,문자의 사용과 식,m1_eq_unit,일차방정식,일차방정식,prerequisite_for,high,4,"curriculum_math_2022: printed p. 34; [9수02-03]; achievement_standard; 방정식과 그 해의 뜻, 등식의 성질을 다루는 성취기준 | curriculum_math_2022: printed p. 34; [9수02-04]; achievement_standard; 일차방정식을 풀고 활용하여 문제를 해결하는 성취기준 | achievement_math_2022: 일차방정식 section; [9수02-03] achievement levels; achievement_level; 방정식과 해의 뜻, 등식의 성질, 해인지 판단하는 수행 수준을 구분 | achievement_math_2022: 일차방정식 section; [9수02-04] achievement levels; achievement_level; 일차방정식을 풀고 활용 문제를 해결하거나 식을 세우는 수행 수준을 구분",,prerequisite_ref;textbook_page_refs,Find textbook sequencing or prior-knowledge evidence for the prerequisite relation.,pending_textbook_pdf,,,,,,,,,,
21,중1(교육과정 학년군: 중1-3),변화와 관계,문자의 사용과 식,m1_expr_unit__prerequisite_for__m1_func_unit,cross_unit,m1_expr_unit,문자의 사용과 식,문자의 사용과 식,m1_func_unit,일차함수와 그 그래프,일차함수와 그 그래프,prerequisite_for,high,5,"curriculum_math_2022: printed p. 34; [9수02-01]; achievement_standard; 다양한 상황을 문자를 사용한 식으로 나타내고 식의 값을 구하는 성취기준 | curriculum_math_2022: printed p. 35; [9수02-14]; achievement_standard; 함수의 개념을 이해하고 함숫값을 구하는 성취기준 | curriculum_math_2022: printed p. 35; [9수02-15]; achievement_standard; 일차함수의 개념을 이해하고 그 그래프를 그리는 성취기준 | achievement_math_2022: 일차함수와 그 그래프 section; [9수02-14] achievement levels; achievement_level; 두 양 사이의 관계가 함수인지 판단하고 함숫값을 구하는 수행 수준을 구분 | achievement_math_2022: 일차함수와 그 그래프 section; [9수02-15] achievement levels; achievement_level; 일차함수인지 판단하고 기울기, x절편, y절편, 평행이동 등을 이용하여 그래프를 그리는 수행 수준을 구분",,prerequisite_ref;textbook_page_refs,Find textbook sequencing or prior-knowledge evidence for the prerequisite relation.,pending_textbook_pdf,,,,,,,,,,
21,중1(교육과정 학년군: 중1-3),변화와 관계,문자의 사용과 식,m1_num_four_operations__prerequisite_for__m1_expr_evaluate_expression_value,cross_unit,m1_num_four_operations,정수와 유리수의 사칙계산,정수와 유리수,m1_expr_evaluate_expression_value,식의 값 구하기,문자의 사용과 식,prerequisite_for,high,4,"curriculum_math_2022: printed p. 34; [9수02-01]; achievement_standard; 다양한 상황을 문자를 사용한 식으로 나타내고 식의 값을 구하는 성취기준 | curriculum_math_2022: printed p. 36; terms usable in teaching and learning situations; instructional_term_list; 식의 값, 좌변, 우변, 양변, 이차식, 전개식, 연립일차방정식, 소거, 가감법, 대입법, 함수의 그래프 등은 교수·학습 상황에서 사용할 수 있음 | achievement_math_2022: 문자의 사용과 식 section; [9수02-01] achievement levels; achievement_level; 문자를 사용한 식으로 나타내기, 문자의 특징 이해, 식의 값 계산 수준을 구분 | achievement_research_report_2022: 연구보고서 p. 214; 문자의 사용과 식 성취기준별 성취수준; research_report_achievement_level_context; 다양한 상황을 문자를 사용한 식으로 나타내고 식의 값을 구하며, 일차식의 덧셈과 뺄셈 원리와 계산 과정 설명 수준을 구분",,prerequisite_ref;textbook_page_refs,Find textbook sequencing or prior-knowledge evidence for the prerequisite relation.,pending_textbook_pdf,,,,,,,,,,
21,중1(교육과정 학년군: 중1-3),변화와 관계,문자의 사용과 식,m1_repr_everyday_language__prerequisite_for__m1_expr_situation_to_literal_expression,cross_unit,m1_repr_everyday_language,일상 언어,좌표평면과 그래프,m1_expr_situation_to_literal_expression,상황을 문자를 사용한 식으로 나타내기,문자의 사용과 식,prerequisite_for,high,3,"curriculum_math_2022: printed p. 34; [9수02-01]; achievement_standard; 다양한 상황을 문자를 사용한 식으로 나타내고 식의 값을 구하는 성취기준 | achievement_math_2022: 문자의 사용과 식 section; [9수02-01] achievement levels; achievement_level; 문자를 사용한 식으로 나타내기, 문자의 특징 이해, 식의 값 계산 수준을 구분 | achievement_research_report_2022: 연구보고서 p. 214; 문자의 사용과 식 성취기준별 성취수준; research_report_achievement_level_context; 다양한 상황을 문자를 사용한 식으로 나타내고 식의 값을 구하며, 일차식의 덧셈과 뺄셈 원리와 계산 과정 설명 수준을 구분",,prerequisite_ref;textbook_page_refs,Find textbook sequencing or prior-knowledge evidence for the prerequisite relation.,pending_textbook_pdf,,,,,,,,,,
21,중1(교육과정 학년군: 중1-3),변화와 관계,문자의 사용과 식,m1_expr_literal_expression__represented_by__m1_repr_expression,cross_unit,m1_expr_literal_expression,문자를 사용한 식,문자의 사용과 식,m1_repr_expression,식,좌표평면과 그래프,represented_by,medium,2,"curriculum_math_2022: printed p. 34; [9수02-01]; achievement_standard; 다양한 상황을 문자를 사용한 식으로 나타내고 식의 값을 구하는 성취기준 | achievement_math_2022: 문자의 사용과 식 section; [9수02-01] achievement levels; achievement_level; 문자를 사용한 식으로 나타내기, 문자의 특징 이해, 식의 값 계산 수준을 구분",A literal expression is one concrete expression representation using letters.,representation_ref;textbook_page_refs,"Find textbook representation evidence such as a table, graph, expression, or diagram.",pending_textbook_pdf,,,,,,,,,,
21,중1(교육과정 학년군: 중1-3),변화와 관계,문자의 사용과 식,m1_repr_everyday_language__represented_by__m1_expr_literal_expression,cross_unit,m1_repr_everyday_language,일상 언어,좌표평면과 그래프,m1_expr_literal_expression,문자를 사용한 식,문자의 사용과 식,represented_by,high,3,"curriculum_math_2022: printed p. 34; [9수02-01]; achievement_standard; 다양한 상황을 문자를 사용한 식으로 나타내고 식의 값을 구하는 성취기준 | curriculum_math_2022: printed p. 36; achievement-standard considerations; teaching_note; 문자와 수, 문자와 일상 언어의 공통점과 차이점을 탐색하고 문자의 유용성을 인식하게 함 | achievement_math_2022: 문자의 사용과 식 section; [9수02-01] achievement levels; achievement_level; 문자를 사용한 식으로 나타내기, 문자의 특징 이해, 식의 값 계산 수준을 구분",,representation_ref;textbook_page_refs,"Find textbook representation evidence such as a table, graph, expression, or diagram.",pending_textbook_pdf,,,,,,,,,,
21,중1(교육과정 학년군: 중1-3),변화와 관계,문자의 사용과 식,m1_expr_add_sub_linear_expression__used_in__m1_calc_polynomial_add_sub,cross_unit,m1_expr_add_sub_linear_expression,일차식의 덧셈과 뺄셈,문자의 사용과 식,m1_calc_polynomial_add_sub,다항식의 덧셈과 뺄셈,식의 계산,used_in,medium,4,"curriculum_math_2022: printed p. 34; [9수02-02]; achievement_standard; 일차식의 덧셈과 뺄셈 원리를 이해하고 계산하는 성취기준 | curriculum_math_2022: printed p. 35; [9수02-09]; achievement_standard; 다항식의 덧셈과 뺄셈 원리를 이해하고 계산하는 성취기준 | achievement_math_2022: 문자의 사용과 식 section; [9수02-02] achievement levels; achievement_level; 일차식의 덧셈과 뺄셈 원리 이해, 계산, 과정 설명 수준을 구분 | achievement_math_2022: 식의 계산 section; [9수02-09] achievement levels; achievement_level; 다항식의 덧셈과 뺄셈 원리 이해와 계산 수행 수준을 구분",Adding and subtracting linear expressions is a prior symbolic manipulation used when extending to polynomial addition and subtraction.,procedure_ref;textbook_page_refs,"Find a worked example, procedure, or application where this source concept is used.",pending_textbook_pdf,,,,,,,,,,
21,중1(교육과정 학년군: 중1-3),변화와 관계,문자의 사용과 식,m1_expr_add_sub_linear_expression__used_in__m1_ineq_solving_linear_inequality,cross_unit,m1_expr_add_sub_linear_expression,일차식의 덧셈과 뺄셈,문자의 사용과 식,m1_ineq_solving_linear_inequality,일차부등식 풀기,일차부등식,used_in,medium,4,"curriculum_math_2022: printed p. 34; [9수02-02]; achievement_standard; 일차식의 덧셈과 뺄셈 원리를 이해하고 계산하는 성취기준 | curriculum_math_2022: printed p. 35; [9수02-12]; achievement_standard; 일차부등식을 풀고 활용하여 문제를 해결하는 성취기준 | achievement_math_2022: 문자의 사용과 식 section; [9수02-02] achievement levels; achievement_level; 일차식의 덧셈과 뺄셈 원리 이해, 계산, 과정 설명 수준을 구분 | achievement_math_2022: 일차부등식 section; [9수02-12] achievement levels; achievement_level; 일차부등식을 풀고 활용하거나 문제의 뜻에 맞는 일차부등식을 세우는 수행 수준을 구분",,procedure_ref;textbook_page_refs,"Find a worked example, procedure, or application where this source concept is used.",pending_textbook_pdf,,,,,,,,,,
21,중1(교육과정 학년군: 중1-3),변화와 관계,문자의 사용과 식,m1_expr_add_sub_linear_expression__used_in__m1_system_addition_subtraction_method,cross_unit,m1_expr_add_sub_linear_expression,일차식의 덧셈과 뺄셈,문자의 사용과 식,m1_system_addition_subtraction_method,가감법,연립일차방정식,used_in,medium,4,"curriculum_math_2022: printed p. 34; [9수02-02]; achievement_standard; 일차식의 덧셈과 뺄셈 원리를 이해하고 계산하는 성취기준 | curriculum_math_2022: printed p. 35; [9수02-13]; achievement_standard; 미지수가 2개인 연립일차방정식을 풀고 활용하는 성취기준 | achievement_math_2022: 문자의 사용과 식 section; [9수02-02] achievement levels; achievement_level; 일차식의 덧셈과 뺄셈 원리 이해, 계산, 과정 설명 수준을 구분 | achievement_math_2022: 연립일차방정식 section; [9수02-13] achievement levels; achievement_level; 미지수가 2개인 연립일차방정식을 여러 가지 방법으로 풀고 활용하는 수행 수준을 구분",,procedure_ref;textbook_page_refs,"Find a worked example, procedure, or application where this source concept is used.",pending_textbook_pdf,,,,,,,,,,
21,중1(교육과정 학년군: 중1-3),변화와 관계,문자의 사용과 식,m1_expr_letter__used_in__m1_repr_everyday_language,cross_unit,m1_expr_letter,문자,문자의 사용과 식,m1_repr_everyday_language,일상 언어,좌표평면과 그래프,used_in,medium,5,"curriculum_math_2022: printed p. 34; [9수02-01]; achievement_standard; 다양한 상황을 문자를 사용한 식으로 나타내고 식의 값을 구하는 성취기준 | curriculum_math_2022: printed p. 36; achievement-standard considerations; teaching_note; 문자와 수, 문자와 일상 언어의 공통점과 차이점을 탐색하고 문자의 유용성을 인식하게 함 | curriculum_math_2022: printed pp. 35-36; achievement-standard explanation and considerations; teaching_note; 좌표 사용 예, 그래프의 증가·감소·주기적 변화, 표·식·그래프 변환을 다룸 | achievement_math_2022: 문자의 사용과 식 section; [9수02-01] achievement levels; achievement_level; 문자를 사용한 식으로 나타내기, 문자의 특징 이해, 식의 값 계산 수준을 구분 | achievement_math_2022: 좌표평면과 그래프 section; [9수02-07] achievement levels; achievement_level; 정비례·반비례 관계를 표, 식, 그래프로 나타내는 수준을 구분",Letters are used when translating everyday language into symbolic mathematical representations.,procedure_ref;textbook_page_refs,"Find a worked example, procedure, or application where this source concept is used.",pending_textbook_pdf,,,,,,,,,,
21,중1(교육과정 학년군: 중1-3),변화와 관계,문자의 사용과 식,m1_expr_letter__used_in__m1_repr_expression,cross_unit,m1_expr_letter,문자,문자의 사용과 식,m1_repr_expression,식,좌표평면과 그래프,used_in,medium,3,"curriculum_math_2022: printed p. 34; [9수02-01]; achievement_standard; 다양한 상황을 문자를 사용한 식으로 나타내고 식의 값을 구하는 성취기준 | curriculum_math_2022: printed p. 36; achievement-standard considerations; teaching_note; 문자와 수, 문자와 일상 언어의 공통점과 차이점을 탐색하고 문자의 유용성을 인식하게 함 | achievement_math_2022: 문자의 사용과 식 section; [9수02-01] achievement levels; achievement_level; 문자를 사용한 식으로 나타내기, 문자의 특징 이해, 식의 값 계산 수준을 구분",Letters are used when representing situations as expressions.,procedure_ref;textbook_page_refs,"Find a worked example, procedure, or application where this source concept is used.",pending_textbook_pdf,,,,,,,,,,
21,중1(교육과정 학년군: 중1-3),변화와 관계,문자의 사용과 식,m1_expr_letter__used_in__m1_term_variable,cross_unit,m1_expr_letter,문자,문자의 사용과 식,m1_term_variable,변수,좌표평면과 그래프,used_in,medium,3,"curriculum_math_2022: printed p. 34; [9수02-01]; achievement_standard; 다양한 상황을 문자를 사용한 식으로 나타내고 식의 값을 구하는 성취기준 | curriculum_math_2022: printed p. 36; terms and symbols for 변화와 관계; term_list; 대입, 다항식, 항, 단항식, 상수항, 계수, 차수, 일차식, 동류항, 등식, 방정식, 미지수, 해, 근, 항등식, 이항, 일차방정식, 변수, 좌표, 그래프, 인수, 인수분해, 완전제곱식, 이차방정식, 중근, 근의 공식, 이차함수, 포물선, 축, 꼭짓점, 최댓값, 최솟값 등을 다룸 | curriculum_math_2022: printed p. 36; achievement-standard considerations; teaching_note; 문자와 수, 문자와 일상 언어의 공통점과 차이점을 탐색하고 문자의 유용성을 인식하게 함",,procedure_ref;textbook_page_refs,"Find a worked example, procedure, or application where this source concept is used.",pending_textbook_pdf,,,,,,,,,,
21,중1(교육과정 학년군: 중1-3),변화와 관계,문자의 사용과 식,m1_expr_like_terms__used_in__m1_calc_polynomial_add_sub,cross_unit,m1_expr_like_terms,동류항,문자의 사용과 식,m1_calc_polynomial_add_sub,다항식의 덧셈과 뺄셈,식의 계산,used_in,high,2,curriculum_math_2022: printed p. 35; [9수02-09]; achievement_standard; 다항식의 덧셈과 뺄셈 원리를 이해하고 계산하는 성취기준 | achievement_math_2022: 식의 계산 section; [9수02-09] achievement levels; achievement_level; 다항식의 덧셈과 뺄셈 원리 이해와 계산 수행 수준을 구분,,procedure_ref;textbook_page_refs,"Find a worked example, procedure, or application where this source concept is used.",pending_textbook_pdf,,,,,,,,,,
21,중1(교육과정 학년군: 중1-3),변화와 관계,문자의 사용과 식,m1_expr_polynomial__used_in__m1_calc_polynomial_add_sub,cross_unit,m1_expr_polynomial,다항식,문자의 사용과 식,m1_calc_polynomial_add_sub,다항식의 덧셈과 뺄셈,식의 계산,used_in,high,2,curriculum_math_2022: printed p. 35; [9수02-09]; achievement_standard; 다항식의 덧셈과 뺄셈 원리를 이해하고 계산하는 성취기준 | achievement_math_2022: 식의 계산 section; [9수02-09] achievement levels; achievement_level; 다항식의 덧셈과 뺄셈 원리 이해와 계산 수행 수준을 구분,,procedure_ref;textbook_page_refs,"Find a worked example, procedure, or application where this source concept is used.",pending_textbook_pdf,,,,,,,,,,
21,중1(교육과정 학년군: 중1-3),변화와 관계,문자의 사용과 식,m1_expr_substitution__used_in__m1_eq_judge_solution,cross_unit,m1_expr_substitution,대입,문자의 사용과 식,m1_eq_judge_solution,해인지 판단하기,일차방정식,used_in,high,3,"curriculum_math_2022: printed p. 34; [9수02-03]; achievement_standard; 방정식과 그 해의 뜻, 등식의 성질을 다루는 성취기준 | achievement_math_2022: 일차방정식 section; [9수02-03] achievement levels; achievement_level; 방정식과 해의 뜻, 등식의 성질, 해인지 판단하는 수행 수준을 구분 | achievement_research_report_2022: 연구보고서 p. 214; 일차방정식 [9수02-03] 성취기준별 성취수준; research_report_achievement_level_context; 방정식과 해의 뜻, 항등식, 등식의 성질, 해인지 판단하는 수행 수준을 구분",,procedure_ref;textbook_page_refs,"Find a worked example, procedure, or application where this source concept is used.",pending_textbook_pdf,,,,,,,,,,
21,중1(교육과정 학년군: 중1-3),변화와 관계,문자의 사용과 식,m1_expr_substitution__used_in__m1_eq_solution_check,cross_unit,m1_expr_substitution,대입,문자의 사용과 식,m1_eq_solution_check,해의 확인,일차방정식,used_in,high,3,"curriculum_math_2022: printed p. 36; achievement-standard considerations; teaching_note; 방정식은 다양한 상황으로 도입하고 여러 방법으로 풀며 해가 상황에 적합한지 확인하게 함 | achievement_math_2022: 일차방정식 section; [9수02-03] achievement levels; achievement_level; 방정식과 해의 뜻, 등식의 성질, 해인지 판단하는 수행 수준을 구분 | achievement_math_2022: 일차방정식 section; [9수02-04] achievement levels; achievement_level; 일차방정식을 풀고 활용 문제를 해결하거나 식을 세우는 수행 수준을 구분",,procedure_ref;textbook_page_refs,"Find a worked example, procedure, or application where this source concept is used.",pending_textbook_pdf,,,,,,,,,,
21,중1(교육과정 학년군: 중1-3),변화와 관계,문자의 사용과 식,m1_expr_substitution__used_in__m1_func_value,cross_unit,m1_expr_substitution,대입,문자의 사용과 식,m1_func_value,함숫값,일차함수와 그 그래프,used_in,high,2,curriculum_math_2022: printed p. 35; [9수02-14]; achievement_standard; 함수의 개념을 이해하고 함숫값을 구하는 성취기준 | achievement_math_2022: 일차함수와 그 그래프 section; [9수02-14] achievement levels; achievement_level; 두 양 사이의 관계가 함수인지 판단하고 함숫값을 구하는 수행 수준을 구분,,procedure_ref;textbook_page_refs,"Find a worked example, procedure, or application where this source concept is used.",pending_textbook_pdf,,,,,,,,,,
21,중1(교육과정 학년군: 중1-3),변화와 관계,문자의 사용과 식,m1_expr_substitution__used_in__m1_ineq_judge_solution,cross_unit,m1_expr_substitution,대입,문자의 사용과 식,m1_ineq_judge_solution,부등식의 해인지 판단하기,일차부등식,used_in,medium,2,"curriculum_math_2022: printed p. 35; [9수02-11]; achievement_standard; 부등식과 그 해의 뜻, 부등식의 성질을 다루는 성취기준 | achievement_math_2022: 일차부등식 section; [9수02-11] achievement levels; achievement_level; 부등식과 해의 뜻, 부등식의 성질, 등식의 성질과의 비교 수준을 구분",,procedure_ref;textbook_page_refs,"Find a worked example, procedure, or application where this source concept is used.",pending_textbook_pdf,,,,,,,,,,
21,중1(교육과정 학년군: 중1-3),변화와 관계,문자의 사용과 식,m1_expr_substitution__used_in__m1_system_solution_check,cross_unit,m1_expr_substitution,대입,문자의 사용과 식,m1_system_solution_check,연립일차방정식 해의 확인,연립일차방정식,used_in,medium,3,"curriculum_math_2022: printed p. 35; [9수02-13]; achievement_standard; 미지수가 2개인 연립일차방정식을 풀고 활용하는 성취기준 | achievement_math_2022: 연립일차방정식 section; [9수02-13] achievement levels; achievement_level; 미지수가 2개인 연립일차방정식을 여러 가지 방법으로 풀고 활용하는 수행 수준을 구분 | curriculum_math_2022: printed p. 36; terms usable in teaching and learning situations; instructional_term_list; 식의 값, 좌변, 우변, 양변, 이차식, 전개식, 연립일차방정식, 소거, 가감법, 대입법, 함수의 그래프 등은 교수·학습 상황에서 사용할 수 있음",,procedure_ref;textbook_page_refs,"Find a worked example, procedure, or application where this source concept is used.",pending_textbook_pdf,,,,,,,,,,
21,중1(교육과정 학년군: 중1-3),변화와 관계,문자의 사용과 식,m1_num_four_operations__used_in__m1_expr_evaluate_expression_value,cross_unit,m1_num_four_operations,정수와 유리수의 사칙계산,정수와 유리수,m1_expr_evaluate_expression_value,식의 값 구하기,문자의 사용과 식,used_in,medium,3,"curriculum_math_2022: printed p. 34; [9수02-01]; achievement_standard; 다양한 상황을 문자를 사용한 식으로 나타내고 식의 값을 구하는 성취기준 | achievement_math_2022: 문자의 사용과 식 section; [9수02-01] achievement levels; achievement_level; 문자를 사용한 식으로 나타내기, 문자의 특징 이해, 식의 값 계산 수준을 구분 | achievement_research_report_2022: 연구보고서 p. 214; 문자의 사용과 식 성취기준별 성취수준; research_report_achievement_level_context; 다양한 상황을 문자를 사용한 식으로 나타내고 식의 값을 구하며, 일차식의 덧셈과 뺄셈 원리와 계산 과정 설명 수준을 구분",,procedure_ref;textbook_page_refs,"Find a worked example, procedure, or application where this source concept is used.",pending_textbook_pdf,,,,,,,,,,
21,중1(교육과정 학년군: 중1-3),변화와 관계,문자의 사용과 식,m1_repr_everyday_language__used_in__m1_expr_situation_to_literal_expression,cross_unit,m1_repr_everyday_language,일상 언어,좌표평면과 그래프,m1_expr_situation_to_literal_expression,상황을 문자를 사용한 식으로 나타내기,문자의 사용과 식,used_in,medium,4,"curriculum_math_2022: printed p. 34; [9수02-01]; achievement_standard; 다양한 상황을 문자를 사용한 식으로 나타내고 식의 값을 구하는 성취기준 | curriculum_math_2022: printed p. 36; achievement-standard considerations; teaching_note; 문자와 수, 문자와 일상 언어의 공통점과 차이점을 탐색하고 문자의 유용성을 인식하게 함 | achievement_math_2022: 문자의 사용과 식 section; [9수02-01] achievement levels; achievement_level; 문자를 사용한 식으로 나타내기, 문자의 특징 이해, 식의 값 계산 수준을 구분 | achievement_research_report_2022: 연구보고서 p. 214; 문자의 사용과 식 성취기준별 성취수준; research_report_achievement_level_context; 다양한 상황을 문자를 사용한 식으로 나타내고 식의 값을 구하며, 일차식의 덧셈과 뺄셈 원리와 계산 과정 설명 수준을 구분",,procedure_ref;textbook_page_refs,"Find a worked example, procedure, or application where this source concept is used.",pending_textbook_pdf,,,,,,,,,,
21,중1(교육과정 학년군: 중1-3),변화와 관계,문자의 사용과 식,m1_repr_expression__used_in__m1_expr_value,cross_unit,m1_repr_expression,식,좌표평면과 그래프,m1_expr_value,식의 값,문자의 사용과 식,used_in,medium,4,"curriculum_math_2022: printed p. 34; [9수02-01]; achievement_standard; 다양한 상황을 문자를 사용한 식으로 나타내고 식의 값을 구하는 성취기준 | curriculum_math_2022: printed pp. 35-36; achievement-standard explanation and considerations; teaching_note; 좌표 사용 예, 그래프의 증가·감소·주기적 변화, 표·식·그래프 변환을 다룸 | achievement_math_2022: 문자의 사용과 식 section; [9수02-01] achievement levels; achievement_level; 문자를 사용한 식으로 나타내기, 문자의 특징 이해, 식의 값 계산 수준을 구분 | achievement_math_2022: 좌표평면과 그래프 section; [9수02-07] achievement levels; achievement_level; 정비례·반비례 관계를 표, 식, 그래프로 나타내는 수준을 구분",An expression is evaluated to obtain the value of the expression.,procedure_ref;textbook_page_refs,"Find a worked example, procedure, or application where this source concept is used.",pending_textbook_pdf,,,,,,,,,,
21,중1(교육과정 학년군: 중1-3),변화와 관계,문자의 사용과 식,m1_expr_like_terms__contrasts_with__m1_factor_common_factor,cross_unit,m1_expr_like_terms,동류항,문자의 사용과 식,m1_factor_common_factor,공통인수,다항식의 곱셈과 인수분해,contrasts_with,medium,3,"curriculum_math_2022: printed p. 36; [9수02-19] explanation; teaching_note; 다항식의 곱셈과 인수분해의 역관계를 이해하고, m(a+b), (a±b)^2, (a+b)(a-b), (x+a)(x+b), (ax+b)(cx+d) 범위의 공식을 다룸 | curriculum_math_2022: printed p. 36; terms and symbols for 변화와 관계; term_list; 대입, 다항식, 항, 단항식, 상수항, 계수, 차수, 일차식, 동류항, 등식, 방정식, 미지수, 해, 근, 항등식, 이항, 일차방정식, 변수, 좌표, 그래프, 인수, 인수분해, 완전제곱식, 이차방정식, 중근, 근의 공식, 이차함수, 포물선, 축, 꼭짓점, 최댓값, 최솟값 등을 다룸 | achievement_math_2022: 다항식의 곱셈과 인수분해 section; [9수02-19] achievement levels; achievement_level; 다항식의 곱셈과 인수분해의 역관계 이해, 두 다항식의 곱 전개, 이차식 인수분해, 간단한 절차 수행 수준을 구분",동류항과 공통인수는 각각 additive grouping과 multiplicative factoring에 쓰이는 구별되는 개념이다.,contrast_ref;textbook_page_refs,Find textbook wording or examples that distinguish the two concepts.,pending_textbook_pdf,,,,,,,,,,
21,중1(교육과정 학년군: 중1-3),변화와 관계,문자의 사용과 식,m1_factor_common_factor__contrasts_with__m1_expr_like_terms,cross_unit,m1_factor_common_factor,공통인수,다항식의 곱셈과 인수분해,m1_expr_like_terms,동류항,문자의 사용과 식,contrasts_with,medium,3,"curriculum_math_2022: printed p. 36; [9수02-19] explanation; teaching_note; 다항식의 곱셈과 인수분해의 역관계를 이해하고, m(a+b), (a±b)^2, (a+b)(a-b), (x+a)(x+b), (ax+b)(cx+d) 범위의 공식을 다룸 | curriculum_math_2022: printed p. 36; terms and symbols for 변화와 관계; term_list; 대입, 다항식, 항, 단항식, 상수항, 계수, 차수, 일차식, 동류항, 등식, 방정식, 미지수, 해, 근, 항등식, 이항, 일차방정식, 변수, 좌표, 그래프, 인수, 인수분해, 완전제곱식, 이차방정식, 중근, 근의 공식, 이차함수, 포물선, 축, 꼭짓점, 최댓값, 최솟값 등을 다룸 | achievement_math_2022: 다항식의 곱셈과 인수분해 section; [9수02-19] achievement levels; achievement_level; 다항식의 곱셈과 인수분해의 역관계 이해, 두 다항식의 곱 전개, 이차식 인수분해, 간단한 절차 수행 수준을 구분","공통인수는 여러 항의 곱셈 구조에서 공통으로 들어 있는 인수이고, 동류항은 덧셈·뺄셈에서 문자 부분이 같은 항이다.",contrast_ref;textbook_page_refs,Find textbook wording or examples that distinguish the two concepts.,pending_textbook_pdf,,,,,,,,,,
21,중1(교육과정 학년군: 중1-3),변화와 관계,문자의 사용과 식,m1_factor_factor__contrasts_with__m1_expr_term,cross_unit,m1_factor_factor,인수,다항식의 곱셈과 인수분해,m1_expr_term,항,문자의 사용과 식,contrasts_with,medium,3,"curriculum_math_2022: printed p. 36; terms and symbols for 변화와 관계; term_list; 대입, 다항식, 항, 단항식, 상수항, 계수, 차수, 일차식, 동류항, 등식, 방정식, 미지수, 해, 근, 항등식, 이항, 일차방정식, 변수, 좌표, 그래프, 인수, 인수분해, 완전제곱식, 이차방정식, 중근, 근의 공식, 이차함수, 포물선, 축, 꼭짓점, 최댓값, 최솟값 등을 다룸 | curriculum_math_2022: printed p. 35; [9수02-19]; achievement_standard; 다항식의 곱셈과 인수분해를 하는 성취기준 | achievement_math_2022: 다항식의 곱셈과 인수분해 section; [9수02-19] achievement levels; achievement_level; 다항식의 곱셈과 인수분해의 역관계 이해, 두 다항식의 곱 전개, 이차식 인수분해, 간단한 절차 수행 수준을 구분","A factor is a multiplicative component, while a term is an additive component in expression vocabulary.",contrast_ref;textbook_page_refs,Find textbook wording or examples that distinguish the two concepts.,pending_textbook_pdf,,,,,,,,,,
21,중1(교육과정 학년군: 중1-3),변화와 관계,문자의 사용과 식,m1_func_value__contrasts_with__m1_expr_value,cross_unit,m1_func_value,함숫값,일차함수와 그 그래프,m1_expr_value,식의 값,문자의 사용과 식,contrasts_with,medium,5,"curriculum_math_2022: printed p. 34; [9수02-01]; achievement_standard; 다양한 상황을 문자를 사용한 식으로 나타내고 식의 값을 구하는 성취기준 | curriculum_math_2022: printed p. 35; [9수02-14]; achievement_standard; 함수의 개념을 이해하고 함숫값을 구하는 성취기준 | curriculum_math_2022: printed p. 36; terms and symbols for 변화와 관계; term_list; 대입, 다항식, 항, 단항식, 상수항, 계수, 차수, 일차식, 동류항, 등식, 방정식, 미지수, 해, 근, 항등식, 이항, 일차방정식, 변수, 좌표, 그래프, 인수, 인수분해, 완전제곱식, 이차방정식, 중근, 근의 공식, 이차함수, 포물선, 축, 꼭짓점, 최댓값, 최솟값 등을 다룸 | achievement_math_2022: 문자의 사용과 식 section; [9수02-01] achievement levels; achievement_level; 문자를 사용한 식으로 나타내기, 문자의 특징 이해, 식의 값 계산 수준을 구분 | achievement_math_2022: 일차함수와 그 그래프 section; [9수02-14] achievement levels; achievement_level; 두 양 사이의 관계가 함수인지 판단하고 함숫값을 구하는 수행 수준을 구분","A function value is the output corresponding to an input, while an expression value is obtained by evaluating an expression after substitution.",contrast_ref;textbook_page_refs,Find textbook wording or examples that distinguish the two concepts.,pending_textbook_pdf,,,,,,,,,,
21,중1(교육과정 학년군: 중1-3),변화와 관계,문자의 사용과 식,m1_expr_linear_expression_add_sub_principle__related_to__m1_calc_polynomial_add_sub_principle,cross_unit,m1_expr_linear_expression_add_sub_principle,일차식의 덧셈과 뺄셈 원리,문자의 사용과 식,m1_calc_polynomial_add_sub_principle,다항식의 덧셈과 뺄셈 원리,식의 계산,related_to,medium,4,"curriculum_math_2022: printed p. 34; [9수02-02]; achievement_standard; 일차식의 덧셈과 뺄셈 원리를 이해하고 계산하는 성취기준 | curriculum_math_2022: printed p. 35; [9수02-09]; achievement_standard; 다항식의 덧셈과 뺄셈 원리를 이해하고 계산하는 성취기준 | achievement_math_2022: 문자의 사용과 식 section; [9수02-02] achievement levels; achievement_level; 일차식의 덧셈과 뺄셈 원리 이해, 계산, 과정 설명 수준을 구분 | achievement_math_2022: 식의 계산 section; [9수02-09] achievement levels; achievement_level; 다항식의 덧셈과 뺄셈 원리 이해와 계산 수행 수준을 구분",Both express the same like-term calculation idea at linear-expression and polynomial scope.,related_ref;textbook_page_refs,Find textbook wording or examples that justify keeping these concepts linked.,pending_textbook_pdf,,,,,,,,,,
21,중1(교육과정 학년군: 중1-3),변화와 관계,문자의 사용과 식,m1_expr_unit__related_to__m1_coord_graph_unit,cross_unit,m1_expr_unit,문자의 사용과 식,문자의 사용과 식,m1_coord_graph_unit,좌표평면과 그래프,좌표평면과 그래프,related_to,medium,8,"curriculum_math_2022: printed p. 34; [9수02-01]; achievement_standard; 다양한 상황을 문자를 사용한 식으로 나타내고 식의 값을 구하는 성취기준 | curriculum_math_2022: printed p. 34; [9수02-02]; achievement_standard; 일차식의 덧셈과 뺄셈 원리를 이해하고 계산하는 성취기준 | curriculum_math_2022: printed p. 34; [9수02-05]; achievement_standard; 순서쌍과 좌표를 이해하고 편리함을 인식하는 성취기준 | curriculum_math_2022: printed p. 34; [9수02-06]; achievement_standard; 다양한 상황을 그래프로 나타내고 주어진 그래프를 해석하는 성취기준 | curriculum_math_2022: printed p. 35; [9수02-07]; achievement_standard; 정비례와 반비례 관계를 표, 식, 그래프로 나타내는 성취기준 | achievement_math_2022: 문자의 사용과 식 section; [9수02-01] achievement levels; achievement_level; 문자를 사용한 식으로 나타내기, 문자의 특징 이해, 식의 값 계산 수준을 구분 | achievement_math_2022: 좌표평면과 그래프 section; [9수02-05] achievement levels; achievement_level; 수직선과 좌표평면 위의 점을 좌표로 나타내거나 주어진 좌표를 점으로 나타내는 수행을 구분 | achievement_math_2022: 좌표평면과 그래프 section; [9수02-06] achievement levels; achievement_level; 상황을 그래프로 나타내기, 변화 상태 파악, 주어진 그래프 해석 수준을 구분",Expression work and coordinate-plane graph work are separate units connected through symbolic and graphical representations.,related_ref;textbook_page_refs,Find textbook wording or examples that justify keeping these concepts linked.,pending_textbook_pdf,,,,,,,,,,
21,중1(교육과정 학년군: 중1-3),변화와 관계,문자의 사용과 식,m1_expr_usefulness__related_to__m1_term_variable,cross_unit,m1_expr_usefulness,문자를 사용한 식의 유용성,문자의 사용과 식,m1_term_variable,변수,좌표평면과 그래프,related_to,medium,4,"curriculum_math_2022: printed p. 34; [9수02-01]; achievement_standard; 다양한 상황을 문자를 사용한 식으로 나타내고 식의 값을 구하는 성취기준 | curriculum_math_2022: printed p. 36; achievement-standard considerations; teaching_note; 문자와 수, 문자와 일상 언어의 공통점과 차이점을 탐색하고 문자의 유용성을 인식하게 함 | curriculum_math_2022: printed p. 36; terms and symbols for 변화와 관계; term_list; 대입, 다항식, 항, 단항식, 상수항, 계수, 차수, 일차식, 동류항, 등식, 방정식, 미지수, 해, 근, 항등식, 이항, 일차방정식, 변수, 좌표, 그래프, 인수, 인수분해, 완전제곱식, 이차방정식, 중근, 근의 공식, 이차함수, 포물선, 축, 꼭짓점, 최댓값, 최솟값 등을 다룸 | achievement_math_2022: 문자의 사용과 식 section; [9수02-01] achievement levels; achievement_level; 문자를 사용한 식으로 나타내기, 문자의 특징 이해, 식의 값 계산 수준을 구분",The usefulness of literal expressions is connected to variables as quantities that can change or represent relationships.,related_ref;textbook_page_refs,Find textbook wording or examples that justify keeping these concepts linked.,pending_textbook_pdf,,,,,,,,,,
