packet_rank,grade,domain,unit,edge_id,edge_scope,source_id,source_label_ko,source_unit,target_id,target_label_ko,target_unit,relationship_type,confidence,source_ref_count,current_source_refs,notes,required_evidence_fields,evidence_focus,extraction_status,structure_ref,prerequisite_ref,representation_ref,procedure_ref,contrast_ref,misconception_ref,problem_pattern_ref,related_ref,textbook_page_refs,extraction_notes
6,중3(교육과정 학년군: 중1-3),자료와 가능성,상자그림과 산점도,m1_data_box_plot__contains__m1_data_box_plot_box,intra_unit,m1_data_box_plot,상자그림,상자그림과 산점도,m1_data_box_plot_box,상자그림의 상자,상자그림과 산점도,contains,low,2,"curriculum_math_2022: printed p. 41; [9수04-08]; achievement_standard; 공학 도구를 이용하여 자료를 상자그림으로 나타내고 분포를 비교하는 성취기준 | achievement_math_2022: 자료와 가능성 section; [9수04-08]~[9수04-09] achievement levels; achievement_level; 공학 도구로 사분위수와 상자그림을 구해 두 집단의 분포를 비교하고, 산점도와 상관관계를 말하는 수준을 구분",,structure_ref;textbook_page_refs;extraction_notes,Find textbook structure evidence for the containment relation.,pending_textbook_pdf,,,,,,,,,,
6,중3(교육과정 학년군: 중1-3),자료와 가능성,상자그림과 산점도,m1_data_box_plot__contains__m1_data_box_plot_whisker,intra_unit,m1_data_box_plot,상자그림,상자그림과 산점도,m1_data_box_plot_whisker,상자그림의 수염,상자그림과 산점도,contains,low,2,"curriculum_math_2022: printed p. 41; [9수04-08]; achievement_standard; 공학 도구를 이용하여 자료를 상자그림으로 나타내고 분포를 비교하는 성취기준 | achievement_math_2022: 자료와 가능성 section; [9수04-08]~[9수04-09] achievement levels; achievement_level; 공학 도구로 사분위수와 상자그림을 구해 두 집단의 분포를 비교하고, 산점도와 상관관계를 말하는 수준을 구분",,structure_ref;textbook_page_refs;extraction_notes,Find textbook structure evidence for the containment relation.,pending_textbook_pdf,,,,,,,,,,
6,중3(교육과정 학년군: 중1-3),자료와 가능성,상자그림과 산점도,m1_data_box_scatter_unit__contains__m1_data_interquartile_range,intra_unit,m1_data_box_scatter_unit,상자그림과 산점도,상자그림과 산점도,m1_data_interquartile_range,사분위범위,상자그림과 산점도,contains,low,2,"curriculum_math_2022: printed p. 41; [9수04-08]; achievement_standard; 공학 도구를 이용하여 자료를 상자그림으로 나타내고 분포를 비교하는 성취기준 | achievement_math_2022: 자료와 가능성 section; [9수04-08]~[9수04-09] achievement levels; achievement_level; 공학 도구로 사분위수와 상자그림을 구해 두 집단의 분포를 비교하고, 산점도와 상관관계를 말하는 수준을 구분",,structure_ref;textbook_page_refs;extraction_notes,Find textbook structure evidence for the containment relation.,pending_textbook_pdf,,,,,,,,,,
6,중3(교육과정 학년군: 중1-3),자료와 가능성,상자그림과 산점도,m1_data_box_scatter_unit__contains__m1_data_maximum_value,intra_unit,m1_data_box_scatter_unit,상자그림과 산점도,상자그림과 산점도,m1_data_maximum_value,최댓값,상자그림과 산점도,contains,low,2,"curriculum_math_2022: printed p. 41; [9수04-08]; achievement_standard; 공학 도구를 이용하여 자료를 상자그림으로 나타내고 분포를 비교하는 성취기준 | achievement_math_2022: 자료와 가능성 section; [9수04-08]~[9수04-09] achievement levels; achievement_level; 공학 도구로 사분위수와 상자그림을 구해 두 집단의 분포를 비교하고, 산점도와 상관관계를 말하는 수준을 구분",,structure_ref;textbook_page_refs;extraction_notes,Find textbook structure evidence for the containment relation.,pending_textbook_pdf,,,,,,,,,,
6,중3(교육과정 학년군: 중1-3),자료와 가능성,상자그림과 산점도,m1_data_box_scatter_unit__contains__m1_data_minimum_value,intra_unit,m1_data_box_scatter_unit,상자그림과 산점도,상자그림과 산점도,m1_data_minimum_value,최솟값,상자그림과 산점도,contains,low,2,"curriculum_math_2022: printed p. 41; [9수04-08]; achievement_standard; 공학 도구를 이용하여 자료를 상자그림으로 나타내고 분포를 비교하는 성취기준 | achievement_math_2022: 자료와 가능성 section; [9수04-08]~[9수04-09] achievement levels; achievement_level; 공학 도구로 사분위수와 상자그림을 구해 두 집단의 분포를 비교하고, 산점도와 상관관계를 말하는 수준을 구분",,structure_ref;textbook_page_refs;extraction_notes,Find textbook structure evidence for the containment relation.,pending_textbook_pdf,,,,,,,,,,
6,중3(교육과정 학년군: 중1-3),자료와 가능성,상자그림과 산점도,m1_data_box_scatter_unit__contains__m1_mis_box_plot_length_frequency,intra_unit,m1_data_box_scatter_unit,상자그림과 산점도,상자그림과 산점도,m1_mis_box_plot_length_frequency,상자그림 구간의 길이를 자료 수로 해석하는 오류,상자그림과 산점도,contains,low,3,"curriculum_math_2022: printed p. 41; [9수04-08]; achievement_standard; 공학 도구를 이용하여 자료를 상자그림으로 나타내고 분포를 비교하는 성취기준 | curriculum_math_2022: printed pp. 41-42; achievement-standard considerations; teaching_note; 순열·조합을 이용하면 쉽게 해결되는 복잡한 경우의 수 문제는 다루지 않고, 확률에서 각 경우가 발생할 가능성이 동등하다는 가정을 유의하게 하며, 상자그림은 두 집단 분포 비교에 중점을 둠 | achievement_math_2022: 자료와 가능성 section; [9수04-08]~[9수04-09] achievement levels; achievement_level; 공학 도구로 사분위수와 상자그림을 구해 두 집단의 분포를 비교하고, 산점도와 상관관계를 말하는 수준을 구분",,structure_ref;textbook_page_refs;extraction_notes,Find textbook structure evidence for the containment relation.,pending_textbook_pdf,,,,,,,,,,
6,중3(교육과정 학년군: 중1-3),자료와 가능성,상자그림과 산점도,m1_data_box_scatter_unit__contains__m1_mis_correlation_causation,intra_unit,m1_data_box_scatter_unit,상자그림과 산점도,상자그림과 산점도,m1_mis_correlation_causation,상관관계를 원인과 결과로 단정하는 오류,상자그림과 산점도,contains,low,3,"curriculum_math_2022: printed p. 41; [9수04-09]; achievement_standard; 자료를 산점도로 나타내고 상관관계를 말하는 성취기준 | curriculum_math_2022: printed pp. 41-42; achievement-standard considerations; teaching_note; 순열·조합을 이용하면 쉽게 해결되는 복잡한 경우의 수 문제는 다루지 않고, 확률에서 각 경우가 발생할 가능성이 동등하다는 가정을 유의하게 하며, 상자그림은 두 집단 분포 비교에 중점을 둠 | achievement_math_2022: 자료와 가능성 section; [9수04-08]~[9수04-09] achievement levels; achievement_level; 공학 도구로 사분위수와 상자그림을 구해 두 집단의 분포를 비교하고, 산점도와 상관관계를 말하는 수준을 구분",,structure_ref;textbook_page_refs;extraction_notes,Find textbook structure evidence for the containment relation.,pending_textbook_pdf,,,,,,,,,,
6,중3(교육과정 학년군: 중1-3),자료와 가능성,상자그림과 산점도,m1_data_box_scatter_unit__contains__m1_mis_quartile_without_ordering,intra_unit,m1_data_box_scatter_unit,상자그림과 산점도,상자그림과 산점도,m1_mis_quartile_without_ordering,자료를 정렬하지 않고 사분위수를 구하는 오류,상자그림과 산점도,contains,low,2,"curriculum_math_2022: printed p. 41; [9수04-08]; achievement_standard; 공학 도구를 이용하여 자료를 상자그림으로 나타내고 분포를 비교하는 성취기준 | achievement_math_2022: 자료와 가능성 section; [9수04-08]~[9수04-09] achievement levels; achievement_level; 공학 도구로 사분위수와 상자그림을 구해 두 집단의 분포를 비교하고, 산점도와 상관관계를 말하는 수준을 구분",,structure_ref;textbook_page_refs;extraction_notes,Find textbook structure evidence for the containment relation.,pending_textbook_pdf,,,,,,,,,,
6,중3(교육과정 학년군: 중1-3),자료와 가능성,상자그림과 산점도,m1_data_box_scatter_unit__contains__m1_mis_scatter_axis_swap,intra_unit,m1_data_box_scatter_unit,상자그림과 산점도,상자그림과 산점도,m1_mis_scatter_axis_swap,산점도의 두 변량을 축에 바꾸어 나타내는 오류,상자그림과 산점도,contains,low,2,"curriculum_math_2022: printed p. 41; [9수04-09]; achievement_standard; 자료를 산점도로 나타내고 상관관계를 말하는 성취기준 | achievement_math_2022: 자료와 가능성 section; [9수04-08]~[9수04-09] achievement levels; achievement_level; 공학 도구로 사분위수와 상자그림을 구해 두 집단의 분포를 비교하고, 산점도와 상관관계를 말하는 수준을 구분",,structure_ref;textbook_page_refs;extraction_notes,Find textbook structure evidence for the containment relation.,pending_textbook_pdf,,,,,,,,,,
6,중3(교육과정 학년군: 중1-3),자료와 가능성,상자그림과 산점도,m1_data_box_plot__prerequisite_for__m1_data_box_plot_whisker,intra_unit,m1_data_box_plot,상자그림,상자그림과 산점도,m1_data_box_plot_whisker,상자그림의 수염,상자그림과 산점도,prerequisite_for,low,2,"curriculum_math_2022: printed p. 41; [9수04-08]; achievement_standard; 공학 도구를 이용하여 자료를 상자그림으로 나타내고 분포를 비교하는 성취기준 | achievement_math_2022: 자료와 가능성 section; [9수04-08]~[9수04-09] achievement levels; achievement_level; 공학 도구로 사분위수와 상자그림을 구해 두 집단의 분포를 비교하고, 산점도와 상관관계를 말하는 수준을 구분",,prerequisite_ref;textbook_page_refs;extraction_notes,Find textbook sequencing or prior-knowledge evidence for the prerequisite relation.,pending_textbook_pdf,,,,,,,,,,
6,중3(교육과정 학년군: 중1-3),자료와 가능성,상자그림과 산점도,m1_data_first_quartile__prerequisite_for__m1_data_box_plot_box,intra_unit,m1_data_first_quartile,제1사분위수,상자그림과 산점도,m1_data_box_plot_box,상자그림의 상자,상자그림과 산점도,prerequisite_for,low,2,"curriculum_math_2022: printed p. 41; [9수04-08]; achievement_standard; 공학 도구를 이용하여 자료를 상자그림으로 나타내고 분포를 비교하는 성취기준 | achievement_math_2022: 자료와 가능성 section; [9수04-08]~[9수04-09] achievement levels; achievement_level; 공학 도구로 사분위수와 상자그림을 구해 두 집단의 분포를 비교하고, 산점도와 상관관계를 말하는 수준을 구분",,prerequisite_ref;textbook_page_refs;extraction_notes,Find textbook sequencing or prior-knowledge evidence for the prerequisite relation.,pending_textbook_pdf,,,,,,,,,,
6,중3(교육과정 학년군: 중1-3),자료와 가능성,상자그림과 산점도,m1_data_first_quartile__prerequisite_for__m1_data_interquartile_range,intra_unit,m1_data_first_quartile,제1사분위수,상자그림과 산점도,m1_data_interquartile_range,사분위범위,상자그림과 산점도,prerequisite_for,low,2,"curriculum_math_2022: printed p. 41; [9수04-08]; achievement_standard; 공학 도구를 이용하여 자료를 상자그림으로 나타내고 분포를 비교하는 성취기준 | achievement_math_2022: 자료와 가능성 section; [9수04-08]~[9수04-09] achievement levels; achievement_level; 공학 도구로 사분위수와 상자그림을 구해 두 집단의 분포를 비교하고, 산점도와 상관관계를 말하는 수준을 구분",,prerequisite_ref;textbook_page_refs;extraction_notes,Find textbook sequencing or prior-knowledge evidence for the prerequisite relation.,pending_textbook_pdf,,,,,,,,,,
6,중3(교육과정 학년군: 중1-3),자료와 가능성,상자그림과 산점도,m1_data_maximum_value__prerequisite_for__m1_data_box_plot_whisker,intra_unit,m1_data_maximum_value,최댓값,상자그림과 산점도,m1_data_box_plot_whisker,상자그림의 수염,상자그림과 산점도,prerequisite_for,low,2,"curriculum_math_2022: printed p. 41; [9수04-08]; achievement_standard; 공학 도구를 이용하여 자료를 상자그림으로 나타내고 분포를 비교하는 성취기준 | achievement_math_2022: 자료와 가능성 section; [9수04-08]~[9수04-09] achievement levels; achievement_level; 공학 도구로 사분위수와 상자그림을 구해 두 집단의 분포를 비교하고, 산점도와 상관관계를 말하는 수준을 구분",,prerequisite_ref;textbook_page_refs;extraction_notes,Find textbook sequencing or prior-knowledge evidence for the prerequisite relation.,pending_textbook_pdf,,,,,,,,,,
6,중3(교육과정 학년군: 중1-3),자료와 가능성,상자그림과 산점도,m1_data_minimum_value__prerequisite_for__m1_data_box_plot_whisker,intra_unit,m1_data_minimum_value,최솟값,상자그림과 산점도,m1_data_box_plot_whisker,상자그림의 수염,상자그림과 산점도,prerequisite_for,low,2,"curriculum_math_2022: printed p. 41; [9수04-08]; achievement_standard; 공학 도구를 이용하여 자료를 상자그림으로 나타내고 분포를 비교하는 성취기준 | achievement_math_2022: 자료와 가능성 section; [9수04-08]~[9수04-09] achievement levels; achievement_level; 공학 도구로 사분위수와 상자그림을 구해 두 집단의 분포를 비교하고, 산점도와 상관관계를 말하는 수준을 구분",,prerequisite_ref;textbook_page_refs;extraction_notes,Find textbook sequencing or prior-knowledge evidence for the prerequisite relation.,pending_textbook_pdf,,,,,,,,,,
6,중3(교육과정 학년군: 중1-3),자료와 가능성,상자그림과 산점도,m1_data_third_quartile__prerequisite_for__m1_data_box_plot_box,intra_unit,m1_data_third_quartile,제3사분위수,상자그림과 산점도,m1_data_box_plot_box,상자그림의 상자,상자그림과 산점도,prerequisite_for,low,2,"curriculum_math_2022: printed p. 41; [9수04-08]; achievement_standard; 공학 도구를 이용하여 자료를 상자그림으로 나타내고 분포를 비교하는 성취기준 | achievement_math_2022: 자료와 가능성 section; [9수04-08]~[9수04-09] achievement levels; achievement_level; 공학 도구로 사분위수와 상자그림을 구해 두 집단의 분포를 비교하고, 산점도와 상관관계를 말하는 수준을 구분",,prerequisite_ref;textbook_page_refs;extraction_notes,Find textbook sequencing or prior-knowledge evidence for the prerequisite relation.,pending_textbook_pdf,,,,,,,,,,
6,중3(교육과정 학년군: 중1-3),자료와 가능성,상자그림과 산점도,m1_data_third_quartile__prerequisite_for__m1_data_interquartile_range,intra_unit,m1_data_third_quartile,제3사분위수,상자그림과 산점도,m1_data_interquartile_range,사분위범위,상자그림과 산점도,prerequisite_for,low,2,"curriculum_math_2022: printed p. 41; [9수04-08]; achievement_standard; 공학 도구를 이용하여 자료를 상자그림으로 나타내고 분포를 비교하는 성취기준 | achievement_math_2022: 자료와 가능성 section; [9수04-08]~[9수04-09] achievement levels; achievement_level; 공학 도구로 사분위수와 상자그림을 구해 두 집단의 분포를 비교하고, 산점도와 상관관계를 말하는 수준을 구분",,prerequisite_ref;textbook_page_refs;extraction_notes,Find textbook sequencing or prior-knowledge evidence for the prerequisite relation.,pending_textbook_pdf,,,,,,,,,,
6,중3(교육과정 학년군: 중1-3),자료와 가능성,상자그림과 산점도,m1_data_interquartile_range__represented_by__m1_data_box_plot_box,intra_unit,m1_data_interquartile_range,사분위범위,상자그림과 산점도,m1_data_box_plot_box,상자그림의 상자,상자그림과 산점도,represented_by,low,2,"curriculum_math_2022: printed p. 41; [9수04-08]; achievement_standard; 공학 도구를 이용하여 자료를 상자그림으로 나타내고 분포를 비교하는 성취기준 | achievement_math_2022: 자료와 가능성 section; [9수04-08]~[9수04-09] achievement levels; achievement_level; 공학 도구로 사분위수와 상자그림을 구해 두 집단의 분포를 비교하고, 산점도와 상관관계를 말하는 수준을 구분",상자의 가로 길이는 제1사분위수부터 제3사분위수까지의 범위를 나타낸다는 해석에서 추론했다.,representation_ref;textbook_page_refs;extraction_notes,"Find textbook representation evidence such as a table, graph, expression, or diagram.",pending_textbook_pdf,,,,,,,,,,
6,중3(교육과정 학년군: 중1-3),자료와 가능성,상자그림과 산점도,m1_data_maximum_value__represented_by__m1_data_box_plot_whisker,intra_unit,m1_data_maximum_value,최댓값,상자그림과 산점도,m1_data_box_plot_whisker,상자그림의 수염,상자그림과 산점도,represented_by,low,2,"curriculum_math_2022: printed p. 41; [9수04-08]; achievement_standard; 공학 도구를 이용하여 자료를 상자그림으로 나타내고 분포를 비교하는 성취기준 | achievement_math_2022: 자료와 가능성 section; [9수04-08]~[9수04-09] achievement levels; achievement_level; 공학 도구로 사분위수와 상자그림을 구해 두 집단의 분포를 비교하고, 산점도와 상관관계를 말하는 수준을 구분",,representation_ref;textbook_page_refs;extraction_notes,"Find textbook representation evidence such as a table, graph, expression, or diagram.",pending_textbook_pdf,,,,,,,,,,
6,중3(교육과정 학년군: 중1-3),자료와 가능성,상자그림과 산점도,m1_data_minimum_value__represented_by__m1_data_box_plot_whisker,intra_unit,m1_data_minimum_value,최솟값,상자그림과 산점도,m1_data_box_plot_whisker,상자그림의 수염,상자그림과 산점도,represented_by,low,2,"curriculum_math_2022: printed p. 41; [9수04-08]; achievement_standard; 공학 도구를 이용하여 자료를 상자그림으로 나타내고 분포를 비교하는 성취기준 | achievement_math_2022: 자료와 가능성 section; [9수04-08]~[9수04-09] achievement levels; achievement_level; 공학 도구로 사분위수와 상자그림을 구해 두 집단의 분포를 비교하고, 산점도와 상관관계를 말하는 수준을 구분",,representation_ref;textbook_page_refs;extraction_notes,"Find textbook representation evidence such as a table, graph, expression, or diagram.",pending_textbook_pdf,,,,,,,,,,
6,중3(교육과정 학년군: 중1-3),자료와 가능성,상자그림과 산점도,m1_data_box_plot_box__used_in__m1_data_box_plot,intra_unit,m1_data_box_plot_box,상자그림의 상자,상자그림과 산점도,m1_data_box_plot,상자그림,상자그림과 산점도,used_in,low,2,"curriculum_math_2022: printed p. 41; [9수04-08]; achievement_standard; 공학 도구를 이용하여 자료를 상자그림으로 나타내고 분포를 비교하는 성취기준 | achievement_math_2022: 자료와 가능성 section; [9수04-08]~[9수04-09] achievement levels; achievement_level; 공학 도구로 사분위수와 상자그림을 구해 두 집단의 분포를 비교하고, 산점도와 상관관계를 말하는 수준을 구분",,procedure_ref;textbook_page_refs;extraction_notes,"Find a worked example, procedure, or application where this source concept is used.",pending_textbook_pdf,,,,,,,,,,
6,중3(교육과정 학년군: 중1-3),자료와 가능성,상자그림과 산점도,m1_data_box_plot_whisker__used_in__m1_data_box_plot,intra_unit,m1_data_box_plot_whisker,상자그림의 수염,상자그림과 산점도,m1_data_box_plot,상자그림,상자그림과 산점도,used_in,low,2,"curriculum_math_2022: printed p. 41; [9수04-08]; achievement_standard; 공학 도구를 이용하여 자료를 상자그림으로 나타내고 분포를 비교하는 성취기준 | achievement_math_2022: 자료와 가능성 section; [9수04-08]~[9수04-09] achievement levels; achievement_level; 공학 도구로 사분위수와 상자그림을 구해 두 집단의 분포를 비교하고, 산점도와 상관관계를 말하는 수준을 구분",,procedure_ref;textbook_page_refs;extraction_notes,"Find a worked example, procedure, or application where this source concept is used.",pending_textbook_pdf,,,,,,,,,,
6,중3(교육과정 학년군: 중1-3),자료와 가능성,상자그림과 산점도,m1_data_first_quartile__used_in__m1_data_interquartile_range,intra_unit,m1_data_first_quartile,제1사분위수,상자그림과 산점도,m1_data_interquartile_range,사분위범위,상자그림과 산점도,used_in,low,2,"curriculum_math_2022: printed p. 41; [9수04-08]; achievement_standard; 공학 도구를 이용하여 자료를 상자그림으로 나타내고 분포를 비교하는 성취기준 | achievement_math_2022: 자료와 가능성 section; [9수04-08]~[9수04-09] achievement levels; achievement_level; 공학 도구로 사분위수와 상자그림을 구해 두 집단의 분포를 비교하고, 산점도와 상관관계를 말하는 수준을 구분",,procedure_ref;textbook_page_refs;extraction_notes,"Find a worked example, procedure, or application where this source concept is used.",pending_textbook_pdf,,,,,,,,,,
6,중3(교육과정 학년군: 중1-3),자료와 가능성,상자그림과 산점도,m1_data_interquartile_range__used_in__m1_data_box_plot_center_spread_reading,intra_unit,m1_data_interquartile_range,사분위범위,상자그림과 산점도,m1_data_box_plot_center_spread_reading,상자그림에서 중심과 퍼짐 읽기,상자그림과 산점도,used_in,low,2,"curriculum_math_2022: printed p. 41; [9수04-08]; achievement_standard; 공학 도구를 이용하여 자료를 상자그림으로 나타내고 분포를 비교하는 성취기준 | achievement_math_2022: 자료와 가능성 section; [9수04-08]~[9수04-09] achievement levels; achievement_level; 공학 도구로 사분위수와 상자그림을 구해 두 집단의 분포를 비교하고, 산점도와 상관관계를 말하는 수준을 구분",,procedure_ref;textbook_page_refs;extraction_notes,"Find a worked example, procedure, or application where this source concept is used.",pending_textbook_pdf,,,,,,,,,,
6,중3(교육과정 학년군: 중1-3),자료와 가능성,상자그림과 산점도,m1_data_interquartile_range__used_in__m1_data_box_plot_compare,intra_unit,m1_data_interquartile_range,사분위범위,상자그림과 산점도,m1_data_box_plot_compare,상자그림으로 두 집단의 분포 비교,상자그림과 산점도,used_in,low,2,"curriculum_math_2022: printed p. 41; [9수04-08]; achievement_standard; 공학 도구를 이용하여 자료를 상자그림으로 나타내고 분포를 비교하는 성취기준 | achievement_math_2022: 자료와 가능성 section; [9수04-08]~[9수04-09] achievement levels; achievement_level; 공학 도구로 사분위수와 상자그림을 구해 두 집단의 분포를 비교하고, 산점도와 상관관계를 말하는 수준을 구분",상자그림 비교에서 가운데 자료의 퍼짐을 읽는 데 쓰이는 값으로 추론했다. 교과서 근거 확인 전까지 낮은 신뢰도로 둔다.,procedure_ref;textbook_page_refs;extraction_notes,"Find a worked example, procedure, or application where this source concept is used.",pending_textbook_pdf,,,,,,,,,,
6,중3(교육과정 학년군: 중1-3),자료와 가능성,상자그림과 산점도,m1_data_maximum_value__used_in__m1_data_box_plot_five_value_summary,intra_unit,m1_data_maximum_value,최댓값,상자그림과 산점도,m1_data_box_plot_five_value_summary,상자그림의 다섯 값,상자그림과 산점도,used_in,low,2,"curriculum_math_2022: printed p. 41; [9수04-08]; achievement_standard; 공학 도구를 이용하여 자료를 상자그림으로 나타내고 분포를 비교하는 성취기준 | achievement_math_2022: 자료와 가능성 section; [9수04-08]~[9수04-09] achievement levels; achievement_level; 공학 도구로 사분위수와 상자그림을 구해 두 집단의 분포를 비교하고, 산점도와 상관관계를 말하는 수준을 구분",,procedure_ref;textbook_page_refs;extraction_notes,"Find a worked example, procedure, or application where this source concept is used.",pending_textbook_pdf,,,,,,,,,,
6,중3(교육과정 학년군: 중1-3),자료와 가능성,상자그림과 산점도,m1_data_minimum_value__used_in__m1_data_box_plot_five_value_summary,intra_unit,m1_data_minimum_value,최솟값,상자그림과 산점도,m1_data_box_plot_five_value_summary,상자그림의 다섯 값,상자그림과 산점도,used_in,low,2,"curriculum_math_2022: printed p. 41; [9수04-08]; achievement_standard; 공학 도구를 이용하여 자료를 상자그림으로 나타내고 분포를 비교하는 성취기준 | achievement_math_2022: 자료와 가능성 section; [9수04-08]~[9수04-09] achievement levels; achievement_level; 공학 도구로 사분위수와 상자그림을 구해 두 집단의 분포를 비교하고, 산점도와 상관관계를 말하는 수준을 구분",,procedure_ref;textbook_page_refs;extraction_notes,"Find a worked example, procedure, or application where this source concept is used.",pending_textbook_pdf,,,,,,,,,,
6,중3(교육과정 학년군: 중1-3),자료와 가능성,상자그림과 산점도,m1_data_third_quartile__used_in__m1_data_interquartile_range,intra_unit,m1_data_third_quartile,제3사분위수,상자그림과 산점도,m1_data_interquartile_range,사분위범위,상자그림과 산점도,used_in,low,2,"curriculum_math_2022: printed p. 41; [9수04-08]; achievement_standard; 공학 도구를 이용하여 자료를 상자그림으로 나타내고 분포를 비교하는 성취기준 | achievement_math_2022: 자료와 가능성 section; [9수04-08]~[9수04-09] achievement levels; achievement_level; 공학 도구로 사분위수와 상자그림을 구해 두 집단의 분포를 비교하고, 산점도와 상관관계를 말하는 수준을 구분",,procedure_ref;textbook_page_refs;extraction_notes,"Find a worked example, procedure, or application where this source concept is used.",pending_textbook_pdf,,,,,,,,,,
6,중3(교육과정 학년군: 중1-3),자료와 가능성,상자그림과 산점도,m1_data_minimum_value__contrasts_with__m1_data_maximum_value,intra_unit,m1_data_minimum_value,최솟값,상자그림과 산점도,m1_data_maximum_value,최댓값,상자그림과 산점도,contrasts_with,low,2,"curriculum_math_2022: printed p. 41; [9수04-08]; achievement_standard; 공학 도구를 이용하여 자료를 상자그림으로 나타내고 분포를 비교하는 성취기준 | achievement_math_2022: 자료와 가능성 section; [9수04-08]~[9수04-09] achievement levels; achievement_level; 공학 도구로 사분위수와 상자그림을 구해 두 집단의 분포를 비교하고, 산점도와 상관관계를 말하는 수준을 구분",상자그림의 양끝값을 구별한다. 공식 용어 목록에는 없으므로 낮은 신뢰도로 둔다.,contrast_ref;textbook_page_refs;extraction_notes,Find textbook wording or examples that distinguish the two concepts.,pending_textbook_pdf,,,,,,,,,,
6,중3(교육과정 학년군: 중1-3),자료와 가능성,상자그림과 산점도,m1_mis_box_plot_length_frequency__often_confused_with__m1_data_box_plot_box,intra_unit,m1_mis_box_plot_length_frequency,상자그림 구간의 길이를 자료 수로 해석하는 오류,상자그림과 산점도,m1_data_box_plot_box,상자그림의 상자,상자그림과 산점도,often_confused_with,low,3,"curriculum_math_2022: printed p. 41; [9수04-08]; achievement_standard; 공학 도구를 이용하여 자료를 상자그림으로 나타내고 분포를 비교하는 성취기준 | curriculum_math_2022: printed pp. 41-42; achievement-standard considerations; teaching_note; 순열·조합을 이용하면 쉽게 해결되는 복잡한 경우의 수 문제는 다루지 않고, 확률에서 각 경우가 발생할 가능성이 동등하다는 가정을 유의하게 하며, 상자그림은 두 집단 분포 비교에 중점을 둠 | achievement_math_2022: 자료와 가능성 section; [9수04-08]~[9수04-09] achievement levels; achievement_level; 공학 도구로 사분위수와 상자그림을 구해 두 집단의 분포를 비교하고, 산점도와 상관관계를 말하는 수준을 구분",related_ids에서 확인된 오개념 위험 연결을 낮은 신뢰도 edge로 보강. 교과서 근거 확인 후 유지 또는 조정.,misconception_ref;problem_pattern_ref;textbook_page_refs;extraction_notes,"Find misconception, caution, example, or problem-pattern evidence for the confusion risk.",pending_textbook_pdf,,,,,,,,,,
6,중3(교육과정 학년군: 중1-3),자료와 가능성,상자그림과 산점도,m1_mis_box_plot_length_frequency__often_confused_with__m1_data_box_plot_center_spread_reading,intra_unit,m1_mis_box_plot_length_frequency,상자그림 구간의 길이를 자료 수로 해석하는 오류,상자그림과 산점도,m1_data_box_plot_center_spread_reading,상자그림에서 중심과 퍼짐 읽기,상자그림과 산점도,often_confused_with,low,3,"curriculum_math_2022: printed p. 41; [9수04-08]; achievement_standard; 공학 도구를 이용하여 자료를 상자그림으로 나타내고 분포를 비교하는 성취기준 | curriculum_math_2022: printed pp. 41-42; achievement-standard considerations; teaching_note; 순열·조합을 이용하면 쉽게 해결되는 복잡한 경우의 수 문제는 다루지 않고, 확률에서 각 경우가 발생할 가능성이 동등하다는 가정을 유의하게 하며, 상자그림은 두 집단 분포 비교에 중점을 둠 | achievement_math_2022: 자료와 가능성 section; [9수04-08]~[9수04-09] achievement levels; achievement_level; 공학 도구로 사분위수와 상자그림을 구해 두 집단의 분포를 비교하고, 산점도와 상관관계를 말하는 수준을 구분",related_ids에서 확인된 오개념 위험 연결을 낮은 신뢰도 edge로 보강. 교과서 근거 확인 후 유지 또는 조정.,misconception_ref;problem_pattern_ref;textbook_page_refs;extraction_notes,"Find misconception, caution, example, or problem-pattern evidence for the confusion risk.",pending_textbook_pdf,,,,,,,,,,
6,중3(교육과정 학년군: 중1-3),자료와 가능성,상자그림과 산점도,m1_mis_box_plot_length_frequency__often_confused_with__m1_data_box_plot_whisker,intra_unit,m1_mis_box_plot_length_frequency,상자그림 구간의 길이를 자료 수로 해석하는 오류,상자그림과 산점도,m1_data_box_plot_whisker,상자그림의 수염,상자그림과 산점도,often_confused_with,low,3,"curriculum_math_2022: printed p. 41; [9수04-08]; achievement_standard; 공학 도구를 이용하여 자료를 상자그림으로 나타내고 분포를 비교하는 성취기준 | curriculum_math_2022: printed pp. 41-42; achievement-standard considerations; teaching_note; 순열·조합을 이용하면 쉽게 해결되는 복잡한 경우의 수 문제는 다루지 않고, 확률에서 각 경우가 발생할 가능성이 동등하다는 가정을 유의하게 하며, 상자그림은 두 집단 분포 비교에 중점을 둠 | achievement_math_2022: 자료와 가능성 section; [9수04-08]~[9수04-09] achievement levels; achievement_level; 공학 도구로 사분위수와 상자그림을 구해 두 집단의 분포를 비교하고, 산점도와 상관관계를 말하는 수준을 구분",related_ids에서 확인된 오개념 위험 연결을 낮은 신뢰도 edge로 보강. 교과서 근거 확인 후 유지 또는 조정.,misconception_ref;problem_pattern_ref;textbook_page_refs;extraction_notes,"Find misconception, caution, example, or problem-pattern evidence for the confusion risk.",pending_textbook_pdf,,,,,,,,,,
6,중3(교육과정 학년군: 중1-3),자료와 가능성,상자그림과 산점도,m1_mis_correlation_causation__often_confused_with__m1_data_correlation,intra_unit,m1_mis_correlation_causation,상관관계를 원인과 결과로 단정하는 오류,상자그림과 산점도,m1_data_correlation,상관관계,상자그림과 산점도,often_confused_with,low,2,"curriculum_math_2022: printed p. 41; [9수04-09]; achievement_standard; 자료를 산점도로 나타내고 상관관계를 말하는 성취기준 | achievement_math_2022: 자료와 가능성 section; [9수04-08]~[9수04-09] achievement levels; achievement_level; 공학 도구로 사분위수와 상자그림을 구해 두 집단의 분포를 비교하고, 산점도와 상관관계를 말하는 수준을 구분",,misconception_ref;problem_pattern_ref;textbook_page_refs;extraction_notes,"Find misconception, caution, example, or problem-pattern evidence for the confusion risk.",pending_textbook_pdf,,,,,,,,,,
6,중3(교육과정 학년군: 중1-3),자료와 가능성,상자그림과 산점도,m1_mis_correlation_causation__often_confused_with__m1_data_scatter_plot_interpretation,intra_unit,m1_mis_correlation_causation,상관관계를 원인과 결과로 단정하는 오류,상자그림과 산점도,m1_data_scatter_plot_interpretation,산점도로 상관관계 말하기,상자그림과 산점도,often_confused_with,low,2,"curriculum_math_2022: printed p. 41; [9수04-09]; achievement_standard; 자료를 산점도로 나타내고 상관관계를 말하는 성취기준 | achievement_math_2022: 자료와 가능성 section; [9수04-08]~[9수04-09] achievement levels; achievement_level; 공학 도구로 사분위수와 상자그림을 구해 두 집단의 분포를 비교하고, 산점도와 상관관계를 말하는 수준을 구분",,misconception_ref;problem_pattern_ref;textbook_page_refs;extraction_notes,"Find misconception, caution, example, or problem-pattern evidence for the confusion risk.",pending_textbook_pdf,,,,,,,,,,
6,중3(교육과정 학년군: 중1-3),자료와 가능성,상자그림과 산점도,m1_mis_quartile_without_ordering__often_confused_with__m1_data_ordered_data_for_quartiles,intra_unit,m1_mis_quartile_without_ordering,자료를 정렬하지 않고 사분위수를 구하는 오류,상자그림과 산점도,m1_data_ordered_data_for_quartiles,사분위수를 구하기 위한 자료 정렬,상자그림과 산점도,often_confused_with,low,2,"curriculum_math_2022: printed p. 41; [9수04-08]; achievement_standard; 공학 도구를 이용하여 자료를 상자그림으로 나타내고 분포를 비교하는 성취기준 | achievement_math_2022: 자료와 가능성 section; [9수04-08]~[9수04-09] achievement levels; achievement_level; 공학 도구로 사분위수와 상자그림을 구해 두 집단의 분포를 비교하고, 산점도와 상관관계를 말하는 수준을 구분",related_ids에서 확인된 오개념 위험 연결을 낮은 신뢰도 edge로 보강. 교과서 근거 확인 후 유지 또는 조정.,misconception_ref;problem_pattern_ref;textbook_page_refs;extraction_notes,"Find misconception, caution, example, or problem-pattern evidence for the confusion risk.",pending_textbook_pdf,,,,,,,,,,
6,중3(교육과정 학년군: 중1-3),자료와 가능성,상자그림과 산점도,m1_mis_quartile_without_ordering__often_confused_with__m1_data_quartile,intra_unit,m1_mis_quartile_without_ordering,자료를 정렬하지 않고 사분위수를 구하는 오류,상자그림과 산점도,m1_data_quartile,사분위수,상자그림과 산점도,often_confused_with,low,2,"curriculum_math_2022: printed p. 41; [9수04-08]; achievement_standard; 공학 도구를 이용하여 자료를 상자그림으로 나타내고 분포를 비교하는 성취기준 | achievement_math_2022: 자료와 가능성 section; [9수04-08]~[9수04-09] achievement levels; achievement_level; 공학 도구로 사분위수와 상자그림을 구해 두 집단의 분포를 비교하고, 산점도와 상관관계를 말하는 수준을 구분",related_ids에서 확인된 오개념 위험 연결을 낮은 신뢰도 edge로 보강. 교과서 근거 확인 후 유지 또는 조정.,misconception_ref;problem_pattern_ref;textbook_page_refs;extraction_notes,"Find misconception, caution, example, or problem-pattern evidence for the confusion risk.",pending_textbook_pdf,,,,,,,,,,
6,중3(교육과정 학년군: 중1-3),자료와 가능성,상자그림과 산점도,m1_mis_scatter_axis_swap__often_confused_with__m1_data_bivariate_pair,intra_unit,m1_mis_scatter_axis_swap,산점도의 두 변량을 축에 바꾸어 나타내는 오류,상자그림과 산점도,m1_data_bivariate_pair,두 변량의 대응값,상자그림과 산점도,often_confused_with,low,2,"curriculum_math_2022: printed p. 41; [9수04-09]; achievement_standard; 자료를 산점도로 나타내고 상관관계를 말하는 성취기준 | achievement_math_2022: 자료와 가능성 section; [9수04-08]~[9수04-09] achievement levels; achievement_level; 공학 도구로 사분위수와 상자그림을 구해 두 집단의 분포를 비교하고, 산점도와 상관관계를 말하는 수준을 구분",related_ids에서 확인된 오개념 위험 연결을 낮은 신뢰도 edge로 보강. 교과서 근거 확인 후 유지 또는 조정.,misconception_ref;problem_pattern_ref;textbook_page_refs;extraction_notes,"Find misconception, caution, example, or problem-pattern evidence for the confusion risk.",pending_textbook_pdf,,,,,,,,,,
6,중3(교육과정 학년군: 중1-3),자료와 가능성,상자그림과 산점도,m1_mis_scatter_axis_swap__often_confused_with__m1_data_scatter_plot_axes_variables,intra_unit,m1_mis_scatter_axis_swap,산점도의 두 변량을 축에 바꾸어 나타내는 오류,상자그림과 산점도,m1_data_scatter_plot_axes_variables,산점도의 두 축과 변량,상자그림과 산점도,often_confused_with,low,2,"curriculum_math_2022: printed p. 41; [9수04-09]; achievement_standard; 자료를 산점도로 나타내고 상관관계를 말하는 성취기준 | achievement_math_2022: 자료와 가능성 section; [9수04-08]~[9수04-09] achievement levels; achievement_level; 공학 도구로 사분위수와 상자그림을 구해 두 집단의 분포를 비교하고, 산점도와 상관관계를 말하는 수준을 구분",related_ids에서 확인된 오개념 위험 연결을 낮은 신뢰도 edge로 보강. 교과서 근거 확인 후 유지 또는 조정.,misconception_ref;problem_pattern_ref;textbook_page_refs;extraction_notes,"Find misconception, caution, example, or problem-pattern evidence for the confusion risk.",pending_textbook_pdf,,,,,,,,,,
6,중3(교육과정 학년군: 중1-3),자료와 가능성,상자그림과 산점도,m1_data_dataset__prerequisite_for__m1_data_maximum_value,cross_unit,m1_data_dataset,자료,자료와 가능성,m1_data_maximum_value,최댓값,상자그림과 산점도,prerequisite_for,low,2,"curriculum_math_2022: printed p. 41; [9수04-08]; achievement_standard; 공학 도구를 이용하여 자료를 상자그림으로 나타내고 분포를 비교하는 성취기준 | achievement_math_2022: 자료와 가능성 section; [9수04-08]~[9수04-09] achievement levels; achievement_level; 공학 도구로 사분위수와 상자그림을 구해 두 집단의 분포를 비교하고, 산점도와 상관관계를 말하는 수준을 구분",,prerequisite_ref;textbook_page_refs;extraction_notes,Find textbook sequencing or prior-knowledge evidence for the prerequisite relation.,pending_textbook_pdf,,,,,,,,,,
6,중3(교육과정 학년군: 중1-3),자료와 가능성,상자그림과 산점도,m1_data_dataset__prerequisite_for__m1_data_minimum_value,cross_unit,m1_data_dataset,자료,자료와 가능성,m1_data_minimum_value,최솟값,상자그림과 산점도,prerequisite_for,low,2,"curriculum_math_2022: printed p. 41; [9수04-08]; achievement_standard; 공학 도구를 이용하여 자료를 상자그림으로 나타내고 분포를 비교하는 성취기준 | achievement_math_2022: 자료와 가능성 section; [9수04-08]~[9수04-09] achievement levels; achievement_level; 공학 도구로 사분위수와 상자그림을 구해 두 집단의 분포를 비교하고, 산점도와 상관관계를 말하는 수준을 구분",,prerequisite_ref;textbook_page_refs;extraction_notes,Find textbook sequencing or prior-knowledge evidence for the prerequisite relation.,pending_textbook_pdf,,,,,,,,,,
6,중3(교육과정 학년군: 중1-3),자료와 가능성,상자그림과 산점도,m1_num_order_relation__prerequisite_for__m1_data_maximum_value,cross_unit,m1_num_order_relation,정수와 유리수의 대소 관계,정수와 유리수,m1_data_maximum_value,최댓값,상자그림과 산점도,prerequisite_for,low,2,"curriculum_math_2022: printed p. 41; [9수04-08]; achievement_standard; 공학 도구를 이용하여 자료를 상자그림으로 나타내고 분포를 비교하는 성취기준 | achievement_math_2022: 자료와 가능성 section; [9수04-08]~[9수04-09] achievement levels; achievement_level; 공학 도구로 사분위수와 상자그림을 구해 두 집단의 분포를 비교하고, 산점도와 상관관계를 말하는 수준을 구분",,prerequisite_ref;textbook_page_refs;extraction_notes,Find textbook sequencing or prior-knowledge evidence for the prerequisite relation.,pending_textbook_pdf,,,,,,,,,,
6,중3(교육과정 학년군: 중1-3),자료와 가능성,상자그림과 산점도,m1_num_order_relation__prerequisite_for__m1_data_minimum_value,cross_unit,m1_num_order_relation,정수와 유리수의 대소 관계,정수와 유리수,m1_data_minimum_value,최솟값,상자그림과 산점도,prerequisite_for,low,2,"curriculum_math_2022: printed p. 41; [9수04-08]; achievement_standard; 공학 도구를 이용하여 자료를 상자그림으로 나타내고 분포를 비교하는 성취기준 | achievement_math_2022: 자료와 가능성 section; [9수04-08]~[9수04-09] achievement levels; achievement_level; 공학 도구로 사분위수와 상자그림을 구해 두 집단의 분포를 비교하고, 산점도와 상관관계를 말하는 수준을 구분",,prerequisite_ref;textbook_page_refs;extraction_notes,Find textbook sequencing or prior-knowledge evidence for the prerequisite relation.,pending_textbook_pdf,,,,,,,,,,
6,중3(교육과정 학년군: 중1-3),자료와 가능성,상자그림과 산점도,m1_num_subtraction__prerequisite_for__m1_data_interquartile_range,cross_unit,m1_num_subtraction,뺄셈,정수와 유리수,m1_data_interquartile_range,사분위범위,상자그림과 산점도,prerequisite_for,low,2,"curriculum_math_2022: printed p. 41; [9수04-08]; achievement_standard; 공학 도구를 이용하여 자료를 상자그림으로 나타내고 분포를 비교하는 성취기준 | achievement_math_2022: 자료와 가능성 section; [9수04-08]~[9수04-09] achievement levels; achievement_level; 공학 도구로 사분위수와 상자그림을 구해 두 집단의 분포를 비교하고, 산점도와 상관관계를 말하는 수준을 구분",,prerequisite_ref;textbook_page_refs;extraction_notes,Find textbook sequencing or prior-knowledge evidence for the prerequisite relation.,pending_textbook_pdf,,,,,,,,,,
6,중3(교육과정 학년군: 중1-3),자료와 가능성,상자그림과 산점도,m1_mis_scatter_axis_swap__often_confused_with__m1_coord_ordered_pair,cross_unit,m1_mis_scatter_axis_swap,산점도의 두 변량을 축에 바꾸어 나타내는 오류,상자그림과 산점도,m1_coord_ordered_pair,순서쌍,좌표평면과 그래프,often_confused_with,low,2,"curriculum_math_2022: printed p. 41; [9수04-09]; achievement_standard; 자료를 산점도로 나타내고 상관관계를 말하는 성취기준 | achievement_math_2022: 자료와 가능성 section; [9수04-08]~[9수04-09] achievement levels; achievement_level; 공학 도구로 사분위수와 상자그림을 구해 두 집단의 분포를 비교하고, 산점도와 상관관계를 말하는 수준을 구분",related_ids에서 확인된 오개념 위험 연결을 낮은 신뢰도 edge로 보강. 교과서 근거 확인 후 유지 또는 조정.,misconception_ref;problem_pattern_ref;textbook_page_refs;extraction_notes,"Find misconception, caution, example, or problem-pattern evidence for the confusion risk.",pending_textbook_pdf,,,,,,,,,,
6,중3(교육과정 학년군: 중1-3),자료와 가능성,상자그림과 산점도,m1_data_box_scatter_unit__contains__m1_data_bivariate_pair,intra_unit,m1_data_box_scatter_unit,상자그림과 산점도,상자그림과 산점도,m1_data_bivariate_pair,두 변량의 대응값,상자그림과 산점도,contains,medium,2,"curriculum_math_2022: printed p. 41; [9수04-09]; achievement_standard; 자료를 산점도로 나타내고 상관관계를 말하는 성취기준 | achievement_math_2022: 자료와 가능성 section; [9수04-08]~[9수04-09] achievement levels; achievement_level; 공학 도구로 사분위수와 상자그림을 구해 두 집단의 분포를 비교하고, 산점도와 상관관계를 말하는 수준을 구분",,structure_ref;textbook_page_refs,Find textbook structure evidence for the containment relation.,pending_textbook_pdf,,,,,,,,,,
6,중3(교육과정 학년군: 중1-3),자료와 가능성,상자그림과 산점도,m1_data_box_scatter_unit__contains__m1_data_box_plot,intra_unit,m1_data_box_scatter_unit,상자그림과 산점도,상자그림과 산점도,m1_data_box_plot,상자그림,상자그림과 산점도,contains,high,4,"curriculum_math_2022: printed pp. 41-42; terms and symbols for 자료와 가능성; term_list; 변량, 대푯값, 중앙값, 최빈값, 줄기와 잎 그림, 계급, 계급의 크기, 도수, 도수분포표, 히스토그램, 도수분포다각형, 상대도수, 사건, 확률, 산포도, 편차, 분산, 표준편차, 사분위수, 상자그림, 산점도, 상관관계를 다룸 | curriculum_math_2022: printed p. 41; [9수04-08]; achievement_standard; 공학 도구를 이용하여 자료를 상자그림으로 나타내고 분포를 비교하는 성취기준 | curriculum_math_2022: printed pp. 41-42; achievement-standard considerations; teaching_note; 순열·조합을 이용하면 쉽게 해결되는 복잡한 경우의 수 문제는 다루지 않고, 확률에서 각 경우가 발생할 가능성이 동등하다는 가정을 유의하게 하며, 상자그림은 두 집단 분포 비교에 중점을 둠 | achievement_math_2022: 자료와 가능성 section; [9수04-08]~[9수04-09] achievement levels; achievement_level; 공학 도구로 사분위수와 상자그림을 구해 두 집단의 분포를 비교하고, 산점도와 상관관계를 말하는 수준을 구분",,structure_ref;textbook_page_refs,Find textbook structure evidence for the containment relation.,pending_textbook_pdf,,,,,,,,,,
6,중3(교육과정 학년군: 중1-3),자료와 가능성,상자그림과 산점도,m1_data_box_scatter_unit__contains__m1_data_box_plot_center_spread_reading,intra_unit,m1_data_box_scatter_unit,상자그림과 산점도,상자그림과 산점도,m1_data_box_plot_center_spread_reading,상자그림에서 중심과 퍼짐 읽기,상자그림과 산점도,contains,medium,3,"curriculum_math_2022: printed p. 41; [9수04-08]; achievement_standard; 공학 도구를 이용하여 자료를 상자그림으로 나타내고 분포를 비교하는 성취기준 | curriculum_math_2022: printed pp. 41-42; achievement-standard considerations; teaching_note; 순열·조합을 이용하면 쉽게 해결되는 복잡한 경우의 수 문제는 다루지 않고, 확률에서 각 경우가 발생할 가능성이 동등하다는 가정을 유의하게 하며, 상자그림은 두 집단 분포 비교에 중점을 둠 | achievement_math_2022: 자료와 가능성 section; [9수04-08]~[9수04-09] achievement levels; achievement_level; 공학 도구로 사분위수와 상자그림을 구해 두 집단의 분포를 비교하고, 산점도와 상관관계를 말하는 수준을 구분",,structure_ref;textbook_page_refs,Find textbook structure evidence for the containment relation.,pending_textbook_pdf,,,,,,,,,,
6,중3(교육과정 학년군: 중1-3),자료와 가능성,상자그림과 산점도,m1_data_box_scatter_unit__contains__m1_data_box_plot_compare,intra_unit,m1_data_box_scatter_unit,상자그림과 산점도,상자그림과 산점도,m1_data_box_plot_compare,상자그림으로 두 집단의 분포 비교,상자그림과 산점도,contains,high,3,"curriculum_math_2022: printed p. 41; [9수04-08]; achievement_standard; 공학 도구를 이용하여 자료를 상자그림으로 나타내고 분포를 비교하는 성취기준 | curriculum_math_2022: printed pp. 41-42; achievement-standard considerations; teaching_note; 순열·조합을 이용하면 쉽게 해결되는 복잡한 경우의 수 문제는 다루지 않고, 확률에서 각 경우가 발생할 가능성이 동등하다는 가정을 유의하게 하며, 상자그림은 두 집단 분포 비교에 중점을 둠 | achievement_math_2022: 자료와 가능성 section; [9수04-08]~[9수04-09] achievement levels; achievement_level; 공학 도구로 사분위수와 상자그림을 구해 두 집단의 분포를 비교하고, 산점도와 상관관계를 말하는 수준을 구분",,structure_ref;textbook_page_refs,Find textbook structure evidence for the containment relation.,pending_textbook_pdf,,,,,,,,,,
6,중3(교육과정 학년군: 중1-3),자료와 가능성,상자그림과 산점도,m1_data_box_scatter_unit__contains__m1_data_box_plot_construction_tool,intra_unit,m1_data_box_scatter_unit,상자그림과 산점도,상자그림과 산점도,m1_data_box_plot_construction_tool,공학 도구로 상자그림 나타내기,상자그림과 산점도,contains,high,2,"curriculum_math_2022: printed p. 41; [9수04-08]; achievement_standard; 공학 도구를 이용하여 자료를 상자그림으로 나타내고 분포를 비교하는 성취기준 | achievement_math_2022: 자료와 가능성 section; [9수04-08]~[9수04-09] achievement levels; achievement_level; 공학 도구로 사분위수와 상자그림을 구해 두 집단의 분포를 비교하고, 산점도와 상관관계를 말하는 수준을 구분",,structure_ref;textbook_page_refs,Find textbook structure evidence for the containment relation.,pending_textbook_pdf,,,,,,,,,,
6,중3(교육과정 학년군: 중1-3),자료와 가능성,상자그림과 산점도,m1_data_box_scatter_unit__contains__m1_data_box_plot_five_value_summary,intra_unit,m1_data_box_scatter_unit,상자그림과 산점도,상자그림과 산점도,m1_data_box_plot_five_value_summary,상자그림의 다섯 값,상자그림과 산점도,contains,medium,2,"curriculum_math_2022: printed p. 41; [9수04-08]; achievement_standard; 공학 도구를 이용하여 자료를 상자그림으로 나타내고 분포를 비교하는 성취기준 | achievement_math_2022: 자료와 가능성 section; [9수04-08]~[9수04-09] achievement levels; achievement_level; 공학 도구로 사분위수와 상자그림을 구해 두 집단의 분포를 비교하고, 산점도와 상관관계를 말하는 수준을 구분",,structure_ref;textbook_page_refs,Find textbook structure evidence for the containment relation.,pending_textbook_pdf,,,,,,,,,,
6,중3(교육과정 학년군: 중1-3),자료와 가능성,상자그림과 산점도,m1_data_box_scatter_unit__contains__m1_data_correlation,intra_unit,m1_data_box_scatter_unit,상자그림과 산점도,상자그림과 산점도,m1_data_correlation,상관관계,상자그림과 산점도,contains,high,3,"curriculum_math_2022: printed pp. 41-42; terms and symbols for 자료와 가능성; term_list; 변량, 대푯값, 중앙값, 최빈값, 줄기와 잎 그림, 계급, 계급의 크기, 도수, 도수분포표, 히스토그램, 도수분포다각형, 상대도수, 사건, 확률, 산포도, 편차, 분산, 표준편차, 사분위수, 상자그림, 산점도, 상관관계를 다룸 | curriculum_math_2022: printed p. 41; [9수04-09]; achievement_standard; 자료를 산점도로 나타내고 상관관계를 말하는 성취기준 | achievement_math_2022: 자료와 가능성 section; [9수04-08]~[9수04-09] achievement levels; achievement_level; 공학 도구로 사분위수와 상자그림을 구해 두 집단의 분포를 비교하고, 산점도와 상관관계를 말하는 수준을 구분",,structure_ref;textbook_page_refs,Find textbook structure evidence for the containment relation.,pending_textbook_pdf,,,,,,,,,,
6,중3(교육과정 학년군: 중1-3),자료와 가능성,상자그림과 산점도,m1_data_box_scatter_unit__contains__m1_data_negative_correlation,intra_unit,m1_data_box_scatter_unit,상자그림과 산점도,상자그림과 산점도,m1_data_negative_correlation,음의 상관관계,상자그림과 산점도,contains,high,2,"curriculum_math_2022: printed pp. 41-42; achievement-standard considerations; teaching_note; 순열·조합을 이용하면 쉽게 해결되는 복잡한 경우의 수 문제는 다루지 않고, 확률에서 각 경우가 발생할 가능성이 동등하다는 가정을 유의하게 하며, 상자그림은 두 집단 분포 비교에 중점을 둠 | achievement_math_2022: 자료와 가능성 section; [9수04-08]~[9수04-09] achievement levels; achievement_level; 공학 도구로 사분위수와 상자그림을 구해 두 집단의 분포를 비교하고, 산점도와 상관관계를 말하는 수준을 구분",,structure_ref;textbook_page_refs,Find textbook structure evidence for the containment relation.,pending_textbook_pdf,,,,,,,,,,
6,중3(교육과정 학년군: 중1-3),자료와 가능성,상자그림과 산점도,m1_data_box_scatter_unit__contains__m1_data_no_correlation,intra_unit,m1_data_box_scatter_unit,상자그림과 산점도,상자그림과 산점도,m1_data_no_correlation,상관관계가 없는 경우,상자그림과 산점도,contains,high,2,"curriculum_math_2022: printed pp. 41-42; achievement-standard considerations; teaching_note; 순열·조합을 이용하면 쉽게 해결되는 복잡한 경우의 수 문제는 다루지 않고, 확률에서 각 경우가 발생할 가능성이 동등하다는 가정을 유의하게 하며, 상자그림은 두 집단 분포 비교에 중점을 둠 | achievement_math_2022: 자료와 가능성 section; [9수04-08]~[9수04-09] achievement levels; achievement_level; 공학 도구로 사분위수와 상자그림을 구해 두 집단의 분포를 비교하고, 산점도와 상관관계를 말하는 수준을 구분",,structure_ref;textbook_page_refs,Find textbook structure evidence for the containment relation.,pending_textbook_pdf,,,,,,,,,,
6,중3(교육과정 학년군: 중1-3),자료와 가능성,상자그림과 산점도,m1_data_box_scatter_unit__contains__m1_data_ordered_data_for_quartiles,intra_unit,m1_data_box_scatter_unit,상자그림과 산점도,상자그림과 산점도,m1_data_ordered_data_for_quartiles,사분위수를 구하기 위한 자료 정렬,상자그림과 산점도,contains,medium,2,"curriculum_math_2022: printed p. 41; [9수04-08]; achievement_standard; 공학 도구를 이용하여 자료를 상자그림으로 나타내고 분포를 비교하는 성취기준 | achievement_math_2022: 자료와 가능성 section; [9수04-08]~[9수04-09] achievement levels; achievement_level; 공학 도구로 사분위수와 상자그림을 구해 두 집단의 분포를 비교하고, 산점도와 상관관계를 말하는 수준을 구분",,structure_ref;textbook_page_refs,Find textbook structure evidence for the containment relation.,pending_textbook_pdf,,,,,,,,,,
6,중3(교육과정 학년군: 중1-3),자료와 가능성,상자그림과 산점도,m1_data_box_scatter_unit__contains__m1_data_positive_correlation,intra_unit,m1_data_box_scatter_unit,상자그림과 산점도,상자그림과 산점도,m1_data_positive_correlation,양의 상관관계,상자그림과 산점도,contains,high,2,"curriculum_math_2022: printed pp. 41-42; achievement-standard considerations; teaching_note; 순열·조합을 이용하면 쉽게 해결되는 복잡한 경우의 수 문제는 다루지 않고, 확률에서 각 경우가 발생할 가능성이 동등하다는 가정을 유의하게 하며, 상자그림은 두 집단 분포 비교에 중점을 둠 | achievement_math_2022: 자료와 가능성 section; [9수04-08]~[9수04-09] achievement levels; achievement_level; 공학 도구로 사분위수와 상자그림을 구해 두 집단의 분포를 비교하고, 산점도와 상관관계를 말하는 수준을 구분",,structure_ref;textbook_page_refs,Find textbook structure evidence for the containment relation.,pending_textbook_pdf,,,,,,,,,,
6,중3(교육과정 학년군: 중1-3),자료와 가능성,상자그림과 산점도,m1_data_box_scatter_unit__contains__m1_data_quartile,intra_unit,m1_data_box_scatter_unit,상자그림과 산점도,상자그림과 산점도,m1_data_quartile,사분위수,상자그림과 산점도,contains,high,3,"curriculum_math_2022: printed pp. 41-42; terms and symbols for 자료와 가능성; term_list; 변량, 대푯값, 중앙값, 최빈값, 줄기와 잎 그림, 계급, 계급의 크기, 도수, 도수분포표, 히스토그램, 도수분포다각형, 상대도수, 사건, 확률, 산포도, 편차, 분산, 표준편차, 사분위수, 상자그림, 산점도, 상관관계를 다룸 | curriculum_math_2022: printed p. 41; [9수04-08]; achievement_standard; 공학 도구를 이용하여 자료를 상자그림으로 나타내고 분포를 비교하는 성취기준 | achievement_math_2022: 자료와 가능성 section; [9수04-08]~[9수04-09] achievement levels; achievement_level; 공학 도구로 사분위수와 상자그림을 구해 두 집단의 분포를 비교하고, 산점도와 상관관계를 말하는 수준을 구분",,structure_ref;textbook_page_refs,Find textbook structure evidence for the containment relation.,pending_textbook_pdf,,,,,,,,,,
6,중3(교육과정 학년군: 중1-3),자료와 가능성,상자그림과 산점도,m1_data_box_scatter_unit__contains__m1_data_quartile_calculation,intra_unit,m1_data_box_scatter_unit,상자그림과 산점도,상자그림과 산점도,m1_data_quartile_calculation,사분위수 구하기,상자그림과 산점도,contains,medium,3,"curriculum_math_2022: printed pp. 41-42; terms and symbols for 자료와 가능성; term_list; 변량, 대푯값, 중앙값, 최빈값, 줄기와 잎 그림, 계급, 계급의 크기, 도수, 도수분포표, 히스토그램, 도수분포다각형, 상대도수, 사건, 확률, 산포도, 편차, 분산, 표준편차, 사분위수, 상자그림, 산점도, 상관관계를 다룸 | curriculum_math_2022: printed p. 41; [9수04-08]; achievement_standard; 공학 도구를 이용하여 자료를 상자그림으로 나타내고 분포를 비교하는 성취기준 | achievement_math_2022: 자료와 가능성 section; [9수04-08]~[9수04-09] achievement levels; achievement_level; 공학 도구로 사분위수와 상자그림을 구해 두 집단의 분포를 비교하고, 산점도와 상관관계를 말하는 수준을 구분",,structure_ref;textbook_page_refs,Find textbook structure evidence for the containment relation.,pending_textbook_pdf,,,,,,,,,,
6,중3(교육과정 학년군: 중1-3),자료와 가능성,상자그림과 산점도,m1_data_box_scatter_unit__contains__m1_data_scatter_plot,intra_unit,m1_data_box_scatter_unit,상자그림과 산점도,상자그림과 산점도,m1_data_scatter_plot,산점도,상자그림과 산점도,contains,high,3,"curriculum_math_2022: printed pp. 41-42; terms and symbols for 자료와 가능성; term_list; 변량, 대푯값, 중앙값, 최빈값, 줄기와 잎 그림, 계급, 계급의 크기, 도수, 도수분포표, 히스토그램, 도수분포다각형, 상대도수, 사건, 확률, 산포도, 편차, 분산, 표준편차, 사분위수, 상자그림, 산점도, 상관관계를 다룸 | curriculum_math_2022: printed p. 41; [9수04-09]; achievement_standard; 자료를 산점도로 나타내고 상관관계를 말하는 성취기준 | achievement_math_2022: 자료와 가능성 section; [9수04-08]~[9수04-09] achievement levels; achievement_level; 공학 도구로 사분위수와 상자그림을 구해 두 집단의 분포를 비교하고, 산점도와 상관관계를 말하는 수준을 구분",,structure_ref;textbook_page_refs,Find textbook structure evidence for the containment relation.,pending_textbook_pdf,,,,,,,,,,
6,중3(교육과정 학년군: 중1-3),자료와 가능성,상자그림과 산점도,m1_data_box_scatter_unit__contains__m1_data_scatter_plot_drawing,intra_unit,m1_data_box_scatter_unit,상자그림과 산점도,상자그림과 산점도,m1_data_scatter_plot_drawing,산점도로 나타내기,상자그림과 산점도,contains,high,2,"curriculum_math_2022: printed p. 41; [9수04-09]; achievement_standard; 자료를 산점도로 나타내고 상관관계를 말하는 성취기준 | achievement_math_2022: 자료와 가능성 section; [9수04-08]~[9수04-09] achievement levels; achievement_level; 공학 도구로 사분위수와 상자그림을 구해 두 집단의 분포를 비교하고, 산점도와 상관관계를 말하는 수준을 구분",,structure_ref;textbook_page_refs,Find textbook structure evidence for the containment relation.,pending_textbook_pdf,,,,,,,,,,
6,중3(교육과정 학년군: 중1-3),자료와 가능성,상자그림과 산점도,m1_data_box_scatter_unit__contains__m1_data_scatter_plot_interpretation,intra_unit,m1_data_box_scatter_unit,상자그림과 산점도,상자그림과 산점도,m1_data_scatter_plot_interpretation,산점도로 상관관계 말하기,상자그림과 산점도,contains,high,3,"curriculum_math_2022: printed p. 41; [9수04-09]; achievement_standard; 자료를 산점도로 나타내고 상관관계를 말하는 성취기준 | curriculum_math_2022: printed pp. 41-42; achievement-standard considerations; teaching_note; 순열·조합을 이용하면 쉽게 해결되는 복잡한 경우의 수 문제는 다루지 않고, 확률에서 각 경우가 발생할 가능성이 동등하다는 가정을 유의하게 하며, 상자그림은 두 집단 분포 비교에 중점을 둠 | achievement_math_2022: 자료와 가능성 section; [9수04-08]~[9수04-09] achievement levels; achievement_level; 공학 도구로 사분위수와 상자그림을 구해 두 집단의 분포를 비교하고, 산점도와 상관관계를 말하는 수준을 구분",,structure_ref;textbook_page_refs,Find textbook structure evidence for the containment relation.,pending_textbook_pdf,,,,,,,,,,
6,중3(교육과정 학년군: 중1-3),자료와 가능성,상자그림과 산점도,m1_data_box_scatter_unit__contains__m1_data_scatter_plot_trend,intra_unit,m1_data_box_scatter_unit,상자그림과 산점도,상자그림과 산점도,m1_data_scatter_plot_trend,산점도의 경향,상자그림과 산점도,contains,medium,2,"curriculum_math_2022: printed p. 41; [9수04-09]; achievement_standard; 자료를 산점도로 나타내고 상관관계를 말하는 성취기준 | achievement_math_2022: 자료와 가능성 section; [9수04-08]~[9수04-09] achievement levels; achievement_level; 공학 도구로 사분위수와 상자그림을 구해 두 집단의 분포를 비교하고, 산점도와 상관관계를 말하는 수준을 구분",,structure_ref;textbook_page_refs,Find textbook structure evidence for the containment relation.,pending_textbook_pdf,,,,,,,,,,
6,중3(교육과정 학년군: 중1-3),자료와 가능성,상자그림과 산점도,m1_data_correlation__contains__m1_data_negative_correlation,intra_unit,m1_data_correlation,상관관계,상자그림과 산점도,m1_data_negative_correlation,음의 상관관계,상자그림과 산점도,contains,high,2,"curriculum_math_2022: printed pp. 41-42; achievement-standard considerations; teaching_note; 순열·조합을 이용하면 쉽게 해결되는 복잡한 경우의 수 문제는 다루지 않고, 확률에서 각 경우가 발생할 가능성이 동등하다는 가정을 유의하게 하며, 상자그림은 두 집단 분포 비교에 중점을 둠 | achievement_math_2022: 자료와 가능성 section; [9수04-08]~[9수04-09] achievement levels; achievement_level; 공학 도구로 사분위수와 상자그림을 구해 두 집단의 분포를 비교하고, 산점도와 상관관계를 말하는 수준을 구분",,structure_ref;textbook_page_refs,Find textbook structure evidence for the containment relation.,pending_textbook_pdf,,,,,,,,,,
6,중3(교육과정 학년군: 중1-3),자료와 가능성,상자그림과 산점도,m1_data_correlation__contains__m1_data_no_correlation,intra_unit,m1_data_correlation,상관관계,상자그림과 산점도,m1_data_no_correlation,상관관계가 없는 경우,상자그림과 산점도,contains,high,2,"curriculum_math_2022: printed pp. 41-42; achievement-standard considerations; teaching_note; 순열·조합을 이용하면 쉽게 해결되는 복잡한 경우의 수 문제는 다루지 않고, 확률에서 각 경우가 발생할 가능성이 동등하다는 가정을 유의하게 하며, 상자그림은 두 집단 분포 비교에 중점을 둠 | achievement_math_2022: 자료와 가능성 section; [9수04-08]~[9수04-09] achievement levels; achievement_level; 공학 도구로 사분위수와 상자그림을 구해 두 집단의 분포를 비교하고, 산점도와 상관관계를 말하는 수준을 구분",,structure_ref;textbook_page_refs,Find textbook structure evidence for the containment relation.,pending_textbook_pdf,,,,,,,,,,
6,중3(교육과정 학년군: 중1-3),자료와 가능성,상자그림과 산점도,m1_data_correlation__contains__m1_data_positive_correlation,intra_unit,m1_data_correlation,상관관계,상자그림과 산점도,m1_data_positive_correlation,양의 상관관계,상자그림과 산점도,contains,high,2,"curriculum_math_2022: printed pp. 41-42; achievement-standard considerations; teaching_note; 순열·조합을 이용하면 쉽게 해결되는 복잡한 경우의 수 문제는 다루지 않고, 확률에서 각 경우가 발생할 가능성이 동등하다는 가정을 유의하게 하며, 상자그림은 두 집단 분포 비교에 중점을 둠 | achievement_math_2022: 자료와 가능성 section; [9수04-08]~[9수04-09] achievement levels; achievement_level; 공학 도구로 사분위수와 상자그림을 구해 두 집단의 분포를 비교하고, 산점도와 상관관계를 말하는 수준을 구분",,structure_ref;textbook_page_refs,Find textbook structure evidence for the containment relation.,pending_textbook_pdf,,,,,,,,,,
6,중3(교육과정 학년군: 중1-3),자료와 가능성,상자그림과 산점도,m1_data_quartile__contains__m1_data_first_quartile,intra_unit,m1_data_quartile,사분위수,상자그림과 산점도,m1_data_first_quartile,제1사분위수,상자그림과 산점도,contains,medium,3,"curriculum_math_2022: printed pp. 41-42; terms and symbols for 자료와 가능성; term_list; 변량, 대푯값, 중앙값, 최빈값, 줄기와 잎 그림, 계급, 계급의 크기, 도수, 도수분포표, 히스토그램, 도수분포다각형, 상대도수, 사건, 확률, 산포도, 편차, 분산, 표준편차, 사분위수, 상자그림, 산점도, 상관관계를 다룸 | curriculum_math_2022: printed p. 41; [9수04-08]; achievement_standard; 공학 도구를 이용하여 자료를 상자그림으로 나타내고 분포를 비교하는 성취기준 | achievement_math_2022: 자료와 가능성 section; [9수04-08]~[9수04-09] achievement levels; achievement_level; 공학 도구로 사분위수와 상자그림을 구해 두 집단의 분포를 비교하고, 산점도와 상관관계를 말하는 수준을 구분",,structure_ref;textbook_page_refs,Find textbook structure evidence for the containment relation.,pending_textbook_pdf,,,,,,,,,,
6,중3(교육과정 학년군: 중1-3),자료와 가능성,상자그림과 산점도,m1_data_quartile__contains__m1_data_second_quartile,intra_unit,m1_data_quartile,사분위수,상자그림과 산점도,m1_data_second_quartile,제2사분위수,상자그림과 산점도,contains,medium,3,"curriculum_math_2022: printed pp. 41-42; terms and symbols for 자료와 가능성; term_list; 변량, 대푯값, 중앙값, 최빈값, 줄기와 잎 그림, 계급, 계급의 크기, 도수, 도수분포표, 히스토그램, 도수분포다각형, 상대도수, 사건, 확률, 산포도, 편차, 분산, 표준편차, 사분위수, 상자그림, 산점도, 상관관계를 다룸 | curriculum_math_2022: printed p. 41; [9수04-08]; achievement_standard; 공학 도구를 이용하여 자료를 상자그림으로 나타내고 분포를 비교하는 성취기준 | achievement_math_2022: 자료와 가능성 section; [9수04-08]~[9수04-09] achievement levels; achievement_level; 공학 도구로 사분위수와 상자그림을 구해 두 집단의 분포를 비교하고, 산점도와 상관관계를 말하는 수준을 구분",,structure_ref;textbook_page_refs,Find textbook structure evidence for the containment relation.,pending_textbook_pdf,,,,,,,,,,
6,중3(교육과정 학년군: 중1-3),자료와 가능성,상자그림과 산점도,m1_data_quartile__contains__m1_data_third_quartile,intra_unit,m1_data_quartile,사분위수,상자그림과 산점도,m1_data_third_quartile,제3사분위수,상자그림과 산점도,contains,medium,3,"curriculum_math_2022: printed pp. 41-42; terms and symbols for 자료와 가능성; term_list; 변량, 대푯값, 중앙값, 최빈값, 줄기와 잎 그림, 계급, 계급의 크기, 도수, 도수분포표, 히스토그램, 도수분포다각형, 상대도수, 사건, 확률, 산포도, 편차, 분산, 표준편차, 사분위수, 상자그림, 산점도, 상관관계를 다룸 | curriculum_math_2022: printed p. 41; [9수04-08]; achievement_standard; 공학 도구를 이용하여 자료를 상자그림으로 나타내고 분포를 비교하는 성취기준 | achievement_math_2022: 자료와 가능성 section; [9수04-08]~[9수04-09] achievement levels; achievement_level; 공학 도구로 사분위수와 상자그림을 구해 두 집단의 분포를 비교하고, 산점도와 상관관계를 말하는 수준을 구분",,structure_ref;textbook_page_refs,Find textbook structure evidence for the containment relation.,pending_textbook_pdf,,,,,,,,,,
6,중3(교육과정 학년군: 중1-3),자료와 가능성,상자그림과 산점도,m1_data_scatter_plot__contains__m1_data_scatter_plot_axes_variables,intra_unit,m1_data_scatter_plot,산점도,상자그림과 산점도,m1_data_scatter_plot_axes_variables,산점도의 두 축과 변량,상자그림과 산점도,contains,medium,2,"curriculum_math_2022: printed p. 41; [9수04-09]; achievement_standard; 자료를 산점도로 나타내고 상관관계를 말하는 성취기준 | achievement_math_2022: 자료와 가능성 section; [9수04-08]~[9수04-09] achievement levels; achievement_level; 공학 도구로 사분위수와 상자그림을 구해 두 집단의 분포를 비교하고, 산점도와 상관관계를 말하는 수준을 구분",,structure_ref;textbook_page_refs,Find textbook structure evidence for the containment relation.,pending_textbook_pdf,,,,,,,,,,
6,중3(교육과정 학년군: 중1-3),자료와 가능성,상자그림과 산점도,m1_data_scatter_plot__contains__m1_data_scatter_plot_point,intra_unit,m1_data_scatter_plot,산점도,상자그림과 산점도,m1_data_scatter_plot_point,산점도의 점,상자그림과 산점도,contains,medium,2,"curriculum_math_2022: printed p. 41; [9수04-09]; achievement_standard; 자료를 산점도로 나타내고 상관관계를 말하는 성취기준 | achievement_math_2022: 자료와 가능성 section; [9수04-08]~[9수04-09] achievement levels; achievement_level; 공학 도구로 사분위수와 상자그림을 구해 두 집단의 분포를 비교하고, 산점도와 상관관계를 말하는 수준을 구분",,structure_ref;textbook_page_refs,Find textbook structure evidence for the containment relation.,pending_textbook_pdf,,,,,,,,,,
6,중3(교육과정 학년군: 중1-3),자료와 가능성,상자그림과 산점도,m1_data_bivariate_pair__prerequisite_for__m1_data_scatter_plot,intra_unit,m1_data_bivariate_pair,두 변량의 대응값,상자그림과 산점도,m1_data_scatter_plot,산점도,상자그림과 산점도,prerequisite_for,high,3,"curriculum_math_2022: printed pp. 41-42; terms and symbols for 자료와 가능성; term_list; 변량, 대푯값, 중앙값, 최빈값, 줄기와 잎 그림, 계급, 계급의 크기, 도수, 도수분포표, 히스토그램, 도수분포다각형, 상대도수, 사건, 확률, 산포도, 편차, 분산, 표준편차, 사분위수, 상자그림, 산점도, 상관관계를 다룸 | curriculum_math_2022: printed p. 41; [9수04-09]; achievement_standard; 자료를 산점도로 나타내고 상관관계를 말하는 성취기준 | achievement_math_2022: 자료와 가능성 section; [9수04-08]~[9수04-09] achievement levels; achievement_level; 공학 도구로 사분위수와 상자그림을 구해 두 집단의 분포를 비교하고, 산점도와 상관관계를 말하는 수준을 구분",,prerequisite_ref;textbook_page_refs,Find textbook sequencing or prior-knowledge evidence for the prerequisite relation.,pending_textbook_pdf,,,,,,,,,,
6,중3(교육과정 학년군: 중1-3),자료와 가능성,상자그림과 산점도,m1_data_bivariate_pair__prerequisite_for__m1_data_scatter_plot_drawing,intra_unit,m1_data_bivariate_pair,두 변량의 대응값,상자그림과 산점도,m1_data_scatter_plot_drawing,산점도로 나타내기,상자그림과 산점도,prerequisite_for,high,2,"curriculum_math_2022: printed p. 41; [9수04-09]; achievement_standard; 자료를 산점도로 나타내고 상관관계를 말하는 성취기준 | achievement_math_2022: 자료와 가능성 section; [9수04-08]~[9수04-09] achievement levels; achievement_level; 공학 도구로 사분위수와 상자그림을 구해 두 집단의 분포를 비교하고, 산점도와 상관관계를 말하는 수준을 구분",,prerequisite_ref;textbook_page_refs,Find textbook sequencing or prior-knowledge evidence for the prerequisite relation.,pending_textbook_pdf,,,,,,,,,,
6,중3(교육과정 학년군: 중1-3),자료와 가능성,상자그림과 산점도,m1_data_bivariate_pair__prerequisite_for__m1_data_scatter_plot_point,intra_unit,m1_data_bivariate_pair,두 변량의 대응값,상자그림과 산점도,m1_data_scatter_plot_point,산점도의 점,상자그림과 산점도,prerequisite_for,medium,2,"curriculum_math_2022: printed p. 41; [9수04-09]; achievement_standard; 자료를 산점도로 나타내고 상관관계를 말하는 성취기준 | achievement_math_2022: 자료와 가능성 section; [9수04-08]~[9수04-09] achievement levels; achievement_level; 공학 도구로 사분위수와 상자그림을 구해 두 집단의 분포를 비교하고, 산점도와 상관관계를 말하는 수준을 구분",,prerequisite_ref;textbook_page_refs,Find textbook sequencing or prior-knowledge evidence for the prerequisite relation.,pending_textbook_pdf,,,,,,,,,,
6,중3(교육과정 학년군: 중1-3),자료와 가능성,상자그림과 산점도,m1_data_box_plot__prerequisite_for__m1_data_box_plot_center_spread_reading,intra_unit,m1_data_box_plot,상자그림,상자그림과 산점도,m1_data_box_plot_center_spread_reading,상자그림에서 중심과 퍼짐 읽기,상자그림과 산점도,prerequisite_for,medium,3,"curriculum_math_2022: printed p. 41; [9수04-08]; achievement_standard; 공학 도구를 이용하여 자료를 상자그림으로 나타내고 분포를 비교하는 성취기준 | curriculum_math_2022: printed pp. 41-42; achievement-standard considerations; teaching_note; 순열·조합을 이용하면 쉽게 해결되는 복잡한 경우의 수 문제는 다루지 않고, 확률에서 각 경우가 발생할 가능성이 동등하다는 가정을 유의하게 하며, 상자그림은 두 집단 분포 비교에 중점을 둠 | achievement_math_2022: 자료와 가능성 section; [9수04-08]~[9수04-09] achievement levels; achievement_level; 공학 도구로 사분위수와 상자그림을 구해 두 집단의 분포를 비교하고, 산점도와 상관관계를 말하는 수준을 구분",,prerequisite_ref;textbook_page_refs,Find textbook sequencing or prior-knowledge evidence for the prerequisite relation.,pending_textbook_pdf,,,,,,,,,,
6,중3(교육과정 학년군: 중1-3),자료와 가능성,상자그림과 산점도,m1_data_box_plot__prerequisite_for__m1_data_box_plot_compare,intra_unit,m1_data_box_plot,상자그림,상자그림과 산점도,m1_data_box_plot_compare,상자그림으로 두 집단의 분포 비교,상자그림과 산점도,prerequisite_for,high,3,"curriculum_math_2022: printed p. 41; [9수04-08]; achievement_standard; 공학 도구를 이용하여 자료를 상자그림으로 나타내고 분포를 비교하는 성취기준 | curriculum_math_2022: printed pp. 41-42; achievement-standard considerations; teaching_note; 순열·조합을 이용하면 쉽게 해결되는 복잡한 경우의 수 문제는 다루지 않고, 확률에서 각 경우가 발생할 가능성이 동등하다는 가정을 유의하게 하며, 상자그림은 두 집단 분포 비교에 중점을 둠 | achievement_math_2022: 자료와 가능성 section; [9수04-08]~[9수04-09] achievement levels; achievement_level; 공학 도구로 사분위수와 상자그림을 구해 두 집단의 분포를 비교하고, 산점도와 상관관계를 말하는 수준을 구분",,prerequisite_ref;textbook_page_refs,Find textbook sequencing or prior-knowledge evidence for the prerequisite relation.,pending_textbook_pdf,,,,,,,,,,
6,중3(교육과정 학년군: 중1-3),자료와 가능성,상자그림과 산점도,m1_data_box_plot_center_spread_reading__prerequisite_for__m1_data_box_plot_compare,intra_unit,m1_data_box_plot_center_spread_reading,상자그림에서 중심과 퍼짐 읽기,상자그림과 산점도,m1_data_box_plot_compare,상자그림으로 두 집단의 분포 비교,상자그림과 산점도,prerequisite_for,high,3,"curriculum_math_2022: printed p. 41; [9수04-08]; achievement_standard; 공학 도구를 이용하여 자료를 상자그림으로 나타내고 분포를 비교하는 성취기준 | curriculum_math_2022: printed pp. 41-42; achievement-standard considerations; teaching_note; 순열·조합을 이용하면 쉽게 해결되는 복잡한 경우의 수 문제는 다루지 않고, 확률에서 각 경우가 발생할 가능성이 동등하다는 가정을 유의하게 하며, 상자그림은 두 집단 분포 비교에 중점을 둠 | achievement_math_2022: 자료와 가능성 section; [9수04-08]~[9수04-09] achievement levels; achievement_level; 공학 도구로 사분위수와 상자그림을 구해 두 집단의 분포를 비교하고, 산점도와 상관관계를 말하는 수준을 구분",,prerequisite_ref;textbook_page_refs,Find textbook sequencing or prior-knowledge evidence for the prerequisite relation.,pending_textbook_pdf,,,,,,,,,,
6,중3(교육과정 학년군: 중1-3),자료와 가능성,상자그림과 산점도,m1_data_box_plot_five_value_summary__prerequisite_for__m1_data_box_plot,intra_unit,m1_data_box_plot_five_value_summary,상자그림의 다섯 값,상자그림과 산점도,m1_data_box_plot,상자그림,상자그림과 산점도,prerequisite_for,high,4,"curriculum_math_2022: printed pp. 41-42; terms and symbols for 자료와 가능성; term_list; 변량, 대푯값, 중앙값, 최빈값, 줄기와 잎 그림, 계급, 계급의 크기, 도수, 도수분포표, 히스토그램, 도수분포다각형, 상대도수, 사건, 확률, 산포도, 편차, 분산, 표준편차, 사분위수, 상자그림, 산점도, 상관관계를 다룸 | curriculum_math_2022: printed p. 41; [9수04-08]; achievement_standard; 공학 도구를 이용하여 자료를 상자그림으로 나타내고 분포를 비교하는 성취기준 | curriculum_math_2022: printed pp. 41-42; achievement-standard considerations; teaching_note; 순열·조합을 이용하면 쉽게 해결되는 복잡한 경우의 수 문제는 다루지 않고, 확률에서 각 경우가 발생할 가능성이 동등하다는 가정을 유의하게 하며, 상자그림은 두 집단 분포 비교에 중점을 둠 | achievement_math_2022: 자료와 가능성 section; [9수04-08]~[9수04-09] achievement levels; achievement_level; 공학 도구로 사분위수와 상자그림을 구해 두 집단의 분포를 비교하고, 산점도와 상관관계를 말하는 수준을 구분",,prerequisite_ref;textbook_page_refs,Find textbook sequencing or prior-knowledge evidence for the prerequisite relation.,pending_textbook_pdf,,,,,,,,,,
6,중3(교육과정 학년군: 중1-3),자료와 가능성,상자그림과 산점도,m1_data_box_plot_five_value_summary__prerequisite_for__m1_data_box_plot_construction_tool,intra_unit,m1_data_box_plot_five_value_summary,상자그림의 다섯 값,상자그림과 산점도,m1_data_box_plot_construction_tool,공학 도구로 상자그림 나타내기,상자그림과 산점도,prerequisite_for,high,2,"curriculum_math_2022: printed p. 41; [9수04-08]; achievement_standard; 공학 도구를 이용하여 자료를 상자그림으로 나타내고 분포를 비교하는 성취기준 | achievement_math_2022: 자료와 가능성 section; [9수04-08]~[9수04-09] achievement levels; achievement_level; 공학 도구로 사분위수와 상자그림을 구해 두 집단의 분포를 비교하고, 산점도와 상관관계를 말하는 수준을 구분",,prerequisite_ref;textbook_page_refs,Find textbook sequencing or prior-knowledge evidence for the prerequisite relation.,pending_textbook_pdf,,,,,,,,,,
6,중3(교육과정 학년군: 중1-3),자료와 가능성,상자그림과 산점도,m1_data_correlation__prerequisite_for__m1_data_negative_correlation,intra_unit,m1_data_correlation,상관관계,상자그림과 산점도,m1_data_negative_correlation,음의 상관관계,상자그림과 산점도,prerequisite_for,high,2,"curriculum_math_2022: printed pp. 41-42; achievement-standard considerations; teaching_note; 순열·조합을 이용하면 쉽게 해결되는 복잡한 경우의 수 문제는 다루지 않고, 확률에서 각 경우가 발생할 가능성이 동등하다는 가정을 유의하게 하며, 상자그림은 두 집단 분포 비교에 중점을 둠 | achievement_math_2022: 자료와 가능성 section; [9수04-08]~[9수04-09] achievement levels; achievement_level; 공학 도구로 사분위수와 상자그림을 구해 두 집단의 분포를 비교하고, 산점도와 상관관계를 말하는 수준을 구분",,prerequisite_ref;textbook_page_refs,Find textbook sequencing or prior-knowledge evidence for the prerequisite relation.,pending_textbook_pdf,,,,,,,,,,
6,중3(교육과정 학년군: 중1-3),자료와 가능성,상자그림과 산점도,m1_data_correlation__prerequisite_for__m1_data_no_correlation,intra_unit,m1_data_correlation,상관관계,상자그림과 산점도,m1_data_no_correlation,상관관계가 없는 경우,상자그림과 산점도,prerequisite_for,high,2,"curriculum_math_2022: printed pp. 41-42; achievement-standard considerations; teaching_note; 순열·조합을 이용하면 쉽게 해결되는 복잡한 경우의 수 문제는 다루지 않고, 확률에서 각 경우가 발생할 가능성이 동등하다는 가정을 유의하게 하며, 상자그림은 두 집단 분포 비교에 중점을 둠 | achievement_math_2022: 자료와 가능성 section; [9수04-08]~[9수04-09] achievement levels; achievement_level; 공학 도구로 사분위수와 상자그림을 구해 두 집단의 분포를 비교하고, 산점도와 상관관계를 말하는 수준을 구분",,prerequisite_ref;textbook_page_refs,Find textbook sequencing or prior-knowledge evidence for the prerequisite relation.,pending_textbook_pdf,,,,,,,,,,
6,중3(교육과정 학년군: 중1-3),자료와 가능성,상자그림과 산점도,m1_data_correlation__prerequisite_for__m1_data_positive_correlation,intra_unit,m1_data_correlation,상관관계,상자그림과 산점도,m1_data_positive_correlation,양의 상관관계,상자그림과 산점도,prerequisite_for,high,2,"curriculum_math_2022: printed pp. 41-42; achievement-standard considerations; teaching_note; 순열·조합을 이용하면 쉽게 해결되는 복잡한 경우의 수 문제는 다루지 않고, 확률에서 각 경우가 발생할 가능성이 동등하다는 가정을 유의하게 하며, 상자그림은 두 집단 분포 비교에 중점을 둠 | achievement_math_2022: 자료와 가능성 section; [9수04-08]~[9수04-09] achievement levels; achievement_level; 공학 도구로 사분위수와 상자그림을 구해 두 집단의 분포를 비교하고, 산점도와 상관관계를 말하는 수준을 구분",,prerequisite_ref;textbook_page_refs,Find textbook sequencing or prior-knowledge evidence for the prerequisite relation.,pending_textbook_pdf,,,,,,,,,,
6,중3(교육과정 학년군: 중1-3),자료와 가능성,상자그림과 산점도,m1_data_correlation__prerequisite_for__m1_data_scatter_plot_interpretation,intra_unit,m1_data_correlation,상관관계,상자그림과 산점도,m1_data_scatter_plot_interpretation,산점도로 상관관계 말하기,상자그림과 산점도,prerequisite_for,high,3,"curriculum_math_2022: printed p. 41; [9수04-09]; achievement_standard; 자료를 산점도로 나타내고 상관관계를 말하는 성취기준 | curriculum_math_2022: printed pp. 41-42; achievement-standard considerations; teaching_note; 순열·조합을 이용하면 쉽게 해결되는 복잡한 경우의 수 문제는 다루지 않고, 확률에서 각 경우가 발생할 가능성이 동등하다는 가정을 유의하게 하며, 상자그림은 두 집단 분포 비교에 중점을 둠 | achievement_math_2022: 자료와 가능성 section; [9수04-08]~[9수04-09] achievement levels; achievement_level; 공학 도구로 사분위수와 상자그림을 구해 두 집단의 분포를 비교하고, 산점도와 상관관계를 말하는 수준을 구분",,prerequisite_ref;textbook_page_refs,Find textbook sequencing or prior-knowledge evidence for the prerequisite relation.,pending_textbook_pdf,,,,,,,,,,
6,중3(교육과정 학년군: 중1-3),자료와 가능성,상자그림과 산점도,m1_data_first_quartile__prerequisite_for__m1_data_box_plot_five_value_summary,intra_unit,m1_data_first_quartile,제1사분위수,상자그림과 산점도,m1_data_box_plot_five_value_summary,상자그림의 다섯 값,상자그림과 산점도,prerequisite_for,medium,2,"curriculum_math_2022: printed p. 41; [9수04-08]; achievement_standard; 공학 도구를 이용하여 자료를 상자그림으로 나타내고 분포를 비교하는 성취기준 | achievement_math_2022: 자료와 가능성 section; [9수04-08]~[9수04-09] achievement levels; achievement_level; 공학 도구로 사분위수와 상자그림을 구해 두 집단의 분포를 비교하고, 산점도와 상관관계를 말하는 수준을 구분",,prerequisite_ref;textbook_page_refs,Find textbook sequencing or prior-knowledge evidence for the prerequisite relation.,pending_textbook_pdf,,,,,,,,,,
6,중3(교육과정 학년군: 중1-3),자료와 가능성,상자그림과 산점도,m1_data_interquartile_range__prerequisite_for__m1_data_box_plot_center_spread_reading,intra_unit,m1_data_interquartile_range,사분위범위,상자그림과 산점도,m1_data_box_plot_center_spread_reading,상자그림에서 중심과 퍼짐 읽기,상자그림과 산점도,prerequisite_for,medium,3,"curriculum_math_2022: printed p. 41; [9수04-08]; achievement_standard; 공학 도구를 이용하여 자료를 상자그림으로 나타내고 분포를 비교하는 성취기준 | curriculum_math_2022: printed pp. 41-42; achievement-standard considerations; teaching_note; 순열·조합을 이용하면 쉽게 해결되는 복잡한 경우의 수 문제는 다루지 않고, 확률에서 각 경우가 발생할 가능성이 동등하다는 가정을 유의하게 하며, 상자그림은 두 집단 분포 비교에 중점을 둠 | achievement_math_2022: 자료와 가능성 section; [9수04-08]~[9수04-09] achievement levels; achievement_level; 공학 도구로 사분위수와 상자그림을 구해 두 집단의 분포를 비교하고, 산점도와 상관관계를 말하는 수준을 구분",,prerequisite_ref;textbook_page_refs,Find textbook sequencing or prior-knowledge evidence for the prerequisite relation.,pending_textbook_pdf,,,,,,,,,,
6,중3(교육과정 학년군: 중1-3),자료와 가능성,상자그림과 산점도,m1_data_maximum_value__prerequisite_for__m1_data_box_plot_five_value_summary,intra_unit,m1_data_maximum_value,최댓값,상자그림과 산점도,m1_data_box_plot_five_value_summary,상자그림의 다섯 값,상자그림과 산점도,prerequisite_for,medium,2,"curriculum_math_2022: printed p. 41; [9수04-08]; achievement_standard; 공학 도구를 이용하여 자료를 상자그림으로 나타내고 분포를 비교하는 성취기준 | achievement_math_2022: 자료와 가능성 section; [9수04-08]~[9수04-09] achievement levels; achievement_level; 공학 도구로 사분위수와 상자그림을 구해 두 집단의 분포를 비교하고, 산점도와 상관관계를 말하는 수준을 구분",,prerequisite_ref;textbook_page_refs,Find textbook sequencing or prior-knowledge evidence for the prerequisite relation.,pending_textbook_pdf,,,,,,,,,,
6,중3(교육과정 학년군: 중1-3),자료와 가능성,상자그림과 산점도,m1_data_minimum_value__prerequisite_for__m1_data_box_plot_five_value_summary,intra_unit,m1_data_minimum_value,최솟값,상자그림과 산점도,m1_data_box_plot_five_value_summary,상자그림의 다섯 값,상자그림과 산점도,prerequisite_for,medium,2,"curriculum_math_2022: printed p. 41; [9수04-08]; achievement_standard; 공학 도구를 이용하여 자료를 상자그림으로 나타내고 분포를 비교하는 성취기준 | achievement_math_2022: 자료와 가능성 section; [9수04-08]~[9수04-09] achievement levels; achievement_level; 공학 도구로 사분위수와 상자그림을 구해 두 집단의 분포를 비교하고, 산점도와 상관관계를 말하는 수준을 구분",,prerequisite_ref;textbook_page_refs,Find textbook sequencing or prior-knowledge evidence for the prerequisite relation.,pending_textbook_pdf,,,,,,,,,,
6,중3(교육과정 학년군: 중1-3),자료와 가능성,상자그림과 산점도,m1_data_ordered_data_for_quartiles__prerequisite_for__m1_data_quartile,intra_unit,m1_data_ordered_data_for_quartiles,사분위수를 구하기 위한 자료 정렬,상자그림과 산점도,m1_data_quartile,사분위수,상자그림과 산점도,prerequisite_for,high,3,"curriculum_math_2022: printed pp. 41-42; terms and symbols for 자료와 가능성; term_list; 변량, 대푯값, 중앙값, 최빈값, 줄기와 잎 그림, 계급, 계급의 크기, 도수, 도수분포표, 히스토그램, 도수분포다각형, 상대도수, 사건, 확률, 산포도, 편차, 분산, 표준편차, 사분위수, 상자그림, 산점도, 상관관계를 다룸 | curriculum_math_2022: printed p. 41; [9수04-08]; achievement_standard; 공학 도구를 이용하여 자료를 상자그림으로 나타내고 분포를 비교하는 성취기준 | achievement_math_2022: 자료와 가능성 section; [9수04-08]~[9수04-09] achievement levels; achievement_level; 공학 도구로 사분위수와 상자그림을 구해 두 집단의 분포를 비교하고, 산점도와 상관관계를 말하는 수준을 구분",,prerequisite_ref;textbook_page_refs,Find textbook sequencing or prior-knowledge evidence for the prerequisite relation.,pending_textbook_pdf,,,,,,,,,,
6,중3(교육과정 학년군: 중1-3),자료와 가능성,상자그림과 산점도,m1_data_ordered_data_for_quartiles__prerequisite_for__m1_data_quartile_calculation,intra_unit,m1_data_ordered_data_for_quartiles,사분위수를 구하기 위한 자료 정렬,상자그림과 산점도,m1_data_quartile_calculation,사분위수 구하기,상자그림과 산점도,prerequisite_for,medium,3,"curriculum_math_2022: printed pp. 41-42; terms and symbols for 자료와 가능성; term_list; 변량, 대푯값, 중앙값, 최빈값, 줄기와 잎 그림, 계급, 계급의 크기, 도수, 도수분포표, 히스토그램, 도수분포다각형, 상대도수, 사건, 확률, 산포도, 편차, 분산, 표준편차, 사분위수, 상자그림, 산점도, 상관관계를 다룸 | curriculum_math_2022: printed p. 41; [9수04-08]; achievement_standard; 공학 도구를 이용하여 자료를 상자그림으로 나타내고 분포를 비교하는 성취기준 | achievement_math_2022: 자료와 가능성 section; [9수04-08]~[9수04-09] achievement levels; achievement_level; 공학 도구로 사분위수와 상자그림을 구해 두 집단의 분포를 비교하고, 산점도와 상관관계를 말하는 수준을 구분",,prerequisite_ref;textbook_page_refs,Find textbook sequencing or prior-knowledge evidence for the prerequisite relation.,pending_textbook_pdf,,,,,,,,,,
6,중3(교육과정 학년군: 중1-3),자료와 가능성,상자그림과 산점도,m1_data_quartile__prerequisite_for__m1_data_box_plot,intra_unit,m1_data_quartile,사분위수,상자그림과 산점도,m1_data_box_plot,상자그림,상자그림과 산점도,prerequisite_for,high,4,"curriculum_math_2022: printed pp. 41-42; terms and symbols for 자료와 가능성; term_list; 변량, 대푯값, 중앙값, 최빈값, 줄기와 잎 그림, 계급, 계급의 크기, 도수, 도수분포표, 히스토그램, 도수분포다각형, 상대도수, 사건, 확률, 산포도, 편차, 분산, 표준편차, 사분위수, 상자그림, 산점도, 상관관계를 다룸 | curriculum_math_2022: printed p. 41; [9수04-08]; achievement_standard; 공학 도구를 이용하여 자료를 상자그림으로 나타내고 분포를 비교하는 성취기준 | curriculum_math_2022: printed pp. 41-42; achievement-standard considerations; teaching_note; 순열·조합을 이용하면 쉽게 해결되는 복잡한 경우의 수 문제는 다루지 않고, 확률에서 각 경우가 발생할 가능성이 동등하다는 가정을 유의하게 하며, 상자그림은 두 집단 분포 비교에 중점을 둠 | achievement_math_2022: 자료와 가능성 section; [9수04-08]~[9수04-09] achievement levels; achievement_level; 공학 도구로 사분위수와 상자그림을 구해 두 집단의 분포를 비교하고, 산점도와 상관관계를 말하는 수준을 구분",,prerequisite_ref;textbook_page_refs,Find textbook sequencing or prior-knowledge evidence for the prerequisite relation.,pending_textbook_pdf,,,,,,,,,,
6,중3(교육과정 학년군: 중1-3),자료와 가능성,상자그림과 산점도,m1_data_quartile__prerequisite_for__m1_data_first_quartile,intra_unit,m1_data_quartile,사분위수,상자그림과 산점도,m1_data_first_quartile,제1사분위수,상자그림과 산점도,prerequisite_for,medium,3,"curriculum_math_2022: printed pp. 41-42; terms and symbols for 자료와 가능성; term_list; 변량, 대푯값, 중앙값, 최빈값, 줄기와 잎 그림, 계급, 계급의 크기, 도수, 도수분포표, 히스토그램, 도수분포다각형, 상대도수, 사건, 확률, 산포도, 편차, 분산, 표준편차, 사분위수, 상자그림, 산점도, 상관관계를 다룸 | curriculum_math_2022: printed p. 41; [9수04-08]; achievement_standard; 공학 도구를 이용하여 자료를 상자그림으로 나타내고 분포를 비교하는 성취기준 | achievement_math_2022: 자료와 가능성 section; [9수04-08]~[9수04-09] achievement levels; achievement_level; 공학 도구로 사분위수와 상자그림을 구해 두 집단의 분포를 비교하고, 산점도와 상관관계를 말하는 수준을 구분",,prerequisite_ref;textbook_page_refs,Find textbook sequencing or prior-knowledge evidence for the prerequisite relation.,pending_textbook_pdf,,,,,,,,,,
6,중3(교육과정 학년군: 중1-3),자료와 가능성,상자그림과 산점도,m1_data_quartile__prerequisite_for__m1_data_quartile_calculation,intra_unit,m1_data_quartile,사분위수,상자그림과 산점도,m1_data_quartile_calculation,사분위수 구하기,상자그림과 산점도,prerequisite_for,medium,3,"curriculum_math_2022: printed pp. 41-42; terms and symbols for 자료와 가능성; term_list; 변량, 대푯값, 중앙값, 최빈값, 줄기와 잎 그림, 계급, 계급의 크기, 도수, 도수분포표, 히스토그램, 도수분포다각형, 상대도수, 사건, 확률, 산포도, 편차, 분산, 표준편차, 사분위수, 상자그림, 산점도, 상관관계를 다룸 | curriculum_math_2022: printed p. 41; [9수04-08]; achievement_standard; 공학 도구를 이용하여 자료를 상자그림으로 나타내고 분포를 비교하는 성취기준 | achievement_math_2022: 자료와 가능성 section; [9수04-08]~[9수04-09] achievement levels; achievement_level; 공학 도구로 사분위수와 상자그림을 구해 두 집단의 분포를 비교하고, 산점도와 상관관계를 말하는 수준을 구분",,prerequisite_ref;textbook_page_refs,Find textbook sequencing or prior-knowledge evidence for the prerequisite relation.,pending_textbook_pdf,,,,,,,,,,
6,중3(교육과정 학년군: 중1-3),자료와 가능성,상자그림과 산점도,m1_data_quartile__prerequisite_for__m1_data_second_quartile,intra_unit,m1_data_quartile,사분위수,상자그림과 산점도,m1_data_second_quartile,제2사분위수,상자그림과 산점도,prerequisite_for,medium,3,"curriculum_math_2022: printed pp. 41-42; terms and symbols for 자료와 가능성; term_list; 변량, 대푯값, 중앙값, 최빈값, 줄기와 잎 그림, 계급, 계급의 크기, 도수, 도수분포표, 히스토그램, 도수분포다각형, 상대도수, 사건, 확률, 산포도, 편차, 분산, 표준편차, 사분위수, 상자그림, 산점도, 상관관계를 다룸 | curriculum_math_2022: printed p. 41; [9수04-08]; achievement_standard; 공학 도구를 이용하여 자료를 상자그림으로 나타내고 분포를 비교하는 성취기준 | achievement_math_2022: 자료와 가능성 section; [9수04-08]~[9수04-09] achievement levels; achievement_level; 공학 도구로 사분위수와 상자그림을 구해 두 집단의 분포를 비교하고, 산점도와 상관관계를 말하는 수준을 구분",,prerequisite_ref;textbook_page_refs,Find textbook sequencing or prior-knowledge evidence for the prerequisite relation.,pending_textbook_pdf,,,,,,,,,,
6,중3(교육과정 학년군: 중1-3),자료와 가능성,상자그림과 산점도,m1_data_quartile__prerequisite_for__m1_data_third_quartile,intra_unit,m1_data_quartile,사분위수,상자그림과 산점도,m1_data_third_quartile,제3사분위수,상자그림과 산점도,prerequisite_for,medium,3,"curriculum_math_2022: printed pp. 41-42; terms and symbols for 자료와 가능성; term_list; 변량, 대푯값, 중앙값, 최빈값, 줄기와 잎 그림, 계급, 계급의 크기, 도수, 도수분포표, 히스토그램, 도수분포다각형, 상대도수, 사건, 확률, 산포도, 편차, 분산, 표준편차, 사분위수, 상자그림, 산점도, 상관관계를 다룸 | curriculum_math_2022: printed p. 41; [9수04-08]; achievement_standard; 공학 도구를 이용하여 자료를 상자그림으로 나타내고 분포를 비교하는 성취기준 | achievement_math_2022: 자료와 가능성 section; [9수04-08]~[9수04-09] achievement levels; achievement_level; 공학 도구로 사분위수와 상자그림을 구해 두 집단의 분포를 비교하고, 산점도와 상관관계를 말하는 수준을 구분",,prerequisite_ref;textbook_page_refs,Find textbook sequencing or prior-knowledge evidence for the prerequisite relation.,pending_textbook_pdf,,,,,,,,,,
6,중3(교육과정 학년군: 중1-3),자료와 가능성,상자그림과 산점도,m1_data_quartile_calculation__prerequisite_for__m1_data_box_plot_construction_tool,intra_unit,m1_data_quartile_calculation,사분위수 구하기,상자그림과 산점도,m1_data_box_plot_construction_tool,공학 도구로 상자그림 나타내기,상자그림과 산점도,prerequisite_for,high,2,"curriculum_math_2022: printed p. 41; [9수04-08]; achievement_standard; 공학 도구를 이용하여 자료를 상자그림으로 나타내고 분포를 비교하는 성취기준 | achievement_math_2022: 자료와 가능성 section; [9수04-08]~[9수04-09] achievement levels; achievement_level; 공학 도구로 사분위수와 상자그림을 구해 두 집단의 분포를 비교하고, 산점도와 상관관계를 말하는 수준을 구분",,prerequisite_ref;textbook_page_refs,Find textbook sequencing or prior-knowledge evidence for the prerequisite relation.,pending_textbook_pdf,,,,,,,,,,
6,중3(교육과정 학년군: 중1-3),자료와 가능성,상자그림과 산점도,m1_data_scatter_plot__prerequisite_for__m1_data_correlation,intra_unit,m1_data_scatter_plot,산점도,상자그림과 산점도,m1_data_correlation,상관관계,상자그림과 산점도,prerequisite_for,high,3,"curriculum_math_2022: printed pp. 41-42; terms and symbols for 자료와 가능성; term_list; 변량, 대푯값, 중앙값, 최빈값, 줄기와 잎 그림, 계급, 계급의 크기, 도수, 도수분포표, 히스토그램, 도수분포다각형, 상대도수, 사건, 확률, 산포도, 편차, 분산, 표준편차, 사분위수, 상자그림, 산점도, 상관관계를 다룸 | curriculum_math_2022: printed p. 41; [9수04-09]; achievement_standard; 자료를 산점도로 나타내고 상관관계를 말하는 성취기준 | achievement_math_2022: 자료와 가능성 section; [9수04-08]~[9수04-09] achievement levels; achievement_level; 공학 도구로 사분위수와 상자그림을 구해 두 집단의 분포를 비교하고, 산점도와 상관관계를 말하는 수준을 구분",,prerequisite_ref;textbook_page_refs,Find textbook sequencing or prior-knowledge evidence for the prerequisite relation.,pending_textbook_pdf,,,,,,,,,,
6,중3(교육과정 학년군: 중1-3),자료와 가능성,상자그림과 산점도,m1_data_scatter_plot__prerequisite_for__m1_data_scatter_plot_interpretation,intra_unit,m1_data_scatter_plot,산점도,상자그림과 산점도,m1_data_scatter_plot_interpretation,산점도로 상관관계 말하기,상자그림과 산점도,prerequisite_for,high,3,"curriculum_math_2022: printed p. 41; [9수04-09]; achievement_standard; 자료를 산점도로 나타내고 상관관계를 말하는 성취기준 | curriculum_math_2022: printed pp. 41-42; achievement-standard considerations; teaching_note; 순열·조합을 이용하면 쉽게 해결되는 복잡한 경우의 수 문제는 다루지 않고, 확률에서 각 경우가 발생할 가능성이 동등하다는 가정을 유의하게 하며, 상자그림은 두 집단 분포 비교에 중점을 둠 | achievement_math_2022: 자료와 가능성 section; [9수04-08]~[9수04-09] achievement levels; achievement_level; 공학 도구로 사분위수와 상자그림을 구해 두 집단의 분포를 비교하고, 산점도와 상관관계를 말하는 수준을 구분",,prerequisite_ref;textbook_page_refs,Find textbook sequencing or prior-knowledge evidence for the prerequisite relation.,pending_textbook_pdf,,,,,,,,,,
6,중3(교육과정 학년군: 중1-3),자료와 가능성,상자그림과 산점도,m1_data_scatter_plot__prerequisite_for__m1_data_scatter_plot_trend,intra_unit,m1_data_scatter_plot,산점도,상자그림과 산점도,m1_data_scatter_plot_trend,산점도의 경향,상자그림과 산점도,prerequisite_for,medium,2,"curriculum_math_2022: printed p. 41; [9수04-09]; achievement_standard; 자료를 산점도로 나타내고 상관관계를 말하는 성취기준 | achievement_math_2022: 자료와 가능성 section; [9수04-08]~[9수04-09] achievement levels; achievement_level; 공학 도구로 사분위수와 상자그림을 구해 두 집단의 분포를 비교하고, 산점도와 상관관계를 말하는 수준을 구분",,prerequisite_ref;textbook_page_refs,Find textbook sequencing or prior-knowledge evidence for the prerequisite relation.,pending_textbook_pdf,,,,,,,,,,
6,중3(교육과정 학년군: 중1-3),자료와 가능성,상자그림과 산점도,m1_data_scatter_plot_axes_variables__prerequisite_for__m1_data_scatter_plot_drawing,intra_unit,m1_data_scatter_plot_axes_variables,산점도의 두 축과 변량,상자그림과 산점도,m1_data_scatter_plot_drawing,산점도로 나타내기,상자그림과 산점도,prerequisite_for,high,2,"curriculum_math_2022: printed p. 41; [9수04-09]; achievement_standard; 자료를 산점도로 나타내고 상관관계를 말하는 성취기준 | achievement_math_2022: 자료와 가능성 section; [9수04-08]~[9수04-09] achievement levels; achievement_level; 공학 도구로 사분위수와 상자그림을 구해 두 집단의 분포를 비교하고, 산점도와 상관관계를 말하는 수준을 구분",,prerequisite_ref;textbook_page_refs,Find textbook sequencing or prior-knowledge evidence for the prerequisite relation.,pending_textbook_pdf,,,,,,,,,,
6,중3(교육과정 학년군: 중1-3),자료와 가능성,상자그림과 산점도,m1_data_scatter_plot_trend__prerequisite_for__m1_data_correlation,intra_unit,m1_data_scatter_plot_trend,산점도의 경향,상자그림과 산점도,m1_data_correlation,상관관계,상자그림과 산점도,prerequisite_for,high,3,"curriculum_math_2022: printed pp. 41-42; terms and symbols for 자료와 가능성; term_list; 변량, 대푯값, 중앙값, 최빈값, 줄기와 잎 그림, 계급, 계급의 크기, 도수, 도수분포표, 히스토그램, 도수분포다각형, 상대도수, 사건, 확률, 산포도, 편차, 분산, 표준편차, 사분위수, 상자그림, 산점도, 상관관계를 다룸 | curriculum_math_2022: printed p. 41; [9수04-09]; achievement_standard; 자료를 산점도로 나타내고 상관관계를 말하는 성취기준 | achievement_math_2022: 자료와 가능성 section; [9수04-08]~[9수04-09] achievement levels; achievement_level; 공학 도구로 사분위수와 상자그림을 구해 두 집단의 분포를 비교하고, 산점도와 상관관계를 말하는 수준을 구분",,prerequisite_ref;textbook_page_refs,Find textbook sequencing or prior-knowledge evidence for the prerequisite relation.,pending_textbook_pdf,,,,,,,,,,
6,중3(교육과정 학년군: 중1-3),자료와 가능성,상자그림과 산점도,m1_data_scatter_plot_trend__prerequisite_for__m1_data_scatter_plot_interpretation,intra_unit,m1_data_scatter_plot_trend,산점도의 경향,상자그림과 산점도,m1_data_scatter_plot_interpretation,산점도로 상관관계 말하기,상자그림과 산점도,prerequisite_for,high,3,"curriculum_math_2022: printed p. 41; [9수04-09]; achievement_standard; 자료를 산점도로 나타내고 상관관계를 말하는 성취기준 | curriculum_math_2022: printed pp. 41-42; achievement-standard considerations; teaching_note; 순열·조합을 이용하면 쉽게 해결되는 복잡한 경우의 수 문제는 다루지 않고, 확률에서 각 경우가 발생할 가능성이 동등하다는 가정을 유의하게 하며, 상자그림은 두 집단 분포 비교에 중점을 둠 | achievement_math_2022: 자료와 가능성 section; [9수04-08]~[9수04-09] achievement levels; achievement_level; 공학 도구로 사분위수와 상자그림을 구해 두 집단의 분포를 비교하고, 산점도와 상관관계를 말하는 수준을 구분",,prerequisite_ref;textbook_page_refs,Find textbook sequencing or prior-knowledge evidence for the prerequisite relation.,pending_textbook_pdf,,,,,,,,,,
6,중3(교육과정 학년군: 중1-3),자료와 가능성,상자그림과 산점도,m1_data_second_quartile__prerequisite_for__m1_data_box_plot_center_spread_reading,intra_unit,m1_data_second_quartile,제2사분위수,상자그림과 산점도,m1_data_box_plot_center_spread_reading,상자그림에서 중심과 퍼짐 읽기,상자그림과 산점도,prerequisite_for,medium,3,"curriculum_math_2022: printed p. 41; [9수04-08]; achievement_standard; 공학 도구를 이용하여 자료를 상자그림으로 나타내고 분포를 비교하는 성취기준 | curriculum_math_2022: printed pp. 41-42; achievement-standard considerations; teaching_note; 순열·조합을 이용하면 쉽게 해결되는 복잡한 경우의 수 문제는 다루지 않고, 확률에서 각 경우가 발생할 가능성이 동등하다는 가정을 유의하게 하며, 상자그림은 두 집단 분포 비교에 중점을 둠 | achievement_math_2022: 자료와 가능성 section; [9수04-08]~[9수04-09] achievement levels; achievement_level; 공학 도구로 사분위수와 상자그림을 구해 두 집단의 분포를 비교하고, 산점도와 상관관계를 말하는 수준을 구분",,prerequisite_ref;textbook_page_refs,Find textbook sequencing or prior-knowledge evidence for the prerequisite relation.,pending_textbook_pdf,,,,,,,,,,
6,중3(교육과정 학년군: 중1-3),자료와 가능성,상자그림과 산점도,m1_data_second_quartile__prerequisite_for__m1_data_box_plot_five_value_summary,intra_unit,m1_data_second_quartile,제2사분위수,상자그림과 산점도,m1_data_box_plot_five_value_summary,상자그림의 다섯 값,상자그림과 산점도,prerequisite_for,medium,2,"curriculum_math_2022: printed p. 41; [9수04-08]; achievement_standard; 공학 도구를 이용하여 자료를 상자그림으로 나타내고 분포를 비교하는 성취기준 | achievement_math_2022: 자료와 가능성 section; [9수04-08]~[9수04-09] achievement levels; achievement_level; 공학 도구로 사분위수와 상자그림을 구해 두 집단의 분포를 비교하고, 산점도와 상관관계를 말하는 수준을 구분",,prerequisite_ref;textbook_page_refs,Find textbook sequencing or prior-knowledge evidence for the prerequisite relation.,pending_textbook_pdf,,,,,,,,,,
6,중3(교육과정 학년군: 중1-3),자료와 가능성,상자그림과 산점도,m1_data_third_quartile__prerequisite_for__m1_data_box_plot_five_value_summary,intra_unit,m1_data_third_quartile,제3사분위수,상자그림과 산점도,m1_data_box_plot_five_value_summary,상자그림의 다섯 값,상자그림과 산점도,prerequisite_for,medium,2,"curriculum_math_2022: printed p. 41; [9수04-08]; achievement_standard; 공학 도구를 이용하여 자료를 상자그림으로 나타내고 분포를 비교하는 성취기준 | achievement_math_2022: 자료와 가능성 section; [9수04-08]~[9수04-09] achievement levels; achievement_level; 공학 도구로 사분위수와 상자그림을 구해 두 집단의 분포를 비교하고, 산점도와 상관관계를 말하는 수준을 구분",,prerequisite_ref;textbook_page_refs,Find textbook sequencing or prior-knowledge evidence for the prerequisite relation.,pending_textbook_pdf,,,,,,,,,,
6,중3(교육과정 학년군: 중1-3),자료와 가능성,상자그림과 산점도,m1_data_bivariate_pair__represented_by__m1_data_scatter_plot_point,intra_unit,m1_data_bivariate_pair,두 변량의 대응값,상자그림과 산점도,m1_data_scatter_plot_point,산점도의 점,상자그림과 산점도,represented_by,medium,2,"curriculum_math_2022: printed p. 41; [9수04-09]; achievement_standard; 자료를 산점도로 나타내고 상관관계를 말하는 성취기준 | achievement_math_2022: 자료와 가능성 section; [9수04-08]~[9수04-09] achievement levels; achievement_level; 공학 도구로 사분위수와 상자그림을 구해 두 집단의 분포를 비교하고, 산점도와 상관관계를 말하는 수준을 구분",,representation_ref;textbook_page_refs,"Find textbook representation evidence such as a table, graph, expression, or diagram.",pending_textbook_pdf,,,,,,,,,,
6,중3(교육과정 학년군: 중1-3),자료와 가능성,상자그림과 산점도,m1_data_box_plot_five_value_summary__represented_by__m1_data_box_plot,intra_unit,m1_data_box_plot_five_value_summary,상자그림의 다섯 값,상자그림과 산점도,m1_data_box_plot,상자그림,상자그림과 산점도,represented_by,medium,2,"curriculum_math_2022: printed p. 41; [9수04-08]; achievement_standard; 공학 도구를 이용하여 자료를 상자그림으로 나타내고 분포를 비교하는 성취기준 | achievement_math_2022: 자료와 가능성 section; [9수04-08]~[9수04-09] achievement levels; achievement_level; 공학 도구로 사분위수와 상자그림을 구해 두 집단의 분포를 비교하고, 산점도와 상관관계를 말하는 수준을 구분",상자그림은 다섯 기준값을 시각적으로 나타내는 표현으로 다룬다.,representation_ref;textbook_page_refs,"Find textbook representation evidence such as a table, graph, expression, or diagram.",pending_textbook_pdf,,,,,,,,,,
6,중3(교육과정 학년군: 중1-3),자료와 가능성,상자그림과 산점도,m1_data_bivariate_pair__used_in__m1_data_scatter_plot_drawing,intra_unit,m1_data_bivariate_pair,두 변량의 대응값,상자그림과 산점도,m1_data_scatter_plot_drawing,산점도로 나타내기,상자그림과 산점도,used_in,medium,2,"curriculum_math_2022: printed p. 41; [9수04-09]; achievement_standard; 자료를 산점도로 나타내고 상관관계를 말하는 성취기준 | achievement_math_2022: 자료와 가능성 section; [9수04-08]~[9수04-09] achievement levels; achievement_level; 공학 도구로 사분위수와 상자그림을 구해 두 집단의 분포를 비교하고, 산점도와 상관관계를 말하는 수준을 구분",,procedure_ref;textbook_page_refs,"Find a worked example, procedure, or application where this source concept is used.",pending_textbook_pdf,,,,,,,,,,
6,중3(교육과정 학년군: 중1-3),자료와 가능성,상자그림과 산점도,m1_data_box_plot__used_in__m1_data_box_plot_center_spread_reading,intra_unit,m1_data_box_plot,상자그림,상자그림과 산점도,m1_data_box_plot_center_spread_reading,상자그림에서 중심과 퍼짐 읽기,상자그림과 산점도,used_in,medium,3,"curriculum_math_2022: printed p. 41; [9수04-08]; achievement_standard; 공학 도구를 이용하여 자료를 상자그림으로 나타내고 분포를 비교하는 성취기준 | curriculum_math_2022: printed pp. 41-42; achievement-standard considerations; teaching_note; 순열·조합을 이용하면 쉽게 해결되는 복잡한 경우의 수 문제는 다루지 않고, 확률에서 각 경우가 발생할 가능성이 동등하다는 가정을 유의하게 하며, 상자그림은 두 집단 분포 비교에 중점을 둠 | achievement_math_2022: 자료와 가능성 section; [9수04-08]~[9수04-09] achievement levels; achievement_level; 공학 도구로 사분위수와 상자그림을 구해 두 집단의 분포를 비교하고, 산점도와 상관관계를 말하는 수준을 구분",,procedure_ref;textbook_page_refs,"Find a worked example, procedure, or application where this source concept is used.",pending_textbook_pdf,,,,,,,,,,
6,중3(교육과정 학년군: 중1-3),자료와 가능성,상자그림과 산점도,m1_data_box_plot__used_in__m1_data_box_plot_compare,intra_unit,m1_data_box_plot,상자그림,상자그림과 산점도,m1_data_box_plot_compare,상자그림으로 두 집단의 분포 비교,상자그림과 산점도,used_in,high,3,"curriculum_math_2022: printed p. 41; [9수04-08]; achievement_standard; 공학 도구를 이용하여 자료를 상자그림으로 나타내고 분포를 비교하는 성취기준 | curriculum_math_2022: printed pp. 41-42; achievement-standard considerations; teaching_note; 순열·조합을 이용하면 쉽게 해결되는 복잡한 경우의 수 문제는 다루지 않고, 확률에서 각 경우가 발생할 가능성이 동등하다는 가정을 유의하게 하며, 상자그림은 두 집단 분포 비교에 중점을 둠 | achievement_math_2022: 자료와 가능성 section; [9수04-08]~[9수04-09] achievement levels; achievement_level; 공학 도구로 사분위수와 상자그림을 구해 두 집단의 분포를 비교하고, 산점도와 상관관계를 말하는 수준을 구분",,procedure_ref;textbook_page_refs,"Find a worked example, procedure, or application where this source concept is used.",pending_textbook_pdf,,,,,,,,,,
6,중3(교육과정 학년군: 중1-3),자료와 가능성,상자그림과 산점도,m1_data_box_plot_center_spread_reading__used_in__m1_data_box_plot_compare,intra_unit,m1_data_box_plot_center_spread_reading,상자그림에서 중심과 퍼짐 읽기,상자그림과 산점도,m1_data_box_plot_compare,상자그림으로 두 집단의 분포 비교,상자그림과 산점도,used_in,medium,3,"curriculum_math_2022: printed p. 41; [9수04-08]; achievement_standard; 공학 도구를 이용하여 자료를 상자그림으로 나타내고 분포를 비교하는 성취기준 | curriculum_math_2022: printed pp. 41-42; achievement-standard considerations; teaching_note; 순열·조합을 이용하면 쉽게 해결되는 복잡한 경우의 수 문제는 다루지 않고, 확률에서 각 경우가 발생할 가능성이 동등하다는 가정을 유의하게 하며, 상자그림은 두 집단 분포 비교에 중점을 둠 | achievement_math_2022: 자료와 가능성 section; [9수04-08]~[9수04-09] achievement levels; achievement_level; 공학 도구로 사분위수와 상자그림을 구해 두 집단의 분포를 비교하고, 산점도와 상관관계를 말하는 수준을 구분",,procedure_ref;textbook_page_refs,"Find a worked example, procedure, or application where this source concept is used.",pending_textbook_pdf,,,,,,,,,,
6,중3(교육과정 학년군: 중1-3),자료와 가능성,상자그림과 산점도,m1_data_box_plot_construction_tool__used_in__m1_data_box_plot,intra_unit,m1_data_box_plot_construction_tool,공학 도구로 상자그림 나타내기,상자그림과 산점도,m1_data_box_plot,상자그림,상자그림과 산점도,used_in,high,2,"curriculum_math_2022: printed p. 41; [9수04-08]; achievement_standard; 공학 도구를 이용하여 자료를 상자그림으로 나타내고 분포를 비교하는 성취기준 | achievement_math_2022: 자료와 가능성 section; [9수04-08]~[9수04-09] achievement levels; achievement_level; 공학 도구로 사분위수와 상자그림을 구해 두 집단의 분포를 비교하고, 산점도와 상관관계를 말하는 수준을 구분",,procedure_ref;textbook_page_refs,"Find a worked example, procedure, or application where this source concept is used.",pending_textbook_pdf,,,,,,,,,,
6,중3(교육과정 학년군: 중1-3),자료와 가능성,상자그림과 산점도,m1_data_box_plot_construction_tool__used_in__m1_data_box_plot_compare,intra_unit,m1_data_box_plot_construction_tool,공학 도구로 상자그림 나타내기,상자그림과 산점도,m1_data_box_plot_compare,상자그림으로 두 집단의 분포 비교,상자그림과 산점도,used_in,medium,2,"curriculum_math_2022: printed p. 41; [9수04-08]; achievement_standard; 공학 도구를 이용하여 자료를 상자그림으로 나타내고 분포를 비교하는 성취기준 | achievement_math_2022: 자료와 가능성 section; [9수04-08]~[9수04-09] achievement levels; achievement_level; 공학 도구로 사분위수와 상자그림을 구해 두 집단의 분포를 비교하고, 산점도와 상관관계를 말하는 수준을 구분",,procedure_ref;textbook_page_refs,"Find a worked example, procedure, or application where this source concept is used.",pending_textbook_pdf,,,,,,,,,,
6,중3(교육과정 학년군: 중1-3),자료와 가능성,상자그림과 산점도,m1_data_box_plot_five_value_summary__used_in__m1_data_box_plot_construction_tool,intra_unit,m1_data_box_plot_five_value_summary,상자그림의 다섯 값,상자그림과 산점도,m1_data_box_plot_construction_tool,공학 도구로 상자그림 나타내기,상자그림과 산점도,used_in,medium,2,"curriculum_math_2022: printed p. 41; [9수04-08]; achievement_standard; 공학 도구를 이용하여 자료를 상자그림으로 나타내고 분포를 비교하는 성취기준 | achievement_math_2022: 자료와 가능성 section; [9수04-08]~[9수04-09] achievement levels; achievement_level; 공학 도구로 사분위수와 상자그림을 구해 두 집단의 분포를 비교하고, 산점도와 상관관계를 말하는 수준을 구분",,procedure_ref;textbook_page_refs,"Find a worked example, procedure, or application where this source concept is used.",pending_textbook_pdf,,,,,,,,,,
6,중3(교육과정 학년군: 중1-3),자료와 가능성,상자그림과 산점도,m1_data_correlation__used_in__m1_data_scatter_plot_interpretation,intra_unit,m1_data_correlation,상관관계,상자그림과 산점도,m1_data_scatter_plot_interpretation,산점도로 상관관계 말하기,상자그림과 산점도,used_in,high,2,"curriculum_math_2022: printed p. 41; [9수04-09]; achievement_standard; 자료를 산점도로 나타내고 상관관계를 말하는 성취기준 | achievement_math_2022: 자료와 가능성 section; [9수04-08]~[9수04-09] achievement levels; achievement_level; 공학 도구로 사분위수와 상자그림을 구해 두 집단의 분포를 비교하고, 산점도와 상관관계를 말하는 수준을 구분",,procedure_ref;textbook_page_refs,"Find a worked example, procedure, or application where this source concept is used.",pending_textbook_pdf,,,,,,,,,,
6,중3(교육과정 학년군: 중1-3),자료와 가능성,상자그림과 산점도,m1_data_first_quartile__used_in__m1_data_box_plot_five_value_summary,intra_unit,m1_data_first_quartile,제1사분위수,상자그림과 산점도,m1_data_box_plot_five_value_summary,상자그림의 다섯 값,상자그림과 산점도,used_in,medium,2,"curriculum_math_2022: printed p. 41; [9수04-08]; achievement_standard; 공학 도구를 이용하여 자료를 상자그림으로 나타내고 분포를 비교하는 성취기준 | achievement_math_2022: 자료와 가능성 section; [9수04-08]~[9수04-09] achievement levels; achievement_level; 공학 도구로 사분위수와 상자그림을 구해 두 집단의 분포를 비교하고, 산점도와 상관관계를 말하는 수준을 구분",,procedure_ref;textbook_page_refs,"Find a worked example, procedure, or application where this source concept is used.",pending_textbook_pdf,,,,,,,,,,
6,중3(교육과정 학년군: 중1-3),자료와 가능성,상자그림과 산점도,m1_data_negative_correlation__used_in__m1_data_scatter_plot_interpretation,intra_unit,m1_data_negative_correlation,음의 상관관계,상자그림과 산점도,m1_data_scatter_plot_interpretation,산점도로 상관관계 말하기,상자그림과 산점도,used_in,medium,2,"curriculum_math_2022: printed p. 41; [9수04-09]; achievement_standard; 자료를 산점도로 나타내고 상관관계를 말하는 성취기준 | achievement_math_2022: 자료와 가능성 section; [9수04-08]~[9수04-09] achievement levels; achievement_level; 공학 도구로 사분위수와 상자그림을 구해 두 집단의 분포를 비교하고, 산점도와 상관관계를 말하는 수준을 구분",,procedure_ref;textbook_page_refs,"Find a worked example, procedure, or application where this source concept is used.",pending_textbook_pdf,,,,,,,,,,
6,중3(교육과정 학년군: 중1-3),자료와 가능성,상자그림과 산점도,m1_data_no_correlation__used_in__m1_data_scatter_plot_interpretation,intra_unit,m1_data_no_correlation,상관관계가 없는 경우,상자그림과 산점도,m1_data_scatter_plot_interpretation,산점도로 상관관계 말하기,상자그림과 산점도,used_in,medium,2,"curriculum_math_2022: printed p. 41; [9수04-09]; achievement_standard; 자료를 산점도로 나타내고 상관관계를 말하는 성취기준 | achievement_math_2022: 자료와 가능성 section; [9수04-08]~[9수04-09] achievement levels; achievement_level; 공학 도구로 사분위수와 상자그림을 구해 두 집단의 분포를 비교하고, 산점도와 상관관계를 말하는 수준을 구분",,procedure_ref;textbook_page_refs,"Find a worked example, procedure, or application where this source concept is used.",pending_textbook_pdf,,,,,,,,,,
6,중3(교육과정 학년군: 중1-3),자료와 가능성,상자그림과 산점도,m1_data_ordered_data_for_quartiles__used_in__m1_data_quartile,intra_unit,m1_data_ordered_data_for_quartiles,사분위수를 구하기 위한 자료 정렬,상자그림과 산점도,m1_data_quartile,사분위수,상자그림과 산점도,used_in,medium,2,"curriculum_math_2022: printed p. 41; [9수04-08]; achievement_standard; 공학 도구를 이용하여 자료를 상자그림으로 나타내고 분포를 비교하는 성취기준 | achievement_math_2022: 자료와 가능성 section; [9수04-08]~[9수04-09] achievement levels; achievement_level; 공학 도구로 사분위수와 상자그림을 구해 두 집단의 분포를 비교하고, 산점도와 상관관계를 말하는 수준을 구분",,procedure_ref;textbook_page_refs,"Find a worked example, procedure, or application where this source concept is used.",pending_textbook_pdf,,,,,,,,,,
6,중3(교육과정 학년군: 중1-3),자료와 가능성,상자그림과 산점도,m1_data_ordered_data_for_quartiles__used_in__m1_data_quartile_calculation,intra_unit,m1_data_ordered_data_for_quartiles,사분위수를 구하기 위한 자료 정렬,상자그림과 산점도,m1_data_quartile_calculation,사분위수 구하기,상자그림과 산점도,used_in,medium,2,"curriculum_math_2022: printed p. 41; [9수04-08]; achievement_standard; 공학 도구를 이용하여 자료를 상자그림으로 나타내고 분포를 비교하는 성취기준 | achievement_math_2022: 자료와 가능성 section; [9수04-08]~[9수04-09] achievement levels; achievement_level; 공학 도구로 사분위수와 상자그림을 구해 두 집단의 분포를 비교하고, 산점도와 상관관계를 말하는 수준을 구분",,procedure_ref;textbook_page_refs,"Find a worked example, procedure, or application where this source concept is used.",pending_textbook_pdf,,,,,,,,,,
6,중3(교육과정 학년군: 중1-3),자료와 가능성,상자그림과 산점도,m1_data_positive_correlation__used_in__m1_data_scatter_plot_interpretation,intra_unit,m1_data_positive_correlation,양의 상관관계,상자그림과 산점도,m1_data_scatter_plot_interpretation,산점도로 상관관계 말하기,상자그림과 산점도,used_in,medium,2,"curriculum_math_2022: printed p. 41; [9수04-09]; achievement_standard; 자료를 산점도로 나타내고 상관관계를 말하는 성취기준 | achievement_math_2022: 자료와 가능성 section; [9수04-08]~[9수04-09] achievement levels; achievement_level; 공학 도구로 사분위수와 상자그림을 구해 두 집단의 분포를 비교하고, 산점도와 상관관계를 말하는 수준을 구분",,procedure_ref;textbook_page_refs,"Find a worked example, procedure, or application where this source concept is used.",pending_textbook_pdf,,,,,,,,,,
6,중3(교육과정 학년군: 중1-3),자료와 가능성,상자그림과 산점도,m1_data_quartile__used_in__m1_data_box_plot,intra_unit,m1_data_quartile,사분위수,상자그림과 산점도,m1_data_box_plot,상자그림,상자그림과 산점도,used_in,high,3,"curriculum_math_2022: printed p. 41; [9수04-08]; achievement_standard; 공학 도구를 이용하여 자료를 상자그림으로 나타내고 분포를 비교하는 성취기준 | curriculum_math_2022: printed pp. 41-42; terms and symbols for 자료와 가능성; term_list; 변량, 대푯값, 중앙값, 최빈값, 줄기와 잎 그림, 계급, 계급의 크기, 도수, 도수분포표, 히스토그램, 도수분포다각형, 상대도수, 사건, 확률, 산포도, 편차, 분산, 표준편차, 사분위수, 상자그림, 산점도, 상관관계를 다룸 | achievement_math_2022: 자료와 가능성 section; [9수04-08]~[9수04-09] achievement levels; achievement_level; 공학 도구로 사분위수와 상자그림을 구해 두 집단의 분포를 비교하고, 산점도와 상관관계를 말하는 수준을 구분",,procedure_ref;textbook_page_refs,"Find a worked example, procedure, or application where this source concept is used.",pending_textbook_pdf,,,,,,,,,,
6,중3(교육과정 학년군: 중1-3),자료와 가능성,상자그림과 산점도,m1_data_quartile_calculation__used_in__m1_data_box_plot_five_value_summary,intra_unit,m1_data_quartile_calculation,사분위수 구하기,상자그림과 산점도,m1_data_box_plot_five_value_summary,상자그림의 다섯 값,상자그림과 산점도,used_in,medium,2,"curriculum_math_2022: printed p. 41; [9수04-08]; achievement_standard; 공학 도구를 이용하여 자료를 상자그림으로 나타내고 분포를 비교하는 성취기준 | achievement_math_2022: 자료와 가능성 section; [9수04-08]~[9수04-09] achievement levels; achievement_level; 공학 도구로 사분위수와 상자그림을 구해 두 집단의 분포를 비교하고, 산점도와 상관관계를 말하는 수준을 구분",,procedure_ref;textbook_page_refs,"Find a worked example, procedure, or application where this source concept is used.",pending_textbook_pdf,,,,,,,,,,
6,중3(교육과정 학년군: 중1-3),자료와 가능성,상자그림과 산점도,m1_data_scatter_plot__used_in__m1_data_correlation,intra_unit,m1_data_scatter_plot,산점도,상자그림과 산점도,m1_data_correlation,상관관계,상자그림과 산점도,used_in,high,2,"curriculum_math_2022: printed p. 41; [9수04-09]; achievement_standard; 자료를 산점도로 나타내고 상관관계를 말하는 성취기준 | achievement_math_2022: 자료와 가능성 section; [9수04-08]~[9수04-09] achievement levels; achievement_level; 공학 도구로 사분위수와 상자그림을 구해 두 집단의 분포를 비교하고, 산점도와 상관관계를 말하는 수준을 구분",,procedure_ref;textbook_page_refs,"Find a worked example, procedure, or application where this source concept is used.",pending_textbook_pdf,,,,,,,,,,
6,중3(교육과정 학년군: 중1-3),자료와 가능성,상자그림과 산점도,m1_data_scatter_plot__used_in__m1_data_scatter_plot_interpretation,intra_unit,m1_data_scatter_plot,산점도,상자그림과 산점도,m1_data_scatter_plot_interpretation,산점도로 상관관계 말하기,상자그림과 산점도,used_in,high,2,"curriculum_math_2022: printed p. 41; [9수04-09]; achievement_standard; 자료를 산점도로 나타내고 상관관계를 말하는 성취기준 | achievement_math_2022: 자료와 가능성 section; [9수04-08]~[9수04-09] achievement levels; achievement_level; 공학 도구로 사분위수와 상자그림을 구해 두 집단의 분포를 비교하고, 산점도와 상관관계를 말하는 수준을 구분",,procedure_ref;textbook_page_refs,"Find a worked example, procedure, or application where this source concept is used.",pending_textbook_pdf,,,,,,,,,,
6,중3(교육과정 학년군: 중1-3),자료와 가능성,상자그림과 산점도,m1_data_scatter_plot_axes_variables__used_in__m1_data_scatter_plot,intra_unit,m1_data_scatter_plot_axes_variables,산점도의 두 축과 변량,상자그림과 산점도,m1_data_scatter_plot,산점도,상자그림과 산점도,used_in,medium,2,"curriculum_math_2022: printed p. 41; [9수04-09]; achievement_standard; 자료를 산점도로 나타내고 상관관계를 말하는 성취기준 | achievement_math_2022: 자료와 가능성 section; [9수04-08]~[9수04-09] achievement levels; achievement_level; 공학 도구로 사분위수와 상자그림을 구해 두 집단의 분포를 비교하고, 산점도와 상관관계를 말하는 수준을 구분",,procedure_ref;textbook_page_refs,"Find a worked example, procedure, or application where this source concept is used.",pending_textbook_pdf,,,,,,,,,,
6,중3(교육과정 학년군: 중1-3),자료와 가능성,상자그림과 산점도,m1_data_scatter_plot_axes_variables__used_in__m1_data_scatter_plot_drawing,intra_unit,m1_data_scatter_plot_axes_variables,산점도의 두 축과 변량,상자그림과 산점도,m1_data_scatter_plot_drawing,산점도로 나타내기,상자그림과 산점도,used_in,medium,2,"curriculum_math_2022: printed p. 41; [9수04-09]; achievement_standard; 자료를 산점도로 나타내고 상관관계를 말하는 성취기준 | achievement_math_2022: 자료와 가능성 section; [9수04-08]~[9수04-09] achievement levels; achievement_level; 공학 도구로 사분위수와 상자그림을 구해 두 집단의 분포를 비교하고, 산점도와 상관관계를 말하는 수준을 구분",,procedure_ref;textbook_page_refs,"Find a worked example, procedure, or application where this source concept is used.",pending_textbook_pdf,,,,,,,,,,
6,중3(교육과정 학년군: 중1-3),자료와 가능성,상자그림과 산점도,m1_data_scatter_plot_drawing__used_in__m1_data_scatter_plot,intra_unit,m1_data_scatter_plot_drawing,산점도로 나타내기,상자그림과 산점도,m1_data_scatter_plot,산점도,상자그림과 산점도,used_in,high,2,"curriculum_math_2022: printed p. 41; [9수04-09]; achievement_standard; 자료를 산점도로 나타내고 상관관계를 말하는 성취기준 | achievement_math_2022: 자료와 가능성 section; [9수04-08]~[9수04-09] achievement levels; achievement_level; 공학 도구로 사분위수와 상자그림을 구해 두 집단의 분포를 비교하고, 산점도와 상관관계를 말하는 수준을 구분",,procedure_ref;textbook_page_refs,"Find a worked example, procedure, or application where this source concept is used.",pending_textbook_pdf,,,,,,,,,,
6,중3(교육과정 학년군: 중1-3),자료와 가능성,상자그림과 산점도,m1_data_scatter_plot_point__used_in__m1_data_scatter_plot_trend,intra_unit,m1_data_scatter_plot_point,산점도의 점,상자그림과 산점도,m1_data_scatter_plot_trend,산점도의 경향,상자그림과 산점도,used_in,medium,2,"curriculum_math_2022: printed p. 41; [9수04-09]; achievement_standard; 자료를 산점도로 나타내고 상관관계를 말하는 성취기준 | achievement_math_2022: 자료와 가능성 section; [9수04-08]~[9수04-09] achievement levels; achievement_level; 공학 도구로 사분위수와 상자그림을 구해 두 집단의 분포를 비교하고, 산점도와 상관관계를 말하는 수준을 구분",,procedure_ref;textbook_page_refs,"Find a worked example, procedure, or application where this source concept is used.",pending_textbook_pdf,,,,,,,,,,
6,중3(교육과정 학년군: 중1-3),자료와 가능성,상자그림과 산점도,m1_data_scatter_plot_trend__used_in__m1_data_correlation,intra_unit,m1_data_scatter_plot_trend,산점도의 경향,상자그림과 산점도,m1_data_correlation,상관관계,상자그림과 산점도,used_in,medium,2,"curriculum_math_2022: printed p. 41; [9수04-09]; achievement_standard; 자료를 산점도로 나타내고 상관관계를 말하는 성취기준 | achievement_math_2022: 자료와 가능성 section; [9수04-08]~[9수04-09] achievement levels; achievement_level; 공학 도구로 사분위수와 상자그림을 구해 두 집단의 분포를 비교하고, 산점도와 상관관계를 말하는 수준을 구분",,procedure_ref;textbook_page_refs,"Find a worked example, procedure, or application where this source concept is used.",pending_textbook_pdf,,,,,,,,,,
6,중3(교육과정 학년군: 중1-3),자료와 가능성,상자그림과 산점도,m1_data_scatter_plot_trend__used_in__m1_data_negative_correlation,intra_unit,m1_data_scatter_plot_trend,산점도의 경향,상자그림과 산점도,m1_data_negative_correlation,음의 상관관계,상자그림과 산점도,used_in,medium,2,"curriculum_math_2022: printed p. 41; [9수04-09]; achievement_standard; 자료를 산점도로 나타내고 상관관계를 말하는 성취기준 | achievement_math_2022: 자료와 가능성 section; [9수04-08]~[9수04-09] achievement levels; achievement_level; 공학 도구로 사분위수와 상자그림을 구해 두 집단의 분포를 비교하고, 산점도와 상관관계를 말하는 수준을 구분",,procedure_ref;textbook_page_refs,"Find a worked example, procedure, or application where this source concept is used.",pending_textbook_pdf,,,,,,,,,,
6,중3(교육과정 학년군: 중1-3),자료와 가능성,상자그림과 산점도,m1_data_scatter_plot_trend__used_in__m1_data_no_correlation,intra_unit,m1_data_scatter_plot_trend,산점도의 경향,상자그림과 산점도,m1_data_no_correlation,상관관계가 없는 경우,상자그림과 산점도,used_in,medium,2,"curriculum_math_2022: printed p. 41; [9수04-09]; achievement_standard; 자료를 산점도로 나타내고 상관관계를 말하는 성취기준 | achievement_math_2022: 자료와 가능성 section; [9수04-08]~[9수04-09] achievement levels; achievement_level; 공학 도구로 사분위수와 상자그림을 구해 두 집단의 분포를 비교하고, 산점도와 상관관계를 말하는 수준을 구분",,procedure_ref;textbook_page_refs,"Find a worked example, procedure, or application where this source concept is used.",pending_textbook_pdf,,,,,,,,,,
6,중3(교육과정 학년군: 중1-3),자료와 가능성,상자그림과 산점도,m1_data_scatter_plot_trend__used_in__m1_data_positive_correlation,intra_unit,m1_data_scatter_plot_trend,산점도의 경향,상자그림과 산점도,m1_data_positive_correlation,양의 상관관계,상자그림과 산점도,used_in,medium,2,"curriculum_math_2022: printed p. 41; [9수04-09]; achievement_standard; 자료를 산점도로 나타내고 상관관계를 말하는 성취기준 | achievement_math_2022: 자료와 가능성 section; [9수04-08]~[9수04-09] achievement levels; achievement_level; 공학 도구로 사분위수와 상자그림을 구해 두 집단의 분포를 비교하고, 산점도와 상관관계를 말하는 수준을 구분",,procedure_ref;textbook_page_refs,"Find a worked example, procedure, or application where this source concept is used.",pending_textbook_pdf,,,,,,,,,,
6,중3(교육과정 학년군: 중1-3),자료와 가능성,상자그림과 산점도,m1_data_scatter_plot_trend__used_in__m1_data_scatter_plot_interpretation,intra_unit,m1_data_scatter_plot_trend,산점도의 경향,상자그림과 산점도,m1_data_scatter_plot_interpretation,산점도로 상관관계 말하기,상자그림과 산점도,used_in,medium,2,"curriculum_math_2022: printed p. 41; [9수04-09]; achievement_standard; 자료를 산점도로 나타내고 상관관계를 말하는 성취기준 | achievement_math_2022: 자료와 가능성 section; [9수04-08]~[9수04-09] achievement levels; achievement_level; 공학 도구로 사분위수와 상자그림을 구해 두 집단의 분포를 비교하고, 산점도와 상관관계를 말하는 수준을 구분",,procedure_ref;textbook_page_refs,"Find a worked example, procedure, or application where this source concept is used.",pending_textbook_pdf,,,,,,,,,,
6,중3(교육과정 학년군: 중1-3),자료와 가능성,상자그림과 산점도,m1_data_second_quartile__used_in__m1_data_box_plot_five_value_summary,intra_unit,m1_data_second_quartile,제2사분위수,상자그림과 산점도,m1_data_box_plot_five_value_summary,상자그림의 다섯 값,상자그림과 산점도,used_in,medium,2,"curriculum_math_2022: printed p. 41; [9수04-08]; achievement_standard; 공학 도구를 이용하여 자료를 상자그림으로 나타내고 분포를 비교하는 성취기준 | achievement_math_2022: 자료와 가능성 section; [9수04-08]~[9수04-09] achievement levels; achievement_level; 공학 도구로 사분위수와 상자그림을 구해 두 집단의 분포를 비교하고, 산점도와 상관관계를 말하는 수준을 구분",,procedure_ref;textbook_page_refs,"Find a worked example, procedure, or application where this source concept is used.",pending_textbook_pdf,,,,,,,,,,
6,중3(교육과정 학년군: 중1-3),자료와 가능성,상자그림과 산점도,m1_data_third_quartile__used_in__m1_data_box_plot_five_value_summary,intra_unit,m1_data_third_quartile,제3사분위수,상자그림과 산점도,m1_data_box_plot_five_value_summary,상자그림의 다섯 값,상자그림과 산점도,used_in,medium,2,"curriculum_math_2022: printed p. 41; [9수04-08]; achievement_standard; 공학 도구를 이용하여 자료를 상자그림으로 나타내고 분포를 비교하는 성취기준 | achievement_math_2022: 자료와 가능성 section; [9수04-08]~[9수04-09] achievement levels; achievement_level; 공학 도구로 사분위수와 상자그림을 구해 두 집단의 분포를 비교하고, 산점도와 상관관계를 말하는 수준을 구분",,procedure_ref;textbook_page_refs,"Find a worked example, procedure, or application where this source concept is used.",pending_textbook_pdf,,,,,,,,,,
6,중3(교육과정 학년군: 중1-3),자료와 가능성,상자그림과 산점도,m1_data_negative_correlation__contrasts_with__m1_data_no_correlation,intra_unit,m1_data_negative_correlation,음의 상관관계,상자그림과 산점도,m1_data_no_correlation,상관관계가 없는 경우,상자그림과 산점도,contrasts_with,high,2,"curriculum_math_2022: printed pp. 41-42; achievement-standard considerations; teaching_note; 순열·조합을 이용하면 쉽게 해결되는 복잡한 경우의 수 문제는 다루지 않고, 확률에서 각 경우가 발생할 가능성이 동등하다는 가정을 유의하게 하며, 상자그림은 두 집단 분포 비교에 중점을 둠 | achievement_math_2022: 자료와 가능성 section; [9수04-08]~[9수04-09] achievement levels; achievement_level; 공학 도구로 사분위수와 상자그림을 구해 두 집단의 분포를 비교하고, 산점도와 상관관계를 말하는 수준을 구분",,contrast_ref;textbook_page_refs,Find textbook wording or examples that distinguish the two concepts.,pending_textbook_pdf,,,,,,,,,,
6,중3(교육과정 학년군: 중1-3),자료와 가능성,상자그림과 산점도,m1_data_positive_correlation__contrasts_with__m1_data_negative_correlation,intra_unit,m1_data_positive_correlation,양의 상관관계,상자그림과 산점도,m1_data_negative_correlation,음의 상관관계,상자그림과 산점도,contrasts_with,high,2,"curriculum_math_2022: printed pp. 41-42; achievement-standard considerations; teaching_note; 순열·조합을 이용하면 쉽게 해결되는 복잡한 경우의 수 문제는 다루지 않고, 확률에서 각 경우가 발생할 가능성이 동등하다는 가정을 유의하게 하며, 상자그림은 두 집단 분포 비교에 중점을 둠 | achievement_math_2022: 자료와 가능성 section; [9수04-08]~[9수04-09] achievement levels; achievement_level; 공학 도구로 사분위수와 상자그림을 구해 두 집단의 분포를 비교하고, 산점도와 상관관계를 말하는 수준을 구분",,contrast_ref;textbook_page_refs,Find textbook wording or examples that distinguish the two concepts.,pending_textbook_pdf,,,,,,,,,,
6,중3(교육과정 학년군: 중1-3),자료와 가능성,상자그림과 산점도,m1_data_positive_correlation__contrasts_with__m1_data_no_correlation,intra_unit,m1_data_positive_correlation,양의 상관관계,상자그림과 산점도,m1_data_no_correlation,상관관계가 없는 경우,상자그림과 산점도,contrasts_with,medium,2,"curriculum_math_2022: printed pp. 41-42; achievement-standard considerations; teaching_note; 순열·조합을 이용하면 쉽게 해결되는 복잡한 경우의 수 문제는 다루지 않고, 확률에서 각 경우가 발생할 가능성이 동등하다는 가정을 유의하게 하며, 상자그림은 두 집단 분포 비교에 중점을 둠 | achievement_math_2022: 자료와 가능성 section; [9수04-08]~[9수04-09] achievement levels; achievement_level; 공학 도구로 사분위수와 상자그림을 구해 두 집단의 분포를 비교하고, 산점도와 상관관계를 말하는 수준을 구분",Positive correlation and no correlation are distinct scatter-plot interpretation cases.,contrast_ref;textbook_page_refs,Find textbook wording or examples that distinguish the two concepts.,pending_textbook_pdf,,,,,,,,,,
6,중3(교육과정 학년군: 중1-3),자료와 가능성,상자그림과 산점도,m1_data_domain__contains__m1_data_box_scatter_unit,cross_unit,m1_data_domain,자료와 가능성,자료와 가능성,m1_data_box_scatter_unit,상자그림과 산점도,상자그림과 산점도,contains,high,4,"curriculum_math_2022: printed p. 41; [9수04-08]; achievement_standard; 공학 도구를 이용하여 자료를 상자그림으로 나타내고 분포를 비교하는 성취기준 | curriculum_math_2022: printed p. 41; [9수04-09]; achievement_standard; 자료를 산점도로 나타내고 상관관계를 말하는 성취기준 | curriculum_math_2022: printed pp. 41-42; achievement-standard considerations; teaching_note; 순열·조합을 이용하면 쉽게 해결되는 복잡한 경우의 수 문제는 다루지 않고, 확률에서 각 경우가 발생할 가능성이 동등하다는 가정을 유의하게 하며, 상자그림은 두 집단 분포 비교에 중점을 둠 | achievement_math_2022: 자료와 가능성 section; [9수04-08]~[9수04-09] achievement levels; achievement_level; 공학 도구로 사분위수와 상자그림을 구해 두 집단의 분포를 비교하고, 산점도와 상관관계를 말하는 수준을 구분",,structure_ref;textbook_page_refs,Find textbook structure evidence for the containment relation.,pending_textbook_pdf,,,,,,,,,,
6,중3(교육과정 학년군: 중1-3),자료와 가능성,상자그림과 산점도,m1_coord_coordinate_plane__prerequisite_for__m1_data_scatter_plot,cross_unit,m1_coord_coordinate_plane,좌표평면,좌표평면과 그래프,m1_data_scatter_plot,산점도,상자그림과 산점도,prerequisite_for,high,3,"curriculum_math_2022: printed pp. 41-42; terms and symbols for 자료와 가능성; term_list; 변량, 대푯값, 중앙값, 최빈값, 줄기와 잎 그림, 계급, 계급의 크기, 도수, 도수분포표, 히스토그램, 도수분포다각형, 상대도수, 사건, 확률, 산포도, 편차, 분산, 표준편차, 사분위수, 상자그림, 산점도, 상관관계를 다룸 | curriculum_math_2022: printed p. 41; [9수04-09]; achievement_standard; 자료를 산점도로 나타내고 상관관계를 말하는 성취기준 | achievement_math_2022: 자료와 가능성 section; [9수04-08]~[9수04-09] achievement levels; achievement_level; 공학 도구로 사분위수와 상자그림을 구해 두 집단의 분포를 비교하고, 산점도와 상관관계를 말하는 수준을 구분",,prerequisite_ref;textbook_page_refs,Find textbook sequencing or prior-knowledge evidence for the prerequisite relation.,pending_textbook_pdf,,,,,,,,,,
6,중3(교육과정 학년군: 중1-3),자료와 가능성,상자그림과 산점도,m1_coord_coordinate_plane__prerequisite_for__m1_data_scatter_plot_drawing,cross_unit,m1_coord_coordinate_plane,좌표평면,좌표평면과 그래프,m1_data_scatter_plot_drawing,산점도로 나타내기,상자그림과 산점도,prerequisite_for,high,2,"curriculum_math_2022: printed p. 41; [9수04-09]; achievement_standard; 자료를 산점도로 나타내고 상관관계를 말하는 성취기준 | achievement_math_2022: 자료와 가능성 section; [9수04-08]~[9수04-09] achievement levels; achievement_level; 공학 도구로 사분위수와 상자그림을 구해 두 집단의 분포를 비교하고, 산점도와 상관관계를 말하는 수준을 구분",,prerequisite_ref;textbook_page_refs,Find textbook sequencing or prior-knowledge evidence for the prerequisite relation.,pending_textbook_pdf,,,,,,,,,,
6,중3(교육과정 학년군: 중1-3),자료와 가능성,상자그림과 산점도,m1_coord_ordered_pair__prerequisite_for__m1_data_scatter_plot_point,cross_unit,m1_coord_ordered_pair,순서쌍,좌표평면과 그래프,m1_data_scatter_plot_point,산점도의 점,상자그림과 산점도,prerequisite_for,medium,2,"curriculum_math_2022: printed p. 41; [9수04-09]; achievement_standard; 자료를 산점도로 나타내고 상관관계를 말하는 성취기준 | achievement_math_2022: 자료와 가능성 section; [9수04-08]~[9수04-09] achievement levels; achievement_level; 공학 도구로 사분위수와 상자그림을 구해 두 집단의 분포를 비교하고, 산점도와 상관관계를 말하는 수준을 구분",,prerequisite_ref;textbook_page_refs,Find textbook sequencing or prior-knowledge evidence for the prerequisite relation.,pending_textbook_pdf,,,,,,,,,,
6,중3(교육과정 학년군: 중1-3),자료와 가능성,상자그림과 산점도,m1_coord_x_axis__prerequisite_for__m1_data_scatter_plot_axes_variables,cross_unit,m1_coord_x_axis,x축,좌표평면과 그래프,m1_data_scatter_plot_axes_variables,산점도의 두 축과 변량,상자그림과 산점도,prerequisite_for,medium,2,"curriculum_math_2022: printed p. 41; [9수04-09]; achievement_standard; 자료를 산점도로 나타내고 상관관계를 말하는 성취기준 | achievement_math_2022: 자료와 가능성 section; [9수04-08]~[9수04-09] achievement levels; achievement_level; 공학 도구로 사분위수와 상자그림을 구해 두 집단의 분포를 비교하고, 산점도와 상관관계를 말하는 수준을 구분",,prerequisite_ref;textbook_page_refs,Find textbook sequencing or prior-knowledge evidence for the prerequisite relation.,pending_textbook_pdf,,,,,,,,,,
6,중3(교육과정 학년군: 중1-3),자료와 가능성,상자그림과 산점도,m1_coord_y_axis__prerequisite_for__m1_data_scatter_plot_axes_variables,cross_unit,m1_coord_y_axis,y축,좌표평면과 그래프,m1_data_scatter_plot_axes_variables,산점도의 두 축과 변량,상자그림과 산점도,prerequisite_for,medium,2,"curriculum_math_2022: printed p. 41; [9수04-09]; achievement_standard; 자료를 산점도로 나타내고 상관관계를 말하는 성취기준 | achievement_math_2022: 자료와 가능성 section; [9수04-08]~[9수04-09] achievement levels; achievement_level; 공학 도구로 사분위수와 상자그림을 구해 두 집단의 분포를 비교하고, 산점도와 상관관계를 말하는 수준을 구분",,prerequisite_ref;textbook_page_refs,Find textbook sequencing or prior-knowledge evidence for the prerequisite relation.,pending_textbook_pdf,,,,,,,,,,
6,중3(교육과정 학년군: 중1-3),자료와 가능성,상자그림과 산점도,m1_data_dataset__prerequisite_for__m1_data_bivariate_pair,cross_unit,m1_data_dataset,자료,자료와 가능성,m1_data_bivariate_pair,두 변량의 대응값,상자그림과 산점도,prerequisite_for,medium,2,"curriculum_math_2022: printed p. 41; [9수04-09]; achievement_standard; 자료를 산점도로 나타내고 상관관계를 말하는 성취기준 | achievement_math_2022: 자료와 가능성 section; [9수04-08]~[9수04-09] achievement levels; achievement_level; 공학 도구로 사분위수와 상자그림을 구해 두 집단의 분포를 비교하고, 산점도와 상관관계를 말하는 수준을 구분",,prerequisite_ref;textbook_page_refs,Find textbook sequencing or prior-knowledge evidence for the prerequisite relation.,pending_textbook_pdf,,,,,,,,,,
6,중3(교육과정 학년군: 중1-3),자료와 가능성,상자그림과 산점도,m1_data_dataset__prerequisite_for__m1_data_ordered_data_for_quartiles,cross_unit,m1_data_dataset,자료,자료와 가능성,m1_data_ordered_data_for_quartiles,사분위수를 구하기 위한 자료 정렬,상자그림과 산점도,prerequisite_for,medium,2,"curriculum_math_2022: printed p. 41; [9수04-08]; achievement_standard; 공학 도구를 이용하여 자료를 상자그림으로 나타내고 분포를 비교하는 성취기준 | achievement_math_2022: 자료와 가능성 section; [9수04-08]~[9수04-09] achievement levels; achievement_level; 공학 도구로 사분위수와 상자그림을 구해 두 집단의 분포를 비교하고, 산점도와 상관관계를 말하는 수준을 구분",,prerequisite_ref;textbook_page_refs,Find textbook sequencing or prior-knowledge evidence for the prerequisite relation.,pending_textbook_pdf,,,,,,,,,,
6,중3(교육과정 학년군: 중1-3),자료와 가능성,상자그림과 산점도,m1_data_distribution_interpretation__prerequisite_for__m1_data_box_plot_compare,cross_unit,m1_data_distribution_interpretation,자료의 분포 특징 해석,도수분포표와 상대도수,m1_data_box_plot_compare,상자그림으로 두 집단의 분포 비교,상자그림과 산점도,prerequisite_for,high,3,"curriculum_math_2022: printed p. 41; [9수04-08]; achievement_standard; 공학 도구를 이용하여 자료를 상자그림으로 나타내고 분포를 비교하는 성취기준 | curriculum_math_2022: printed pp. 41-42; achievement-standard considerations; teaching_note; 순열·조합을 이용하면 쉽게 해결되는 복잡한 경우의 수 문제는 다루지 않고, 확률에서 각 경우가 발생할 가능성이 동등하다는 가정을 유의하게 하며, 상자그림은 두 집단 분포 비교에 중점을 둠 | achievement_math_2022: 자료와 가능성 section; [9수04-08]~[9수04-09] achievement levels; achievement_level; 공학 도구로 사분위수와 상자그림을 구해 두 집단의 분포를 비교하고, 산점도와 상관관계를 말하는 수준을 구분",,prerequisite_ref;textbook_page_refs,Find textbook sequencing or prior-knowledge evidence for the prerequisite relation.,pending_textbook_pdf,,,,,,,,,,
6,중3(교육과정 학년군: 중1-3),자료와 가능성,상자그림과 산점도,m1_data_median__prerequisite_for__m1_data_quartile,cross_unit,m1_data_median,중앙값,대푯값,m1_data_quartile,사분위수,상자그림과 산점도,prerequisite_for,high,3,"curriculum_math_2022: printed pp. 41-42; terms and symbols for 자료와 가능성; term_list; 변량, 대푯값, 중앙값, 최빈값, 줄기와 잎 그림, 계급, 계급의 크기, 도수, 도수분포표, 히스토그램, 도수분포다각형, 상대도수, 사건, 확률, 산포도, 편차, 분산, 표준편차, 사분위수, 상자그림, 산점도, 상관관계를 다룸 | curriculum_math_2022: printed p. 41; [9수04-08]; achievement_standard; 공학 도구를 이용하여 자료를 상자그림으로 나타내고 분포를 비교하는 성취기준 | achievement_math_2022: 자료와 가능성 section; [9수04-08]~[9수04-09] achievement levels; achievement_level; 공학 도구로 사분위수와 상자그림을 구해 두 집단의 분포를 비교하고, 산점도와 상관관계를 말하는 수준을 구분",,prerequisite_ref;textbook_page_refs,Find textbook sequencing or prior-knowledge evidence for the prerequisite relation.,pending_textbook_pdf,,,,,,,,,,
6,중3(교육과정 학년군: 중1-3),자료와 가능성,상자그림과 산점도,m1_data_median__prerequisite_for__m1_data_quartile_calculation,cross_unit,m1_data_median,중앙값,대푯값,m1_data_quartile_calculation,사분위수 구하기,상자그림과 산점도,prerequisite_for,medium,3,"curriculum_math_2022: printed pp. 41-42; terms and symbols for 자료와 가능성; term_list; 변량, 대푯값, 중앙값, 최빈값, 줄기와 잎 그림, 계급, 계급의 크기, 도수, 도수분포표, 히스토그램, 도수분포다각형, 상대도수, 사건, 확률, 산포도, 편차, 분산, 표준편차, 사분위수, 상자그림, 산점도, 상관관계를 다룸 | curriculum_math_2022: printed p. 41; [9수04-08]; achievement_standard; 공학 도구를 이용하여 자료를 상자그림으로 나타내고 분포를 비교하는 성취기준 | achievement_math_2022: 자료와 가능성 section; [9수04-08]~[9수04-09] achievement levels; achievement_level; 공학 도구로 사분위수와 상자그림을 구해 두 집단의 분포를 비교하고, 산점도와 상관관계를 말하는 수준을 구분",,prerequisite_ref;textbook_page_refs,Find textbook sequencing or prior-knowledge evidence for the prerequisite relation.,pending_textbook_pdf,,,,,,,,,,
6,중3(교육과정 학년군: 중1-3),자료와 가능성,상자그림과 산점도,m1_data_median__prerequisite_for__m1_data_second_quartile,cross_unit,m1_data_median,중앙값,대푯값,m1_data_second_quartile,제2사분위수,상자그림과 산점도,prerequisite_for,medium,3,"curriculum_math_2022: printed pp. 41-42; terms and symbols for 자료와 가능성; term_list; 변량, 대푯값, 중앙값, 최빈값, 줄기와 잎 그림, 계급, 계급의 크기, 도수, 도수분포표, 히스토그램, 도수분포다각형, 상대도수, 사건, 확률, 산포도, 편차, 분산, 표준편차, 사분위수, 상자그림, 산점도, 상관관계를 다룸 | curriculum_math_2022: printed p. 41; [9수04-08]; achievement_standard; 공학 도구를 이용하여 자료를 상자그림으로 나타내고 분포를 비교하는 성취기준 | achievement_math_2022: 자료와 가능성 section; [9수04-08]~[9수04-09] achievement levels; achievement_level; 공학 도구로 사분위수와 상자그림을 구해 두 집단의 분포를 비교하고, 산점도와 상관관계를 말하는 수준을 구분",,prerequisite_ref;textbook_page_refs,Find textbook sequencing or prior-knowledge evidence for the prerequisite relation.,pending_textbook_pdf,,,,,,,,,,
6,중3(교육과정 학년군: 중1-3),자료와 가능성,상자그림과 산점도,m1_data_technology_tool_stats__prerequisite_for__m1_data_box_plot_construction_tool,cross_unit,m1_data_technology_tool_stats,공학 도구로 자료 수집·분석하기,도수분포표와 상대도수,m1_data_box_plot_construction_tool,공학 도구로 상자그림 나타내기,상자그림과 산점도,prerequisite_for,high,2,"curriculum_math_2022: printed p. 41; [9수04-08]; achievement_standard; 공학 도구를 이용하여 자료를 상자그림으로 나타내고 분포를 비교하는 성취기준 | achievement_math_2022: 자료와 가능성 section; [9수04-08]~[9수04-09] achievement levels; achievement_level; 공학 도구로 사분위수와 상자그림을 구해 두 집단의 분포를 비교하고, 산점도와 상관관계를 말하는 수준을 구분",,prerequisite_ref;textbook_page_refs,Find textbook sequencing or prior-knowledge evidence for the prerequisite relation.,pending_textbook_pdf,,,,,,,,,,
6,중3(교육과정 학년군: 중1-3),자료와 가능성,상자그림과 산점도,m1_data_variable__prerequisite_for__m1_data_bivariate_pair,cross_unit,m1_data_variable,변량,자료와 가능성,m1_data_bivariate_pair,두 변량의 대응값,상자그림과 산점도,prerequisite_for,medium,2,"curriculum_math_2022: printed p. 41; [9수04-09]; achievement_standard; 자료를 산점도로 나타내고 상관관계를 말하는 성취기준 | achievement_math_2022: 자료와 가능성 section; [9수04-08]~[9수04-09] achievement levels; achievement_level; 공학 도구로 사분위수와 상자그림을 구해 두 집단의 분포를 비교하고, 산점도와 상관관계를 말하는 수준을 구분",,prerequisite_ref;textbook_page_refs,Find textbook sequencing or prior-knowledge evidence for the prerequisite relation.,pending_textbook_pdf,,,,,,,,,,
6,중3(교육과정 학년군: 중1-3),자료와 가능성,상자그림과 산점도,m1_data_variable__prerequisite_for__m1_data_scatter_plot,cross_unit,m1_data_variable,변량,자료와 가능성,m1_data_scatter_plot,산점도,상자그림과 산점도,prerequisite_for,high,3,"curriculum_math_2022: printed pp. 41-42; terms and symbols for 자료와 가능성; term_list; 변량, 대푯값, 중앙값, 최빈값, 줄기와 잎 그림, 계급, 계급의 크기, 도수, 도수분포표, 히스토그램, 도수분포다각형, 상대도수, 사건, 확률, 산포도, 편차, 분산, 표준편차, 사분위수, 상자그림, 산점도, 상관관계를 다룸 | curriculum_math_2022: printed p. 41; [9수04-09]; achievement_standard; 자료를 산점도로 나타내고 상관관계를 말하는 성취기준 | achievement_math_2022: 자료와 가능성 section; [9수04-08]~[9수04-09] achievement levels; achievement_level; 공학 도구로 사분위수와 상자그림을 구해 두 집단의 분포를 비교하고, 산점도와 상관관계를 말하는 수준을 구분",,prerequisite_ref;textbook_page_refs,Find textbook sequencing or prior-knowledge evidence for the prerequisite relation.,pending_textbook_pdf,,,,,,,,,,
6,중3(교육과정 학년군: 중1-3),자료와 가능성,상자그림과 산점도,m1_data_variable__prerequisite_for__m1_data_scatter_plot_axes_variables,cross_unit,m1_data_variable,변량,자료와 가능성,m1_data_scatter_plot_axes_variables,산점도의 두 축과 변량,상자그림과 산점도,prerequisite_for,medium,2,"curriculum_math_2022: printed p. 41; [9수04-09]; achievement_standard; 자료를 산점도로 나타내고 상관관계를 말하는 성취기준 | achievement_math_2022: 자료와 가능성 section; [9수04-08]~[9수04-09] achievement levels; achievement_level; 공학 도구로 사분위수와 상자그림을 구해 두 집단의 분포를 비교하고, 산점도와 상관관계를 말하는 수준을 구분",,prerequisite_ref;textbook_page_refs,Find textbook sequencing or prior-knowledge evidence for the prerequisite relation.,pending_textbook_pdf,,,,,,,,,,
6,중3(교육과정 학년군: 중1-3),자료와 가능성,상자그림과 산점도,m1_graph_increase_decrease__prerequisite_for__m1_data_scatter_plot_trend,cross_unit,m1_graph_increase_decrease,증가와 감소,좌표평면과 그래프,m1_data_scatter_plot_trend,산점도의 경향,상자그림과 산점도,prerequisite_for,medium,2,"curriculum_math_2022: printed p. 41; [9수04-09]; achievement_standard; 자료를 산점도로 나타내고 상관관계를 말하는 성취기준 | achievement_math_2022: 자료와 가능성 section; [9수04-08]~[9수04-09] achievement levels; achievement_level; 공학 도구로 사분위수와 상자그림을 구해 두 집단의 분포를 비교하고, 산점도와 상관관계를 말하는 수준을 구분",,prerequisite_ref;textbook_page_refs,Find textbook sequencing or prior-knowledge evidence for the prerequisite relation.,pending_textbook_pdf,,,,,,,,,,
6,중3(교육과정 학년군: 중1-3),자료와 가능성,상자그림과 산점도,m1_num_order_relation__prerequisite_for__m1_data_ordered_data_for_quartiles,cross_unit,m1_num_order_relation,정수와 유리수의 대소 관계,정수와 유리수,m1_data_ordered_data_for_quartiles,사분위수를 구하기 위한 자료 정렬,상자그림과 산점도,prerequisite_for,medium,2,"curriculum_math_2022: printed p. 41; [9수04-08]; achievement_standard; 공학 도구를 이용하여 자료를 상자그림으로 나타내고 분포를 비교하는 성취기준 | achievement_math_2022: 자료와 가능성 section; [9수04-08]~[9수04-09] achievement levels; achievement_level; 공학 도구로 사분위수와 상자그림을 구해 두 집단의 분포를 비교하고, 산점도와 상관관계를 말하는 수준을 구분",,prerequisite_ref;textbook_page_refs,Find textbook sequencing or prior-knowledge evidence for the prerequisite relation.,pending_textbook_pdf,,,,,,,,,,
6,중3(교육과정 학년군: 중1-3),자료와 가능성,상자그림과 산점도,m1_num_order_relation__prerequisite_for__m1_data_quartile,cross_unit,m1_num_order_relation,정수와 유리수의 대소 관계,정수와 유리수,m1_data_quartile,사분위수,상자그림과 산점도,prerequisite_for,high,3,"curriculum_math_2022: printed pp. 41-42; terms and symbols for 자료와 가능성; term_list; 변량, 대푯값, 중앙값, 최빈값, 줄기와 잎 그림, 계급, 계급의 크기, 도수, 도수분포표, 히스토그램, 도수분포다각형, 상대도수, 사건, 확률, 산포도, 편차, 분산, 표준편차, 사분위수, 상자그림, 산점도, 상관관계를 다룸 | curriculum_math_2022: printed p. 41; [9수04-08]; achievement_standard; 공학 도구를 이용하여 자료를 상자그림으로 나타내고 분포를 비교하는 성취기준 | achievement_math_2022: 자료와 가능성 section; [9수04-08]~[9수04-09] achievement levels; achievement_level; 공학 도구로 사분위수와 상자그림을 구해 두 집단의 분포를 비교하고, 산점도와 상관관계를 말하는 수준을 구분",,prerequisite_ref;textbook_page_refs,Find textbook sequencing or prior-knowledge evidence for the prerequisite relation.,pending_textbook_pdf,,,,,,,,,,
6,중3(교육과정 학년군: 중1-3),자료와 가능성,상자그림과 산점도,m1_data_bivariate_pair__represented_by__m1_coord_ordered_pair,cross_unit,m1_data_bivariate_pair,두 변량의 대응값,상자그림과 산점도,m1_coord_ordered_pair,순서쌍,좌표평면과 그래프,represented_by,medium,2,"curriculum_math_2022: printed p. 41; [9수04-09]; achievement_standard; 자료를 산점도로 나타내고 상관관계를 말하는 성취기준 | achievement_math_2022: 자료와 가능성 section; [9수04-08]~[9수04-09] achievement levels; achievement_level; 공학 도구로 사분위수와 상자그림을 구해 두 집단의 분포를 비교하고, 산점도와 상관관계를 말하는 수준을 구분",두 변량의 대응값은 좌표평면에 찍을 순서쌍으로 나타난다.,representation_ref;textbook_page_refs,"Find textbook representation evidence such as a table, graph, expression, or diagram.",pending_textbook_pdf,,,,,,,,,,
6,중3(교육과정 학년군: 중1-3),자료와 가능성,상자그림과 산점도,m1_coord_coordinate_plane__used_in__m1_data_scatter_plot,cross_unit,m1_coord_coordinate_plane,좌표평면,좌표평면과 그래프,m1_data_scatter_plot,산점도,상자그림과 산점도,used_in,medium,2,"curriculum_math_2022: printed p. 41; [9수04-09]; achievement_standard; 자료를 산점도로 나타내고 상관관계를 말하는 성취기준 | achievement_math_2022: 자료와 가능성 section; [9수04-08]~[9수04-09] achievement levels; achievement_level; 공학 도구로 사분위수와 상자그림을 구해 두 집단의 분포를 비교하고, 산점도와 상관관계를 말하는 수준을 구분",,procedure_ref;textbook_page_refs,"Find a worked example, procedure, or application where this source concept is used.",pending_textbook_pdf,,,,,,,,,,
6,중3(교육과정 학년군: 중1-3),자료와 가능성,상자그림과 산점도,m1_coord_coordinate_plane__used_in__m1_data_scatter_plot_drawing,cross_unit,m1_coord_coordinate_plane,좌표평면,좌표평면과 그래프,m1_data_scatter_plot_drawing,산점도로 나타내기,상자그림과 산점도,used_in,medium,2,"curriculum_math_2022: printed p. 41; [9수04-09]; achievement_standard; 자료를 산점도로 나타내고 상관관계를 말하는 성취기준 | achievement_math_2022: 자료와 가능성 section; [9수04-08]~[9수04-09] achievement levels; achievement_level; 공학 도구로 사분위수와 상자그림을 구해 두 집단의 분포를 비교하고, 산점도와 상관관계를 말하는 수준을 구분",,procedure_ref;textbook_page_refs,"Find a worked example, procedure, or application where this source concept is used.",pending_textbook_pdf,,,,,,,,,,
6,중3(교육과정 학년군: 중1-3),자료와 가능성,상자그림과 산점도,m1_coord_ordered_pair__used_in__m1_data_scatter_plot_point,cross_unit,m1_coord_ordered_pair,순서쌍,좌표평면과 그래프,m1_data_scatter_plot_point,산점도의 점,상자그림과 산점도,used_in,medium,2,"curriculum_math_2022: printed p. 41; [9수04-09]; achievement_standard; 자료를 산점도로 나타내고 상관관계를 말하는 성취기준 | achievement_math_2022: 자료와 가능성 section; [9수04-08]~[9수04-09] achievement levels; achievement_level; 공학 도구로 사분위수와 상자그림을 구해 두 집단의 분포를 비교하고, 산점도와 상관관계를 말하는 수준을 구분",,procedure_ref;textbook_page_refs,"Find a worked example, procedure, or application where this source concept is used.",pending_textbook_pdf,,,,,,,,,,
6,중3(교육과정 학년군: 중1-3),자료와 가능성,상자그림과 산점도,m1_data_distribution_interpretation__used_in__m1_data_box_plot_compare,cross_unit,m1_data_distribution_interpretation,자료의 분포 특징 해석,도수분포표와 상대도수,m1_data_box_plot_compare,상자그림으로 두 집단의 분포 비교,상자그림과 산점도,used_in,medium,2,"curriculum_math_2022: printed p. 41; [9수04-08]; achievement_standard; 공학 도구를 이용하여 자료를 상자그림으로 나타내고 분포를 비교하는 성취기준 | achievement_math_2022: 자료와 가능성 section; [9수04-08]~[9수04-09] achievement levels; achievement_level; 공학 도구로 사분위수와 상자그림을 구해 두 집단의 분포를 비교하고, 산점도와 상관관계를 말하는 수준을 구분",,procedure_ref;textbook_page_refs,"Find a worked example, procedure, or application where this source concept is used.",pending_textbook_pdf,,,,,,,,,,
6,중3(교육과정 학년군: 중1-3),자료와 가능성,상자그림과 산점도,m1_data_median__used_in__m1_data_quartile_calculation,cross_unit,m1_data_median,중앙값,대푯값,m1_data_quartile_calculation,사분위수 구하기,상자그림과 산점도,used_in,medium,2,"curriculum_math_2022: printed p. 41; [9수04-08]; achievement_standard; 공학 도구를 이용하여 자료를 상자그림으로 나타내고 분포를 비교하는 성취기준 | achievement_math_2022: 자료와 가능성 section; [9수04-08]~[9수04-09] achievement levels; achievement_level; 공학 도구로 사분위수와 상자그림을 구해 두 집단의 분포를 비교하고, 산점도와 상관관계를 말하는 수준을 구분",,procedure_ref;textbook_page_refs,"Find a worked example, procedure, or application where this source concept is used.",pending_textbook_pdf,,,,,,,,,,
6,중3(교육과정 학년군: 중1-3),자료와 가능성,상자그림과 산점도,m1_data_technology_tool_stats__used_in__m1_data_box_plot,cross_unit,m1_data_technology_tool_stats,공학 도구로 자료 수집·분석하기,도수분포표와 상대도수,m1_data_box_plot,상자그림,상자그림과 산점도,used_in,high,2,"curriculum_math_2022: printed p. 41; [9수04-08]; achievement_standard; 공학 도구를 이용하여 자료를 상자그림으로 나타내고 분포를 비교하는 성취기준 | achievement_math_2022: 자료와 가능성 section; [9수04-08]~[9수04-09] achievement levels; achievement_level; 공학 도구로 사분위수와 상자그림을 구해 두 집단의 분포를 비교하고, 산점도와 상관관계를 말하는 수준을 구분",,procedure_ref;textbook_page_refs,"Find a worked example, procedure, or application where this source concept is used.",pending_textbook_pdf,,,,,,,,,,
6,중3(교육과정 학년군: 중1-3),자료와 가능성,상자그림과 산점도,m1_data_technology_tool_stats__used_in__m1_data_box_scatter_unit,cross_unit,m1_data_technology_tool_stats,공학 도구로 자료 수집·분석하기,도수분포표와 상대도수,m1_data_box_scatter_unit,상자그림과 산점도,상자그림과 산점도,used_in,medium,2,"curriculum_math_2022: printed p. 41; [9수04-08]; achievement_standard; 공학 도구를 이용하여 자료를 상자그림으로 나타내고 분포를 비교하는 성취기준 | achievement_math_2022: 자료와 가능성 section; [9수04-08]~[9수04-09] achievement levels; achievement_level; 공학 도구로 사분위수와 상자그림을 구해 두 집단의 분포를 비교하고, 산점도와 상관관계를 말하는 수준을 구분",공학 도구는 상자그림 생성과 해석 수행에 쓰이는 수단이므로 단원 전체의 prerequisite보다 used_in으로 둔다.,procedure_ref;textbook_page_refs,"Find a worked example, procedure, or application where this source concept is used.",pending_textbook_pdf,,,,,,,,,,
6,중3(교육과정 학년군: 중1-3),자료와 가능성,상자그림과 산점도,m1_data_variable__used_in__m1_data_bivariate_pair,cross_unit,m1_data_variable,변량,자료와 가능성,m1_data_bivariate_pair,두 변량의 대응값,상자그림과 산점도,used_in,medium,3,"curriculum_math_2022: printed p. 41; [9수04-09]; achievement_standard; 자료를 산점도로 나타내고 상관관계를 말하는 성취기준 | curriculum_math_2022: printed pp. 41-42; terms and symbols for 자료와 가능성; term_list; 변량, 대푯값, 중앙값, 최빈값, 줄기와 잎 그림, 계급, 계급의 크기, 도수, 도수분포표, 히스토그램, 도수분포다각형, 상대도수, 사건, 확률, 산포도, 편차, 분산, 표준편차, 사분위수, 상자그림, 산점도, 상관관계를 다룸 | achievement_math_2022: 자료와 가능성 section; [9수04-08]~[9수04-09] achievement levels; achievement_level; 공학 도구로 사분위수와 상자그림을 구해 두 집단의 분포를 비교하고, 산점도와 상관관계를 말하는 수준을 구분",,procedure_ref;textbook_page_refs,"Find a worked example, procedure, or application where this source concept is used.",pending_textbook_pdf,,,,,,,,,,
6,중3(교육과정 학년군: 중1-3),자료와 가능성,상자그림과 산점도,m1_data_variable__used_in__m1_data_scatter_plot,cross_unit,m1_data_variable,변량,자료와 가능성,m1_data_scatter_plot,산점도,상자그림과 산점도,used_in,high,3,"curriculum_math_2022: printed p. 41; [9수04-09]; achievement_standard; 자료를 산점도로 나타내고 상관관계를 말하는 성취기준 | curriculum_math_2022: printed pp. 41-42; terms and symbols for 자료와 가능성; term_list; 변량, 대푯값, 중앙값, 최빈값, 줄기와 잎 그림, 계급, 계급의 크기, 도수, 도수분포표, 히스토그램, 도수분포다각형, 상대도수, 사건, 확률, 산포도, 편차, 분산, 표준편차, 사분위수, 상자그림, 산점도, 상관관계를 다룸 | achievement_math_2022: 자료와 가능성 section; [9수04-08]~[9수04-09] achievement levels; achievement_level; 공학 도구로 사분위수와 상자그림을 구해 두 집단의 분포를 비교하고, 산점도와 상관관계를 말하는 수준을 구분",,procedure_ref;textbook_page_refs,"Find a worked example, procedure, or application where this source concept is used.",pending_textbook_pdf,,,,,,,,,,
6,중3(교육과정 학년군: 중1-3),자료와 가능성,상자그림과 산점도,m1_data_second_quartile__equivalent_to__m1_data_median,cross_unit,m1_data_second_quartile,제2사분위수,상자그림과 산점도,m1_data_median,중앙값,대푯값,equivalent_to,medium,3,"curriculum_math_2022: printed pp. 41-42; terms and symbols for 자료와 가능성; term_list; 변량, 대푯값, 중앙값, 최빈값, 줄기와 잎 그림, 계급, 계급의 크기, 도수, 도수분포표, 히스토그램, 도수분포다각형, 상대도수, 사건, 확률, 산포도, 편차, 분산, 표준편차, 사분위수, 상자그림, 산점도, 상관관계를 다룸 | curriculum_math_2022: printed p. 41; [9수04-08]; achievement_standard; 공학 도구를 이용하여 자료를 상자그림으로 나타내고 분포를 비교하는 성취기준 | achievement_math_2022: 자료와 가능성 section; [9수04-08]~[9수04-09] achievement levels; achievement_level; 공학 도구로 사분위수와 상자그림을 구해 두 집단의 분포를 비교하고, 산점도와 상관관계를 말하는 수준을 구분",상자그림 맥락에서 제2사분위수는 중앙값과 같은 위치의 값이다.,related_ref;textbook_page_refs,Find textbook wording that treats the two concepts or labels as equivalent in context.,pending_textbook_pdf,,,,,,,,,,
6,중3(교육과정 학년군: 중1-3),자료와 가능성,상자그림과 산점도,m1_data_compare_distributions_variability__related_to__m1_data_box_plot_compare,cross_unit,m1_data_compare_distributions_variability,산포도로 두 집단의 분포 비교,산포도,m1_data_box_plot_compare,상자그림으로 두 집단의 분포 비교,상자그림과 산점도,related_to,medium,4,"curriculum_math_2022: printed p. 41; [9수04-07]; achievement_standard; 분산과 표준편차를 구하고 자료의 분포를 설명하는 성취기준 | curriculum_math_2022: printed p. 41; [9수04-08]; achievement_standard; 공학 도구를 이용하여 자료를 상자그림으로 나타내고 분포를 비교하는 성취기준 | achievement_math_2022: 자료와 가능성 section; [9수04-07] achievement levels; achievement_level; 산포도, 편차, 분산, 표준편차의 뜻, 분산과 표준편차 계산, 두 집단 분포 비교 수준을 구분 | achievement_math_2022: 자료와 가능성 section; [9수04-08]~[9수04-09] achievement levels; achievement_level; 공학 도구로 사분위수와 상자그림을 구해 두 집단의 분포를 비교하고, 산점도와 상관관계를 말하는 수준을 구분","Both procedures compare distributions, one through variability measures and the other through box plots.",related_ref;textbook_page_refs,Find textbook wording or examples that justify keeping these concepts linked.,pending_textbook_pdf,,,,,,,,,,
6,중3(교육과정 학년군: 중1-3),자료와 가능성,상자그림과 산점도,m1_data_scatter_plot__related_to__m1_graph_graph,cross_unit,m1_data_scatter_plot,산점도,상자그림과 산점도,m1_graph_graph,그래프,좌표평면과 그래프,related_to,medium,2,"curriculum_math_2022: printed p. 41; [9수04-09]; achievement_standard; 자료를 산점도로 나타내고 상관관계를 말하는 성취기준 | achievement_math_2022: 자료와 가능성 section; [9수04-08]~[9수04-09] achievement levels; achievement_level; 공학 도구로 사분위수와 상자그림을 구해 두 집단의 분포를 비교하고, 산점도와 상관관계를 말하는 수준을 구분","산점도는 그래프 표현의 한 종류지만, 일반 그래프 개념을 산점도의 직접 선수로 과도하게 넓히지 않는다.",related_ref;textbook_page_refs,Find textbook wording or examples that justify keeping these concepts linked.,pending_textbook_pdf,,,,,,,,,,
6,중3(교육과정 학년군: 중1-3),자료와 가능성,상자그림과 산점도,m1_data_variability_unit__related_to__m1_data_box_scatter_unit,cross_unit,m1_data_variability_unit,산포도,산포도,m1_data_box_scatter_unit,상자그림과 산점도,상자그림과 산점도,related_to,medium,4,"curriculum_math_2022: printed p. 41; [9수04-07]; achievement_standard; 분산과 표준편차를 구하고 자료의 분포를 설명하는 성취기준 | curriculum_math_2022: printed p. 41; [9수04-08]; achievement_standard; 공학 도구를 이용하여 자료를 상자그림으로 나타내고 분포를 비교하는 성취기준 | achievement_math_2022: 자료와 가능성 section; [9수04-07] achievement levels; achievement_level; 산포도, 편차, 분산, 표준편차의 뜻, 분산과 표준편차 계산, 두 집단 분포 비교 수준을 구분 | achievement_math_2022: 자료와 가능성 section; [9수04-08]~[9수04-09] achievement levels; achievement_level; 공학 도구로 사분위수와 상자그림을 구해 두 집단의 분포를 비교하고, 산점도와 상관관계를 말하는 수준을 구분","산포도 단원과 상자그림 단원은 모두 분포 비교를 다루지만, 산점도까지 포함한 단원 전체의 선수 관계로 보지는 않는다.",related_ref;textbook_page_refs,Find textbook wording or examples that justify keeping these concepts linked.,pending_textbook_pdf,,,,,,,,,,
