packet_rank,grade,domain,unit,edge_id,edge_scope,source_id,source_label_ko,source_unit,target_id,target_label_ko,target_unit,relationship_type,confidence,source_ref_count,current_source_refs,notes,required_evidence_fields,evidence_focus,extraction_status,structure_ref,prerequisite_ref,representation_ref,procedure_ref,contrast_ref,misconception_ref,problem_pattern_ref,related_ref,textbook_page_refs,extraction_notes
11,중1(교육과정 학년군: 중1-3),자료와 가능성,도수분포표와 상대도수,m1_data_frequency_unit__contains__m1_mis_histogram_bar_graph,intra_unit,m1_data_frequency_unit,도수분포표와 상대도수,도수분포표와 상대도수,m1_mis_histogram_bar_graph,히스토그램과 막대그래프를 같은 표현으로 보는 오류,도수분포표와 상대도수,contains,low,2,"curriculum_math_2022: printed p. 40; [9수04-02]; achievement_standard; 자료를 줄기와 잎 그림, 도수분포표, 히스토그램, 도수분포다각형으로 나타내고 해석하는 성취기준 | achievement_math_2022: 자료와 가능성 section; [9수04-02]~[9수04-04] achievement levels; achievement_level; 줄기와 잎 그림, 도수분포표, 히스토그램, 도수분포다각형, 상대도수의 분포, 통계적 탐구 문제 설정과 공학 도구 활용 수준을 구분",,structure_ref;textbook_page_refs;extraction_notes,Find textbook structure evidence for the containment relation.,pending_textbook_pdf,,,,,,,,,,
11,중1(교육과정 학년군: 중1-3),자료와 가능성,도수분포표와 상대도수,m1_data_frequency_unit__contains__m1_mis_relative_frequency_frequency,intra_unit,m1_data_frequency_unit,도수분포표와 상대도수,도수분포표와 상대도수,m1_mis_relative_frequency_frequency,도수와 상대도수를 혼동하는 오류,도수분포표와 상대도수,contains,low,3,"curriculum_math_2022: printed p. 40; [9수04-03]; achievement_standard; 상대도수를 구하고 상대도수의 분포를 표나 그래프로 나타내고 해석하는 성취기준 | curriculum_math_2022: printed p. 41; [9수04-03] explanation; teaching_note; 상대도수는 도수의 총합이 다른 두 집단의 분포를 비교하는 상황에서 간단히 다루고 그 필요성과 유용성을 인식하게 함 | achievement_math_2022: 자료와 가능성 section; [9수04-02]~[9수04-04] achievement levels; achievement_level; 줄기와 잎 그림, 도수분포표, 히스토그램, 도수분포다각형, 상대도수의 분포, 통계적 탐구 문제 설정과 공학 도구 활용 수준을 구분",,structure_ref;textbook_page_refs;extraction_notes,Find textbook structure evidence for the containment relation.,pending_textbook_pdf,,,,,,,,,,
11,중1(교육과정 학년군: 중1-3),자료와 가능성,도수분포표와 상대도수,m1_data_relative_frequency_distribution__contains__m1_data_relative_frequency_sum,intra_unit,m1_data_relative_frequency_distribution,상대도수의 분포,도수분포표와 상대도수,m1_data_relative_frequency_sum,상대도수의 합,도수분포표와 상대도수,contains,low,2,curriculum_math_2022: printed p. 40; [9수04-03]; achievement_standard; 상대도수를 구하고 상대도수의 분포를 표나 그래프로 나타내고 해석하는 성취기준 | curriculum_math_2022: printed p. 41; [9수04-03] explanation; teaching_note; 상대도수는 도수의 총합이 다른 두 집단의 분포를 비교하는 상황에서 간단히 다루고 그 필요성과 유용성을 인식하게 함,,structure_ref;textbook_page_refs;extraction_notes,Find textbook structure evidence for the containment relation.,pending_textbook_pdf,,,,,,,,,,
11,중1(교육과정 학년군: 중1-3),자료와 가능성,도수분포표와 상대도수,m1_data_statistical_inquiry_unit__contains__m1_mis_graph_scale_distortion,intra_unit,m1_data_statistical_inquiry_unit,통계적 탐구,도수분포표와 상대도수,m1_mis_graph_scale_distortion,눈금 왜곡 그래프를 그대로 해석하는 오류,도수분포표와 상대도수,contains,low,1,"curriculum_math_2022: printed p. 42; achievement-standard considerations; teaching_note; 눈금 등을 부적절하게 사용해 자료를 부정확하게 나타낸 표나 그래프의 오류를 찾고, 자료 정리·표현·대푯값·산포도 계산에 공학 도구를 활용하게 함",,structure_ref;textbook_page_refs;extraction_notes,Find textbook structure evidence for the containment relation.,pending_textbook_pdf,,,,,,,,,,
11,중1(교육과정 학년군: 중1-3),자료와 가능성,도수분포표와 상대도수,m1_data_relative_frequency_calculation__prerequisite_for__m1_data_relative_frequency_sum,intra_unit,m1_data_relative_frequency_calculation,상대도수 구하기,도수분포표와 상대도수,m1_data_relative_frequency_sum,상대도수의 합,도수분포표와 상대도수,prerequisite_for,low,2,curriculum_math_2022: printed p. 40; [9수04-03]; achievement_standard; 상대도수를 구하고 상대도수의 분포를 표나 그래프로 나타내고 해석하는 성취기준 | curriculum_math_2022: printed p. 41; [9수04-03] explanation; teaching_note; 상대도수는 도수의 총합이 다른 두 집단의 분포를 비교하는 상황에서 간단히 다루고 그 필요성과 유용성을 인식하게 함,,prerequisite_ref;textbook_page_refs;extraction_notes,Find textbook sequencing or prior-knowledge evidence for the prerequisite relation.,pending_textbook_pdf,,,,,,,,,,
11,중1(교육과정 학년군: 중1-3),자료와 가능성,도수분포표와 상대도수,m1_data_relative_frequency__used_in__m1_data_relative_frequency_sum,intra_unit,m1_data_relative_frequency,상대도수,도수분포표와 상대도수,m1_data_relative_frequency_sum,상대도수의 합,도수분포표와 상대도수,used_in,low,2,curriculum_math_2022: printed p. 40; [9수04-03]; achievement_standard; 상대도수를 구하고 상대도수의 분포를 표나 그래프로 나타내고 해석하는 성취기준 | curriculum_math_2022: printed p. 41; [9수04-03] explanation; teaching_note; 상대도수는 도수의 총합이 다른 두 집단의 분포를 비교하는 상황에서 간단히 다루고 그 필요성과 유용성을 인식하게 함,상대도수의 합 성질은 상대도수 개념에서 추론한 연결이다. 교과서 정리 문장 확인 전까지 낮은 신뢰도로 둔다.,procedure_ref;textbook_page_refs;extraction_notes,"Find a worked example, procedure, or application where this source concept is used.",pending_textbook_pdf,,,,,,,,,,
11,중1(교육과정 학년군: 중1-3),자료와 가능성,도수분포표와 상대도수,m1_mis_graph_scale_distortion__often_confused_with__m1_data_critical_graph_reading,intra_unit,m1_mis_graph_scale_distortion,눈금 왜곡 그래프를 그대로 해석하는 오류,도수분포표와 상대도수,m1_data_critical_graph_reading,표와 그래프의 오류 비판적으로 읽기,도수분포표와 상대도수,often_confused_with,low,1,"curriculum_math_2022: printed p. 42; achievement-standard considerations; teaching_note; 눈금 등을 부적절하게 사용해 자료를 부정확하게 나타낸 표나 그래프의 오류를 찾고, 자료 정리·표현·대푯값·산포도 계산에 공학 도구를 활용하게 함",related_ids에서 확인된 오개념 위험 연결을 낮은 신뢰도 edge로 보강. 교과서 근거 확인 후 유지 또는 조정.,misconception_ref;problem_pattern_ref;textbook_page_refs;extraction_notes,"Find misconception, caution, example, or problem-pattern evidence for the confusion risk.",pending_textbook_pdf,,,,,,,,,,
11,중1(교육과정 학년군: 중1-3),자료와 가능성,도수분포표와 상대도수,m1_mis_histogram_bar_graph__often_confused_with__m1_data_class,intra_unit,m1_mis_histogram_bar_graph,히스토그램과 막대그래프를 같은 표현으로 보는 오류,도수분포표와 상대도수,m1_data_class,계급,도수분포표와 상대도수,often_confused_with,low,2,"curriculum_math_2022: printed p. 40; [9수04-02]; achievement_standard; 자료를 줄기와 잎 그림, 도수분포표, 히스토그램, 도수분포다각형으로 나타내고 해석하는 성취기준 | achievement_math_2022: 자료와 가능성 section; [9수04-02]~[9수04-04] achievement levels; achievement_level; 줄기와 잎 그림, 도수분포표, 히스토그램, 도수분포다각형, 상대도수의 분포, 통계적 탐구 문제 설정과 공학 도구 활용 수준을 구분",related_ids에서 확인된 오개념 위험 연결을 낮은 신뢰도 edge로 보강. 교과서 근거 확인 후 유지 또는 조정.,misconception_ref;problem_pattern_ref;textbook_page_refs;extraction_notes,"Find misconception, caution, example, or problem-pattern evidence for the confusion risk.",pending_textbook_pdf,,,,,,,,,,
11,중1(교육과정 학년군: 중1-3),자료와 가능성,도수분포표와 상대도수,m1_mis_histogram_bar_graph__often_confused_with__m1_data_frequency,intra_unit,m1_mis_histogram_bar_graph,히스토그램과 막대그래프를 같은 표현으로 보는 오류,도수분포표와 상대도수,m1_data_frequency,도수,도수분포표와 상대도수,often_confused_with,low,2,"curriculum_math_2022: printed p. 40; [9수04-02]; achievement_standard; 자료를 줄기와 잎 그림, 도수분포표, 히스토그램, 도수분포다각형으로 나타내고 해석하는 성취기준 | achievement_math_2022: 자료와 가능성 section; [9수04-02]~[9수04-04] achievement levels; achievement_level; 줄기와 잎 그림, 도수분포표, 히스토그램, 도수분포다각형, 상대도수의 분포, 통계적 탐구 문제 설정과 공학 도구 활용 수준을 구분",related_ids에서 확인된 오개념 위험 연결을 낮은 신뢰도 edge로 보강. 교과서 근거 확인 후 유지 또는 조정.,misconception_ref;problem_pattern_ref;textbook_page_refs;extraction_notes,"Find misconception, caution, example, or problem-pattern evidence for the confusion risk.",pending_textbook_pdf,,,,,,,,,,
11,중1(교육과정 학년군: 중1-3),자료와 가능성,도수분포표와 상대도수,m1_mis_histogram_bar_graph__often_confused_with__m1_data_histogram,intra_unit,m1_mis_histogram_bar_graph,히스토그램과 막대그래프를 같은 표현으로 보는 오류,도수분포표와 상대도수,m1_data_histogram,히스토그램,도수분포표와 상대도수,often_confused_with,low,2,"curriculum_math_2022: printed p. 40; [9수04-02]; achievement_standard; 자료를 줄기와 잎 그림, 도수분포표, 히스토그램, 도수분포다각형으로 나타내고 해석하는 성취기준 | achievement_math_2022: 자료와 가능성 section; [9수04-02]~[9수04-04] achievement levels; achievement_level; 줄기와 잎 그림, 도수분포표, 히스토그램, 도수분포다각형, 상대도수의 분포, 통계적 탐구 문제 설정과 공학 도구 활용 수준을 구분",,misconception_ref;problem_pattern_ref;textbook_page_refs;extraction_notes,"Find misconception, caution, example, or problem-pattern evidence for the confusion risk.",pending_textbook_pdf,,,,,,,,,,
11,중1(교육과정 학년군: 중1-3),자료와 가능성,도수분포표와 상대도수,m1_mis_relative_frequency_frequency__often_confused_with__m1_data_frequency,intra_unit,m1_mis_relative_frequency_frequency,도수와 상대도수를 혼동하는 오류,도수분포표와 상대도수,m1_data_frequency,도수,도수분포표와 상대도수,often_confused_with,low,2,"curriculum_math_2022: printed p. 40; [9수04-03]; achievement_standard; 상대도수를 구하고 상대도수의 분포를 표나 그래프로 나타내고 해석하는 성취기준 | achievement_math_2022: 자료와 가능성 section; [9수04-02]~[9수04-04] achievement levels; achievement_level; 줄기와 잎 그림, 도수분포표, 히스토그램, 도수분포다각형, 상대도수의 분포, 통계적 탐구 문제 설정과 공학 도구 활용 수준을 구분",,misconception_ref;problem_pattern_ref;textbook_page_refs;extraction_notes,"Find misconception, caution, example, or problem-pattern evidence for the confusion risk.",pending_textbook_pdf,,,,,,,,,,
11,중1(교육과정 학년군: 중1-3),자료와 가능성,도수분포표와 상대도수,m1_mis_relative_frequency_frequency__often_confused_with__m1_data_relative_frequency,intra_unit,m1_mis_relative_frequency_frequency,도수와 상대도수를 혼동하는 오류,도수분포표와 상대도수,m1_data_relative_frequency,상대도수,도수분포표와 상대도수,often_confused_with,low,2,"curriculum_math_2022: printed p. 40; [9수04-03]; achievement_standard; 상대도수를 구하고 상대도수의 분포를 표나 그래프로 나타내고 해석하는 성취기준 | achievement_math_2022: 자료와 가능성 section; [9수04-02]~[9수04-04] achievement levels; achievement_level; 줄기와 잎 그림, 도수분포표, 히스토그램, 도수분포다각형, 상대도수의 분포, 통계적 탐구 문제 설정과 공학 도구 활용 수준을 구분",,misconception_ref;problem_pattern_ref;textbook_page_refs;extraction_notes,"Find misconception, caution, example, or problem-pattern evidence for the confusion risk.",pending_textbook_pdf,,,,,,,,,,
11,중1(교육과정 학년군: 중1-3),자료와 가능성,도수분포표와 상대도수,m1_mis_relative_frequency_frequency__often_confused_with__m1_data_relative_frequency_distribution,intra_unit,m1_mis_relative_frequency_frequency,도수와 상대도수를 혼동하는 오류,도수분포표와 상대도수,m1_data_relative_frequency_distribution,상대도수의 분포,도수분포표와 상대도수,often_confused_with,low,3,"curriculum_math_2022: printed p. 40; [9수04-03]; achievement_standard; 상대도수를 구하고 상대도수의 분포를 표나 그래프로 나타내고 해석하는 성취기준 | curriculum_math_2022: printed p. 41; [9수04-03] explanation; teaching_note; 상대도수는 도수의 총합이 다른 두 집단의 분포를 비교하는 상황에서 간단히 다루고 그 필요성과 유용성을 인식하게 함 | achievement_math_2022: 자료와 가능성 section; [9수04-02]~[9수04-04] achievement levels; achievement_level; 줄기와 잎 그림, 도수분포표, 히스토그램, 도수분포다각형, 상대도수의 분포, 통계적 탐구 문제 설정과 공학 도구 활용 수준을 구분",related_ids에서 확인된 오개념 위험 연결을 낮은 신뢰도 edge로 보강. 교과서 근거 확인 후 유지 또는 조정.,misconception_ref;problem_pattern_ref;textbook_page_refs;extraction_notes,"Find misconception, caution, example, or problem-pattern evidence for the confusion risk.",pending_textbook_pdf,,,,,,,,,,
11,중1(교육과정 학년군: 중1-3),자료와 가능성,도수분포표와 상대도수,m1_mis_relative_frequency_frequency__often_confused_with__m1_data_relative_frequency_sum,intra_unit,m1_mis_relative_frequency_frequency,도수와 상대도수를 혼동하는 오류,도수분포표와 상대도수,m1_data_relative_frequency_sum,상대도수의 합,도수분포표와 상대도수,often_confused_with,low,3,"curriculum_math_2022: printed p. 40; [9수04-03]; achievement_standard; 상대도수를 구하고 상대도수의 분포를 표나 그래프로 나타내고 해석하는 성취기준 | curriculum_math_2022: printed p. 41; [9수04-03] explanation; teaching_note; 상대도수는 도수의 총합이 다른 두 집단의 분포를 비교하는 상황에서 간단히 다루고 그 필요성과 유용성을 인식하게 함 | achievement_math_2022: 자료와 가능성 section; [9수04-02]~[9수04-04] achievement levels; achievement_level; 줄기와 잎 그림, 도수분포표, 히스토그램, 도수분포다각형, 상대도수의 분포, 통계적 탐구 문제 설정과 공학 도구 활용 수준을 구분",related_ids에서 확인된 오개념 위험 연결을 낮은 신뢰도 edge로 보강. 교과서 근거 확인 후 유지 또는 조정.,misconception_ref;problem_pattern_ref;textbook_page_refs;extraction_notes,"Find misconception, caution, example, or problem-pattern evidence for the confusion risk.",pending_textbook_pdf,,,,,,,,,,
11,중1(교육과정 학년군: 중1-3),자료와 가능성,도수분포표와 상대도수,m1_num_ratio__used_in__m1_data_relative_frequency,cross_unit,m1_num_ratio,비,공통 선수개념,m1_data_relative_frequency,상대도수,도수분포표와 상대도수,used_in,low,3,"curriculum_math_2022: printed p. 40; [9수04-03]; achievement_standard; 상대도수를 구하고 상대도수의 분포를 표나 그래프로 나타내고 해석하는 성취기준 | curriculum_math_2022: printed p. 41; [9수04-03] explanation; teaching_note; 상대도수는 도수의 총합이 다른 두 집단의 분포를 비교하는 상황에서 간단히 다루고 그 필요성과 유용성을 인식하게 함 | achievement_math_2022: 자료와 가능성 section; [9수04-02]~[9수04-04] achievement levels; achievement_level; 줄기와 잎 그림, 도수분포표, 히스토그램, 도수분포다각형, 상대도수의 분포, 통계적 탐구 문제 설정과 공학 도구 활용 수준을 구분",,procedure_ref;textbook_page_refs;extraction_notes,"Find a worked example, procedure, or application where this source concept is used.",pending_textbook_pdf,,,,,,,,,,
11,중1(교육과정 학년군: 중1-3),자료와 가능성,도수분포표와 상대도수,m1_num_ratio__used_in__m1_data_relative_frequency_calculation,cross_unit,m1_num_ratio,비,공통 선수개념,m1_data_relative_frequency_calculation,상대도수 구하기,도수분포표와 상대도수,used_in,low,3,"curriculum_math_2022: printed p. 40; [9수04-03]; achievement_standard; 상대도수를 구하고 상대도수의 분포를 표나 그래프로 나타내고 해석하는 성취기준 | curriculum_math_2022: printed p. 41; [9수04-03] explanation; teaching_note; 상대도수는 도수의 총합이 다른 두 집단의 분포를 비교하는 상황에서 간단히 다루고 그 필요성과 유용성을 인식하게 함 | achievement_research_report_2022: 연구보고서 p. 227, p. 228; 도수분포표와 상대도수 성취기준별 성취수준; research_report_achievement_level_context; 자료를 줄기와 잎 그림, 도수분포표, 히스토그램, 도수분포다각형으로 나타내고 해석하기, 상대도수를 구하고 상대도수의 분포를 표나 그래프로 나타내고 해석하기, 통계적 탐구 문제 설정과 공학 도구 활용 성취수준 맥락",,procedure_ref;textbook_page_refs;extraction_notes,"Find a worked example, procedure, or application where this source concept is used.",pending_textbook_pdf,,,,,,,,,,
11,중1(교육과정 학년군: 중1-3),자료와 가능성,도수분포표와 상대도수,m1_mis_graph_scale_distortion__often_confused_with__m1_graph_graph_interpretation,cross_unit,m1_mis_graph_scale_distortion,눈금 왜곡 그래프를 그대로 해석하는 오류,도수분포표와 상대도수,m1_graph_graph_interpretation,그래프 해석,좌표평면과 그래프,often_confused_with,low,1,"curriculum_math_2022: printed p. 42; achievement-standard considerations; teaching_note; 눈금 등을 부적절하게 사용해 자료를 부정확하게 나타낸 표나 그래프의 오류를 찾고, 자료 정리·표현·대푯값·산포도 계산에 공학 도구를 활용하게 함",,misconception_ref;problem_pattern_ref;textbook_page_refs;extraction_notes,"Find misconception, caution, example, or problem-pattern evidence for the confusion risk.",pending_textbook_pdf,,,,,,,,,,
11,중1(교육과정 학년군: 중1-3),자료와 가능성,도수분포표와 상대도수,m1_mis_representation_conversion__often_confused_with__m1_data_critical_graph_reading,cross_unit,m1_mis_representation_conversion,표·식·그래프 변환 오류,좌표평면과 그래프,m1_data_critical_graph_reading,표와 그래프의 오류 비판적으로 읽기,도수분포표와 상대도수,often_confused_with,low,2,"curriculum_math_2022: printed pp. 35-36; achievement-standard explanation and considerations; teaching_note; 좌표 사용 예, 그래프의 증가·감소·주기적 변화, 표·식·그래프 변환을 다룸 | achievement_math_2022: 좌표평면과 그래프 section; [9수02-07] achievement levels; achievement_level; 정비례·반비례 관계를 표, 식, 그래프로 나타내는 수준을 구분",related_ids에서 확인된 오개념 위험 연결을 낮은 신뢰도 edge로 보강. 교과서 근거 확인 후 유지 또는 조정.,misconception_ref;problem_pattern_ref;textbook_page_refs;extraction_notes,"Find misconception, caution, example, or problem-pattern evidence for the confusion risk.",pending_textbook_pdf,,,,,,,,,,
11,중1(교육과정 학년군: 중1-3),자료와 가능성,도수분포표와 상대도수,m1_data_frequency_unit__contains__m1_data_class,intra_unit,m1_data_frequency_unit,도수분포표와 상대도수,도수분포표와 상대도수,m1_data_class,계급,도수분포표와 상대도수,contains,high,3,"curriculum_math_2022: printed pp. 41-42; terms and symbols for 자료와 가능성; term_list; 변량, 대푯값, 중앙값, 최빈값, 줄기와 잎 그림, 계급, 계급의 크기, 도수, 도수분포표, 히스토그램, 도수분포다각형, 상대도수, 사건, 확률, 산포도, 편차, 분산, 표준편차, 사분위수, 상자그림, 산점도, 상관관계를 다룸 | curriculum_math_2022: printed p. 40; [9수04-02]; achievement_standard; 자료를 줄기와 잎 그림, 도수분포표, 히스토그램, 도수분포다각형으로 나타내고 해석하는 성취기준 | achievement_math_2022: 자료와 가능성 section; [9수04-02]~[9수04-04] achievement levels; achievement_level; 줄기와 잎 그림, 도수분포표, 히스토그램, 도수분포다각형, 상대도수의 분포, 통계적 탐구 문제 설정과 공학 도구 활용 수준을 구분",,structure_ref;textbook_page_refs,Find textbook structure evidence for the containment relation.,pending_textbook_pdf,,,,,,,,,,
11,중1(교육과정 학년군: 중1-3),자료와 가능성,도수분포표와 상대도수,m1_data_frequency_unit__contains__m1_data_class_mark,intra_unit,m1_data_frequency_unit,도수분포표와 상대도수,도수분포표와 상대도수,m1_data_class_mark,계급값,도수분포표와 상대도수,contains,medium,2,"curriculum_math_2022: printed p. 42; terms usable in teaching and learning situations; instructional_term_list; 계급값, 경우의 수는 교수·학습 상황에서 사용할 수 있음 | curriculum_math_2022: printed p. 40; [9수04-02]; achievement_standard; 자료를 줄기와 잎 그림, 도수분포표, 히스토그램, 도수분포다각형으로 나타내고 해석하는 성취기준",,structure_ref;textbook_page_refs,Find textbook structure evidence for the containment relation.,pending_textbook_pdf,,,,,,,,,,
11,중1(교육과정 학년군: 중1-3),자료와 가능성,도수분포표와 상대도수,m1_data_frequency_unit__contains__m1_data_class_width,intra_unit,m1_data_frequency_unit,도수분포표와 상대도수,도수분포표와 상대도수,m1_data_class_width,계급의 크기,도수분포표와 상대도수,contains,high,3,"curriculum_math_2022: printed pp. 41-42; terms and symbols for 자료와 가능성; term_list; 변량, 대푯값, 중앙값, 최빈값, 줄기와 잎 그림, 계급, 계급의 크기, 도수, 도수분포표, 히스토그램, 도수분포다각형, 상대도수, 사건, 확률, 산포도, 편차, 분산, 표준편차, 사분위수, 상자그림, 산점도, 상관관계를 다룸 | curriculum_math_2022: printed p. 40; [9수04-02]; achievement_standard; 자료를 줄기와 잎 그림, 도수분포표, 히스토그램, 도수분포다각형으로 나타내고 해석하는 성취기준 | achievement_math_2022: 자료와 가능성 section; [9수04-02]~[9수04-04] achievement levels; achievement_level; 줄기와 잎 그림, 도수분포표, 히스토그램, 도수분포다각형, 상대도수의 분포, 통계적 탐구 문제 설정과 공학 도구 활용 수준을 구분",,structure_ref;textbook_page_refs,Find textbook structure evidence for the containment relation.,pending_textbook_pdf,,,,,,,,,,
11,중1(교육과정 학년군: 중1-3),자료와 가능성,도수분포표와 상대도수,m1_data_frequency_unit__contains__m1_data_compare_groups_by_relative_frequency,intra_unit,m1_data_frequency_unit,도수분포표와 상대도수,도수분포표와 상대도수,m1_data_compare_groups_by_relative_frequency,상대도수로 두 집단의 분포 비교하기,도수분포표와 상대도수,contains,medium,4,"curriculum_math_2022: printed p. 40; [9수04-03]; achievement_standard; 상대도수를 구하고 상대도수의 분포를 표나 그래프로 나타내고 해석하는 성취기준 | curriculum_math_2022: printed p. 41; [9수04-03] explanation; teaching_note; 상대도수는 도수의 총합이 다른 두 집단의 분포를 비교하는 상황에서 간단히 다루고 그 필요성과 유용성을 인식하게 함 | achievement_math_2022: 자료와 가능성 section; [9수04-02]~[9수04-04] achievement levels; achievement_level; 줄기와 잎 그림, 도수분포표, 히스토그램, 도수분포다각형, 상대도수의 분포, 통계적 탐구 문제 설정과 공학 도구 활용 수준을 구분 | achievement_research_report_2022: 연구보고서 p. 227, p. 228; 도수분포표와 상대도수 성취기준별 성취수준; research_report_achievement_level_context; 자료를 줄기와 잎 그림, 도수분포표, 히스토그램, 도수분포다각형으로 나타내고 해석하기, 상대도수를 구하고 상대도수의 분포를 표나 그래프로 나타내고 해석하기, 통계적 탐구 문제 설정과 공학 도구 활용 성취수준 맥락",,structure_ref;textbook_page_refs,Find textbook structure evidence for the containment relation.,pending_textbook_pdf,,,,,,,,,,
11,중1(교육과정 학년군: 중1-3),자료와 가능성,도수분포표와 상대도수,m1_data_frequency_unit__contains__m1_data_distribution,intra_unit,m1_data_frequency_unit,도수분포표와 상대도수,도수분포표와 상대도수,m1_data_distribution,자료의 분포,도수분포표와 상대도수,contains,high,6,"curriculum_math_2022: printed p. 40; [9수04-02]; achievement_standard; 자료를 줄기와 잎 그림, 도수분포표, 히스토그램, 도수분포다각형으로 나타내고 해석하는 성취기준 | curriculum_math_2022: printed p. 40; [9수04-03]; achievement_standard; 상대도수를 구하고 상대도수의 분포를 표나 그래프로 나타내고 해석하는 성취기준 | curriculum_math_2022: printed p. 41; [9수04-07]; achievement_standard; 분산과 표준편차를 구하고 자료의 분포를 설명하는 성취기준 | achievement_math_2022: 자료와 가능성 section; [9수04-02]~[9수04-04] achievement levels; achievement_level; 줄기와 잎 그림, 도수분포표, 히스토그램, 도수분포다각형, 상대도수의 분포, 통계적 탐구 문제 설정과 공학 도구 활용 수준을 구분 | achievement_research_report_2022: 연구보고서 p. 227, p. 228; 도수분포표와 상대도수 성취기준별 성취수준; research_report_achievement_level_context; 자료를 줄기와 잎 그림, 도수분포표, 히스토그램, 도수분포다각형으로 나타내고 해석하기, 상대도수를 구하고 상대도수의 분포를 표나 그래프로 나타내고 해석하기, 통계적 탐구 문제 설정과 공학 도구 활용 성취수준 맥락 | achievement_math_2022: 자료와 가능성 section; [9수04-07] achievement levels; achievement_level; 산포도, 편차, 분산, 표준편차의 뜻, 분산과 표준편차 계산, 두 집단 분포 비교 수준을 구분",,structure_ref;textbook_page_refs,Find textbook structure evidence for the containment relation.,pending_textbook_pdf,,,,,,,,,,
11,중1(교육과정 학년군: 중1-3),자료와 가능성,도수분포표와 상대도수,m1_data_frequency_unit__contains__m1_data_distribution_interpretation,intra_unit,m1_data_frequency_unit,도수분포표와 상대도수,도수분포표와 상대도수,m1_data_distribution_interpretation,자료의 분포 특징 해석,도수분포표와 상대도수,contains,high,3,"curriculum_math_2022: printed p. 40; [9수04-02]; achievement_standard; 자료를 줄기와 잎 그림, 도수분포표, 히스토그램, 도수분포다각형으로 나타내고 해석하는 성취기준 | achievement_math_2022: 자료와 가능성 section; [9수04-02]~[9수04-04] achievement levels; achievement_level; 줄기와 잎 그림, 도수분포표, 히스토그램, 도수분포다각형, 상대도수의 분포, 통계적 탐구 문제 설정과 공학 도구 활용 수준을 구분 | achievement_research_report_2022: 연구보고서 p. 227, p. 228; 도수분포표와 상대도수 성취기준별 성취수준; research_report_achievement_level_context; 자료를 줄기와 잎 그림, 도수분포표, 히스토그램, 도수분포다각형으로 나타내고 해석하기, 상대도수를 구하고 상대도수의 분포를 표나 그래프로 나타내고 해석하기, 통계적 탐구 문제 설정과 공학 도구 활용 성취수준 맥락",,structure_ref;textbook_page_refs,Find textbook structure evidence for the containment relation.,pending_textbook_pdf,,,,,,,,,,
11,중1(교육과정 학년군: 중1-3),자료와 가능성,도수분포표와 상대도수,m1_data_frequency_unit__contains__m1_data_frequency,intra_unit,m1_data_frequency_unit,도수분포표와 상대도수,도수분포표와 상대도수,m1_data_frequency,도수,도수분포표와 상대도수,contains,high,4,"curriculum_math_2022: printed pp. 41-42; terms and symbols for 자료와 가능성; term_list; 변량, 대푯값, 중앙값, 최빈값, 줄기와 잎 그림, 계급, 계급의 크기, 도수, 도수분포표, 히스토그램, 도수분포다각형, 상대도수, 사건, 확률, 산포도, 편차, 분산, 표준편차, 사분위수, 상자그림, 산점도, 상관관계를 다룸 | curriculum_math_2022: printed p. 40; [9수04-02]; achievement_standard; 자료를 줄기와 잎 그림, 도수분포표, 히스토그램, 도수분포다각형으로 나타내고 해석하는 성취기준 | achievement_math_2022: 자료와 가능성 section; [9수04-02]~[9수04-04] achievement levels; achievement_level; 줄기와 잎 그림, 도수분포표, 히스토그램, 도수분포다각형, 상대도수의 분포, 통계적 탐구 문제 설정과 공학 도구 활용 수준을 구분 | achievement_research_report_2022: 연구보고서 p. 227, p. 228; 도수분포표와 상대도수 성취기준별 성취수준; research_report_achievement_level_context; 자료를 줄기와 잎 그림, 도수분포표, 히스토그램, 도수분포다각형으로 나타내고 해석하기, 상대도수를 구하고 상대도수의 분포를 표나 그래프로 나타내고 해석하기, 통계적 탐구 문제 설정과 공학 도구 활용 성취수준 맥락",,structure_ref;textbook_page_refs,Find textbook structure evidence for the containment relation.,pending_textbook_pdf,,,,,,,,,,
11,중1(교육과정 학년군: 중1-3),자료와 가능성,도수분포표와 상대도수,m1_data_frequency_unit__contains__m1_data_frequency_polygon,intra_unit,m1_data_frequency_unit,도수분포표와 상대도수,도수분포표와 상대도수,m1_data_frequency_polygon,도수분포다각형,도수분포표와 상대도수,contains,high,4,"curriculum_math_2022: printed pp. 41-42; terms and symbols for 자료와 가능성; term_list; 변량, 대푯값, 중앙값, 최빈값, 줄기와 잎 그림, 계급, 계급의 크기, 도수, 도수분포표, 히스토그램, 도수분포다각형, 상대도수, 사건, 확률, 산포도, 편차, 분산, 표준편차, 사분위수, 상자그림, 산점도, 상관관계를 다룸 | curriculum_math_2022: printed p. 40; [9수04-02]; achievement_standard; 자료를 줄기와 잎 그림, 도수분포표, 히스토그램, 도수분포다각형으로 나타내고 해석하는 성취기준 | achievement_math_2022: 자료와 가능성 section; [9수04-02]~[9수04-04] achievement levels; achievement_level; 줄기와 잎 그림, 도수분포표, 히스토그램, 도수분포다각형, 상대도수의 분포, 통계적 탐구 문제 설정과 공학 도구 활용 수준을 구분 | achievement_research_report_2022: 연구보고서 p. 227, p. 228; 도수분포표와 상대도수 성취기준별 성취수준; research_report_achievement_level_context; 자료를 줄기와 잎 그림, 도수분포표, 히스토그램, 도수분포다각형으로 나타내고 해석하기, 상대도수를 구하고 상대도수의 분포를 표나 그래프로 나타내고 해석하기, 통계적 탐구 문제 설정과 공학 도구 활용 성취수준 맥락",,structure_ref;textbook_page_refs,Find textbook structure evidence for the containment relation.,pending_textbook_pdf,,,,,,,,,,
11,중1(교육과정 학년군: 중1-3),자료와 가능성,도수분포표와 상대도수,m1_data_frequency_unit__contains__m1_data_frequency_polygon_drawing,intra_unit,m1_data_frequency_unit,도수분포표와 상대도수,도수분포표와 상대도수,m1_data_frequency_polygon_drawing,도수분포다각형으로 나타내기,도수분포표와 상대도수,contains,high,3,"curriculum_math_2022: printed p. 40; [9수04-02]; achievement_standard; 자료를 줄기와 잎 그림, 도수분포표, 히스토그램, 도수분포다각형으로 나타내고 해석하는 성취기준 | achievement_math_2022: 자료와 가능성 section; [9수04-02]~[9수04-04] achievement levels; achievement_level; 줄기와 잎 그림, 도수분포표, 히스토그램, 도수분포다각형, 상대도수의 분포, 통계적 탐구 문제 설정과 공학 도구 활용 수준을 구분 | achievement_research_report_2022: 연구보고서 p. 227, p. 228; 도수분포표와 상대도수 성취기준별 성취수준; research_report_achievement_level_context; 자료를 줄기와 잎 그림, 도수분포표, 히스토그램, 도수분포다각형으로 나타내고 해석하기, 상대도수를 구하고 상대도수의 분포를 표나 그래프로 나타내고 해석하기, 통계적 탐구 문제 설정과 공학 도구 활용 성취수준 맥락",,structure_ref;textbook_page_refs,Find textbook structure evidence for the containment relation.,pending_textbook_pdf,,,,,,,,,,
11,중1(교육과정 학년군: 중1-3),자료와 가능성,도수분포표와 상대도수,m1_data_frequency_unit__contains__m1_data_frequency_table,intra_unit,m1_data_frequency_unit,도수분포표와 상대도수,도수분포표와 상대도수,m1_data_frequency_table,도수분포표,도수분포표와 상대도수,contains,high,4,"curriculum_math_2022: printed pp. 41-42; terms and symbols for 자료와 가능성; term_list; 변량, 대푯값, 중앙값, 최빈값, 줄기와 잎 그림, 계급, 계급의 크기, 도수, 도수분포표, 히스토그램, 도수분포다각형, 상대도수, 사건, 확률, 산포도, 편차, 분산, 표준편차, 사분위수, 상자그림, 산점도, 상관관계를 다룸 | curriculum_math_2022: printed p. 40; [9수04-02]; achievement_standard; 자료를 줄기와 잎 그림, 도수분포표, 히스토그램, 도수분포다각형으로 나타내고 해석하는 성취기준 | achievement_math_2022: 자료와 가능성 section; [9수04-02]~[9수04-04] achievement levels; achievement_level; 줄기와 잎 그림, 도수분포표, 히스토그램, 도수분포다각형, 상대도수의 분포, 통계적 탐구 문제 설정과 공학 도구 활용 수준을 구분 | achievement_research_report_2022: 연구보고서 p. 227, p. 228; 도수분포표와 상대도수 성취기준별 성취수준; research_report_achievement_level_context; 자료를 줄기와 잎 그림, 도수분포표, 히스토그램, 도수분포다각형으로 나타내고 해석하기, 상대도수를 구하고 상대도수의 분포를 표나 그래프로 나타내고 해석하기, 통계적 탐구 문제 설정과 공학 도구 활용 성취수준 맥락",,structure_ref;textbook_page_refs,Find textbook structure evidence for the containment relation.,pending_textbook_pdf,,,,,,,,,,
11,중1(교육과정 학년군: 중1-3),자료와 가능성,도수분포표와 상대도수,m1_data_frequency_unit__contains__m1_data_frequency_table_construction,intra_unit,m1_data_frequency_unit,도수분포표와 상대도수,도수분포표와 상대도수,m1_data_frequency_table_construction,도수분포표로 나타내기,도수분포표와 상대도수,contains,high,3,"curriculum_math_2022: printed p. 40; [9수04-02]; achievement_standard; 자료를 줄기와 잎 그림, 도수분포표, 히스토그램, 도수분포다각형으로 나타내고 해석하는 성취기준 | achievement_math_2022: 자료와 가능성 section; [9수04-02]~[9수04-04] achievement levels; achievement_level; 줄기와 잎 그림, 도수분포표, 히스토그램, 도수분포다각형, 상대도수의 분포, 통계적 탐구 문제 설정과 공학 도구 활용 수준을 구분 | achievement_research_report_2022: 연구보고서 p. 227, p. 228; 도수분포표와 상대도수 성취기준별 성취수준; research_report_achievement_level_context; 자료를 줄기와 잎 그림, 도수분포표, 히스토그램, 도수분포다각형으로 나타내고 해석하기, 상대도수를 구하고 상대도수의 분포를 표나 그래프로 나타내고 해석하기, 통계적 탐구 문제 설정과 공학 도구 활용 성취수준 맥락",,structure_ref;textbook_page_refs,Find textbook structure evidence for the containment relation.,pending_textbook_pdf,,,,,,,,,,
11,중1(교육과정 학년군: 중1-3),자료와 가능성,도수분포표와 상대도수,m1_data_frequency_unit__contains__m1_data_histogram,intra_unit,m1_data_frequency_unit,도수분포표와 상대도수,도수분포표와 상대도수,m1_data_histogram,히스토그램,도수분포표와 상대도수,contains,high,4,"curriculum_math_2022: printed pp. 41-42; terms and symbols for 자료와 가능성; term_list; 변량, 대푯값, 중앙값, 최빈값, 줄기와 잎 그림, 계급, 계급의 크기, 도수, 도수분포표, 히스토그램, 도수분포다각형, 상대도수, 사건, 확률, 산포도, 편차, 분산, 표준편차, 사분위수, 상자그림, 산점도, 상관관계를 다룸 | curriculum_math_2022: printed p. 40; [9수04-02]; achievement_standard; 자료를 줄기와 잎 그림, 도수분포표, 히스토그램, 도수분포다각형으로 나타내고 해석하는 성취기준 | achievement_math_2022: 자료와 가능성 section; [9수04-02]~[9수04-04] achievement levels; achievement_level; 줄기와 잎 그림, 도수분포표, 히스토그램, 도수분포다각형, 상대도수의 분포, 통계적 탐구 문제 설정과 공학 도구 활용 수준을 구분 | achievement_research_report_2022: 연구보고서 p. 227, p. 228; 도수분포표와 상대도수 성취기준별 성취수준; research_report_achievement_level_context; 자료를 줄기와 잎 그림, 도수분포표, 히스토그램, 도수분포다각형으로 나타내고 해석하기, 상대도수를 구하고 상대도수의 분포를 표나 그래프로 나타내고 해석하기, 통계적 탐구 문제 설정과 공학 도구 활용 성취수준 맥락",,structure_ref;textbook_page_refs,Find textbook structure evidence for the containment relation.,pending_textbook_pdf,,,,,,,,,,
11,중1(교육과정 학년군: 중1-3),자료와 가능성,도수분포표와 상대도수,m1_data_frequency_unit__contains__m1_data_histogram_drawing,intra_unit,m1_data_frequency_unit,도수분포표와 상대도수,도수분포표와 상대도수,m1_data_histogram_drawing,히스토그램으로 나타내기,도수분포표와 상대도수,contains,high,3,"curriculum_math_2022: printed p. 40; [9수04-02]; achievement_standard; 자료를 줄기와 잎 그림, 도수분포표, 히스토그램, 도수분포다각형으로 나타내고 해석하는 성취기준 | achievement_math_2022: 자료와 가능성 section; [9수04-02]~[9수04-04] achievement levels; achievement_level; 줄기와 잎 그림, 도수분포표, 히스토그램, 도수분포다각형, 상대도수의 분포, 통계적 탐구 문제 설정과 공학 도구 활용 수준을 구분 | achievement_research_report_2022: 연구보고서 p. 227, p. 228; 도수분포표와 상대도수 성취기준별 성취수준; research_report_achievement_level_context; 자료를 줄기와 잎 그림, 도수분포표, 히스토그램, 도수분포다각형으로 나타내고 해석하기, 상대도수를 구하고 상대도수의 분포를 표나 그래프로 나타내고 해석하기, 통계적 탐구 문제 설정과 공학 도구 활용 성취수준 맥락",,structure_ref;textbook_page_refs,Find textbook structure evidence for the containment relation.,pending_textbook_pdf,,,,,,,,,,
11,중1(교육과정 학년군: 중1-3),자료와 가능성,도수분포표와 상대도수,m1_data_frequency_unit__contains__m1_data_relative_frequency,intra_unit,m1_data_frequency_unit,도수분포표와 상대도수,도수분포표와 상대도수,m1_data_relative_frequency,상대도수,도수분포표와 상대도수,contains,high,5,"curriculum_math_2022: printed pp. 41-42; terms and symbols for 자료와 가능성; term_list; 변량, 대푯값, 중앙값, 최빈값, 줄기와 잎 그림, 계급, 계급의 크기, 도수, 도수분포표, 히스토그램, 도수분포다각형, 상대도수, 사건, 확률, 산포도, 편차, 분산, 표준편차, 사분위수, 상자그림, 산점도, 상관관계를 다룸 | curriculum_math_2022: printed p. 40; [9수04-03]; achievement_standard; 상대도수를 구하고 상대도수의 분포를 표나 그래프로 나타내고 해석하는 성취기준 | curriculum_math_2022: printed p. 41; [9수04-03] explanation; teaching_note; 상대도수는 도수의 총합이 다른 두 집단의 분포를 비교하는 상황에서 간단히 다루고 그 필요성과 유용성을 인식하게 함 | achievement_math_2022: 자료와 가능성 section; [9수04-02]~[9수04-04] achievement levels; achievement_level; 줄기와 잎 그림, 도수분포표, 히스토그램, 도수분포다각형, 상대도수의 분포, 통계적 탐구 문제 설정과 공학 도구 활용 수준을 구분 | achievement_research_report_2022: 연구보고서 p. 227, p. 228; 도수분포표와 상대도수 성취기준별 성취수준; research_report_achievement_level_context; 자료를 줄기와 잎 그림, 도수분포표, 히스토그램, 도수분포다각형으로 나타내고 해석하기, 상대도수를 구하고 상대도수의 분포를 표나 그래프로 나타내고 해석하기, 통계적 탐구 문제 설정과 공학 도구 활용 성취수준 맥락",,structure_ref;textbook_page_refs,Find textbook structure evidence for the containment relation.,pending_textbook_pdf,,,,,,,,,,
11,중1(교육과정 학년군: 중1-3),자료와 가능성,도수분포표와 상대도수,m1_data_frequency_unit__contains__m1_data_relative_frequency_calculation,intra_unit,m1_data_frequency_unit,도수분포표와 상대도수,도수분포표와 상대도수,m1_data_relative_frequency_calculation,상대도수 구하기,도수분포표와 상대도수,contains,high,4,"curriculum_math_2022: printed p. 40; [9수04-03]; achievement_standard; 상대도수를 구하고 상대도수의 분포를 표나 그래프로 나타내고 해석하는 성취기준 | curriculum_math_2022: printed p. 41; [9수04-03] explanation; teaching_note; 상대도수는 도수의 총합이 다른 두 집단의 분포를 비교하는 상황에서 간단히 다루고 그 필요성과 유용성을 인식하게 함 | achievement_math_2022: 자료와 가능성 section; [9수04-02]~[9수04-04] achievement levels; achievement_level; 줄기와 잎 그림, 도수분포표, 히스토그램, 도수분포다각형, 상대도수의 분포, 통계적 탐구 문제 설정과 공학 도구 활용 수준을 구분 | achievement_research_report_2022: 연구보고서 p. 227, p. 228; 도수분포표와 상대도수 성취기준별 성취수준; research_report_achievement_level_context; 자료를 줄기와 잎 그림, 도수분포표, 히스토그램, 도수분포다각형으로 나타내고 해석하기, 상대도수를 구하고 상대도수의 분포를 표나 그래프로 나타내고 해석하기, 통계적 탐구 문제 설정과 공학 도구 활용 성취수준 맥락",,structure_ref;textbook_page_refs,Find textbook structure evidence for the containment relation.,pending_textbook_pdf,,,,,,,,,,
11,중1(교육과정 학년군: 중1-3),자료와 가능성,도수분포표와 상대도수,m1_data_frequency_unit__contains__m1_data_relative_frequency_distribution,intra_unit,m1_data_frequency_unit,도수분포표와 상대도수,도수분포표와 상대도수,m1_data_relative_frequency_distribution,상대도수의 분포,도수분포표와 상대도수,contains,high,4,"curriculum_math_2022: printed p. 40; [9수04-03]; achievement_standard; 상대도수를 구하고 상대도수의 분포를 표나 그래프로 나타내고 해석하는 성취기준 | curriculum_math_2022: printed p. 41; [9수04-03] explanation; teaching_note; 상대도수는 도수의 총합이 다른 두 집단의 분포를 비교하는 상황에서 간단히 다루고 그 필요성과 유용성을 인식하게 함 | achievement_math_2022: 자료와 가능성 section; [9수04-02]~[9수04-04] achievement levels; achievement_level; 줄기와 잎 그림, 도수분포표, 히스토그램, 도수분포다각형, 상대도수의 분포, 통계적 탐구 문제 설정과 공학 도구 활용 수준을 구분 | achievement_research_report_2022: 연구보고서 p. 227, p. 228; 도수분포표와 상대도수 성취기준별 성취수준; research_report_achievement_level_context; 자료를 줄기와 잎 그림, 도수분포표, 히스토그램, 도수분포다각형으로 나타내고 해석하기, 상대도수를 구하고 상대도수의 분포를 표나 그래프로 나타내고 해석하기, 통계적 탐구 문제 설정과 공학 도구 활용 성취수준 맥락",,structure_ref;textbook_page_refs,Find textbook structure evidence for the containment relation.,pending_textbook_pdf,,,,,,,,,,
11,중1(교육과정 학년군: 중1-3),자료와 가능성,도수분포표와 상대도수,m1_data_frequency_unit__contains__m1_data_relative_frequency_table_graph,intra_unit,m1_data_frequency_unit,도수분포표와 상대도수,도수분포표와 상대도수,m1_data_relative_frequency_table_graph,상대도수의 분포를 표나 그래프로 나타내기,도수분포표와 상대도수,contains,high,4,"curriculum_math_2022: printed p. 40; [9수04-03]; achievement_standard; 상대도수를 구하고 상대도수의 분포를 표나 그래프로 나타내고 해석하는 성취기준 | curriculum_math_2022: printed p. 41; [9수04-03] explanation; teaching_note; 상대도수는 도수의 총합이 다른 두 집단의 분포를 비교하는 상황에서 간단히 다루고 그 필요성과 유용성을 인식하게 함 | achievement_math_2022: 자료와 가능성 section; [9수04-02]~[9수04-04] achievement levels; achievement_level; 줄기와 잎 그림, 도수분포표, 히스토그램, 도수분포다각형, 상대도수의 분포, 통계적 탐구 문제 설정과 공학 도구 활용 수준을 구분 | achievement_research_report_2022: 연구보고서 p. 227, p. 228; 도수분포표와 상대도수 성취기준별 성취수준; research_report_achievement_level_context; 자료를 줄기와 잎 그림, 도수분포표, 히스토그램, 도수분포다각형으로 나타내고 해석하기, 상대도수를 구하고 상대도수의 분포를 표나 그래프로 나타내고 해석하기, 통계적 탐구 문제 설정과 공학 도구 활용 성취수준 맥락",,structure_ref;textbook_page_refs,Find textbook structure evidence for the containment relation.,pending_textbook_pdf,,,,,,,,,,
11,중1(교육과정 학년군: 중1-3),자료와 가능성,도수분포표와 상대도수,m1_data_frequency_unit__contains__m1_data_stem_leaf_plot,intra_unit,m1_data_frequency_unit,도수분포표와 상대도수,도수분포표와 상대도수,m1_data_stem_leaf_plot,줄기와 잎 그림,도수분포표와 상대도수,contains,high,4,"curriculum_math_2022: printed pp. 41-42; terms and symbols for 자료와 가능성; term_list; 변량, 대푯값, 중앙값, 최빈값, 줄기와 잎 그림, 계급, 계급의 크기, 도수, 도수분포표, 히스토그램, 도수분포다각형, 상대도수, 사건, 확률, 산포도, 편차, 분산, 표준편차, 사분위수, 상자그림, 산점도, 상관관계를 다룸 | curriculum_math_2022: printed p. 40; [9수04-02]; achievement_standard; 자료를 줄기와 잎 그림, 도수분포표, 히스토그램, 도수분포다각형으로 나타내고 해석하는 성취기준 | achievement_math_2022: 자료와 가능성 section; [9수04-02]~[9수04-04] achievement levels; achievement_level; 줄기와 잎 그림, 도수분포표, 히스토그램, 도수분포다각형, 상대도수의 분포, 통계적 탐구 문제 설정과 공학 도구 활용 수준을 구분 | achievement_research_report_2022: 연구보고서 p. 227, p. 228; 도수분포표와 상대도수 성취기준별 성취수준; research_report_achievement_level_context; 자료를 줄기와 잎 그림, 도수분포표, 히스토그램, 도수분포다각형으로 나타내고 해석하기, 상대도수를 구하고 상대도수의 분포를 표나 그래프로 나타내고 해석하기, 통계적 탐구 문제 설정과 공학 도구 활용 성취수준 맥락",,structure_ref;textbook_page_refs,Find textbook structure evidence for the containment relation.,pending_textbook_pdf,,,,,,,,,,
11,중1(교육과정 학년군: 중1-3),자료와 가능성,도수분포표와 상대도수,m1_data_frequency_unit__contains__m1_data_total_frequency,intra_unit,m1_data_frequency_unit,도수분포표와 상대도수,도수분포표와 상대도수,m1_data_total_frequency,총도수,도수분포표와 상대도수,contains,medium,4,"curriculum_math_2022: printed p. 40; [9수04-03]; achievement_standard; 상대도수를 구하고 상대도수의 분포를 표나 그래프로 나타내고 해석하는 성취기준 | curriculum_math_2022: printed p. 41; [9수04-03] explanation; teaching_note; 상대도수는 도수의 총합이 다른 두 집단의 분포를 비교하는 상황에서 간단히 다루고 그 필요성과 유용성을 인식하게 함 | achievement_math_2022: 자료와 가능성 section; [9수04-02]~[9수04-04] achievement levels; achievement_level; 줄기와 잎 그림, 도수분포표, 히스토그램, 도수분포다각형, 상대도수의 분포, 통계적 탐구 문제 설정과 공학 도구 활용 수준을 구분 | achievement_research_report_2022: 연구보고서 p. 227, p. 228; 도수분포표와 상대도수 성취기준별 성취수준; research_report_achievement_level_context; 자료를 줄기와 잎 그림, 도수분포표, 히스토그램, 도수분포다각형으로 나타내고 해석하기, 상대도수를 구하고 상대도수의 분포를 표나 그래프로 나타내고 해석하기, 통계적 탐구 문제 설정과 공학 도구 활용 성취수준 맥락",,structure_ref;textbook_page_refs,Find textbook structure evidence for the containment relation.,pending_textbook_pdf,,,,,,,,,,
11,중1(교육과정 학년군: 중1-3),자료와 가능성,도수분포표와 상대도수,m1_data_statistical_inquiry_unit__contains__m1_data_critical_graph_reading,intra_unit,m1_data_statistical_inquiry_unit,통계적 탐구,도수분포표와 상대도수,m1_data_critical_graph_reading,표와 그래프의 오류 비판적으로 읽기,도수분포표와 상대도수,contains,medium,1,"curriculum_math_2022: printed p. 42; achievement-standard considerations; teaching_note; 눈금 등을 부적절하게 사용해 자료를 부정확하게 나타낸 표나 그래프의 오류를 찾고, 자료 정리·표현·대푯값·산포도 계산에 공학 도구를 활용하게 함",,structure_ref;textbook_page_refs,Find textbook structure evidence for the containment relation.,pending_textbook_pdf,,,,,,,,,,
11,중1(교육과정 학년군: 중1-3),자료와 가능성,도수분포표와 상대도수,m1_data_statistical_inquiry_unit__contains__m1_data_data_analysis,intra_unit,m1_data_statistical_inquiry_unit,통계적 탐구,도수분포표와 상대도수,m1_data_data_analysis,자료 분석,도수분포표와 상대도수,contains,high,4,"curriculum_math_2022: printed p. 40; [9수04-04]; achievement_standard; 통계적 탐구 문제를 설정하고 공학 도구를 이용하여 자료를 수집·분석하고 결과를 해석하는 성취기준 | curriculum_math_2022: printed p. 41; [9수04-04] explanation and considerations; teaching_note; 통계적 탐구 문제 설정, 계획 수립, 자료 수집·정리·분석·해석, 인터넷 검색·웹 기반 소프트웨어·통계 프로그램 활용, 통계적 근거 토론을 다룸 | achievement_math_2022: 자료와 가능성 section; [9수04-02]~[9수04-04] achievement levels; achievement_level; 줄기와 잎 그림, 도수분포표, 히스토그램, 도수분포다각형, 상대도수의 분포, 통계적 탐구 문제 설정과 공학 도구 활용 수준을 구분 | achievement_research_report_2022: 연구보고서 p. 227, p. 228; 도수분포표와 상대도수 성취기준별 성취수준; research_report_achievement_level_context; 자료를 줄기와 잎 그림, 도수분포표, 히스토그램, 도수분포다각형으로 나타내고 해석하기, 상대도수를 구하고 상대도수의 분포를 표나 그래프로 나타내고 해석하기, 통계적 탐구 문제 설정과 공학 도구 활용 성취수준 맥락",,structure_ref;textbook_page_refs,Find textbook structure evidence for the containment relation.,pending_textbook_pdf,,,,,,,,,,
11,중1(교육과정 학년군: 중1-3),자료와 가능성,도수분포표와 상대도수,m1_data_statistical_inquiry_unit__contains__m1_data_data_collection,intra_unit,m1_data_statistical_inquiry_unit,통계적 탐구,도수분포표와 상대도수,m1_data_data_collection,자료 수집,도수분포표와 상대도수,contains,high,4,"curriculum_math_2022: printed p. 40; [9수04-04]; achievement_standard; 통계적 탐구 문제를 설정하고 공학 도구를 이용하여 자료를 수집·분석하고 결과를 해석하는 성취기준 | curriculum_math_2022: printed p. 41; [9수04-04] explanation and considerations; teaching_note; 통계적 탐구 문제 설정, 계획 수립, 자료 수집·정리·분석·해석, 인터넷 검색·웹 기반 소프트웨어·통계 프로그램 활용, 통계적 근거 토론을 다룸 | achievement_math_2022: 자료와 가능성 section; [9수04-02]~[9수04-04] achievement levels; achievement_level; 줄기와 잎 그림, 도수분포표, 히스토그램, 도수분포다각형, 상대도수의 분포, 통계적 탐구 문제 설정과 공학 도구 활용 수준을 구분 | achievement_research_report_2022: 연구보고서 p. 227, p. 228; 도수분포표와 상대도수 성취기준별 성취수준; research_report_achievement_level_context; 자료를 줄기와 잎 그림, 도수분포표, 히스토그램, 도수분포다각형으로 나타내고 해석하기, 상대도수를 구하고 상대도수의 분포를 표나 그래프로 나타내고 해석하기, 통계적 탐구 문제 설정과 공학 도구 활용 성취수준 맥락",,structure_ref;textbook_page_refs,Find textbook structure evidence for the containment relation.,pending_textbook_pdf,,,,,,,,,,
11,중1(교육과정 학년군: 중1-3),자료와 가능성,도수분포표와 상대도수,m1_data_statistical_inquiry_unit__contains__m1_data_inquiry_plan,intra_unit,m1_data_statistical_inquiry_unit,통계적 탐구,도수분포표와 상대도수,m1_data_inquiry_plan,자료 수집 계획,도수분포표와 상대도수,contains,high,4,"curriculum_math_2022: printed p. 40; [9수04-04]; achievement_standard; 통계적 탐구 문제를 설정하고 공학 도구를 이용하여 자료를 수집·분석하고 결과를 해석하는 성취기준 | curriculum_math_2022: printed p. 41; [9수04-04] explanation and considerations; teaching_note; 통계적 탐구 문제 설정, 계획 수립, 자료 수집·정리·분석·해석, 인터넷 검색·웹 기반 소프트웨어·통계 프로그램 활용, 통계적 근거 토론을 다룸 | achievement_math_2022: 자료와 가능성 section; [9수04-02]~[9수04-04] achievement levels; achievement_level; 줄기와 잎 그림, 도수분포표, 히스토그램, 도수분포다각형, 상대도수의 분포, 통계적 탐구 문제 설정과 공학 도구 활용 수준을 구분 | achievement_research_report_2022: 연구보고서 p. 227, p. 228; 도수분포표와 상대도수 성취기준별 성취수준; research_report_achievement_level_context; 자료를 줄기와 잎 그림, 도수분포표, 히스토그램, 도수분포다각형으로 나타내고 해석하기, 상대도수를 구하고 상대도수의 분포를 표나 그래프로 나타내고 해석하기, 통계적 탐구 문제 설정과 공학 도구 활용 성취수준 맥락",,structure_ref;textbook_page_refs,Find textbook structure evidence for the containment relation.,pending_textbook_pdf,,,,,,,,,,
11,중1(교육과정 학년군: 중1-3),자료와 가능성,도수분포표와 상대도수,m1_data_statistical_inquiry_unit__contains__m1_data_result_interpretation,intra_unit,m1_data_statistical_inquiry_unit,통계적 탐구,도수분포표와 상대도수,m1_data_result_interpretation,분석 결과 해석,도수분포표와 상대도수,contains,high,4,"curriculum_math_2022: printed p. 40; [9수04-04]; achievement_standard; 통계적 탐구 문제를 설정하고 공학 도구를 이용하여 자료를 수집·분석하고 결과를 해석하는 성취기준 | curriculum_math_2022: printed p. 41; [9수04-04] explanation and considerations; teaching_note; 통계적 탐구 문제 설정, 계획 수립, 자료 수집·정리·분석·해석, 인터넷 검색·웹 기반 소프트웨어·통계 프로그램 활용, 통계적 근거 토론을 다룸 | achievement_math_2022: 자료와 가능성 section; [9수04-02]~[9수04-04] achievement levels; achievement_level; 줄기와 잎 그림, 도수분포표, 히스토그램, 도수분포다각형, 상대도수의 분포, 통계적 탐구 문제 설정과 공학 도구 활용 수준을 구분 | achievement_research_report_2022: 연구보고서 p. 227, p. 228; 도수분포표와 상대도수 성취기준별 성취수준; research_report_achievement_level_context; 자료를 줄기와 잎 그림, 도수분포표, 히스토그램, 도수분포다각형으로 나타내고 해석하기, 상대도수를 구하고 상대도수의 분포를 표나 그래프로 나타내고 해석하기, 통계적 탐구 문제 설정과 공학 도구 활용 성취수준 맥락",,structure_ref;textbook_page_refs,Find textbook structure evidence for the containment relation.,pending_textbook_pdf,,,,,,,,,,
11,중1(교육과정 학년군: 중1-3),자료와 가능성,도수분포표와 상대도수,m1_data_statistical_inquiry_unit__contains__m1_data_statistical_evidence_discussion,intra_unit,m1_data_statistical_inquiry_unit,통계적 탐구,도수분포표와 상대도수,m1_data_statistical_evidence_discussion,통계적 근거로 토론하기,도수분포표와 상대도수,contains,medium,2,"curriculum_math_2022: printed p. 41; [9수04-04] explanation and considerations; teaching_note; 통계적 탐구 문제 설정, 계획 수립, 자료 수집·정리·분석·해석, 인터넷 검색·웹 기반 소프트웨어·통계 프로그램 활용, 통계적 근거 토론을 다룸 | achievement_math_2022: 자료와 가능성 section; [9수04-02]~[9수04-04] achievement levels; achievement_level; 줄기와 잎 그림, 도수분포표, 히스토그램, 도수분포다각형, 상대도수의 분포, 통계적 탐구 문제 설정과 공학 도구 활용 수준을 구분",,structure_ref;textbook_page_refs,Find textbook structure evidence for the containment relation.,pending_textbook_pdf,,,,,,,,,,
11,중1(교육과정 학년군: 중1-3),자료와 가능성,도수분포표와 상대도수,m1_data_statistical_inquiry_unit__contains__m1_data_statistical_inquiry_problem,intra_unit,m1_data_statistical_inquiry_unit,통계적 탐구,도수분포표와 상대도수,m1_data_statistical_inquiry_problem,통계적 탐구 문제,도수분포표와 상대도수,contains,high,4,"curriculum_math_2022: printed p. 40; [9수04-04]; achievement_standard; 통계적 탐구 문제를 설정하고 공학 도구를 이용하여 자료를 수집·분석하고 결과를 해석하는 성취기준 | curriculum_math_2022: printed p. 41; [9수04-04] explanation and considerations; teaching_note; 통계적 탐구 문제 설정, 계획 수립, 자료 수집·정리·분석·해석, 인터넷 검색·웹 기반 소프트웨어·통계 프로그램 활용, 통계적 근거 토론을 다룸 | achievement_math_2022: 자료와 가능성 section; [9수04-02]~[9수04-04] achievement levels; achievement_level; 줄기와 잎 그림, 도수분포표, 히스토그램, 도수분포다각형, 상대도수의 분포, 통계적 탐구 문제 설정과 공학 도구 활용 수준을 구분 | achievement_research_report_2022: 연구보고서 p. 227, p. 228; 도수분포표와 상대도수 성취기준별 성취수준; research_report_achievement_level_context; 자료를 줄기와 잎 그림, 도수분포표, 히스토그램, 도수분포다각형으로 나타내고 해석하기, 상대도수를 구하고 상대도수의 분포를 표나 그래프로 나타내고 해석하기, 통계적 탐구 문제 설정과 공학 도구 활용 성취수준 맥락",,structure_ref;textbook_page_refs,Find textbook structure evidence for the containment relation.,pending_textbook_pdf,,,,,,,,,,
11,중1(교육과정 학년군: 중1-3),자료와 가능성,도수분포표와 상대도수,m1_data_statistical_inquiry_unit__contains__m1_data_technology_tool_stats,intra_unit,m1_data_statistical_inquiry_unit,통계적 탐구,도수분포표와 상대도수,m1_data_technology_tool_stats,공학 도구로 자료 수집·분석하기,도수분포표와 상대도수,contains,high,6,"curriculum_math_2022: printed p. 40; [9수04-04]; achievement_standard; 통계적 탐구 문제를 설정하고 공학 도구를 이용하여 자료를 수집·분석하고 결과를 해석하는 성취기준 | curriculum_math_2022: printed p. 41; [9수04-04] explanation and considerations; teaching_note; 통계적 탐구 문제 설정, 계획 수립, 자료 수집·정리·분석·해석, 인터넷 검색·웹 기반 소프트웨어·통계 프로그램 활용, 통계적 근거 토론을 다룸 | curriculum_math_2022: printed p. 42; achievement-standard considerations; teaching_note; 눈금 등을 부적절하게 사용해 자료를 부정확하게 나타낸 표나 그래프의 오류를 찾고, 자료 정리·표현·대푯값·산포도 계산에 공학 도구를 활용하게 함 | achievement_math_2022: 자료와 가능성 section; [9수04-02]~[9수04-04] achievement levels; achievement_level; 줄기와 잎 그림, 도수분포표, 히스토그램, 도수분포다각형, 상대도수의 분포, 통계적 탐구 문제 설정과 공학 도구 활용 수준을 구분 | achievement_research_report_2022: 연구보고서 p. 227, p. 228; 도수분포표와 상대도수 성취기준별 성취수준; research_report_achievement_level_context; 자료를 줄기와 잎 그림, 도수분포표, 히스토그램, 도수분포다각형으로 나타내고 해석하기, 상대도수를 구하고 상대도수의 분포를 표나 그래프로 나타내고 해석하기, 통계적 탐구 문제 설정과 공학 도구 활용 성취수준 맥락 | achievement_math_2022: 자료와 가능성 section; [9수04-08]~[9수04-09] achievement levels; achievement_level; 공학 도구로 사분위수와 상자그림을 구해 두 집단의 분포를 비교하고, 산점도와 상관관계를 말하는 수준을 구분",,structure_ref;textbook_page_refs,Find textbook structure evidence for the containment relation.,pending_textbook_pdf,,,,,,,,,,
11,중1(교육과정 학년군: 중1-3),자료와 가능성,도수분포표와 상대도수,m1_data_class__prerequisite_for__m1_data_class_mark,intra_unit,m1_data_class,계급,도수분포표와 상대도수,m1_data_class_mark,계급값,도수분포표와 상대도수,prerequisite_for,medium,2,"curriculum_math_2022: printed p. 42; terms usable in teaching and learning situations; instructional_term_list; 계급값, 경우의 수는 교수·학습 상황에서 사용할 수 있음 | curriculum_math_2022: printed p. 40; [9수04-02]; achievement_standard; 자료를 줄기와 잎 그림, 도수분포표, 히스토그램, 도수분포다각형으로 나타내고 해석하는 성취기준",,prerequisite_ref;textbook_page_refs,Find textbook sequencing or prior-knowledge evidence for the prerequisite relation.,pending_textbook_pdf,,,,,,,,,,
11,중1(교육과정 학년군: 중1-3),자료와 가능성,도수분포표와 상대도수,m1_data_class__prerequisite_for__m1_data_class_width,intra_unit,m1_data_class,계급,도수분포표와 상대도수,m1_data_class_width,계급의 크기,도수분포표와 상대도수,prerequisite_for,high,3,"curriculum_math_2022: printed pp. 41-42; terms and symbols for 자료와 가능성; term_list; 변량, 대푯값, 중앙값, 최빈값, 줄기와 잎 그림, 계급, 계급의 크기, 도수, 도수분포표, 히스토그램, 도수분포다각형, 상대도수, 사건, 확률, 산포도, 편차, 분산, 표준편차, 사분위수, 상자그림, 산점도, 상관관계를 다룸 | curriculum_math_2022: printed p. 40; [9수04-02]; achievement_standard; 자료를 줄기와 잎 그림, 도수분포표, 히스토그램, 도수분포다각형으로 나타내고 해석하는 성취기준 | achievement_math_2022: 자료와 가능성 section; [9수04-02]~[9수04-04] achievement levels; achievement_level; 줄기와 잎 그림, 도수분포표, 히스토그램, 도수분포다각형, 상대도수의 분포, 통계적 탐구 문제 설정과 공학 도구 활용 수준을 구분",,prerequisite_ref;textbook_page_refs,Find textbook sequencing or prior-knowledge evidence for the prerequisite relation.,pending_textbook_pdf,,,,,,,,,,
11,중1(교육과정 학년군: 중1-3),자료와 가능성,도수분포표와 상대도수,m1_data_class__prerequisite_for__m1_data_frequency_table,intra_unit,m1_data_class,계급,도수분포표와 상대도수,m1_data_frequency_table,도수분포표,도수분포표와 상대도수,prerequisite_for,high,4,"curriculum_math_2022: printed pp. 41-42; terms and symbols for 자료와 가능성; term_list; 변량, 대푯값, 중앙값, 최빈값, 줄기와 잎 그림, 계급, 계급의 크기, 도수, 도수분포표, 히스토그램, 도수분포다각형, 상대도수, 사건, 확률, 산포도, 편차, 분산, 표준편차, 사분위수, 상자그림, 산점도, 상관관계를 다룸 | curriculum_math_2022: printed p. 40; [9수04-02]; achievement_standard; 자료를 줄기와 잎 그림, 도수분포표, 히스토그램, 도수분포다각형으로 나타내고 해석하는 성취기준 | achievement_math_2022: 자료와 가능성 section; [9수04-02]~[9수04-04] achievement levels; achievement_level; 줄기와 잎 그림, 도수분포표, 히스토그램, 도수분포다각형, 상대도수의 분포, 통계적 탐구 문제 설정과 공학 도구 활용 수준을 구분 | achievement_research_report_2022: 연구보고서 p. 227, p. 228; 도수분포표와 상대도수 성취기준별 성취수준; research_report_achievement_level_context; 자료를 줄기와 잎 그림, 도수분포표, 히스토그램, 도수분포다각형으로 나타내고 해석하기, 상대도수를 구하고 상대도수의 분포를 표나 그래프로 나타내고 해석하기, 통계적 탐구 문제 설정과 공학 도구 활용 성취수준 맥락",,prerequisite_ref;textbook_page_refs,Find textbook sequencing or prior-knowledge evidence for the prerequisite relation.,pending_textbook_pdf,,,,,,,,,,
11,중1(교육과정 학년군: 중1-3),자료와 가능성,도수분포표와 상대도수,m1_data_class__prerequisite_for__m1_data_frequency_table_construction,intra_unit,m1_data_class,계급,도수분포표와 상대도수,m1_data_frequency_table_construction,도수분포표로 나타내기,도수분포표와 상대도수,prerequisite_for,high,3,"curriculum_math_2022: printed p. 40; [9수04-02]; achievement_standard; 자료를 줄기와 잎 그림, 도수분포표, 히스토그램, 도수분포다각형으로 나타내고 해석하는 성취기준 | achievement_math_2022: 자료와 가능성 section; [9수04-02]~[9수04-04] achievement levels; achievement_level; 줄기와 잎 그림, 도수분포표, 히스토그램, 도수분포다각형, 상대도수의 분포, 통계적 탐구 문제 설정과 공학 도구 활용 수준을 구분 | achievement_research_report_2022: 연구보고서 p. 227, p. 228; 도수분포표와 상대도수 성취기준별 성취수준; research_report_achievement_level_context; 자료를 줄기와 잎 그림, 도수분포표, 히스토그램, 도수분포다각형으로 나타내고 해석하기, 상대도수를 구하고 상대도수의 분포를 표나 그래프로 나타내고 해석하기, 통계적 탐구 문제 설정과 공학 도구 활용 성취수준 맥락",,prerequisite_ref;textbook_page_refs,Find textbook sequencing or prior-knowledge evidence for the prerequisite relation.,pending_textbook_pdf,,,,,,,,,,
11,중1(교육과정 학년군: 중1-3),자료와 가능성,도수분포표와 상대도수,m1_data_class_mark__prerequisite_for__m1_data_frequency_polygon,intra_unit,m1_data_class_mark,계급값,도수분포표와 상대도수,m1_data_frequency_polygon,도수분포다각형,도수분포표와 상대도수,prerequisite_for,high,4,"curriculum_math_2022: printed pp. 41-42; terms and symbols for 자료와 가능성; term_list; 변량, 대푯값, 중앙값, 최빈값, 줄기와 잎 그림, 계급, 계급의 크기, 도수, 도수분포표, 히스토그램, 도수분포다각형, 상대도수, 사건, 확률, 산포도, 편차, 분산, 표준편차, 사분위수, 상자그림, 산점도, 상관관계를 다룸 | curriculum_math_2022: printed p. 40; [9수04-02]; achievement_standard; 자료를 줄기와 잎 그림, 도수분포표, 히스토그램, 도수분포다각형으로 나타내고 해석하는 성취기준 | achievement_math_2022: 자료와 가능성 section; [9수04-02]~[9수04-04] achievement levels; achievement_level; 줄기와 잎 그림, 도수분포표, 히스토그램, 도수분포다각형, 상대도수의 분포, 통계적 탐구 문제 설정과 공학 도구 활용 수준을 구분 | achievement_research_report_2022: 연구보고서 p. 227, p. 228; 도수분포표와 상대도수 성취기준별 성취수준; research_report_achievement_level_context; 자료를 줄기와 잎 그림, 도수분포표, 히스토그램, 도수분포다각형으로 나타내고 해석하기, 상대도수를 구하고 상대도수의 분포를 표나 그래프로 나타내고 해석하기, 통계적 탐구 문제 설정과 공학 도구 활용 성취수준 맥락",,prerequisite_ref;textbook_page_refs,Find textbook sequencing or prior-knowledge evidence for the prerequisite relation.,pending_textbook_pdf,,,,,,,,,,
11,중1(교육과정 학년군: 중1-3),자료와 가능성,도수분포표와 상대도수,m1_data_class_mark__prerequisite_for__m1_data_frequency_polygon_drawing,intra_unit,m1_data_class_mark,계급값,도수분포표와 상대도수,m1_data_frequency_polygon_drawing,도수분포다각형으로 나타내기,도수분포표와 상대도수,prerequisite_for,high,3,"curriculum_math_2022: printed p. 40; [9수04-02]; achievement_standard; 자료를 줄기와 잎 그림, 도수분포표, 히스토그램, 도수분포다각형으로 나타내고 해석하는 성취기준 | achievement_math_2022: 자료와 가능성 section; [9수04-02]~[9수04-04] achievement levels; achievement_level; 줄기와 잎 그림, 도수분포표, 히스토그램, 도수분포다각형, 상대도수의 분포, 통계적 탐구 문제 설정과 공학 도구 활용 수준을 구분 | achievement_research_report_2022: 연구보고서 p. 227, p. 228; 도수분포표와 상대도수 성취기준별 성취수준; research_report_achievement_level_context; 자료를 줄기와 잎 그림, 도수분포표, 히스토그램, 도수분포다각형으로 나타내고 해석하기, 상대도수를 구하고 상대도수의 분포를 표나 그래프로 나타내고 해석하기, 통계적 탐구 문제 설정과 공학 도구 활용 성취수준 맥락",,prerequisite_ref;textbook_page_refs,Find textbook sequencing or prior-knowledge evidence for the prerequisite relation.,pending_textbook_pdf,,,,,,,,,,
11,중1(교육과정 학년군: 중1-3),자료와 가능성,도수분포표와 상대도수,m1_data_class_width__prerequisite_for__m1_data_histogram_drawing,intra_unit,m1_data_class_width,계급의 크기,도수분포표와 상대도수,m1_data_histogram_drawing,히스토그램으로 나타내기,도수분포표와 상대도수,prerequisite_for,high,3,"curriculum_math_2022: printed p. 40; [9수04-02]; achievement_standard; 자료를 줄기와 잎 그림, 도수분포표, 히스토그램, 도수분포다각형으로 나타내고 해석하는 성취기준 | achievement_math_2022: 자료와 가능성 section; [9수04-02]~[9수04-04] achievement levels; achievement_level; 줄기와 잎 그림, 도수분포표, 히스토그램, 도수분포다각형, 상대도수의 분포, 통계적 탐구 문제 설정과 공학 도구 활용 수준을 구분 | achievement_research_report_2022: 연구보고서 p. 227, p. 228; 도수분포표와 상대도수 성취기준별 성취수준; research_report_achievement_level_context; 자료를 줄기와 잎 그림, 도수분포표, 히스토그램, 도수분포다각형으로 나타내고 해석하기, 상대도수를 구하고 상대도수의 분포를 표나 그래프로 나타내고 해석하기, 통계적 탐구 문제 설정과 공학 도구 활용 성취수준 맥락",,prerequisite_ref;textbook_page_refs,Find textbook sequencing or prior-knowledge evidence for the prerequisite relation.,pending_textbook_pdf,,,,,,,,,,
11,중1(교육과정 학년군: 중1-3),자료와 가능성,도수분포표와 상대도수,m1_data_data_analysis__prerequisite_for__m1_data_result_interpretation,intra_unit,m1_data_data_analysis,자료 분석,도수분포표와 상대도수,m1_data_result_interpretation,분석 결과 해석,도수분포표와 상대도수,prerequisite_for,high,4,"curriculum_math_2022: printed p. 40; [9수04-04]; achievement_standard; 통계적 탐구 문제를 설정하고 공학 도구를 이용하여 자료를 수집·분석하고 결과를 해석하는 성취기준 | curriculum_math_2022: printed p. 41; [9수04-04] explanation and considerations; teaching_note; 통계적 탐구 문제 설정, 계획 수립, 자료 수집·정리·분석·해석, 인터넷 검색·웹 기반 소프트웨어·통계 프로그램 활용, 통계적 근거 토론을 다룸 | achievement_math_2022: 자료와 가능성 section; [9수04-02]~[9수04-04] achievement levels; achievement_level; 줄기와 잎 그림, 도수분포표, 히스토그램, 도수분포다각형, 상대도수의 분포, 통계적 탐구 문제 설정과 공학 도구 활용 수준을 구분 | achievement_research_report_2022: 연구보고서 p. 227, p. 228; 도수분포표와 상대도수 성취기준별 성취수준; research_report_achievement_level_context; 자료를 줄기와 잎 그림, 도수분포표, 히스토그램, 도수분포다각형으로 나타내고 해석하기, 상대도수를 구하고 상대도수의 분포를 표나 그래프로 나타내고 해석하기, 통계적 탐구 문제 설정과 공학 도구 활용 성취수준 맥락",,prerequisite_ref;textbook_page_refs,Find textbook sequencing or prior-knowledge evidence for the prerequisite relation.,pending_textbook_pdf,,,,,,,,,,
11,중1(교육과정 학년군: 중1-3),자료와 가능성,도수분포표와 상대도수,m1_data_data_analysis__prerequisite_for__m1_data_technology_tool_stats,intra_unit,m1_data_data_analysis,자료 분석,도수분포표와 상대도수,m1_data_technology_tool_stats,공학 도구로 자료 수집·분석하기,도수분포표와 상대도수,prerequisite_for,high,6,"curriculum_math_2022: printed p. 40; [9수04-04]; achievement_standard; 통계적 탐구 문제를 설정하고 공학 도구를 이용하여 자료를 수집·분석하고 결과를 해석하는 성취기준 | curriculum_math_2022: printed p. 41; [9수04-04] explanation and considerations; teaching_note; 통계적 탐구 문제 설정, 계획 수립, 자료 수집·정리·분석·해석, 인터넷 검색·웹 기반 소프트웨어·통계 프로그램 활용, 통계적 근거 토론을 다룸 | curriculum_math_2022: printed p. 42; achievement-standard considerations; teaching_note; 눈금 등을 부적절하게 사용해 자료를 부정확하게 나타낸 표나 그래프의 오류를 찾고, 자료 정리·표현·대푯값·산포도 계산에 공학 도구를 활용하게 함 | achievement_math_2022: 자료와 가능성 section; [9수04-02]~[9수04-04] achievement levels; achievement_level; 줄기와 잎 그림, 도수분포표, 히스토그램, 도수분포다각형, 상대도수의 분포, 통계적 탐구 문제 설정과 공학 도구 활용 수준을 구분 | achievement_research_report_2022: 연구보고서 p. 227, p. 228; 도수분포표와 상대도수 성취기준별 성취수준; research_report_achievement_level_context; 자료를 줄기와 잎 그림, 도수분포표, 히스토그램, 도수분포다각형으로 나타내고 해석하기, 상대도수를 구하고 상대도수의 분포를 표나 그래프로 나타내고 해석하기, 통계적 탐구 문제 설정과 공학 도구 활용 성취수준 맥락 | achievement_math_2022: 자료와 가능성 section; [9수04-08]~[9수04-09] achievement levels; achievement_level; 공학 도구로 사분위수와 상자그림을 구해 두 집단의 분포를 비교하고, 산점도와 상관관계를 말하는 수준을 구분",,prerequisite_ref;textbook_page_refs,Find textbook sequencing or prior-knowledge evidence for the prerequisite relation.,pending_textbook_pdf,,,,,,,,,,
11,중1(교육과정 학년군: 중1-3),자료와 가능성,도수분포표와 상대도수,m1_data_data_collection__prerequisite_for__m1_data_data_analysis,intra_unit,m1_data_data_collection,자료 수집,도수분포표와 상대도수,m1_data_data_analysis,자료 분석,도수분포표와 상대도수,prerequisite_for,high,4,"curriculum_math_2022: printed p. 40; [9수04-04]; achievement_standard; 통계적 탐구 문제를 설정하고 공학 도구를 이용하여 자료를 수집·분석하고 결과를 해석하는 성취기준 | curriculum_math_2022: printed p. 41; [9수04-04] explanation and considerations; teaching_note; 통계적 탐구 문제 설정, 계획 수립, 자료 수집·정리·분석·해석, 인터넷 검색·웹 기반 소프트웨어·통계 프로그램 활용, 통계적 근거 토론을 다룸 | achievement_math_2022: 자료와 가능성 section; [9수04-02]~[9수04-04] achievement levels; achievement_level; 줄기와 잎 그림, 도수분포표, 히스토그램, 도수분포다각형, 상대도수의 분포, 통계적 탐구 문제 설정과 공학 도구 활용 수준을 구분 | achievement_research_report_2022: 연구보고서 p. 227, p. 228; 도수분포표와 상대도수 성취기준별 성취수준; research_report_achievement_level_context; 자료를 줄기와 잎 그림, 도수분포표, 히스토그램, 도수분포다각형으로 나타내고 해석하기, 상대도수를 구하고 상대도수의 분포를 표나 그래프로 나타내고 해석하기, 통계적 탐구 문제 설정과 공학 도구 활용 성취수준 맥락",,prerequisite_ref;textbook_page_refs,Find textbook sequencing or prior-knowledge evidence for the prerequisite relation.,pending_textbook_pdf,,,,,,,,,,
11,중1(교육과정 학년군: 중1-3),자료와 가능성,도수분포표와 상대도수,m1_data_data_collection__prerequisite_for__m1_data_technology_tool_stats,intra_unit,m1_data_data_collection,자료 수집,도수분포표와 상대도수,m1_data_technology_tool_stats,공학 도구로 자료 수집·분석하기,도수분포표와 상대도수,prerequisite_for,high,6,"curriculum_math_2022: printed p. 40; [9수04-04]; achievement_standard; 통계적 탐구 문제를 설정하고 공학 도구를 이용하여 자료를 수집·분석하고 결과를 해석하는 성취기준 | curriculum_math_2022: printed p. 41; [9수04-04] explanation and considerations; teaching_note; 통계적 탐구 문제 설정, 계획 수립, 자료 수집·정리·분석·해석, 인터넷 검색·웹 기반 소프트웨어·통계 프로그램 활용, 통계적 근거 토론을 다룸 | curriculum_math_2022: printed p. 42; achievement-standard considerations; teaching_note; 눈금 등을 부적절하게 사용해 자료를 부정확하게 나타낸 표나 그래프의 오류를 찾고, 자료 정리·표현·대푯값·산포도 계산에 공학 도구를 활용하게 함 | achievement_math_2022: 자료와 가능성 section; [9수04-02]~[9수04-04] achievement levels; achievement_level; 줄기와 잎 그림, 도수분포표, 히스토그램, 도수분포다각형, 상대도수의 분포, 통계적 탐구 문제 설정과 공학 도구 활용 수준을 구분 | achievement_research_report_2022: 연구보고서 p. 227, p. 228; 도수분포표와 상대도수 성취기준별 성취수준; research_report_achievement_level_context; 자료를 줄기와 잎 그림, 도수분포표, 히스토그램, 도수분포다각형으로 나타내고 해석하기, 상대도수를 구하고 상대도수의 분포를 표나 그래프로 나타내고 해석하기, 통계적 탐구 문제 설정과 공학 도구 활용 성취수준 맥락 | achievement_math_2022: 자료와 가능성 section; [9수04-08]~[9수04-09] achievement levels; achievement_level; 공학 도구로 사분위수와 상자그림을 구해 두 집단의 분포를 비교하고, 산점도와 상관관계를 말하는 수준을 구분",,prerequisite_ref;textbook_page_refs,Find textbook sequencing or prior-knowledge evidence for the prerequisite relation.,pending_textbook_pdf,,,,,,,,,,
11,중1(교육과정 학년군: 중1-3),자료와 가능성,도수분포표와 상대도수,m1_data_distribution__prerequisite_for__m1_data_distribution_interpretation,intra_unit,m1_data_distribution,자료의 분포,도수분포표와 상대도수,m1_data_distribution_interpretation,자료의 분포 특징 해석,도수분포표와 상대도수,prerequisite_for,high,3,"curriculum_math_2022: printed p. 40; [9수04-02]; achievement_standard; 자료를 줄기와 잎 그림, 도수분포표, 히스토그램, 도수분포다각형으로 나타내고 해석하는 성취기준 | achievement_math_2022: 자료와 가능성 section; [9수04-02]~[9수04-04] achievement levels; achievement_level; 줄기와 잎 그림, 도수분포표, 히스토그램, 도수분포다각형, 상대도수의 분포, 통계적 탐구 문제 설정과 공학 도구 활용 수준을 구분 | achievement_research_report_2022: 연구보고서 p. 227, p. 228; 도수분포표와 상대도수 성취기준별 성취수준; research_report_achievement_level_context; 자료를 줄기와 잎 그림, 도수분포표, 히스토그램, 도수분포다각형으로 나타내고 해석하기, 상대도수를 구하고 상대도수의 분포를 표나 그래프로 나타내고 해석하기, 통계적 탐구 문제 설정과 공학 도구 활용 성취수준 맥락",,prerequisite_ref;textbook_page_refs,Find textbook sequencing or prior-knowledge evidence for the prerequisite relation.,pending_textbook_pdf,,,,,,,,,,
11,중1(교육과정 학년군: 중1-3),자료와 가능성,도수분포표와 상대도수,m1_data_distribution__prerequisite_for__m1_data_relative_frequency_distribution,intra_unit,m1_data_distribution,자료의 분포,도수분포표와 상대도수,m1_data_relative_frequency_distribution,상대도수의 분포,도수분포표와 상대도수,prerequisite_for,high,4,"curriculum_math_2022: printed p. 40; [9수04-03]; achievement_standard; 상대도수를 구하고 상대도수의 분포를 표나 그래프로 나타내고 해석하는 성취기준 | curriculum_math_2022: printed p. 41; [9수04-03] explanation; teaching_note; 상대도수는 도수의 총합이 다른 두 집단의 분포를 비교하는 상황에서 간단히 다루고 그 필요성과 유용성을 인식하게 함 | achievement_math_2022: 자료와 가능성 section; [9수04-02]~[9수04-04] achievement levels; achievement_level; 줄기와 잎 그림, 도수분포표, 히스토그램, 도수분포다각형, 상대도수의 분포, 통계적 탐구 문제 설정과 공학 도구 활용 수준을 구분 | achievement_research_report_2022: 연구보고서 p. 227, p. 228; 도수분포표와 상대도수 성취기준별 성취수준; research_report_achievement_level_context; 자료를 줄기와 잎 그림, 도수분포표, 히스토그램, 도수분포다각형으로 나타내고 해석하기, 상대도수를 구하고 상대도수의 분포를 표나 그래프로 나타내고 해석하기, 통계적 탐구 문제 설정과 공학 도구 활용 성취수준 맥락",,prerequisite_ref;textbook_page_refs,Find textbook sequencing or prior-knowledge evidence for the prerequisite relation.,pending_textbook_pdf,,,,,,,,,,
11,중1(교육과정 학년군: 중1-3),자료와 가능성,도수분포표와 상대도수,m1_data_distribution_interpretation__prerequisite_for__m1_data_compare_groups_by_relative_frequency,intra_unit,m1_data_distribution_interpretation,자료의 분포 특징 해석,도수분포표와 상대도수,m1_data_compare_groups_by_relative_frequency,상대도수로 두 집단의 분포 비교하기,도수분포표와 상대도수,prerequisite_for,medium,4,"curriculum_math_2022: printed p. 40; [9수04-03]; achievement_standard; 상대도수를 구하고 상대도수의 분포를 표나 그래프로 나타내고 해석하는 성취기준 | curriculum_math_2022: printed p. 41; [9수04-03] explanation; teaching_note; 상대도수는 도수의 총합이 다른 두 집단의 분포를 비교하는 상황에서 간단히 다루고 그 필요성과 유용성을 인식하게 함 | achievement_math_2022: 자료와 가능성 section; [9수04-02]~[9수04-04] achievement levels; achievement_level; 줄기와 잎 그림, 도수분포표, 히스토그램, 도수분포다각형, 상대도수의 분포, 통계적 탐구 문제 설정과 공학 도구 활용 수준을 구분 | achievement_research_report_2022: 연구보고서 p. 227, p. 228; 도수분포표와 상대도수 성취기준별 성취수준; research_report_achievement_level_context; 자료를 줄기와 잎 그림, 도수분포표, 히스토그램, 도수분포다각형으로 나타내고 해석하기, 상대도수를 구하고 상대도수의 분포를 표나 그래프로 나타내고 해석하기, 통계적 탐구 문제 설정과 공학 도구 활용 성취수준 맥락",,prerequisite_ref;textbook_page_refs,Find textbook sequencing or prior-knowledge evidence for the prerequisite relation.,pending_textbook_pdf,,,,,,,,,,
11,중1(교육과정 학년군: 중1-3),자료와 가능성,도수분포표와 상대도수,m1_data_distribution_interpretation__prerequisite_for__m1_data_critical_graph_reading,intra_unit,m1_data_distribution_interpretation,자료의 분포 특징 해석,도수분포표와 상대도수,m1_data_critical_graph_reading,표와 그래프의 오류 비판적으로 읽기,도수분포표와 상대도수,prerequisite_for,medium,1,"curriculum_math_2022: printed p. 42; achievement-standard considerations; teaching_note; 눈금 등을 부적절하게 사용해 자료를 부정확하게 나타낸 표나 그래프의 오류를 찾고, 자료 정리·표현·대푯값·산포도 계산에 공학 도구를 활용하게 함",,prerequisite_ref;textbook_page_refs,Find textbook sequencing or prior-knowledge evidence for the prerequisite relation.,pending_textbook_pdf,,,,,,,,,,
11,중1(교육과정 학년군: 중1-3),자료와 가능성,도수분포표와 상대도수,m1_data_distribution_interpretation__prerequisite_for__m1_data_data_analysis,intra_unit,m1_data_distribution_interpretation,자료의 분포 특징 해석,도수분포표와 상대도수,m1_data_data_analysis,자료 분석,도수분포표와 상대도수,prerequisite_for,high,4,"curriculum_math_2022: printed p. 40; [9수04-04]; achievement_standard; 통계적 탐구 문제를 설정하고 공학 도구를 이용하여 자료를 수집·분석하고 결과를 해석하는 성취기준 | curriculum_math_2022: printed p. 41; [9수04-04] explanation and considerations; teaching_note; 통계적 탐구 문제 설정, 계획 수립, 자료 수집·정리·분석·해석, 인터넷 검색·웹 기반 소프트웨어·통계 프로그램 활용, 통계적 근거 토론을 다룸 | achievement_math_2022: 자료와 가능성 section; [9수04-02]~[9수04-04] achievement levels; achievement_level; 줄기와 잎 그림, 도수분포표, 히스토그램, 도수분포다각형, 상대도수의 분포, 통계적 탐구 문제 설정과 공학 도구 활용 수준을 구분 | achievement_research_report_2022: 연구보고서 p. 227, p. 228; 도수분포표와 상대도수 성취기준별 성취수준; research_report_achievement_level_context; 자료를 줄기와 잎 그림, 도수분포표, 히스토그램, 도수분포다각형으로 나타내고 해석하기, 상대도수를 구하고 상대도수의 분포를 표나 그래프로 나타내고 해석하기, 통계적 탐구 문제 설정과 공학 도구 활용 성취수준 맥락",,prerequisite_ref;textbook_page_refs,Find textbook sequencing or prior-knowledge evidence for the prerequisite relation.,pending_textbook_pdf,,,,,,,,,,
11,중1(교육과정 학년군: 중1-3),자료와 가능성,도수분포표와 상대도수,m1_data_frequency__prerequisite_for__m1_data_frequency_table,intra_unit,m1_data_frequency,도수,도수분포표와 상대도수,m1_data_frequency_table,도수분포표,도수분포표와 상대도수,prerequisite_for,high,4,"curriculum_math_2022: printed pp. 41-42; terms and symbols for 자료와 가능성; term_list; 변량, 대푯값, 중앙값, 최빈값, 줄기와 잎 그림, 계급, 계급의 크기, 도수, 도수분포표, 히스토그램, 도수분포다각형, 상대도수, 사건, 확률, 산포도, 편차, 분산, 표준편차, 사분위수, 상자그림, 산점도, 상관관계를 다룸 | curriculum_math_2022: printed p. 40; [9수04-02]; achievement_standard; 자료를 줄기와 잎 그림, 도수분포표, 히스토그램, 도수분포다각형으로 나타내고 해석하는 성취기준 | achievement_math_2022: 자료와 가능성 section; [9수04-02]~[9수04-04] achievement levels; achievement_level; 줄기와 잎 그림, 도수분포표, 히스토그램, 도수분포다각형, 상대도수의 분포, 통계적 탐구 문제 설정과 공학 도구 활용 수준을 구분 | achievement_research_report_2022: 연구보고서 p. 227, p. 228; 도수분포표와 상대도수 성취기준별 성취수준; research_report_achievement_level_context; 자료를 줄기와 잎 그림, 도수분포표, 히스토그램, 도수분포다각형으로 나타내고 해석하기, 상대도수를 구하고 상대도수의 분포를 표나 그래프로 나타내고 해석하기, 통계적 탐구 문제 설정과 공학 도구 활용 성취수준 맥락",,prerequisite_ref;textbook_page_refs,Find textbook sequencing or prior-knowledge evidence for the prerequisite relation.,pending_textbook_pdf,,,,,,,,,,
11,중1(교육과정 학년군: 중1-3),자료와 가능성,도수분포표와 상대도수,m1_data_frequency__prerequisite_for__m1_data_frequency_table_construction,intra_unit,m1_data_frequency,도수,도수분포표와 상대도수,m1_data_frequency_table_construction,도수분포표로 나타내기,도수분포표와 상대도수,prerequisite_for,high,3,"curriculum_math_2022: printed p. 40; [9수04-02]; achievement_standard; 자료를 줄기와 잎 그림, 도수분포표, 히스토그램, 도수분포다각형으로 나타내고 해석하는 성취기준 | achievement_math_2022: 자료와 가능성 section; [9수04-02]~[9수04-04] achievement levels; achievement_level; 줄기와 잎 그림, 도수분포표, 히스토그램, 도수분포다각형, 상대도수의 분포, 통계적 탐구 문제 설정과 공학 도구 활용 수준을 구분 | achievement_research_report_2022: 연구보고서 p. 227, p. 228; 도수분포표와 상대도수 성취기준별 성취수준; research_report_achievement_level_context; 자료를 줄기와 잎 그림, 도수분포표, 히스토그램, 도수분포다각형으로 나타내고 해석하기, 상대도수를 구하고 상대도수의 분포를 표나 그래프로 나타내고 해석하기, 통계적 탐구 문제 설정과 공학 도구 활용 성취수준 맥락",,prerequisite_ref;textbook_page_refs,Find textbook sequencing or prior-knowledge evidence for the prerequisite relation.,pending_textbook_pdf,,,,,,,,,,
11,중1(교육과정 학년군: 중1-3),자료와 가능성,도수분포표와 상대도수,m1_data_frequency__prerequisite_for__m1_data_relative_frequency,intra_unit,m1_data_frequency,도수,도수분포표와 상대도수,m1_data_relative_frequency,상대도수,도수분포표와 상대도수,prerequisite_for,high,5,"curriculum_math_2022: printed pp. 41-42; terms and symbols for 자료와 가능성; term_list; 변량, 대푯값, 중앙값, 최빈값, 줄기와 잎 그림, 계급, 계급의 크기, 도수, 도수분포표, 히스토그램, 도수분포다각형, 상대도수, 사건, 확률, 산포도, 편차, 분산, 표준편차, 사분위수, 상자그림, 산점도, 상관관계를 다룸 | curriculum_math_2022: printed p. 40; [9수04-03]; achievement_standard; 상대도수를 구하고 상대도수의 분포를 표나 그래프로 나타내고 해석하는 성취기준 | curriculum_math_2022: printed p. 41; [9수04-03] explanation; teaching_note; 상대도수는 도수의 총합이 다른 두 집단의 분포를 비교하는 상황에서 간단히 다루고 그 필요성과 유용성을 인식하게 함 | achievement_math_2022: 자료와 가능성 section; [9수04-02]~[9수04-04] achievement levels; achievement_level; 줄기와 잎 그림, 도수분포표, 히스토그램, 도수분포다각형, 상대도수의 분포, 통계적 탐구 문제 설정과 공학 도구 활용 수준을 구분 | achievement_research_report_2022: 연구보고서 p. 227, p. 228; 도수분포표와 상대도수 성취기준별 성취수준; research_report_achievement_level_context; 자료를 줄기와 잎 그림, 도수분포표, 히스토그램, 도수분포다각형으로 나타내고 해석하기, 상대도수를 구하고 상대도수의 분포를 표나 그래프로 나타내고 해석하기, 통계적 탐구 문제 설정과 공학 도구 활용 성취수준 맥락",,prerequisite_ref;textbook_page_refs,Find textbook sequencing or prior-knowledge evidence for the prerequisite relation.,pending_textbook_pdf,,,,,,,,,,
11,중1(교육과정 학년군: 중1-3),자료와 가능성,도수분포표와 상대도수,m1_data_frequency__prerequisite_for__m1_data_relative_frequency_calculation,intra_unit,m1_data_frequency,도수,도수분포표와 상대도수,m1_data_relative_frequency_calculation,상대도수 구하기,도수분포표와 상대도수,prerequisite_for,high,4,"curriculum_math_2022: printed p. 40; [9수04-03]; achievement_standard; 상대도수를 구하고 상대도수의 분포를 표나 그래프로 나타내고 해석하는 성취기준 | curriculum_math_2022: printed p. 41; [9수04-03] explanation; teaching_note; 상대도수는 도수의 총합이 다른 두 집단의 분포를 비교하는 상황에서 간단히 다루고 그 필요성과 유용성을 인식하게 함 | achievement_math_2022: 자료와 가능성 section; [9수04-02]~[9수04-04] achievement levels; achievement_level; 줄기와 잎 그림, 도수분포표, 히스토그램, 도수분포다각형, 상대도수의 분포, 통계적 탐구 문제 설정과 공학 도구 활용 수준을 구분 | achievement_research_report_2022: 연구보고서 p. 227, p. 228; 도수분포표와 상대도수 성취기준별 성취수준; research_report_achievement_level_context; 자료를 줄기와 잎 그림, 도수분포표, 히스토그램, 도수분포다각형으로 나타내고 해석하기, 상대도수를 구하고 상대도수의 분포를 표나 그래프로 나타내고 해석하기, 통계적 탐구 문제 설정과 공학 도구 활용 성취수준 맥락",,prerequisite_ref;textbook_page_refs,Find textbook sequencing or prior-knowledge evidence for the prerequisite relation.,pending_textbook_pdf,,,,,,,,,,
11,중1(교육과정 학년군: 중1-3),자료와 가능성,도수분포표와 상대도수,m1_data_frequency__prerequisite_for__m1_data_total_frequency,intra_unit,m1_data_frequency,도수,도수분포표와 상대도수,m1_data_total_frequency,총도수,도수분포표와 상대도수,prerequisite_for,medium,4,"curriculum_math_2022: printed p. 40; [9수04-03]; achievement_standard; 상대도수를 구하고 상대도수의 분포를 표나 그래프로 나타내고 해석하는 성취기준 | curriculum_math_2022: printed p. 41; [9수04-03] explanation; teaching_note; 상대도수는 도수의 총합이 다른 두 집단의 분포를 비교하는 상황에서 간단히 다루고 그 필요성과 유용성을 인식하게 함 | achievement_math_2022: 자료와 가능성 section; [9수04-02]~[9수04-04] achievement levels; achievement_level; 줄기와 잎 그림, 도수분포표, 히스토그램, 도수분포다각형, 상대도수의 분포, 통계적 탐구 문제 설정과 공학 도구 활용 수준을 구분 | achievement_research_report_2022: 연구보고서 p. 227, p. 228; 도수분포표와 상대도수 성취기준별 성취수준; research_report_achievement_level_context; 자료를 줄기와 잎 그림, 도수분포표, 히스토그램, 도수분포다각형으로 나타내고 해석하기, 상대도수를 구하고 상대도수의 분포를 표나 그래프로 나타내고 해석하기, 통계적 탐구 문제 설정과 공학 도구 활용 성취수준 맥락",,prerequisite_ref;textbook_page_refs,Find textbook sequencing or prior-knowledge evidence for the prerequisite relation.,pending_textbook_pdf,,,,,,,,,,
11,중1(교육과정 학년군: 중1-3),자료와 가능성,도수분포표와 상대도수,m1_data_frequency_polygon__prerequisite_for__m1_data_distribution_interpretation,intra_unit,m1_data_frequency_polygon,도수분포다각형,도수분포표와 상대도수,m1_data_distribution_interpretation,자료의 분포 특징 해석,도수분포표와 상대도수,prerequisite_for,high,3,"curriculum_math_2022: printed p. 40; [9수04-02]; achievement_standard; 자료를 줄기와 잎 그림, 도수분포표, 히스토그램, 도수분포다각형으로 나타내고 해석하는 성취기준 | achievement_math_2022: 자료와 가능성 section; [9수04-02]~[9수04-04] achievement levels; achievement_level; 줄기와 잎 그림, 도수분포표, 히스토그램, 도수분포다각형, 상대도수의 분포, 통계적 탐구 문제 설정과 공학 도구 활용 수준을 구분 | achievement_research_report_2022: 연구보고서 p. 227, p. 228; 도수분포표와 상대도수 성취기준별 성취수준; research_report_achievement_level_context; 자료를 줄기와 잎 그림, 도수분포표, 히스토그램, 도수분포다각형으로 나타내고 해석하기, 상대도수를 구하고 상대도수의 분포를 표나 그래프로 나타내고 해석하기, 통계적 탐구 문제 설정과 공학 도구 활용 성취수준 맥락",,prerequisite_ref;textbook_page_refs,Find textbook sequencing or prior-knowledge evidence for the prerequisite relation.,pending_textbook_pdf,,,,,,,,,,
11,중1(교육과정 학년군: 중1-3),자료와 가능성,도수분포표와 상대도수,m1_data_frequency_table__prerequisite_for__m1_data_data_analysis,intra_unit,m1_data_frequency_table,도수분포표,도수분포표와 상대도수,m1_data_data_analysis,자료 분석,도수분포표와 상대도수,prerequisite_for,high,4,"curriculum_math_2022: printed p. 40; [9수04-04]; achievement_standard; 통계적 탐구 문제를 설정하고 공학 도구를 이용하여 자료를 수집·분석하고 결과를 해석하는 성취기준 | curriculum_math_2022: printed p. 41; [9수04-04] explanation and considerations; teaching_note; 통계적 탐구 문제 설정, 계획 수립, 자료 수집·정리·분석·해석, 인터넷 검색·웹 기반 소프트웨어·통계 프로그램 활용, 통계적 근거 토론을 다룸 | achievement_math_2022: 자료와 가능성 section; [9수04-02]~[9수04-04] achievement levels; achievement_level; 줄기와 잎 그림, 도수분포표, 히스토그램, 도수분포다각형, 상대도수의 분포, 통계적 탐구 문제 설정과 공학 도구 활용 수준을 구분 | achievement_research_report_2022: 연구보고서 p. 227, p. 228; 도수분포표와 상대도수 성취기준별 성취수준; research_report_achievement_level_context; 자료를 줄기와 잎 그림, 도수분포표, 히스토그램, 도수분포다각형으로 나타내고 해석하기, 상대도수를 구하고 상대도수의 분포를 표나 그래프로 나타내고 해석하기, 통계적 탐구 문제 설정과 공학 도구 활용 성취수준 맥락",,prerequisite_ref;textbook_page_refs,Find textbook sequencing or prior-knowledge evidence for the prerequisite relation.,pending_textbook_pdf,,,,,,,,,,
11,중1(교육과정 학년군: 중1-3),자료와 가능성,도수분포표와 상대도수,m1_data_frequency_table__prerequisite_for__m1_data_distribution_interpretation,intra_unit,m1_data_frequency_table,도수분포표,도수분포표와 상대도수,m1_data_distribution_interpretation,자료의 분포 특징 해석,도수분포표와 상대도수,prerequisite_for,high,3,"curriculum_math_2022: printed p. 40; [9수04-02]; achievement_standard; 자료를 줄기와 잎 그림, 도수분포표, 히스토그램, 도수분포다각형으로 나타내고 해석하는 성취기준 | achievement_math_2022: 자료와 가능성 section; [9수04-02]~[9수04-04] achievement levels; achievement_level; 줄기와 잎 그림, 도수분포표, 히스토그램, 도수분포다각형, 상대도수의 분포, 통계적 탐구 문제 설정과 공학 도구 활용 수준을 구분 | achievement_research_report_2022: 연구보고서 p. 227, p. 228; 도수분포표와 상대도수 성취기준별 성취수준; research_report_achievement_level_context; 자료를 줄기와 잎 그림, 도수분포표, 히스토그램, 도수분포다각형으로 나타내고 해석하기, 상대도수를 구하고 상대도수의 분포를 표나 그래프로 나타내고 해석하기, 통계적 탐구 문제 설정과 공학 도구 활용 성취수준 맥락",,prerequisite_ref;textbook_page_refs,Find textbook sequencing or prior-knowledge evidence for the prerequisite relation.,pending_textbook_pdf,,,,,,,,,,
11,중1(교육과정 학년군: 중1-3),자료와 가능성,도수분포표와 상대도수,m1_data_frequency_table__prerequisite_for__m1_data_histogram,intra_unit,m1_data_frequency_table,도수분포표,도수분포표와 상대도수,m1_data_histogram,히스토그램,도수분포표와 상대도수,prerequisite_for,high,4,"curriculum_math_2022: printed pp. 41-42; terms and symbols for 자료와 가능성; term_list; 변량, 대푯값, 중앙값, 최빈값, 줄기와 잎 그림, 계급, 계급의 크기, 도수, 도수분포표, 히스토그램, 도수분포다각형, 상대도수, 사건, 확률, 산포도, 편차, 분산, 표준편차, 사분위수, 상자그림, 산점도, 상관관계를 다룸 | curriculum_math_2022: printed p. 40; [9수04-02]; achievement_standard; 자료를 줄기와 잎 그림, 도수분포표, 히스토그램, 도수분포다각형으로 나타내고 해석하는 성취기준 | achievement_math_2022: 자료와 가능성 section; [9수04-02]~[9수04-04] achievement levels; achievement_level; 줄기와 잎 그림, 도수분포표, 히스토그램, 도수분포다각형, 상대도수의 분포, 통계적 탐구 문제 설정과 공학 도구 활용 수준을 구분 | achievement_research_report_2022: 연구보고서 p. 227, p. 228; 도수분포표와 상대도수 성취기준별 성취수준; research_report_achievement_level_context; 자료를 줄기와 잎 그림, 도수분포표, 히스토그램, 도수분포다각형으로 나타내고 해석하기, 상대도수를 구하고 상대도수의 분포를 표나 그래프로 나타내고 해석하기, 통계적 탐구 문제 설정과 공학 도구 활용 성취수준 맥락",,prerequisite_ref;textbook_page_refs,Find textbook sequencing or prior-knowledge evidence for the prerequisite relation.,pending_textbook_pdf,,,,,,,,,,
11,중1(교육과정 학년군: 중1-3),자료와 가능성,도수분포표와 상대도수,m1_data_frequency_table__prerequisite_for__m1_data_histogram_drawing,intra_unit,m1_data_frequency_table,도수분포표,도수분포표와 상대도수,m1_data_histogram_drawing,히스토그램으로 나타내기,도수분포표와 상대도수,prerequisite_for,high,3,"curriculum_math_2022: printed p. 40; [9수04-02]; achievement_standard; 자료를 줄기와 잎 그림, 도수분포표, 히스토그램, 도수분포다각형으로 나타내고 해석하는 성취기준 | achievement_math_2022: 자료와 가능성 section; [9수04-02]~[9수04-04] achievement levels; achievement_level; 줄기와 잎 그림, 도수분포표, 히스토그램, 도수분포다각형, 상대도수의 분포, 통계적 탐구 문제 설정과 공학 도구 활용 수준을 구분 | achievement_research_report_2022: 연구보고서 p. 227, p. 228; 도수분포표와 상대도수 성취기준별 성취수준; research_report_achievement_level_context; 자료를 줄기와 잎 그림, 도수분포표, 히스토그램, 도수분포다각형으로 나타내고 해석하기, 상대도수를 구하고 상대도수의 분포를 표나 그래프로 나타내고 해석하기, 통계적 탐구 문제 설정과 공학 도구 활용 성취수준 맥락",,prerequisite_ref;textbook_page_refs,Find textbook sequencing or prior-knowledge evidence for the prerequisite relation.,pending_textbook_pdf,,,,,,,,,,
11,중1(교육과정 학년군: 중1-3),자료와 가능성,도수분포표와 상대도수,m1_data_frequency_unit__prerequisite_for__m1_data_statistical_inquiry_unit,intra_unit,m1_data_frequency_unit,도수분포표와 상대도수,도수분포표와 상대도수,m1_data_statistical_inquiry_unit,통계적 탐구,도수분포표와 상대도수,prerequisite_for,high,4,"curriculum_math_2022: printed p. 40; [9수04-04]; achievement_standard; 통계적 탐구 문제를 설정하고 공학 도구를 이용하여 자료를 수집·분석하고 결과를 해석하는 성취기준 | curriculum_math_2022: printed p. 41; [9수04-04] explanation and considerations; teaching_note; 통계적 탐구 문제 설정, 계획 수립, 자료 수집·정리·분석·해석, 인터넷 검색·웹 기반 소프트웨어·통계 프로그램 활용, 통계적 근거 토론을 다룸 | achievement_math_2022: 자료와 가능성 section; [9수04-02]~[9수04-04] achievement levels; achievement_level; 줄기와 잎 그림, 도수분포표, 히스토그램, 도수분포다각형, 상대도수의 분포, 통계적 탐구 문제 설정과 공학 도구 활용 수준을 구분 | achievement_research_report_2022: 연구보고서 p. 227, p. 228; 도수분포표와 상대도수 성취기준별 성취수준; research_report_achievement_level_context; 자료를 줄기와 잎 그림, 도수분포표, 히스토그램, 도수분포다각형으로 나타내고 해석하기, 상대도수를 구하고 상대도수의 분포를 표나 그래프로 나타내고 해석하기, 통계적 탐구 문제 설정과 공학 도구 활용 성취수준 맥락",,prerequisite_ref;textbook_page_refs,Find textbook sequencing or prior-knowledge evidence for the prerequisite relation.,pending_textbook_pdf,,,,,,,,,,
11,중1(교육과정 학년군: 중1-3),자료와 가능성,도수분포표와 상대도수,m1_data_histogram__prerequisite_for__m1_data_distribution_interpretation,intra_unit,m1_data_histogram,히스토그램,도수분포표와 상대도수,m1_data_distribution_interpretation,자료의 분포 특징 해석,도수분포표와 상대도수,prerequisite_for,high,3,"curriculum_math_2022: printed p. 40; [9수04-02]; achievement_standard; 자료를 줄기와 잎 그림, 도수분포표, 히스토그램, 도수분포다각형으로 나타내고 해석하는 성취기준 | achievement_math_2022: 자료와 가능성 section; [9수04-02]~[9수04-04] achievement levels; achievement_level; 줄기와 잎 그림, 도수분포표, 히스토그램, 도수분포다각형, 상대도수의 분포, 통계적 탐구 문제 설정과 공학 도구 활용 수준을 구분 | achievement_research_report_2022: 연구보고서 p. 227, p. 228; 도수분포표와 상대도수 성취기준별 성취수준; research_report_achievement_level_context; 자료를 줄기와 잎 그림, 도수분포표, 히스토그램, 도수분포다각형으로 나타내고 해석하기, 상대도수를 구하고 상대도수의 분포를 표나 그래프로 나타내고 해석하기, 통계적 탐구 문제 설정과 공학 도구 활용 성취수준 맥락",,prerequisite_ref;textbook_page_refs,Find textbook sequencing or prior-knowledge evidence for the prerequisite relation.,pending_textbook_pdf,,,,,,,,,,
11,중1(교육과정 학년군: 중1-3),자료와 가능성,도수분포표와 상대도수,m1_data_histogram__prerequisite_for__m1_data_frequency_polygon,intra_unit,m1_data_histogram,히스토그램,도수분포표와 상대도수,m1_data_frequency_polygon,도수분포다각형,도수분포표와 상대도수,prerequisite_for,high,4,"curriculum_math_2022: printed pp. 41-42; terms and symbols for 자료와 가능성; term_list; 변량, 대푯값, 중앙값, 최빈값, 줄기와 잎 그림, 계급, 계급의 크기, 도수, 도수분포표, 히스토그램, 도수분포다각형, 상대도수, 사건, 확률, 산포도, 편차, 분산, 표준편차, 사분위수, 상자그림, 산점도, 상관관계를 다룸 | curriculum_math_2022: printed p. 40; [9수04-02]; achievement_standard; 자료를 줄기와 잎 그림, 도수분포표, 히스토그램, 도수분포다각형으로 나타내고 해석하는 성취기준 | achievement_math_2022: 자료와 가능성 section; [9수04-02]~[9수04-04] achievement levels; achievement_level; 줄기와 잎 그림, 도수분포표, 히스토그램, 도수분포다각형, 상대도수의 분포, 통계적 탐구 문제 설정과 공학 도구 활용 수준을 구분 | achievement_research_report_2022: 연구보고서 p. 227, p. 228; 도수분포표와 상대도수 성취기준별 성취수준; research_report_achievement_level_context; 자료를 줄기와 잎 그림, 도수분포표, 히스토그램, 도수분포다각형으로 나타내고 해석하기, 상대도수를 구하고 상대도수의 분포를 표나 그래프로 나타내고 해석하기, 통계적 탐구 문제 설정과 공학 도구 활용 성취수준 맥락",,prerequisite_ref;textbook_page_refs,Find textbook sequencing or prior-knowledge evidence for the prerequisite relation.,pending_textbook_pdf,,,,,,,,,,
11,중1(교육과정 학년군: 중1-3),자료와 가능성,도수분포표와 상대도수,m1_data_histogram__prerequisite_for__m1_data_frequency_polygon_drawing,intra_unit,m1_data_histogram,히스토그램,도수분포표와 상대도수,m1_data_frequency_polygon_drawing,도수분포다각형으로 나타내기,도수분포표와 상대도수,prerequisite_for,high,3,"curriculum_math_2022: printed p. 40; [9수04-02]; achievement_standard; 자료를 줄기와 잎 그림, 도수분포표, 히스토그램, 도수분포다각형으로 나타내고 해석하는 성취기준 | achievement_math_2022: 자료와 가능성 section; [9수04-02]~[9수04-04] achievement levels; achievement_level; 줄기와 잎 그림, 도수분포표, 히스토그램, 도수분포다각형, 상대도수의 분포, 통계적 탐구 문제 설정과 공학 도구 활용 수준을 구분 | achievement_research_report_2022: 연구보고서 p. 227, p. 228; 도수분포표와 상대도수 성취기준별 성취수준; research_report_achievement_level_context; 자료를 줄기와 잎 그림, 도수분포표, 히스토그램, 도수분포다각형으로 나타내고 해석하기, 상대도수를 구하고 상대도수의 분포를 표나 그래프로 나타내고 해석하기, 통계적 탐구 문제 설정과 공학 도구 활용 성취수준 맥락",,prerequisite_ref;textbook_page_refs,Find textbook sequencing or prior-knowledge evidence for the prerequisite relation.,pending_textbook_pdf,,,,,,,,,,
11,중1(교육과정 학년군: 중1-3),자료와 가능성,도수분포표와 상대도수,m1_data_inquiry_plan__prerequisite_for__m1_data_data_collection,intra_unit,m1_data_inquiry_plan,자료 수집 계획,도수분포표와 상대도수,m1_data_data_collection,자료 수집,도수분포표와 상대도수,prerequisite_for,high,4,"curriculum_math_2022: printed p. 40; [9수04-04]; achievement_standard; 통계적 탐구 문제를 설정하고 공학 도구를 이용하여 자료를 수집·분석하고 결과를 해석하는 성취기준 | curriculum_math_2022: printed p. 41; [9수04-04] explanation and considerations; teaching_note; 통계적 탐구 문제 설정, 계획 수립, 자료 수집·정리·분석·해석, 인터넷 검색·웹 기반 소프트웨어·통계 프로그램 활용, 통계적 근거 토론을 다룸 | achievement_math_2022: 자료와 가능성 section; [9수04-02]~[9수04-04] achievement levels; achievement_level; 줄기와 잎 그림, 도수분포표, 히스토그램, 도수분포다각형, 상대도수의 분포, 통계적 탐구 문제 설정과 공학 도구 활용 수준을 구분 | achievement_research_report_2022: 연구보고서 p. 227, p. 228; 도수분포표와 상대도수 성취기준별 성취수준; research_report_achievement_level_context; 자료를 줄기와 잎 그림, 도수분포표, 히스토그램, 도수분포다각형으로 나타내고 해석하기, 상대도수를 구하고 상대도수의 분포를 표나 그래프로 나타내고 해석하기, 통계적 탐구 문제 설정과 공학 도구 활용 성취수준 맥락",,prerequisite_ref;textbook_page_refs,Find textbook sequencing or prior-knowledge evidence for the prerequisite relation.,pending_textbook_pdf,,,,,,,,,,
11,중1(교육과정 학년군: 중1-3),자료와 가능성,도수분포표와 상대도수,m1_data_relative_frequency__prerequisite_for__m1_data_relative_frequency_distribution,intra_unit,m1_data_relative_frequency,상대도수,도수분포표와 상대도수,m1_data_relative_frequency_distribution,상대도수의 분포,도수분포표와 상대도수,prerequisite_for,high,4,"curriculum_math_2022: printed p. 40; [9수04-03]; achievement_standard; 상대도수를 구하고 상대도수의 분포를 표나 그래프로 나타내고 해석하는 성취기준 | curriculum_math_2022: printed p. 41; [9수04-03] explanation; teaching_note; 상대도수는 도수의 총합이 다른 두 집단의 분포를 비교하는 상황에서 간단히 다루고 그 필요성과 유용성을 인식하게 함 | achievement_math_2022: 자료와 가능성 section; [9수04-02]~[9수04-04] achievement levels; achievement_level; 줄기와 잎 그림, 도수분포표, 히스토그램, 도수분포다각형, 상대도수의 분포, 통계적 탐구 문제 설정과 공학 도구 활용 수준을 구분 | achievement_research_report_2022: 연구보고서 p. 227, p. 228; 도수분포표와 상대도수 성취기준별 성취수준; research_report_achievement_level_context; 자료를 줄기와 잎 그림, 도수분포표, 히스토그램, 도수분포다각형으로 나타내고 해석하기, 상대도수를 구하고 상대도수의 분포를 표나 그래프로 나타내고 해석하기, 통계적 탐구 문제 설정과 공학 도구 활용 성취수준 맥락",,prerequisite_ref;textbook_page_refs,Find textbook sequencing or prior-knowledge evidence for the prerequisite relation.,pending_textbook_pdf,,,,,,,,,,
11,중1(교육과정 학년군: 중1-3),자료와 가능성,도수분포표와 상대도수,m1_data_relative_frequency_distribution__prerequisite_for__m1_data_compare_groups_by_relative_frequency,intra_unit,m1_data_relative_frequency_distribution,상대도수의 분포,도수분포표와 상대도수,m1_data_compare_groups_by_relative_frequency,상대도수로 두 집단의 분포 비교하기,도수분포표와 상대도수,prerequisite_for,medium,4,"curriculum_math_2022: printed p. 40; [9수04-03]; achievement_standard; 상대도수를 구하고 상대도수의 분포를 표나 그래프로 나타내고 해석하는 성취기준 | curriculum_math_2022: printed p. 41; [9수04-03] explanation; teaching_note; 상대도수는 도수의 총합이 다른 두 집단의 분포를 비교하는 상황에서 간단히 다루고 그 필요성과 유용성을 인식하게 함 | achievement_math_2022: 자료와 가능성 section; [9수04-02]~[9수04-04] achievement levels; achievement_level; 줄기와 잎 그림, 도수분포표, 히스토그램, 도수분포다각형, 상대도수의 분포, 통계적 탐구 문제 설정과 공학 도구 활용 수준을 구분 | achievement_research_report_2022: 연구보고서 p. 227, p. 228; 도수분포표와 상대도수 성취기준별 성취수준; research_report_achievement_level_context; 자료를 줄기와 잎 그림, 도수분포표, 히스토그램, 도수분포다각형으로 나타내고 해석하기, 상대도수를 구하고 상대도수의 분포를 표나 그래프로 나타내고 해석하기, 통계적 탐구 문제 설정과 공학 도구 활용 성취수준 맥락",,prerequisite_ref;textbook_page_refs,Find textbook sequencing or prior-knowledge evidence for the prerequisite relation.,pending_textbook_pdf,,,,,,,,,,
11,중1(교육과정 학년군: 중1-3),자료와 가능성,도수분포표와 상대도수,m1_data_relative_frequency_distribution__prerequisite_for__m1_data_relative_frequency_table_graph,intra_unit,m1_data_relative_frequency_distribution,상대도수의 분포,도수분포표와 상대도수,m1_data_relative_frequency_table_graph,상대도수의 분포를 표나 그래프로 나타내기,도수분포표와 상대도수,prerequisite_for,high,4,"curriculum_math_2022: printed p. 40; [9수04-03]; achievement_standard; 상대도수를 구하고 상대도수의 분포를 표나 그래프로 나타내고 해석하는 성취기준 | curriculum_math_2022: printed p. 41; [9수04-03] explanation; teaching_note; 상대도수는 도수의 총합이 다른 두 집단의 분포를 비교하는 상황에서 간단히 다루고 그 필요성과 유용성을 인식하게 함 | achievement_math_2022: 자료와 가능성 section; [9수04-02]~[9수04-04] achievement levels; achievement_level; 줄기와 잎 그림, 도수분포표, 히스토그램, 도수분포다각형, 상대도수의 분포, 통계적 탐구 문제 설정과 공학 도구 활용 수준을 구분 | achievement_research_report_2022: 연구보고서 p. 227, p. 228; 도수분포표와 상대도수 성취기준별 성취수준; research_report_achievement_level_context; 자료를 줄기와 잎 그림, 도수분포표, 히스토그램, 도수분포다각형으로 나타내고 해석하기, 상대도수를 구하고 상대도수의 분포를 표나 그래프로 나타내고 해석하기, 통계적 탐구 문제 설정과 공학 도구 활용 성취수준 맥락",,prerequisite_ref;textbook_page_refs,Find textbook sequencing or prior-knowledge evidence for the prerequisite relation.,pending_textbook_pdf,,,,,,,,,,
11,중1(교육과정 학년군: 중1-3),자료와 가능성,도수분포표와 상대도수,m1_data_result_interpretation__prerequisite_for__m1_data_statistical_evidence_discussion,intra_unit,m1_data_result_interpretation,분석 결과 해석,도수분포표와 상대도수,m1_data_statistical_evidence_discussion,통계적 근거로 토론하기,도수분포표와 상대도수,prerequisite_for,medium,2,"curriculum_math_2022: printed p. 41; [9수04-04] explanation and considerations; teaching_note; 통계적 탐구 문제 설정, 계획 수립, 자료 수집·정리·분석·해석, 인터넷 검색·웹 기반 소프트웨어·통계 프로그램 활용, 통계적 근거 토론을 다룸 | achievement_math_2022: 자료와 가능성 section; [9수04-02]~[9수04-04] achievement levels; achievement_level; 줄기와 잎 그림, 도수분포표, 히스토그램, 도수분포다각형, 상대도수의 분포, 통계적 탐구 문제 설정과 공학 도구 활용 수준을 구분",,prerequisite_ref;textbook_page_refs,Find textbook sequencing or prior-knowledge evidence for the prerequisite relation.,pending_textbook_pdf,,,,,,,,,,
11,중1(교육과정 학년군: 중1-3),자료와 가능성,도수분포표와 상대도수,m1_data_statistical_inquiry_problem__prerequisite_for__m1_data_inquiry_plan,intra_unit,m1_data_statistical_inquiry_problem,통계적 탐구 문제,도수분포표와 상대도수,m1_data_inquiry_plan,자료 수집 계획,도수분포표와 상대도수,prerequisite_for,high,4,"curriculum_math_2022: printed p. 40; [9수04-04]; achievement_standard; 통계적 탐구 문제를 설정하고 공학 도구를 이용하여 자료를 수집·분석하고 결과를 해석하는 성취기준 | curriculum_math_2022: printed p. 41; [9수04-04] explanation and considerations; teaching_note; 통계적 탐구 문제 설정, 계획 수립, 자료 수집·정리·분석·해석, 인터넷 검색·웹 기반 소프트웨어·통계 프로그램 활용, 통계적 근거 토론을 다룸 | achievement_math_2022: 자료와 가능성 section; [9수04-02]~[9수04-04] achievement levels; achievement_level; 줄기와 잎 그림, 도수분포표, 히스토그램, 도수분포다각형, 상대도수의 분포, 통계적 탐구 문제 설정과 공학 도구 활용 수준을 구분 | achievement_research_report_2022: 연구보고서 p. 227, p. 228; 도수분포표와 상대도수 성취기준별 성취수준; research_report_achievement_level_context; 자료를 줄기와 잎 그림, 도수분포표, 히스토그램, 도수분포다각형으로 나타내고 해석하기, 상대도수를 구하고 상대도수의 분포를 표나 그래프로 나타내고 해석하기, 통계적 탐구 문제 설정과 공학 도구 활용 성취수준 맥락",,prerequisite_ref;textbook_page_refs,Find textbook sequencing or prior-knowledge evidence for the prerequisite relation.,pending_textbook_pdf,,,,,,,,,,
11,중1(교육과정 학년군: 중1-3),자료와 가능성,도수분포표와 상대도수,m1_data_statistical_inquiry_problem__prerequisite_for__m1_data_result_interpretation,intra_unit,m1_data_statistical_inquiry_problem,통계적 탐구 문제,도수분포표와 상대도수,m1_data_result_interpretation,분석 결과 해석,도수분포표와 상대도수,prerequisite_for,high,4,"curriculum_math_2022: printed p. 40; [9수04-04]; achievement_standard; 통계적 탐구 문제를 설정하고 공학 도구를 이용하여 자료를 수집·분석하고 결과를 해석하는 성취기준 | curriculum_math_2022: printed p. 41; [9수04-04] explanation and considerations; teaching_note; 통계적 탐구 문제 설정, 계획 수립, 자료 수집·정리·분석·해석, 인터넷 검색·웹 기반 소프트웨어·통계 프로그램 활용, 통계적 근거 토론을 다룸 | achievement_math_2022: 자료와 가능성 section; [9수04-02]~[9수04-04] achievement levels; achievement_level; 줄기와 잎 그림, 도수분포표, 히스토그램, 도수분포다각형, 상대도수의 분포, 통계적 탐구 문제 설정과 공학 도구 활용 수준을 구분 | achievement_research_report_2022: 연구보고서 p. 227, p. 228; 도수분포표와 상대도수 성취기준별 성취수준; research_report_achievement_level_context; 자료를 줄기와 잎 그림, 도수분포표, 히스토그램, 도수분포다각형으로 나타내고 해석하기, 상대도수를 구하고 상대도수의 분포를 표나 그래프로 나타내고 해석하기, 통계적 탐구 문제 설정과 공학 도구 활용 성취수준 맥락",,prerequisite_ref;textbook_page_refs,Find textbook sequencing or prior-knowledge evidence for the prerequisite relation.,pending_textbook_pdf,,,,,,,,,,
11,중1(교육과정 학년군: 중1-3),자료와 가능성,도수분포표와 상대도수,m1_data_total_frequency__prerequisite_for__m1_data_relative_frequency,intra_unit,m1_data_total_frequency,총도수,도수분포표와 상대도수,m1_data_relative_frequency,상대도수,도수분포표와 상대도수,prerequisite_for,high,5,"curriculum_math_2022: printed pp. 41-42; terms and symbols for 자료와 가능성; term_list; 변량, 대푯값, 중앙값, 최빈값, 줄기와 잎 그림, 계급, 계급의 크기, 도수, 도수분포표, 히스토그램, 도수분포다각형, 상대도수, 사건, 확률, 산포도, 편차, 분산, 표준편차, 사분위수, 상자그림, 산점도, 상관관계를 다룸 | curriculum_math_2022: printed p. 40; [9수04-03]; achievement_standard; 상대도수를 구하고 상대도수의 분포를 표나 그래프로 나타내고 해석하는 성취기준 | curriculum_math_2022: printed p. 41; [9수04-03] explanation; teaching_note; 상대도수는 도수의 총합이 다른 두 집단의 분포를 비교하는 상황에서 간단히 다루고 그 필요성과 유용성을 인식하게 함 | achievement_math_2022: 자료와 가능성 section; [9수04-02]~[9수04-04] achievement levels; achievement_level; 줄기와 잎 그림, 도수분포표, 히스토그램, 도수분포다각형, 상대도수의 분포, 통계적 탐구 문제 설정과 공학 도구 활용 수준을 구분 | achievement_research_report_2022: 연구보고서 p. 227, p. 228; 도수분포표와 상대도수 성취기준별 성취수준; research_report_achievement_level_context; 자료를 줄기와 잎 그림, 도수분포표, 히스토그램, 도수분포다각형으로 나타내고 해석하기, 상대도수를 구하고 상대도수의 분포를 표나 그래프로 나타내고 해석하기, 통계적 탐구 문제 설정과 공학 도구 활용 성취수준 맥락",,prerequisite_ref;textbook_page_refs,Find textbook sequencing or prior-knowledge evidence for the prerequisite relation.,pending_textbook_pdf,,,,,,,,,,
11,중1(교육과정 학년군: 중1-3),자료와 가능성,도수분포표와 상대도수,m1_data_total_frequency__prerequisite_for__m1_data_relative_frequency_calculation,intra_unit,m1_data_total_frequency,총도수,도수분포표와 상대도수,m1_data_relative_frequency_calculation,상대도수 구하기,도수분포표와 상대도수,prerequisite_for,high,4,"curriculum_math_2022: printed p. 40; [9수04-03]; achievement_standard; 상대도수를 구하고 상대도수의 분포를 표나 그래프로 나타내고 해석하는 성취기준 | curriculum_math_2022: printed p. 41; [9수04-03] explanation; teaching_note; 상대도수는 도수의 총합이 다른 두 집단의 분포를 비교하는 상황에서 간단히 다루고 그 필요성과 유용성을 인식하게 함 | achievement_math_2022: 자료와 가능성 section; [9수04-02]~[9수04-04] achievement levels; achievement_level; 줄기와 잎 그림, 도수분포표, 히스토그램, 도수분포다각형, 상대도수의 분포, 통계적 탐구 문제 설정과 공학 도구 활용 수준을 구분 | achievement_research_report_2022: 연구보고서 p. 227, p. 228; 도수분포표와 상대도수 성취기준별 성취수준; research_report_achievement_level_context; 자료를 줄기와 잎 그림, 도수분포표, 히스토그램, 도수분포다각형으로 나타내고 해석하기, 상대도수를 구하고 상대도수의 분포를 표나 그래프로 나타내고 해석하기, 통계적 탐구 문제 설정과 공학 도구 활용 성취수준 맥락",,prerequisite_ref;textbook_page_refs,Find textbook sequencing or prior-knowledge evidence for the prerequisite relation.,pending_textbook_pdf,,,,,,,,,,
11,중1(교육과정 학년군: 중1-3),자료와 가능성,도수분포표와 상대도수,m1_data_distribution__represented_by__m1_data_frequency_polygon,intra_unit,m1_data_distribution,자료의 분포,도수분포표와 상대도수,m1_data_frequency_polygon,도수분포다각형,도수분포표와 상대도수,represented_by,high,2,"curriculum_math_2022: printed p. 40; [9수04-02]; achievement_standard; 자료를 줄기와 잎 그림, 도수분포표, 히스토그램, 도수분포다각형으로 나타내고 해석하는 성취기준 | achievement_math_2022: 자료와 가능성 section; [9수04-02]~[9수04-04] achievement levels; achievement_level; 줄기와 잎 그림, 도수분포표, 히스토그램, 도수분포다각형, 상대도수의 분포, 통계적 탐구 문제 설정과 공학 도구 활용 수준을 구분",,representation_ref;textbook_page_refs,"Find textbook representation evidence such as a table, graph, expression, or diagram.",pending_textbook_pdf,,,,,,,,,,
11,중1(교육과정 학년군: 중1-3),자료와 가능성,도수분포표와 상대도수,m1_data_distribution__represented_by__m1_data_frequency_table,intra_unit,m1_data_distribution,자료의 분포,도수분포표와 상대도수,m1_data_frequency_table,도수분포표,도수분포표와 상대도수,represented_by,high,2,"curriculum_math_2022: printed p. 40; [9수04-02]; achievement_standard; 자료를 줄기와 잎 그림, 도수분포표, 히스토그램, 도수분포다각형으로 나타내고 해석하는 성취기준 | achievement_math_2022: 자료와 가능성 section; [9수04-02]~[9수04-04] achievement levels; achievement_level; 줄기와 잎 그림, 도수분포표, 히스토그램, 도수분포다각형, 상대도수의 분포, 통계적 탐구 문제 설정과 공학 도구 활용 수준을 구분",,representation_ref;textbook_page_refs,"Find textbook representation evidence such as a table, graph, expression, or diagram.",pending_textbook_pdf,,,,,,,,,,
11,중1(교육과정 학년군: 중1-3),자료와 가능성,도수분포표와 상대도수,m1_data_distribution__represented_by__m1_data_histogram,intra_unit,m1_data_distribution,자료의 분포,도수분포표와 상대도수,m1_data_histogram,히스토그램,도수분포표와 상대도수,represented_by,high,2,"curriculum_math_2022: printed p. 40; [9수04-02]; achievement_standard; 자료를 줄기와 잎 그림, 도수분포표, 히스토그램, 도수분포다각형으로 나타내고 해석하는 성취기준 | achievement_math_2022: 자료와 가능성 section; [9수04-02]~[9수04-04] achievement levels; achievement_level; 줄기와 잎 그림, 도수분포표, 히스토그램, 도수분포다각형, 상대도수의 분포, 통계적 탐구 문제 설정과 공학 도구 활용 수준을 구분",,representation_ref;textbook_page_refs,"Find textbook representation evidence such as a table, graph, expression, or diagram.",pending_textbook_pdf,,,,,,,,,,
11,중1(교육과정 학년군: 중1-3),자료와 가능성,도수분포표와 상대도수,m1_data_distribution__represented_by__m1_data_stem_leaf_plot,intra_unit,m1_data_distribution,자료의 분포,도수분포표와 상대도수,m1_data_stem_leaf_plot,줄기와 잎 그림,도수분포표와 상대도수,represented_by,high,2,"curriculum_math_2022: printed p. 40; [9수04-02]; achievement_standard; 자료를 줄기와 잎 그림, 도수분포표, 히스토그램, 도수분포다각형으로 나타내고 해석하는 성취기준 | achievement_math_2022: 자료와 가능성 section; [9수04-02]~[9수04-04] achievement levels; achievement_level; 줄기와 잎 그림, 도수분포표, 히스토그램, 도수분포다각형, 상대도수의 분포, 통계적 탐구 문제 설정과 공학 도구 활용 수준을 구분",,representation_ref;textbook_page_refs,"Find textbook representation evidence such as a table, graph, expression, or diagram.",pending_textbook_pdf,,,,,,,,,,
11,중1(교육과정 학년군: 중1-3),자료와 가능성,도수분포표와 상대도수,m1_data_frequency_table__represented_by__m1_data_frequency_polygon,intra_unit,m1_data_frequency_table,도수분포표,도수분포표와 상대도수,m1_data_frequency_polygon,도수분포다각형,도수분포표와 상대도수,represented_by,medium,3,"curriculum_math_2022: printed p. 40; [9수04-02]; achievement_standard; 자료를 줄기와 잎 그림, 도수분포표, 히스토그램, 도수분포다각형으로 나타내고 해석하는 성취기준 | curriculum_math_2022: printed pp. 41-42; terms and symbols for 자료와 가능성; term_list; 변량, 대푯값, 중앙값, 최빈값, 줄기와 잎 그림, 계급, 계급의 크기, 도수, 도수분포표, 히스토그램, 도수분포다각형, 상대도수, 사건, 확률, 산포도, 편차, 분산, 표준편차, 사분위수, 상자그림, 산점도, 상관관계를 다룸 | achievement_math_2022: 자료와 가능성 section; [9수04-02]~[9수04-04] achievement levels; achievement_level; 줄기와 잎 그림, 도수분포표, 히스토그램, 도수분포다각형, 상대도수의 분포, 통계적 탐구 문제 설정과 공학 도구 활용 수준을 구분",A frequency table can be represented graphically as a frequency polygon.,representation_ref;textbook_page_refs,"Find textbook representation evidence such as a table, graph, expression, or diagram.",pending_textbook_pdf,,,,,,,,,,
11,중1(교육과정 학년군: 중1-3),자료와 가능성,도수분포표와 상대도수,m1_data_frequency_table__represented_by__m1_data_histogram,intra_unit,m1_data_frequency_table,도수분포표,도수분포표와 상대도수,m1_data_histogram,히스토그램,도수분포표와 상대도수,represented_by,high,3,"curriculum_math_2022: printed p. 40; [9수04-02]; achievement_standard; 자료를 줄기와 잎 그림, 도수분포표, 히스토그램, 도수분포다각형으로 나타내고 해석하는 성취기준 | curriculum_math_2022: printed pp. 41-42; terms and symbols for 자료와 가능성; term_list; 변량, 대푯값, 중앙값, 최빈값, 줄기와 잎 그림, 계급, 계급의 크기, 도수, 도수분포표, 히스토그램, 도수분포다각형, 상대도수, 사건, 확률, 산포도, 편차, 분산, 표준편차, 사분위수, 상자그림, 산점도, 상관관계를 다룸 | achievement_math_2022: 자료와 가능성 section; [9수04-02]~[9수04-04] achievement levels; achievement_level; 줄기와 잎 그림, 도수분포표, 히스토그램, 도수분포다각형, 상대도수의 분포, 통계적 탐구 문제 설정과 공학 도구 활용 수준을 구분",,representation_ref;textbook_page_refs,"Find textbook representation evidence such as a table, graph, expression, or diagram.",pending_textbook_pdf,,,,,,,,,,
11,중1(교육과정 학년군: 중1-3),자료와 가능성,도수분포표와 상대도수,m1_data_class__used_in__m1_data_class_mark,intra_unit,m1_data_class,계급,도수분포표와 상대도수,m1_data_class_mark,계급값,도수분포표와 상대도수,used_in,medium,1,"curriculum_math_2022: printed p. 42; terms usable in teaching and learning situations; instructional_term_list; 계급값, 경우의 수는 교수·학습 상황에서 사용할 수 있음",,procedure_ref;textbook_page_refs,"Find a worked example, procedure, or application where this source concept is used.",pending_textbook_pdf,,,,,,,,,,
11,중1(교육과정 학년군: 중1-3),자료와 가능성,도수분포표와 상대도수,m1_data_class__used_in__m1_data_class_width,intra_unit,m1_data_class,계급,도수분포표와 상대도수,m1_data_class_width,계급의 크기,도수분포표와 상대도수,used_in,high,2,"curriculum_math_2022: printed pp. 41-42; terms and symbols for 자료와 가능성; term_list; 변량, 대푯값, 중앙값, 최빈값, 줄기와 잎 그림, 계급, 계급의 크기, 도수, 도수분포표, 히스토그램, 도수분포다각형, 상대도수, 사건, 확률, 산포도, 편차, 분산, 표준편차, 사분위수, 상자그림, 산점도, 상관관계를 다룸 | achievement_math_2022: 자료와 가능성 section; [9수04-02]~[9수04-04] achievement levels; achievement_level; 줄기와 잎 그림, 도수분포표, 히스토그램, 도수분포다각형, 상대도수의 분포, 통계적 탐구 문제 설정과 공학 도구 활용 수준을 구분",,procedure_ref;textbook_page_refs,"Find a worked example, procedure, or application where this source concept is used.",pending_textbook_pdf,,,,,,,,,,
11,중1(교육과정 학년군: 중1-3),자료와 가능성,도수분포표와 상대도수,m1_data_class__used_in__m1_data_frequency_table,intra_unit,m1_data_class,계급,도수분포표와 상대도수,m1_data_frequency_table,도수분포표,도수분포표와 상대도수,used_in,high,3,"curriculum_math_2022: printed p. 40; [9수04-02]; achievement_standard; 자료를 줄기와 잎 그림, 도수분포표, 히스토그램, 도수분포다각형으로 나타내고 해석하는 성취기준 | curriculum_math_2022: printed pp. 41-42; terms and symbols for 자료와 가능성; term_list; 변량, 대푯값, 중앙값, 최빈값, 줄기와 잎 그림, 계급, 계급의 크기, 도수, 도수분포표, 히스토그램, 도수분포다각형, 상대도수, 사건, 확률, 산포도, 편차, 분산, 표준편차, 사분위수, 상자그림, 산점도, 상관관계를 다룸 | achievement_math_2022: 자료와 가능성 section; [9수04-02]~[9수04-04] achievement levels; achievement_level; 줄기와 잎 그림, 도수분포표, 히스토그램, 도수분포다각형, 상대도수의 분포, 통계적 탐구 문제 설정과 공학 도구 활용 수준을 구분",,procedure_ref;textbook_page_refs,"Find a worked example, procedure, or application where this source concept is used.",pending_textbook_pdf,,,,,,,,,,
11,중1(교육과정 학년군: 중1-3),자료와 가능성,도수분포표와 상대도수,m1_data_class__used_in__m1_data_frequency_table_construction,intra_unit,m1_data_class,계급,도수분포표와 상대도수,m1_data_frequency_table_construction,도수분포표로 나타내기,도수분포표와 상대도수,used_in,high,3,"curriculum_math_2022: printed p. 40; [9수04-02]; achievement_standard; 자료를 줄기와 잎 그림, 도수분포표, 히스토그램, 도수분포다각형으로 나타내고 해석하는 성취기준 | achievement_math_2022: 자료와 가능성 section; [9수04-02]~[9수04-04] achievement levels; achievement_level; 줄기와 잎 그림, 도수분포표, 히스토그램, 도수분포다각형, 상대도수의 분포, 통계적 탐구 문제 설정과 공학 도구 활용 수준을 구분 | achievement_research_report_2022: 연구보고서 p. 227, p. 228; 도수분포표와 상대도수 성취기준별 성취수준; research_report_achievement_level_context; 자료를 줄기와 잎 그림, 도수분포표, 히스토그램, 도수분포다각형으로 나타내고 해석하기, 상대도수를 구하고 상대도수의 분포를 표나 그래프로 나타내고 해석하기, 통계적 탐구 문제 설정과 공학 도구 활용 성취수준 맥락",,procedure_ref;textbook_page_refs,"Find a worked example, procedure, or application where this source concept is used.",pending_textbook_pdf,,,,,,,,,,
11,중1(교육과정 학년군: 중1-3),자료와 가능성,도수분포표와 상대도수,m1_data_class_mark__used_in__m1_data_frequency_polygon_drawing,intra_unit,m1_data_class_mark,계급값,도수분포표와 상대도수,m1_data_frequency_polygon_drawing,도수분포다각형으로 나타내기,도수분포표와 상대도수,used_in,medium,3,"curriculum_math_2022: printed p. 40; [9수04-02]; achievement_standard; 자료를 줄기와 잎 그림, 도수분포표, 히스토그램, 도수분포다각형으로 나타내고 해석하는 성취기준 | curriculum_math_2022: printed p. 42; terms usable in teaching and learning situations; instructional_term_list; 계급값, 경우의 수는 교수·학습 상황에서 사용할 수 있음 | achievement_research_report_2022: 연구보고서 p. 227, p. 228; 도수분포표와 상대도수 성취기준별 성취수준; research_report_achievement_level_context; 자료를 줄기와 잎 그림, 도수분포표, 히스토그램, 도수분포다각형으로 나타내고 해석하기, 상대도수를 구하고 상대도수의 분포를 표나 그래프로 나타내고 해석하기, 통계적 탐구 문제 설정과 공학 도구 활용 성취수준 맥락",,procedure_ref;textbook_page_refs,"Find a worked example, procedure, or application where this source concept is used.",pending_textbook_pdf,,,,,,,,,,
11,중1(교육과정 학년군: 중1-3),자료와 가능성,도수분포표와 상대도수,m1_data_class_mark__used_in__m1_data_frequency_table,intra_unit,m1_data_class_mark,계급값,도수분포표와 상대도수,m1_data_frequency_table,도수분포표,도수분포표와 상대도수,used_in,medium,3,"curriculum_math_2022: printed p. 40; [9수04-02]; achievement_standard; 자료를 줄기와 잎 그림, 도수분포표, 히스토그램, 도수분포다각형으로 나타내고 해석하는 성취기준 | curriculum_math_2022: printed p. 42; terms usable in teaching and learning situations; instructional_term_list; 계급값, 경우의 수는 교수·학습 상황에서 사용할 수 있음 | achievement_math_2022: 자료와 가능성 section; [9수04-02]~[9수04-04] achievement levels; achievement_level; 줄기와 잎 그림, 도수분포표, 히스토그램, 도수분포다각형, 상대도수의 분포, 통계적 탐구 문제 설정과 공학 도구 활용 수준을 구분",Class marks are used when reading or constructing grouped frequency tables.,procedure_ref;textbook_page_refs,"Find a worked example, procedure, or application where this source concept is used.",pending_textbook_pdf,,,,,,,,,,
11,중1(교육과정 학년군: 중1-3),자료와 가능성,도수분포표와 상대도수,m1_data_class_width__used_in__m1_data_frequency_table,intra_unit,m1_data_class_width,계급의 크기,도수분포표와 상대도수,m1_data_frequency_table,도수분포표,도수분포표와 상대도수,used_in,medium,3,"curriculum_math_2022: printed p. 40; [9수04-02]; achievement_standard; 자료를 줄기와 잎 그림, 도수분포표, 히스토그램, 도수분포다각형으로 나타내고 해석하는 성취기준 | curriculum_math_2022: printed pp. 41-42; terms and symbols for 자료와 가능성; term_list; 변량, 대푯값, 중앙값, 최빈값, 줄기와 잎 그림, 계급, 계급의 크기, 도수, 도수분포표, 히스토그램, 도수분포다각형, 상대도수, 사건, 확률, 산포도, 편차, 분산, 표준편차, 사분위수, 상자그림, 산점도, 상관관계를 다룸 | achievement_math_2022: 자료와 가능성 section; [9수04-02]~[9수04-04] achievement levels; achievement_level; 줄기와 잎 그림, 도수분포표, 히스토그램, 도수분포다각형, 상대도수의 분포, 통계적 탐구 문제 설정과 공학 도구 활용 수준을 구분",Class width is used when organizing data into a frequency table.,procedure_ref;textbook_page_refs,"Find a worked example, procedure, or application where this source concept is used.",pending_textbook_pdf,,,,,,,,,,
11,중1(교육과정 학년군: 중1-3),자료와 가능성,도수분포표와 상대도수,m1_data_class_width__used_in__m1_data_histogram,intra_unit,m1_data_class_width,계급의 크기,도수분포표와 상대도수,m1_data_histogram,히스토그램,도수분포표와 상대도수,used_in,medium,3,"curriculum_math_2022: printed p. 40; [9수04-02]; achievement_standard; 자료를 줄기와 잎 그림, 도수분포표, 히스토그램, 도수분포다각형으로 나타내고 해석하는 성취기준 | curriculum_math_2022: printed pp. 41-42; terms and symbols for 자료와 가능성; term_list; 변량, 대푯값, 중앙값, 최빈값, 줄기와 잎 그림, 계급, 계급의 크기, 도수, 도수분포표, 히스토그램, 도수분포다각형, 상대도수, 사건, 확률, 산포도, 편차, 분산, 표준편차, 사분위수, 상자그림, 산점도, 상관관계를 다룸 | achievement_math_2022: 자료와 가능성 section; [9수04-02]~[9수04-04] achievement levels; achievement_level; 줄기와 잎 그림, 도수분포표, 히스토그램, 도수분포다각형, 상대도수의 분포, 통계적 탐구 문제 설정과 공학 도구 활용 수준을 구분",Class width is used when interpreting histogram intervals.,procedure_ref;textbook_page_refs,"Find a worked example, procedure, or application where this source concept is used.",pending_textbook_pdf,,,,,,,,,,
11,중1(교육과정 학년군: 중1-3),자료와 가능성,도수분포표와 상대도수,m1_data_class_width__used_in__m1_data_histogram_drawing,intra_unit,m1_data_class_width,계급의 크기,도수분포표와 상대도수,m1_data_histogram_drawing,히스토그램으로 나타내기,도수분포표와 상대도수,used_in,medium,3,"curriculum_math_2022: printed p. 40; [9수04-02]; achievement_standard; 자료를 줄기와 잎 그림, 도수분포표, 히스토그램, 도수분포다각형으로 나타내고 해석하는 성취기준 | achievement_math_2022: 자료와 가능성 section; [9수04-02]~[9수04-04] achievement levels; achievement_level; 줄기와 잎 그림, 도수분포표, 히스토그램, 도수분포다각형, 상대도수의 분포, 통계적 탐구 문제 설정과 공학 도구 활용 수준을 구분 | achievement_research_report_2022: 연구보고서 p. 227, p. 228; 도수분포표와 상대도수 성취기준별 성취수준; research_report_achievement_level_context; 자료를 줄기와 잎 그림, 도수분포표, 히스토그램, 도수분포다각형으로 나타내고 해석하기, 상대도수를 구하고 상대도수의 분포를 표나 그래프로 나타내고 해석하기, 통계적 탐구 문제 설정과 공학 도구 활용 성취수준 맥락",,procedure_ref;textbook_page_refs,"Find a worked example, procedure, or application where this source concept is used.",pending_textbook_pdf,,,,,,,,,,
11,중1(교육과정 학년군: 중1-3),자료와 가능성,도수분포표와 상대도수,m1_data_critical_graph_reading__used_in__m1_data_statistical_evidence_discussion,intra_unit,m1_data_critical_graph_reading,표와 그래프의 오류 비판적으로 읽기,도수분포표와 상대도수,m1_data_statistical_evidence_discussion,통계적 근거로 토론하기,도수분포표와 상대도수,used_in,medium,2,"curriculum_math_2022: printed p. 42; achievement-standard considerations; teaching_note; 눈금 등을 부적절하게 사용해 자료를 부정확하게 나타낸 표나 그래프의 오류를 찾고, 자료 정리·표현·대푯값·산포도 계산에 공학 도구를 활용하게 함 | curriculum_math_2022: printed p. 41; [9수04-04] explanation and considerations; teaching_note; 통계적 탐구 문제 설정, 계획 수립, 자료 수집·정리·분석·해석, 인터넷 검색·웹 기반 소프트웨어·통계 프로그램 활용, 통계적 근거 토론을 다룸",Critically reading tables and graphs supports discussing statistical evidence.,procedure_ref;textbook_page_refs,"Find a worked example, procedure, or application where this source concept is used.",pending_textbook_pdf,,,,,,,,,,
11,중1(교육과정 학년군: 중1-3),자료와 가능성,도수분포표와 상대도수,m1_data_data_analysis__used_in__m1_data_result_interpretation,intra_unit,m1_data_data_analysis,자료 분석,도수분포표와 상대도수,m1_data_result_interpretation,분석 결과 해석,도수분포표와 상대도수,used_in,high,3,"curriculum_math_2022: printed p. 40; [9수04-04]; achievement_standard; 통계적 탐구 문제를 설정하고 공학 도구를 이용하여 자료를 수집·분석하고 결과를 해석하는 성취기준 | curriculum_math_2022: printed p. 41; [9수04-04] explanation and considerations; teaching_note; 통계적 탐구 문제 설정, 계획 수립, 자료 수집·정리·분석·해석, 인터넷 검색·웹 기반 소프트웨어·통계 프로그램 활용, 통계적 근거 토론을 다룸 | achievement_math_2022: 자료와 가능성 section; [9수04-02]~[9수04-04] achievement levels; achievement_level; 줄기와 잎 그림, 도수분포표, 히스토그램, 도수분포다각형, 상대도수의 분포, 통계적 탐구 문제 설정과 공학 도구 활용 수준을 구분",,procedure_ref;textbook_page_refs,"Find a worked example, procedure, or application where this source concept is used.",pending_textbook_pdf,,,,,,,,,,
11,중1(교육과정 학년군: 중1-3),자료와 가능성,도수분포표와 상대도수,m1_data_data_collection__used_in__m1_data_data_analysis,intra_unit,m1_data_data_collection,자료 수집,도수분포표와 상대도수,m1_data_data_analysis,자료 분석,도수분포표와 상대도수,used_in,high,3,"curriculum_math_2022: printed p. 40; [9수04-04]; achievement_standard; 통계적 탐구 문제를 설정하고 공학 도구를 이용하여 자료를 수집·분석하고 결과를 해석하는 성취기준 | curriculum_math_2022: printed p. 41; [9수04-04] explanation and considerations; teaching_note; 통계적 탐구 문제 설정, 계획 수립, 자료 수집·정리·분석·해석, 인터넷 검색·웹 기반 소프트웨어·통계 프로그램 활용, 통계적 근거 토론을 다룸 | achievement_math_2022: 자료와 가능성 section; [9수04-02]~[9수04-04] achievement levels; achievement_level; 줄기와 잎 그림, 도수분포표, 히스토그램, 도수분포다각형, 상대도수의 분포, 통계적 탐구 문제 설정과 공학 도구 활용 수준을 구분",,procedure_ref;textbook_page_refs,"Find a worked example, procedure, or application where this source concept is used.",pending_textbook_pdf,,,,,,,,,,
11,중1(교육과정 학년군: 중1-3),자료와 가능성,도수분포표와 상대도수,m1_data_distribution_interpretation__used_in__m1_data_compare_groups_by_relative_frequency,intra_unit,m1_data_distribution_interpretation,자료의 분포 특징 해석,도수분포표와 상대도수,m1_data_compare_groups_by_relative_frequency,상대도수로 두 집단의 분포 비교하기,도수분포표와 상대도수,used_in,medium,3,"curriculum_math_2022: printed p. 40; [9수04-03]; achievement_standard; 상대도수를 구하고 상대도수의 분포를 표나 그래프로 나타내고 해석하는 성취기준 | curriculum_math_2022: printed p. 41; [9수04-03] explanation; teaching_note; 상대도수는 도수의 총합이 다른 두 집단의 분포를 비교하는 상황에서 간단히 다루고 그 필요성과 유용성을 인식하게 함 | achievement_research_report_2022: 연구보고서 p. 227, p. 228; 도수분포표와 상대도수 성취기준별 성취수준; research_report_achievement_level_context; 자료를 줄기와 잎 그림, 도수분포표, 히스토그램, 도수분포다각형으로 나타내고 해석하기, 상대도수를 구하고 상대도수의 분포를 표나 그래프로 나타내고 해석하기, 통계적 탐구 문제 설정과 공학 도구 활용 성취수준 맥락",,procedure_ref;textbook_page_refs,"Find a worked example, procedure, or application where this source concept is used.",pending_textbook_pdf,,,,,,,,,,
11,중1(교육과정 학년군: 중1-3),자료와 가능성,도수분포표와 상대도수,m1_data_frequency__used_in__m1_data_frequency_table,intra_unit,m1_data_frequency,도수,도수분포표와 상대도수,m1_data_frequency_table,도수분포표,도수분포표와 상대도수,used_in,high,3,"curriculum_math_2022: printed p. 40; [9수04-02]; achievement_standard; 자료를 줄기와 잎 그림, 도수분포표, 히스토그램, 도수분포다각형으로 나타내고 해석하는 성취기준 | curriculum_math_2022: printed pp. 41-42; terms and symbols for 자료와 가능성; term_list; 변량, 대푯값, 중앙값, 최빈값, 줄기와 잎 그림, 계급, 계급의 크기, 도수, 도수분포표, 히스토그램, 도수분포다각형, 상대도수, 사건, 확률, 산포도, 편차, 분산, 표준편차, 사분위수, 상자그림, 산점도, 상관관계를 다룸 | achievement_math_2022: 자료와 가능성 section; [9수04-02]~[9수04-04] achievement levels; achievement_level; 줄기와 잎 그림, 도수분포표, 히스토그램, 도수분포다각형, 상대도수의 분포, 통계적 탐구 문제 설정과 공학 도구 활용 수준을 구분",,procedure_ref;textbook_page_refs,"Find a worked example, procedure, or application where this source concept is used.",pending_textbook_pdf,,,,,,,,,,
11,중1(교육과정 학년군: 중1-3),자료와 가능성,도수분포표와 상대도수,m1_data_frequency__used_in__m1_data_frequency_table_construction,intra_unit,m1_data_frequency,도수,도수분포표와 상대도수,m1_data_frequency_table_construction,도수분포표로 나타내기,도수분포표와 상대도수,used_in,high,3,"curriculum_math_2022: printed p. 40; [9수04-02]; achievement_standard; 자료를 줄기와 잎 그림, 도수분포표, 히스토그램, 도수분포다각형으로 나타내고 해석하는 성취기준 | achievement_math_2022: 자료와 가능성 section; [9수04-02]~[9수04-04] achievement levels; achievement_level; 줄기와 잎 그림, 도수분포표, 히스토그램, 도수분포다각형, 상대도수의 분포, 통계적 탐구 문제 설정과 공학 도구 활용 수준을 구분 | achievement_research_report_2022: 연구보고서 p. 227, p. 228; 도수분포표와 상대도수 성취기준별 성취수준; research_report_achievement_level_context; 자료를 줄기와 잎 그림, 도수분포표, 히스토그램, 도수분포다각형으로 나타내고 해석하기, 상대도수를 구하고 상대도수의 분포를 표나 그래프로 나타내고 해석하기, 통계적 탐구 문제 설정과 공학 도구 활용 성취수준 맥락",,procedure_ref;textbook_page_refs,"Find a worked example, procedure, or application where this source concept is used.",pending_textbook_pdf,,,,,,,,,,
11,중1(교육과정 학년군: 중1-3),자료와 가능성,도수분포표와 상대도수,m1_data_frequency__used_in__m1_data_relative_frequency,intra_unit,m1_data_frequency,도수,도수분포표와 상대도수,m1_data_relative_frequency,상대도수,도수분포표와 상대도수,used_in,high,3,"curriculum_math_2022: printed p. 40; [9수04-03]; achievement_standard; 상대도수를 구하고 상대도수의 분포를 표나 그래프로 나타내고 해석하는 성취기준 | curriculum_math_2022: printed p. 41; [9수04-03] explanation; teaching_note; 상대도수는 도수의 총합이 다른 두 집단의 분포를 비교하는 상황에서 간단히 다루고 그 필요성과 유용성을 인식하게 함 | achievement_math_2022: 자료와 가능성 section; [9수04-02]~[9수04-04] achievement levels; achievement_level; 줄기와 잎 그림, 도수분포표, 히스토그램, 도수분포다각형, 상대도수의 분포, 통계적 탐구 문제 설정과 공학 도구 활용 수준을 구분",,procedure_ref;textbook_page_refs,"Find a worked example, procedure, or application where this source concept is used.",pending_textbook_pdf,,,,,,,,,,
11,중1(교육과정 학년군: 중1-3),자료와 가능성,도수분포표와 상대도수,m1_data_frequency__used_in__m1_data_relative_frequency_calculation,intra_unit,m1_data_frequency,도수,도수분포표와 상대도수,m1_data_relative_frequency_calculation,상대도수 구하기,도수분포표와 상대도수,used_in,high,4,"curriculum_math_2022: printed p. 40; [9수04-03]; achievement_standard; 상대도수를 구하고 상대도수의 분포를 표나 그래프로 나타내고 해석하는 성취기준 | curriculum_math_2022: printed p. 41; [9수04-03] explanation; teaching_note; 상대도수는 도수의 총합이 다른 두 집단의 분포를 비교하는 상황에서 간단히 다루고 그 필요성과 유용성을 인식하게 함 | achievement_math_2022: 자료와 가능성 section; [9수04-02]~[9수04-04] achievement levels; achievement_level; 줄기와 잎 그림, 도수분포표, 히스토그램, 도수분포다각형, 상대도수의 분포, 통계적 탐구 문제 설정과 공학 도구 활용 수준을 구분 | achievement_research_report_2022: 연구보고서 p. 227, p. 228; 도수분포표와 상대도수 성취기준별 성취수준; research_report_achievement_level_context; 자료를 줄기와 잎 그림, 도수분포표, 히스토그램, 도수분포다각형으로 나타내고 해석하기, 상대도수를 구하고 상대도수의 분포를 표나 그래프로 나타내고 해석하기, 통계적 탐구 문제 설정과 공학 도구 활용 성취수준 맥락",,procedure_ref;textbook_page_refs,"Find a worked example, procedure, or application where this source concept is used.",pending_textbook_pdf,,,,,,,,,,
11,중1(교육과정 학년군: 중1-3),자료와 가능성,도수분포표와 상대도수,m1_data_frequency_polygon__used_in__m1_data_distribution_interpretation,intra_unit,m1_data_frequency_polygon,도수분포다각형,도수분포표와 상대도수,m1_data_distribution_interpretation,자료의 분포 특징 해석,도수분포표와 상대도수,used_in,high,2,"curriculum_math_2022: printed p. 40; [9수04-02]; achievement_standard; 자료를 줄기와 잎 그림, 도수분포표, 히스토그램, 도수분포다각형으로 나타내고 해석하는 성취기준 | achievement_math_2022: 자료와 가능성 section; [9수04-02]~[9수04-04] achievement levels; achievement_level; 줄기와 잎 그림, 도수분포표, 히스토그램, 도수분포다각형, 상대도수의 분포, 통계적 탐구 문제 설정과 공학 도구 활용 수준을 구분",,procedure_ref;textbook_page_refs,"Find a worked example, procedure, or application where this source concept is used.",pending_textbook_pdf,,,,,,,,,,
11,중1(교육과정 학년군: 중1-3),자료와 가능성,도수분포표와 상대도수,m1_data_frequency_polygon_drawing__used_in__m1_data_frequency_polygon,intra_unit,m1_data_frequency_polygon_drawing,도수분포다각형으로 나타내기,도수분포표와 상대도수,m1_data_frequency_polygon,도수분포다각형,도수분포표와 상대도수,used_in,high,3,"curriculum_math_2022: printed p. 40; [9수04-02]; achievement_standard; 자료를 줄기와 잎 그림, 도수분포표, 히스토그램, 도수분포다각형으로 나타내고 해석하는 성취기준 | achievement_math_2022: 자료와 가능성 section; [9수04-02]~[9수04-04] achievement levels; achievement_level; 줄기와 잎 그림, 도수분포표, 히스토그램, 도수분포다각형, 상대도수의 분포, 통계적 탐구 문제 설정과 공학 도구 활용 수준을 구분 | achievement_research_report_2022: 연구보고서 p. 227, p. 228; 도수분포표와 상대도수 성취기준별 성취수준; research_report_achievement_level_context; 자료를 줄기와 잎 그림, 도수분포표, 히스토그램, 도수분포다각형으로 나타내고 해석하기, 상대도수를 구하고 상대도수의 분포를 표나 그래프로 나타내고 해석하기, 통계적 탐구 문제 설정과 공학 도구 활용 성취수준 맥락",,procedure_ref;textbook_page_refs,"Find a worked example, procedure, or application where this source concept is used.",pending_textbook_pdf,,,,,,,,,,
11,중1(교육과정 학년군: 중1-3),자료와 가능성,도수분포표와 상대도수,m1_data_frequency_table__used_in__m1_data_distribution_interpretation,intra_unit,m1_data_frequency_table,도수분포표,도수분포표와 상대도수,m1_data_distribution_interpretation,자료의 분포 특징 해석,도수분포표와 상대도수,used_in,high,2,"curriculum_math_2022: printed p. 40; [9수04-02]; achievement_standard; 자료를 줄기와 잎 그림, 도수분포표, 히스토그램, 도수분포다각형으로 나타내고 해석하는 성취기준 | achievement_math_2022: 자료와 가능성 section; [9수04-02]~[9수04-04] achievement levels; achievement_level; 줄기와 잎 그림, 도수분포표, 히스토그램, 도수분포다각형, 상대도수의 분포, 통계적 탐구 문제 설정과 공학 도구 활용 수준을 구분",,procedure_ref;textbook_page_refs,"Find a worked example, procedure, or application where this source concept is used.",pending_textbook_pdf,,,,,,,,,,
11,중1(교육과정 학년군: 중1-3),자료와 가능성,도수분포표와 상대도수,m1_data_frequency_table__used_in__m1_data_histogram_drawing,intra_unit,m1_data_frequency_table,도수분포표,도수분포표와 상대도수,m1_data_histogram_drawing,히스토그램으로 나타내기,도수분포표와 상대도수,used_in,high,3,"curriculum_math_2022: printed p. 40; [9수04-02]; achievement_standard; 자료를 줄기와 잎 그림, 도수분포표, 히스토그램, 도수분포다각형으로 나타내고 해석하는 성취기준 | achievement_math_2022: 자료와 가능성 section; [9수04-02]~[9수04-04] achievement levels; achievement_level; 줄기와 잎 그림, 도수분포표, 히스토그램, 도수분포다각형, 상대도수의 분포, 통계적 탐구 문제 설정과 공학 도구 활용 수준을 구분 | achievement_research_report_2022: 연구보고서 p. 227, p. 228; 도수분포표와 상대도수 성취기준별 성취수준; research_report_achievement_level_context; 자료를 줄기와 잎 그림, 도수분포표, 히스토그램, 도수분포다각형으로 나타내고 해석하기, 상대도수를 구하고 상대도수의 분포를 표나 그래프로 나타내고 해석하기, 통계적 탐구 문제 설정과 공학 도구 활용 성취수준 맥락",,procedure_ref;textbook_page_refs,"Find a worked example, procedure, or application where this source concept is used.",pending_textbook_pdf,,,,,,,,,,
11,중1(교육과정 학년군: 중1-3),자료와 가능성,도수분포표와 상대도수,m1_data_frequency_table__used_in__m1_data_relative_frequency,intra_unit,m1_data_frequency_table,도수분포표,도수분포표와 상대도수,m1_data_relative_frequency,상대도수,도수분포표와 상대도수,used_in,medium,3,"curriculum_math_2022: printed p. 40; [9수04-03]; achievement_standard; 상대도수를 구하고 상대도수의 분포를 표나 그래프로 나타내고 해석하는 성취기준 | curriculum_math_2022: printed p. 41; [9수04-03] explanation; teaching_note; 상대도수는 도수의 총합이 다른 두 집단의 분포를 비교하는 상황에서 간단히 다루고 그 필요성과 유용성을 인식하게 함 | achievement_math_2022: 자료와 가능성 section; [9수04-02]~[9수04-04] achievement levels; achievement_level; 줄기와 잎 그림, 도수분포표, 히스토그램, 도수분포다각형, 상대도수의 분포, 통계적 탐구 문제 설정과 공학 도구 활용 수준을 구분",A frequency table supplies frequency information used to compute or compare relative frequencies.,procedure_ref;textbook_page_refs,"Find a worked example, procedure, or application where this source concept is used.",pending_textbook_pdf,,,,,,,,,,
11,중1(교육과정 학년군: 중1-3),자료와 가능성,도수분포표와 상대도수,m1_data_frequency_table__used_in__m1_data_relative_frequency_calculation,intra_unit,m1_data_frequency_table,도수분포표,도수분포표와 상대도수,m1_data_relative_frequency_calculation,상대도수 구하기,도수분포표와 상대도수,used_in,medium,3,"curriculum_math_2022: printed p. 40; [9수04-03]; achievement_standard; 상대도수를 구하고 상대도수의 분포를 표나 그래프로 나타내고 해석하는 성취기준 | curriculum_math_2022: printed p. 41; [9수04-03] explanation; teaching_note; 상대도수는 도수의 총합이 다른 두 집단의 분포를 비교하는 상황에서 간단히 다루고 그 필요성과 유용성을 인식하게 함 | achievement_research_report_2022: 연구보고서 p. 227, p. 228; 도수분포표와 상대도수 성취기준별 성취수준; research_report_achievement_level_context; 자료를 줄기와 잎 그림, 도수분포표, 히스토그램, 도수분포다각형으로 나타내고 해석하기, 상대도수를 구하고 상대도수의 분포를 표나 그래프로 나타내고 해석하기, 통계적 탐구 문제 설정과 공학 도구 활용 성취수준 맥락",,procedure_ref;textbook_page_refs,"Find a worked example, procedure, or application where this source concept is used.",pending_textbook_pdf,,,,,,,,,,
11,중1(교육과정 학년군: 중1-3),자료와 가능성,도수분포표와 상대도수,m1_data_frequency_table_construction__used_in__m1_data_frequency_table,intra_unit,m1_data_frequency_table_construction,도수분포표로 나타내기,도수분포표와 상대도수,m1_data_frequency_table,도수분포표,도수분포표와 상대도수,used_in,high,3,"curriculum_math_2022: printed p. 40; [9수04-02]; achievement_standard; 자료를 줄기와 잎 그림, 도수분포표, 히스토그램, 도수분포다각형으로 나타내고 해석하는 성취기준 | achievement_math_2022: 자료와 가능성 section; [9수04-02]~[9수04-04] achievement levels; achievement_level; 줄기와 잎 그림, 도수분포표, 히스토그램, 도수분포다각형, 상대도수의 분포, 통계적 탐구 문제 설정과 공학 도구 활용 수준을 구분 | achievement_research_report_2022: 연구보고서 p. 227, p. 228; 도수분포표와 상대도수 성취기준별 성취수준; research_report_achievement_level_context; 자료를 줄기와 잎 그림, 도수분포표, 히스토그램, 도수분포다각형으로 나타내고 해석하기, 상대도수를 구하고 상대도수의 분포를 표나 그래프로 나타내고 해석하기, 통계적 탐구 문제 설정과 공학 도구 활용 성취수준 맥락",,procedure_ref;textbook_page_refs,"Find a worked example, procedure, or application where this source concept is used.",pending_textbook_pdf,,,,,,,,,,
11,중1(교육과정 학년군: 중1-3),자료와 가능성,도수분포표와 상대도수,m1_data_frequency_table_construction__used_in__m1_data_histogram_drawing,intra_unit,m1_data_frequency_table_construction,도수분포표로 나타내기,도수분포표와 상대도수,m1_data_histogram_drawing,히스토그램으로 나타내기,도수분포표와 상대도수,used_in,medium,3,"curriculum_math_2022: printed p. 40; [9수04-02]; achievement_standard; 자료를 줄기와 잎 그림, 도수분포표, 히스토그램, 도수분포다각형으로 나타내고 해석하는 성취기준 | achievement_math_2022: 자료와 가능성 section; [9수04-02]~[9수04-04] achievement levels; achievement_level; 줄기와 잎 그림, 도수분포표, 히스토그램, 도수분포다각형, 상대도수의 분포, 통계적 탐구 문제 설정과 공학 도구 활용 수준을 구분 | achievement_research_report_2022: 연구보고서 p. 227, p. 228; 도수분포표와 상대도수 성취기준별 성취수준; research_report_achievement_level_context; 자료를 줄기와 잎 그림, 도수분포표, 히스토그램, 도수분포다각형으로 나타내고 해석하기, 상대도수를 구하고 상대도수의 분포를 표나 그래프로 나타내고 해석하기, 통계적 탐구 문제 설정과 공학 도구 활용 성취수준 맥락",도수분포표 작성은 히스토그램으로 나타내는 절차의 입력을 마련한다.,procedure_ref;textbook_page_refs,"Find a worked example, procedure, or application where this source concept is used.",pending_textbook_pdf,,,,,,,,,,
11,중1(교육과정 학년군: 중1-3),자료와 가능성,도수분포표와 상대도수,m1_data_histogram__used_in__m1_data_distribution_interpretation,intra_unit,m1_data_histogram,히스토그램,도수분포표와 상대도수,m1_data_distribution_interpretation,자료의 분포 특징 해석,도수분포표와 상대도수,used_in,high,2,"curriculum_math_2022: printed p. 40; [9수04-02]; achievement_standard; 자료를 줄기와 잎 그림, 도수분포표, 히스토그램, 도수분포다각형으로 나타내고 해석하는 성취기준 | achievement_math_2022: 자료와 가능성 section; [9수04-02]~[9수04-04] achievement levels; achievement_level; 줄기와 잎 그림, 도수분포표, 히스토그램, 도수분포다각형, 상대도수의 분포, 통계적 탐구 문제 설정과 공학 도구 활용 수준을 구분",,procedure_ref;textbook_page_refs,"Find a worked example, procedure, or application where this source concept is used.",pending_textbook_pdf,,,,,,,,,,
11,중1(교육과정 학년군: 중1-3),자료와 가능성,도수분포표와 상대도수,m1_data_histogram__used_in__m1_data_frequency_polygon_drawing,intra_unit,m1_data_histogram,히스토그램,도수분포표와 상대도수,m1_data_frequency_polygon_drawing,도수분포다각형으로 나타내기,도수분포표와 상대도수,used_in,high,3,"curriculum_math_2022: printed p. 40; [9수04-02]; achievement_standard; 자료를 줄기와 잎 그림, 도수분포표, 히스토그램, 도수분포다각형으로 나타내고 해석하는 성취기준 | achievement_math_2022: 자료와 가능성 section; [9수04-02]~[9수04-04] achievement levels; achievement_level; 줄기와 잎 그림, 도수분포표, 히스토그램, 도수분포다각형, 상대도수의 분포, 통계적 탐구 문제 설정과 공학 도구 활용 수준을 구분 | achievement_research_report_2022: 연구보고서 p. 227, p. 228; 도수분포표와 상대도수 성취기준별 성취수준; research_report_achievement_level_context; 자료를 줄기와 잎 그림, 도수분포표, 히스토그램, 도수분포다각형으로 나타내고 해석하기, 상대도수를 구하고 상대도수의 분포를 표나 그래프로 나타내고 해석하기, 통계적 탐구 문제 설정과 공학 도구 활용 성취수준 맥락",,procedure_ref;textbook_page_refs,"Find a worked example, procedure, or application where this source concept is used.",pending_textbook_pdf,,,,,,,,,,
11,중1(교육과정 학년군: 중1-3),자료와 가능성,도수분포표와 상대도수,m1_data_histogram_drawing__used_in__m1_data_frequency_polygon_drawing,intra_unit,m1_data_histogram_drawing,히스토그램으로 나타내기,도수분포표와 상대도수,m1_data_frequency_polygon_drawing,도수분포다각형으로 나타내기,도수분포표와 상대도수,used_in,medium,3,"curriculum_math_2022: printed p. 40; [9수04-02]; achievement_standard; 자료를 줄기와 잎 그림, 도수분포표, 히스토그램, 도수분포다각형으로 나타내고 해석하는 성취기준 | achievement_math_2022: 자료와 가능성 section; [9수04-02]~[9수04-04] achievement levels; achievement_level; 줄기와 잎 그림, 도수분포표, 히스토그램, 도수분포다각형, 상대도수의 분포, 통계적 탐구 문제 설정과 공학 도구 활용 수준을 구분 | achievement_research_report_2022: 연구보고서 p. 227, p. 228; 도수분포표와 상대도수 성취기준별 성취수준; research_report_achievement_level_context; 자료를 줄기와 잎 그림, 도수분포표, 히스토그램, 도수분포다각형으로 나타내고 해석하기, 상대도수를 구하고 상대도수의 분포를 표나 그래프로 나타내고 해석하기, 통계적 탐구 문제 설정과 공학 도구 활용 성취수준 맥락",도수분포다각형은 히스토그램의 계급별 도수 표현을 바탕으로 이어 그리는 절차로 제시된다.,procedure_ref;textbook_page_refs,"Find a worked example, procedure, or application where this source concept is used.",pending_textbook_pdf,,,,,,,,,,
11,중1(교육과정 학년군: 중1-3),자료와 가능성,도수분포표와 상대도수,m1_data_histogram_drawing__used_in__m1_data_histogram,intra_unit,m1_data_histogram_drawing,히스토그램으로 나타내기,도수분포표와 상대도수,m1_data_histogram,히스토그램,도수분포표와 상대도수,used_in,high,3,"curriculum_math_2022: printed p. 40; [9수04-02]; achievement_standard; 자료를 줄기와 잎 그림, 도수분포표, 히스토그램, 도수분포다각형으로 나타내고 해석하는 성취기준 | achievement_math_2022: 자료와 가능성 section; [9수04-02]~[9수04-04] achievement levels; achievement_level; 줄기와 잎 그림, 도수분포표, 히스토그램, 도수분포다각형, 상대도수의 분포, 통계적 탐구 문제 설정과 공학 도구 활용 수준을 구분 | achievement_research_report_2022: 연구보고서 p. 227, p. 228; 도수분포표와 상대도수 성취기준별 성취수준; research_report_achievement_level_context; 자료를 줄기와 잎 그림, 도수분포표, 히스토그램, 도수분포다각형으로 나타내고 해석하기, 상대도수를 구하고 상대도수의 분포를 표나 그래프로 나타내고 해석하기, 통계적 탐구 문제 설정과 공학 도구 활용 성취수준 맥락",,procedure_ref;textbook_page_refs,"Find a worked example, procedure, or application where this source concept is used.",pending_textbook_pdf,,,,,,,,,,
11,중1(교육과정 학년군: 중1-3),자료와 가능성,도수분포표와 상대도수,m1_data_inquiry_plan__used_in__m1_data_data_collection,intra_unit,m1_data_inquiry_plan,자료 수집 계획,도수분포표와 상대도수,m1_data_data_collection,자료 수집,도수분포표와 상대도수,used_in,high,3,"curriculum_math_2022: printed p. 40; [9수04-04]; achievement_standard; 통계적 탐구 문제를 설정하고 공학 도구를 이용하여 자료를 수집·분석하고 결과를 해석하는 성취기준 | curriculum_math_2022: printed p. 41; [9수04-04] explanation and considerations; teaching_note; 통계적 탐구 문제 설정, 계획 수립, 자료 수집·정리·분석·해석, 인터넷 검색·웹 기반 소프트웨어·통계 프로그램 활용, 통계적 근거 토론을 다룸 | achievement_math_2022: 자료와 가능성 section; [9수04-02]~[9수04-04] achievement levels; achievement_level; 줄기와 잎 그림, 도수분포표, 히스토그램, 도수분포다각형, 상대도수의 분포, 통계적 탐구 문제 설정과 공학 도구 활용 수준을 구분",,procedure_ref;textbook_page_refs,"Find a worked example, procedure, or application where this source concept is used.",pending_textbook_pdf,,,,,,,,,,
11,중1(교육과정 학년군: 중1-3),자료와 가능성,도수분포표와 상대도수,m1_data_relative_frequency__used_in__m1_data_compare_groups_by_relative_frequency,intra_unit,m1_data_relative_frequency,상대도수,도수분포표와 상대도수,m1_data_compare_groups_by_relative_frequency,상대도수로 두 집단의 분포 비교하기,도수분포표와 상대도수,used_in,medium,3,"curriculum_math_2022: printed p. 40; [9수04-03]; achievement_standard; 상대도수를 구하고 상대도수의 분포를 표나 그래프로 나타내고 해석하는 성취기준 | curriculum_math_2022: printed p. 41; [9수04-03] explanation; teaching_note; 상대도수는 도수의 총합이 다른 두 집단의 분포를 비교하는 상황에서 간단히 다루고 그 필요성과 유용성을 인식하게 함 | achievement_research_report_2022: 연구보고서 p. 227, p. 228; 도수분포표와 상대도수 성취기준별 성취수준; research_report_achievement_level_context; 자료를 줄기와 잎 그림, 도수분포표, 히스토그램, 도수분포다각형으로 나타내고 해석하기, 상대도수를 구하고 상대도수의 분포를 표나 그래프로 나타내고 해석하기, 통계적 탐구 문제 설정과 공학 도구 활용 성취수준 맥락",,procedure_ref;textbook_page_refs,"Find a worked example, procedure, or application where this source concept is used.",pending_textbook_pdf,,,,,,,,,,
11,중1(교육과정 학년군: 중1-3),자료와 가능성,도수분포표와 상대도수,m1_data_relative_frequency__used_in__m1_data_distribution_interpretation,intra_unit,m1_data_relative_frequency,상대도수,도수분포표와 상대도수,m1_data_distribution_interpretation,자료의 분포 특징 해석,도수분포표와 상대도수,used_in,high,2,"curriculum_math_2022: printed p. 41; [9수04-03] explanation; teaching_note; 상대도수는 도수의 총합이 다른 두 집단의 분포를 비교하는 상황에서 간단히 다루고 그 필요성과 유용성을 인식하게 함 | achievement_math_2022: 자료와 가능성 section; [9수04-02]~[9수04-04] achievement levels; achievement_level; 줄기와 잎 그림, 도수분포표, 히스토그램, 도수분포다각형, 상대도수의 분포, 통계적 탐구 문제 설정과 공학 도구 활용 수준을 구분",,procedure_ref;textbook_page_refs,"Find a worked example, procedure, or application where this source concept is used.",pending_textbook_pdf,,,,,,,,,,
11,중1(교육과정 학년군: 중1-3),자료와 가능성,도수분포표와 상대도수,m1_data_relative_frequency__used_in__m1_data_relative_frequency_distribution,intra_unit,m1_data_relative_frequency,상대도수,도수분포표와 상대도수,m1_data_relative_frequency_distribution,상대도수의 분포,도수분포표와 상대도수,used_in,high,2,"curriculum_math_2022: printed p. 40; [9수04-03]; achievement_standard; 상대도수를 구하고 상대도수의 분포를 표나 그래프로 나타내고 해석하는 성취기준 | achievement_math_2022: 자료와 가능성 section; [9수04-02]~[9수04-04] achievement levels; achievement_level; 줄기와 잎 그림, 도수분포표, 히스토그램, 도수분포다각형, 상대도수의 분포, 통계적 탐구 문제 설정과 공학 도구 활용 수준을 구분",,procedure_ref;textbook_page_refs,"Find a worked example, procedure, or application where this source concept is used.",pending_textbook_pdf,,,,,,,,,,
11,중1(교육과정 학년군: 중1-3),자료와 가능성,도수분포표와 상대도수,m1_data_relative_frequency_calculation__used_in__m1_data_relative_frequency,intra_unit,m1_data_relative_frequency_calculation,상대도수 구하기,도수분포표와 상대도수,m1_data_relative_frequency,상대도수,도수분포표와 상대도수,used_in,high,4,"curriculum_math_2022: printed p. 40; [9수04-03]; achievement_standard; 상대도수를 구하고 상대도수의 분포를 표나 그래프로 나타내고 해석하는 성취기준 | curriculum_math_2022: printed p. 41; [9수04-03] explanation; teaching_note; 상대도수는 도수의 총합이 다른 두 집단의 분포를 비교하는 상황에서 간단히 다루고 그 필요성과 유용성을 인식하게 함 | achievement_math_2022: 자료와 가능성 section; [9수04-02]~[9수04-04] achievement levels; achievement_level; 줄기와 잎 그림, 도수분포표, 히스토그램, 도수분포다각형, 상대도수의 분포, 통계적 탐구 문제 설정과 공학 도구 활용 수준을 구분 | achievement_research_report_2022: 연구보고서 p. 227, p. 228; 도수분포표와 상대도수 성취기준별 성취수준; research_report_achievement_level_context; 자료를 줄기와 잎 그림, 도수분포표, 히스토그램, 도수분포다각형으로 나타내고 해석하기, 상대도수를 구하고 상대도수의 분포를 표나 그래프로 나타내고 해석하기, 통계적 탐구 문제 설정과 공학 도구 활용 성취수준 맥락",,procedure_ref;textbook_page_refs,"Find a worked example, procedure, or application where this source concept is used.",pending_textbook_pdf,,,,,,,,,,
11,중1(교육과정 학년군: 중1-3),자료와 가능성,도수분포표와 상대도수,m1_data_relative_frequency_calculation__used_in__m1_data_relative_frequency_distribution,intra_unit,m1_data_relative_frequency_calculation,상대도수 구하기,도수분포표와 상대도수,m1_data_relative_frequency_distribution,상대도수의 분포,도수분포표와 상대도수,used_in,high,2,"curriculum_math_2022: printed p. 40; [9수04-03]; achievement_standard; 상대도수를 구하고 상대도수의 분포를 표나 그래프로 나타내고 해석하는 성취기준 | achievement_research_report_2022: 연구보고서 p. 227, p. 228; 도수분포표와 상대도수 성취기준별 성취수준; research_report_achievement_level_context; 자료를 줄기와 잎 그림, 도수분포표, 히스토그램, 도수분포다각형으로 나타내고 해석하기, 상대도수를 구하고 상대도수의 분포를 표나 그래프로 나타내고 해석하기, 통계적 탐구 문제 설정과 공학 도구 활용 성취수준 맥락",,procedure_ref;textbook_page_refs,"Find a worked example, procedure, or application where this source concept is used.",pending_textbook_pdf,,,,,,,,,,
11,중1(교육과정 학년군: 중1-3),자료와 가능성,도수분포표와 상대도수,m1_data_relative_frequency_distribution__used_in__m1_data_compare_groups_by_relative_frequency,intra_unit,m1_data_relative_frequency_distribution,상대도수의 분포,도수분포표와 상대도수,m1_data_compare_groups_by_relative_frequency,상대도수로 두 집단의 분포 비교하기,도수분포표와 상대도수,used_in,high,4,"curriculum_math_2022: printed p. 40; [9수04-03]; achievement_standard; 상대도수를 구하고 상대도수의 분포를 표나 그래프로 나타내고 해석하는 성취기준 | curriculum_math_2022: printed p. 41; [9수04-03] explanation; teaching_note; 상대도수는 도수의 총합이 다른 두 집단의 분포를 비교하는 상황에서 간단히 다루고 그 필요성과 유용성을 인식하게 함 | achievement_math_2022: 자료와 가능성 section; [9수04-02]~[9수04-04] achievement levels; achievement_level; 줄기와 잎 그림, 도수분포표, 히스토그램, 도수분포다각형, 상대도수의 분포, 통계적 탐구 문제 설정과 공학 도구 활용 수준을 구분 | achievement_research_report_2022: 연구보고서 p. 227, p. 228; 도수분포표와 상대도수 성취기준별 성취수준; research_report_achievement_level_context; 자료를 줄기와 잎 그림, 도수분포표, 히스토그램, 도수분포다각형으로 나타내고 해석하기, 상대도수를 구하고 상대도수의 분포를 표나 그래프로 나타내고 해석하기, 통계적 탐구 문제 설정과 공학 도구 활용 성취수준 맥락",,procedure_ref;textbook_page_refs,"Find a worked example, procedure, or application where this source concept is used.",pending_textbook_pdf,,,,,,,,,,
11,중1(교육과정 학년군: 중1-3),자료와 가능성,도수분포표와 상대도수,m1_data_relative_frequency_distribution__used_in__m1_data_relative_frequency_table_graph,intra_unit,m1_data_relative_frequency_distribution,상대도수의 분포,도수분포표와 상대도수,m1_data_relative_frequency_table_graph,상대도수의 분포를 표나 그래프로 나타내기,도수분포표와 상대도수,used_in,high,3,"curriculum_math_2022: printed p. 40; [9수04-03]; achievement_standard; 상대도수를 구하고 상대도수의 분포를 표나 그래프로 나타내고 해석하는 성취기준 | achievement_math_2022: 자료와 가능성 section; [9수04-02]~[9수04-04] achievement levels; achievement_level; 줄기와 잎 그림, 도수분포표, 히스토그램, 도수분포다각형, 상대도수의 분포, 통계적 탐구 문제 설정과 공학 도구 활용 수준을 구분 | achievement_research_report_2022: 연구보고서 p. 227, p. 228; 도수분포표와 상대도수 성취기준별 성취수준; research_report_achievement_level_context; 자료를 줄기와 잎 그림, 도수분포표, 히스토그램, 도수분포다각형으로 나타내고 해석하기, 상대도수를 구하고 상대도수의 분포를 표나 그래프로 나타내고 해석하기, 통계적 탐구 문제 설정과 공학 도구 활용 성취수준 맥락",,procedure_ref;textbook_page_refs,"Find a worked example, procedure, or application where this source concept is used.",pending_textbook_pdf,,,,,,,,,,
11,중1(교육과정 학년군: 중1-3),자료와 가능성,도수분포표와 상대도수,m1_data_relative_frequency_table_graph__used_in__m1_data_compare_groups_by_relative_frequency,intra_unit,m1_data_relative_frequency_table_graph,상대도수의 분포를 표나 그래프로 나타내기,도수분포표와 상대도수,m1_data_compare_groups_by_relative_frequency,상대도수로 두 집단의 분포 비교하기,도수분포표와 상대도수,used_in,medium,3,"curriculum_math_2022: printed p. 40; [9수04-03]; achievement_standard; 상대도수를 구하고 상대도수의 분포를 표나 그래프로 나타내고 해석하는 성취기준 | achievement_math_2022: 자료와 가능성 section; [9수04-02]~[9수04-04] achievement levels; achievement_level; 줄기와 잎 그림, 도수분포표, 히스토그램, 도수분포다각형, 상대도수의 분포, 통계적 탐구 문제 설정과 공학 도구 활용 수준을 구분 | achievement_research_report_2022: 연구보고서 p. 227, p. 228; 도수분포표와 상대도수 성취기준별 성취수준; research_report_achievement_level_context; 자료를 줄기와 잎 그림, 도수분포표, 히스토그램, 도수분포다각형으로 나타내고 해석하기, 상대도수를 구하고 상대도수의 분포를 표나 그래프로 나타내고 해석하기, 통계적 탐구 문제 설정과 공학 도구 활용 성취수준 맥락",,procedure_ref;textbook_page_refs,"Find a worked example, procedure, or application where this source concept is used.",pending_textbook_pdf,,,,,,,,,,
11,중1(교육과정 학년군: 중1-3),자료와 가능성,도수분포표와 상대도수,m1_data_relative_frequency_table_graph__used_in__m1_data_distribution_interpretation,intra_unit,m1_data_relative_frequency_table_graph,상대도수의 분포를 표나 그래프로 나타내기,도수분포표와 상대도수,m1_data_distribution_interpretation,자료의 분포 특징 해석,도수분포표와 상대도수,used_in,medium,2,"curriculum_math_2022: printed p. 40; [9수04-03]; achievement_standard; 상대도수를 구하고 상대도수의 분포를 표나 그래프로 나타내고 해석하는 성취기준 | achievement_math_2022: 자료와 가능성 section; [9수04-02]~[9수04-04] achievement levels; achievement_level; 줄기와 잎 그림, 도수분포표, 히스토그램, 도수분포다각형, 상대도수의 분포, 통계적 탐구 문제 설정과 공학 도구 활용 수준을 구분",Relative-frequency tables and graphs are used to interpret distribution features.,procedure_ref;textbook_page_refs,"Find a worked example, procedure, or application where this source concept is used.",pending_textbook_pdf,,,,,,,,,,
11,중1(교육과정 학년군: 중1-3),자료와 가능성,도수분포표와 상대도수,m1_data_result_interpretation__used_in__m1_data_statistical_evidence_discussion,intra_unit,m1_data_result_interpretation,분석 결과 해석,도수분포표와 상대도수,m1_data_statistical_evidence_discussion,통계적 근거로 토론하기,도수분포표와 상대도수,used_in,medium,2,"curriculum_math_2022: printed p. 41; [9수04-04] explanation and considerations; teaching_note; 통계적 탐구 문제 설정, 계획 수립, 자료 수집·정리·분석·해석, 인터넷 검색·웹 기반 소프트웨어·통계 프로그램 활용, 통계적 근거 토론을 다룸 | achievement_math_2022: 자료와 가능성 section; [9수04-02]~[9수04-04] achievement levels; achievement_level; 줄기와 잎 그림, 도수분포표, 히스토그램, 도수분포다각형, 상대도수의 분포, 통계적 탐구 문제 설정과 공학 도구 활용 수준을 구분",,procedure_ref;textbook_page_refs,"Find a worked example, procedure, or application where this source concept is used.",pending_textbook_pdf,,,,,,,,,,
11,중1(교육과정 학년군: 중1-3),자료와 가능성,도수분포표와 상대도수,m1_data_statistical_inquiry_problem__used_in__m1_data_inquiry_plan,intra_unit,m1_data_statistical_inquiry_problem,통계적 탐구 문제,도수분포표와 상대도수,m1_data_inquiry_plan,자료 수집 계획,도수분포표와 상대도수,used_in,high,3,"curriculum_math_2022: printed p. 40; [9수04-04]; achievement_standard; 통계적 탐구 문제를 설정하고 공학 도구를 이용하여 자료를 수집·분석하고 결과를 해석하는 성취기준 | curriculum_math_2022: printed p. 41; [9수04-04] explanation and considerations; teaching_note; 통계적 탐구 문제 설정, 계획 수립, 자료 수집·정리·분석·해석, 인터넷 검색·웹 기반 소프트웨어·통계 프로그램 활용, 통계적 근거 토론을 다룸 | achievement_math_2022: 자료와 가능성 section; [9수04-02]~[9수04-04] achievement levels; achievement_level; 줄기와 잎 그림, 도수분포표, 히스토그램, 도수분포다각형, 상대도수의 분포, 통계적 탐구 문제 설정과 공학 도구 활용 수준을 구분",,procedure_ref;textbook_page_refs,"Find a worked example, procedure, or application where this source concept is used.",pending_textbook_pdf,,,,,,,,,,
11,중1(교육과정 학년군: 중1-3),자료와 가능성,도수분포표와 상대도수,m1_data_technology_tool_stats__used_in__m1_data_critical_graph_reading,intra_unit,m1_data_technology_tool_stats,공학 도구로 자료 수집·분석하기,도수분포표와 상대도수,m1_data_critical_graph_reading,표와 그래프의 오류 비판적으로 읽기,도수분포표와 상대도수,used_in,medium,2,"curriculum_math_2022: printed p. 42; achievement-standard considerations; teaching_note; 눈금 등을 부적절하게 사용해 자료를 부정확하게 나타낸 표나 그래프의 오류를 찾고, 자료 정리·표현·대푯값·산포도 계산에 공학 도구를 활용하게 함 | achievement_math_2022: 자료와 가능성 section; [9수04-02]~[9수04-04] achievement levels; achievement_level; 줄기와 잎 그림, 도수분포표, 히스토그램, 도수분포다각형, 상대도수의 분포, 통계적 탐구 문제 설정과 공학 도구 활용 수준을 구분",Technology-supported statistical outputs should be read critically for accuracy and representation choices.,procedure_ref;textbook_page_refs,"Find a worked example, procedure, or application where this source concept is used.",pending_textbook_pdf,,,,,,,,,,
11,중1(교육과정 학년군: 중1-3),자료와 가능성,도수분포표와 상대도수,m1_data_technology_tool_stats__used_in__m1_data_data_analysis,intra_unit,m1_data_technology_tool_stats,공학 도구로 자료 수집·분석하기,도수분포표와 상대도수,m1_data_data_analysis,자료 분석,도수분포표와 상대도수,used_in,medium,2,"curriculum_math_2022: printed p. 41; [9수04-04] explanation and considerations; teaching_note; 통계적 탐구 문제 설정, 계획 수립, 자료 수집·정리·분석·해석, 인터넷 검색·웹 기반 소프트웨어·통계 프로그램 활용, 통계적 근거 토론을 다룸 | achievement_math_2022: 자료와 가능성 section; [9수04-02]~[9수04-04] achievement levels; achievement_level; 줄기와 잎 그림, 도수분포표, 히스토그램, 도수분포다각형, 상대도수의 분포, 통계적 탐구 문제 설정과 공학 도구 활용 수준을 구분",,procedure_ref;textbook_page_refs,"Find a worked example, procedure, or application where this source concept is used.",pending_textbook_pdf,,,,,,,,,,
11,중1(교육과정 학년군: 중1-3),자료와 가능성,도수분포표와 상대도수,m1_data_technology_tool_stats__used_in__m1_data_data_collection,intra_unit,m1_data_technology_tool_stats,공학 도구로 자료 수집·분석하기,도수분포표와 상대도수,m1_data_data_collection,자료 수집,도수분포표와 상대도수,used_in,medium,2,"curriculum_math_2022: printed p. 41; [9수04-04] explanation and considerations; teaching_note; 통계적 탐구 문제 설정, 계획 수립, 자료 수집·정리·분석·해석, 인터넷 검색·웹 기반 소프트웨어·통계 프로그램 활용, 통계적 근거 토론을 다룸 | achievement_math_2022: 자료와 가능성 section; [9수04-02]~[9수04-04] achievement levels; achievement_level; 줄기와 잎 그림, 도수분포표, 히스토그램, 도수분포다각형, 상대도수의 분포, 통계적 탐구 문제 설정과 공학 도구 활용 수준을 구분",,procedure_ref;textbook_page_refs,"Find a worked example, procedure, or application where this source concept is used.",pending_textbook_pdf,,,,,,,,,,
11,중1(교육과정 학년군: 중1-3),자료와 가능성,도수분포표와 상대도수,m1_data_total_frequency__used_in__m1_data_compare_groups_by_relative_frequency,intra_unit,m1_data_total_frequency,총도수,도수분포표와 상대도수,m1_data_compare_groups_by_relative_frequency,상대도수로 두 집단의 분포 비교하기,도수분포표와 상대도수,used_in,medium,2,"curriculum_math_2022: printed p. 41; [9수04-03] explanation; teaching_note; 상대도수는 도수의 총합이 다른 두 집단의 분포를 비교하는 상황에서 간단히 다루고 그 필요성과 유용성을 인식하게 함 | achievement_research_report_2022: 연구보고서 p. 227, p. 228; 도수분포표와 상대도수 성취기준별 성취수준; research_report_achievement_level_context; 자료를 줄기와 잎 그림, 도수분포표, 히스토그램, 도수분포다각형으로 나타내고 해석하기, 상대도수를 구하고 상대도수의 분포를 표나 그래프로 나타내고 해석하기, 통계적 탐구 문제 설정과 공학 도구 활용 성취수준 맥락",,procedure_ref;textbook_page_refs,"Find a worked example, procedure, or application where this source concept is used.",pending_textbook_pdf,,,,,,,,,,
11,중1(교육과정 학년군: 중1-3),자료와 가능성,도수분포표와 상대도수,m1_data_total_frequency__used_in__m1_data_relative_frequency_calculation,intra_unit,m1_data_total_frequency,총도수,도수분포표와 상대도수,m1_data_relative_frequency_calculation,상대도수 구하기,도수분포표와 상대도수,used_in,high,4,"curriculum_math_2022: printed p. 40; [9수04-03]; achievement_standard; 상대도수를 구하고 상대도수의 분포를 표나 그래프로 나타내고 해석하는 성취기준 | curriculum_math_2022: printed p. 41; [9수04-03] explanation; teaching_note; 상대도수는 도수의 총합이 다른 두 집단의 분포를 비교하는 상황에서 간단히 다루고 그 필요성과 유용성을 인식하게 함 | achievement_math_2022: 자료와 가능성 section; [9수04-02]~[9수04-04] achievement levels; achievement_level; 줄기와 잎 그림, 도수분포표, 히스토그램, 도수분포다각형, 상대도수의 분포, 통계적 탐구 문제 설정과 공학 도구 활용 수준을 구분 | achievement_research_report_2022: 연구보고서 p. 227, p. 228; 도수분포표와 상대도수 성취기준별 성취수준; research_report_achievement_level_context; 자료를 줄기와 잎 그림, 도수분포표, 히스토그램, 도수분포다각형으로 나타내고 해석하기, 상대도수를 구하고 상대도수의 분포를 표나 그래프로 나타내고 해석하기, 통계적 탐구 문제 설정과 공학 도구 활용 성취수준 맥락",,procedure_ref;textbook_page_refs,"Find a worked example, procedure, or application where this source concept is used.",pending_textbook_pdf,,,,,,,,,,
11,중1(교육과정 학년군: 중1-3),자료와 가능성,도수분포표와 상대도수,m1_data_domain__contains__m1_data_frequency_unit,cross_unit,m1_data_domain,자료와 가능성,자료와 가능성,m1_data_frequency_unit,도수분포표와 상대도수,도수분포표와 상대도수,contains,high,5,"curriculum_math_2022: printed p. 40; [9수04-02]; achievement_standard; 자료를 줄기와 잎 그림, 도수분포표, 히스토그램, 도수분포다각형으로 나타내고 해석하는 성취기준 | curriculum_math_2022: printed p. 40; [9수04-03]; achievement_standard; 상대도수를 구하고 상대도수의 분포를 표나 그래프로 나타내고 해석하는 성취기준 | curriculum_math_2022: printed p. 41; [9수04-03] explanation; teaching_note; 상대도수는 도수의 총합이 다른 두 집단의 분포를 비교하는 상황에서 간단히 다루고 그 필요성과 유용성을 인식하게 함 | achievement_math_2022: 자료와 가능성 section; [9수04-02]~[9수04-04] achievement levels; achievement_level; 줄기와 잎 그림, 도수분포표, 히스토그램, 도수분포다각형, 상대도수의 분포, 통계적 탐구 문제 설정과 공학 도구 활용 수준을 구분 | achievement_research_report_2022: 연구보고서 p. 227, p. 228; 도수분포표와 상대도수 성취기준별 성취수준; research_report_achievement_level_context; 자료를 줄기와 잎 그림, 도수분포표, 히스토그램, 도수분포다각형으로 나타내고 해석하기, 상대도수를 구하고 상대도수의 분포를 표나 그래프로 나타내고 해석하기, 통계적 탐구 문제 설정과 공학 도구 활용 성취수준 맥락",,structure_ref;textbook_page_refs,Find textbook structure evidence for the containment relation.,pending_textbook_pdf,,,,,,,,,,
11,중1(교육과정 학년군: 중1-3),자료와 가능성,도수분포표와 상대도수,m1_data_domain__contains__m1_data_statistical_inquiry_unit,cross_unit,m1_data_domain,자료와 가능성,자료와 가능성,m1_data_statistical_inquiry_unit,통계적 탐구,도수분포표와 상대도수,contains,high,4,"curriculum_math_2022: printed p. 40; [9수04-04]; achievement_standard; 통계적 탐구 문제를 설정하고 공학 도구를 이용하여 자료를 수집·분석하고 결과를 해석하는 성취기준 | curriculum_math_2022: printed p. 41; [9수04-04] explanation and considerations; teaching_note; 통계적 탐구 문제 설정, 계획 수립, 자료 수집·정리·분석·해석, 인터넷 검색·웹 기반 소프트웨어·통계 프로그램 활용, 통계적 근거 토론을 다룸 | achievement_math_2022: 자료와 가능성 section; [9수04-02]~[9수04-04] achievement levels; achievement_level; 줄기와 잎 그림, 도수분포표, 히스토그램, 도수분포다각형, 상대도수의 분포, 통계적 탐구 문제 설정과 공학 도구 활용 수준을 구분 | achievement_research_report_2022: 연구보고서 p. 227, p. 228; 도수분포표와 상대도수 성취기준별 성취수준; research_report_achievement_level_context; 자료를 줄기와 잎 그림, 도수분포표, 히스토그램, 도수분포다각형으로 나타내고 해석하기, 상대도수를 구하고 상대도수의 분포를 표나 그래프로 나타내고 해석하기, 통계적 탐구 문제 설정과 공학 도구 활용 성취수준 맥락",,structure_ref;textbook_page_refs,Find textbook structure evidence for the containment relation.,pending_textbook_pdf,,,,,,,,,,
11,중1(교육과정 학년군: 중1-3),자료와 가능성,도수분포표와 상대도수,m1_data_dataset__prerequisite_for__m1_data_class,cross_unit,m1_data_dataset,자료,자료와 가능성,m1_data_class,계급,도수분포표와 상대도수,prerequisite_for,high,3,"curriculum_math_2022: printed pp. 41-42; terms and symbols for 자료와 가능성; term_list; 변량, 대푯값, 중앙값, 최빈값, 줄기와 잎 그림, 계급, 계급의 크기, 도수, 도수분포표, 히스토그램, 도수분포다각형, 상대도수, 사건, 확률, 산포도, 편차, 분산, 표준편차, 사분위수, 상자그림, 산점도, 상관관계를 다룸 | curriculum_math_2022: printed p. 40; [9수04-02]; achievement_standard; 자료를 줄기와 잎 그림, 도수분포표, 히스토그램, 도수분포다각형으로 나타내고 해석하는 성취기준 | achievement_math_2022: 자료와 가능성 section; [9수04-02]~[9수04-04] achievement levels; achievement_level; 줄기와 잎 그림, 도수분포표, 히스토그램, 도수분포다각형, 상대도수의 분포, 통계적 탐구 문제 설정과 공학 도구 활용 수준을 구분",,prerequisite_ref;textbook_page_refs,Find textbook sequencing or prior-knowledge evidence for the prerequisite relation.,pending_textbook_pdf,,,,,,,,,,
11,중1(교육과정 학년군: 중1-3),자료와 가능성,도수분포표와 상대도수,m1_data_dataset__prerequisite_for__m1_data_distribution,cross_unit,m1_data_dataset,자료,자료와 가능성,m1_data_distribution,자료의 분포,도수분포표와 상대도수,prerequisite_for,high,6,"curriculum_math_2022: printed p. 40; [9수04-02]; achievement_standard; 자료를 줄기와 잎 그림, 도수분포표, 히스토그램, 도수분포다각형으로 나타내고 해석하는 성취기준 | curriculum_math_2022: printed p. 40; [9수04-03]; achievement_standard; 상대도수를 구하고 상대도수의 분포를 표나 그래프로 나타내고 해석하는 성취기준 | curriculum_math_2022: printed p. 41; [9수04-07]; achievement_standard; 분산과 표준편차를 구하고 자료의 분포를 설명하는 성취기준 | achievement_math_2022: 자료와 가능성 section; [9수04-02]~[9수04-04] achievement levels; achievement_level; 줄기와 잎 그림, 도수분포표, 히스토그램, 도수분포다각형, 상대도수의 분포, 통계적 탐구 문제 설정과 공학 도구 활용 수준을 구분 | achievement_research_report_2022: 연구보고서 p. 227, p. 228; 도수분포표와 상대도수 성취기준별 성취수준; research_report_achievement_level_context; 자료를 줄기와 잎 그림, 도수분포표, 히스토그램, 도수분포다각형으로 나타내고 해석하기, 상대도수를 구하고 상대도수의 분포를 표나 그래프로 나타내고 해석하기, 통계적 탐구 문제 설정과 공학 도구 활용 성취수준 맥락 | achievement_math_2022: 자료와 가능성 section; [9수04-07] achievement levels; achievement_level; 산포도, 편차, 분산, 표준편차의 뜻, 분산과 표준편차 계산, 두 집단 분포 비교 수준을 구분",,prerequisite_ref;textbook_page_refs,Find textbook sequencing or prior-knowledge evidence for the prerequisite relation.,pending_textbook_pdf,,,,,,,,,,
11,중1(교육과정 학년군: 중1-3),자료와 가능성,도수분포표와 상대도수,m1_data_dataset__prerequisite_for__m1_data_frequency,cross_unit,m1_data_dataset,자료,자료와 가능성,m1_data_frequency,도수,도수분포표와 상대도수,prerequisite_for,high,4,"curriculum_math_2022: printed pp. 41-42; terms and symbols for 자료와 가능성; term_list; 변량, 대푯값, 중앙값, 최빈값, 줄기와 잎 그림, 계급, 계급의 크기, 도수, 도수분포표, 히스토그램, 도수분포다각형, 상대도수, 사건, 확률, 산포도, 편차, 분산, 표준편차, 사분위수, 상자그림, 산점도, 상관관계를 다룸 | curriculum_math_2022: printed p. 40; [9수04-02]; achievement_standard; 자료를 줄기와 잎 그림, 도수분포표, 히스토그램, 도수분포다각형으로 나타내고 해석하는 성취기준 | achievement_math_2022: 자료와 가능성 section; [9수04-02]~[9수04-04] achievement levels; achievement_level; 줄기와 잎 그림, 도수분포표, 히스토그램, 도수분포다각형, 상대도수의 분포, 통계적 탐구 문제 설정과 공학 도구 활용 수준을 구분 | achievement_research_report_2022: 연구보고서 p. 227, p. 228; 도수분포표와 상대도수 성취기준별 성취수준; research_report_achievement_level_context; 자료를 줄기와 잎 그림, 도수분포표, 히스토그램, 도수분포다각형으로 나타내고 해석하기, 상대도수를 구하고 상대도수의 분포를 표나 그래프로 나타내고 해석하기, 통계적 탐구 문제 설정과 공학 도구 활용 성취수준 맥락",,prerequisite_ref;textbook_page_refs,Find textbook sequencing or prior-knowledge evidence for the prerequisite relation.,pending_textbook_pdf,,,,,,,,,,
11,중1(교육과정 학년군: 중1-3),자료와 가능성,도수분포표와 상대도수,m1_data_dataset__prerequisite_for__m1_data_statistical_inquiry_problem,cross_unit,m1_data_dataset,자료,자료와 가능성,m1_data_statistical_inquiry_problem,통계적 탐구 문제,도수분포표와 상대도수,prerequisite_for,high,4,"curriculum_math_2022: printed p. 40; [9수04-04]; achievement_standard; 통계적 탐구 문제를 설정하고 공학 도구를 이용하여 자료를 수집·분석하고 결과를 해석하는 성취기준 | curriculum_math_2022: printed p. 41; [9수04-04] explanation and considerations; teaching_note; 통계적 탐구 문제 설정, 계획 수립, 자료 수집·정리·분석·해석, 인터넷 검색·웹 기반 소프트웨어·통계 프로그램 활용, 통계적 근거 토론을 다룸 | achievement_math_2022: 자료와 가능성 section; [9수04-02]~[9수04-04] achievement levels; achievement_level; 줄기와 잎 그림, 도수분포표, 히스토그램, 도수분포다각형, 상대도수의 분포, 통계적 탐구 문제 설정과 공학 도구 활용 수준을 구분 | achievement_research_report_2022: 연구보고서 p. 227, p. 228; 도수분포표와 상대도수 성취기준별 성취수준; research_report_achievement_level_context; 자료를 줄기와 잎 그림, 도수분포표, 히스토그램, 도수분포다각형으로 나타내고 해석하기, 상대도수를 구하고 상대도수의 분포를 표나 그래프로 나타내고 해석하기, 통계적 탐구 문제 설정과 공학 도구 활용 성취수준 맥락",,prerequisite_ref;textbook_page_refs,Find textbook sequencing or prior-knowledge evidence for the prerequisite relation.,pending_textbook_pdf,,,,,,,,,,
11,중1(교육과정 학년군: 중1-3),자료와 가능성,도수분포표와 상대도수,m1_data_dataset__prerequisite_for__m1_data_stem_leaf_plot,cross_unit,m1_data_dataset,자료,자료와 가능성,m1_data_stem_leaf_plot,줄기와 잎 그림,도수분포표와 상대도수,prerequisite_for,high,4,"curriculum_math_2022: printed pp. 41-42; terms and symbols for 자료와 가능성; term_list; 변량, 대푯값, 중앙값, 최빈값, 줄기와 잎 그림, 계급, 계급의 크기, 도수, 도수분포표, 히스토그램, 도수분포다각형, 상대도수, 사건, 확률, 산포도, 편차, 분산, 표준편차, 사분위수, 상자그림, 산점도, 상관관계를 다룸 | curriculum_math_2022: printed p. 40; [9수04-02]; achievement_standard; 자료를 줄기와 잎 그림, 도수분포표, 히스토그램, 도수분포다각형으로 나타내고 해석하는 성취기준 | achievement_math_2022: 자료와 가능성 section; [9수04-02]~[9수04-04] achievement levels; achievement_level; 줄기와 잎 그림, 도수분포표, 히스토그램, 도수분포다각형, 상대도수의 분포, 통계적 탐구 문제 설정과 공학 도구 활용 수준을 구분 | achievement_research_report_2022: 연구보고서 p. 227, p. 228; 도수분포표와 상대도수 성취기준별 성취수준; research_report_achievement_level_context; 자료를 줄기와 잎 그림, 도수분포표, 히스토그램, 도수분포다각형으로 나타내고 해석하기, 상대도수를 구하고 상대도수의 분포를 표나 그래프로 나타내고 해석하기, 통계적 탐구 문제 설정과 공학 도구 활용 성취수준 맥락",,prerequisite_ref;textbook_page_refs,Find textbook sequencing or prior-knowledge evidence for the prerequisite relation.,pending_textbook_pdf,,,,,,,,,,
11,중1(교육과정 학년군: 중1-3),자료와 가능성,도수분포표와 상대도수,m1_data_distribution__prerequisite_for__m1_data_choose_representative_value,cross_unit,m1_data_distribution,자료의 분포,도수분포표와 상대도수,m1_data_choose_representative_value,자료의 특성에 맞는 대푯값 선택,대푯값,prerequisite_for,high,3,"curriculum_math_2022: printed p. 40; [9수04-01]; achievement_standard; 중앙값, 최빈값의 뜻을 알고 자료의 특성에 따라 적절한 대푯값을 선택하여 구하는 성취기준 | curriculum_math_2022: printed p. 41; [9수04-01] explanation; teaching_note; 대푯값에는 평균 이외에도 중앙값과 최빈값이 있음을 알고, 자료의 특성에 따라 적절한 대푯값을 선택하며 각 대푯값의 유용성을 토론하게 함 | achievement_math_2022: 자료와 가능성 section; [9수04-01] achievement levels; achievement_level; 중앙값과 최빈값의 뜻, 적절한 대푯값 선택, 중앙값과 최빈값이 사용되는 예와 필요성 인식 수준을 구분",,prerequisite_ref;textbook_page_refs,Find textbook sequencing or prior-knowledge evidence for the prerequisite relation.,pending_textbook_pdf,,,,,,,,,,
11,중1(교육과정 학년군: 중1-3),자료와 가능성,도수분포표와 상대도수,m1_data_distribution__prerequisite_for__m1_data_variability,cross_unit,m1_data_distribution,자료의 분포,도수분포표와 상대도수,m1_data_variability,산포도,산포도,prerequisite_for,high,3,"curriculum_math_2022: printed pp. 41-42; terms and symbols for 자료와 가능성; term_list; 변량, 대푯값, 중앙값, 최빈값, 줄기와 잎 그림, 계급, 계급의 크기, 도수, 도수분포표, 히스토그램, 도수분포다각형, 상대도수, 사건, 확률, 산포도, 편차, 분산, 표준편차, 사분위수, 상자그림, 산점도, 상관관계를 다룸 | curriculum_math_2022: printed p. 41; [9수04-07]; achievement_standard; 분산과 표준편차를 구하고 자료의 분포를 설명하는 성취기준 | achievement_math_2022: 자료와 가능성 section; [9수04-07] achievement levels; achievement_level; 산포도, 편차, 분산, 표준편차의 뜻, 분산과 표준편차 계산, 두 집단 분포 비교 수준을 구분",,prerequisite_ref;textbook_page_refs,Find textbook sequencing or prior-knowledge evidence for the prerequisite relation.,pending_textbook_pdf,,,,,,,,,,
11,중1(교육과정 학년군: 중1-3),자료와 가능성,도수분포표와 상대도수,m1_data_distribution__prerequisite_for__m1_data_variability_magnitude_interpretation,cross_unit,m1_data_distribution,자료의 분포,도수분포표와 상대도수,m1_data_variability_magnitude_interpretation,산포도 값의 크기 해석,산포도,prerequisite_for,medium,2,"curriculum_math_2022: printed p. 41; [9수04-07]; achievement_standard; 분산과 표준편차를 구하고 자료의 분포를 설명하는 성취기준 | achievement_math_2022: 자료와 가능성 section; [9수04-07] achievement levels; achievement_level; 산포도, 편차, 분산, 표준편차의 뜻, 분산과 표준편차 계산, 두 집단 분포 비교 수준을 구분",,prerequisite_ref;textbook_page_refs,Find textbook sequencing or prior-knowledge evidence for the prerequisite relation.,pending_textbook_pdf,,,,,,,,,,
11,중1(교육과정 학년군: 중1-3),자료와 가능성,도수분포표와 상대도수,m1_data_distribution__prerequisite_for__m1_data_variability_unit,cross_unit,m1_data_distribution,자료의 분포,도수분포표와 상대도수,m1_data_variability_unit,산포도,산포도,prerequisite_for,high,2,"curriculum_math_2022: printed p. 41; [9수04-07]; achievement_standard; 분산과 표준편차를 구하고 자료의 분포를 설명하는 성취기준 | achievement_math_2022: 자료와 가능성 section; [9수04-07] achievement levels; achievement_level; 산포도, 편차, 분산, 표준편차의 뜻, 분산과 표준편차 계산, 두 집단 분포 비교 수준을 구분",,prerequisite_ref;textbook_page_refs,Find textbook sequencing or prior-knowledge evidence for the prerequisite relation.,pending_textbook_pdf,,,,,,,,,,
11,중1(교육과정 학년군: 중1-3),자료와 가능성,도수분포표와 상대도수,m1_data_distribution_interpretation__prerequisite_for__m1_data_box_plot_compare,cross_unit,m1_data_distribution_interpretation,자료의 분포 특징 해석,도수분포표와 상대도수,m1_data_box_plot_compare,상자그림으로 두 집단의 분포 비교,상자그림과 산점도,prerequisite_for,high,3,"curriculum_math_2022: printed p. 41; [9수04-08]; achievement_standard; 공학 도구를 이용하여 자료를 상자그림으로 나타내고 분포를 비교하는 성취기준 | curriculum_math_2022: printed pp. 41-42; achievement-standard considerations; teaching_note; 순열·조합을 이용하면 쉽게 해결되는 복잡한 경우의 수 문제는 다루지 않고, 확률에서 각 경우가 발생할 가능성이 동등하다는 가정을 유의하게 하며, 상자그림은 두 집단 분포 비교에 중점을 둠 | achievement_math_2022: 자료와 가능성 section; [9수04-08]~[9수04-09] achievement levels; achievement_level; 공학 도구로 사분위수와 상자그림을 구해 두 집단의 분포를 비교하고, 산점도와 상관관계를 말하는 수준을 구분",,prerequisite_ref;textbook_page_refs,Find textbook sequencing or prior-knowledge evidence for the prerequisite relation.,pending_textbook_pdf,,,,,,,,,,
11,중1(교육과정 학년군: 중1-3),자료와 가능성,도수분포표와 상대도수,m1_data_distribution_interpretation__prerequisite_for__m1_data_compare_distributions_variability,cross_unit,m1_data_distribution_interpretation,자료의 분포 특징 해석,도수분포표와 상대도수,m1_data_compare_distributions_variability,산포도로 두 집단의 분포 비교,산포도,prerequisite_for,high,2,"curriculum_math_2022: printed p. 41; [9수04-07]; achievement_standard; 분산과 표준편차를 구하고 자료의 분포를 설명하는 성취기준 | achievement_math_2022: 자료와 가능성 section; [9수04-07] achievement levels; achievement_level; 산포도, 편차, 분산, 표준편차의 뜻, 분산과 표준편차 계산, 두 집단 분포 비교 수준을 구분",,prerequisite_ref;textbook_page_refs,Find textbook sequencing or prior-knowledge evidence for the prerequisite relation.,pending_textbook_pdf,,,,,,,,,,
11,중1(교육과정 학년군: 중1-3),자료와 가능성,도수분포표와 상대도수,m1_data_frequency__prerequisite_for__m1_data_mode,cross_unit,m1_data_frequency,도수,도수분포표와 상대도수,m1_data_mode,최빈값,대푯값,prerequisite_for,high,3,"curriculum_math_2022: printed pp. 41-42; terms and symbols for 자료와 가능성; term_list; 변량, 대푯값, 중앙값, 최빈값, 줄기와 잎 그림, 계급, 계급의 크기, 도수, 도수분포표, 히스토그램, 도수분포다각형, 상대도수, 사건, 확률, 산포도, 편차, 분산, 표준편차, 사분위수, 상자그림, 산점도, 상관관계를 다룸 | curriculum_math_2022: printed p. 40; [9수04-01]; achievement_standard; 중앙값, 최빈값의 뜻을 알고 자료의 특성에 따라 적절한 대푯값을 선택하여 구하는 성취기준 | achievement_math_2022: 자료와 가능성 section; [9수04-01] achievement levels; achievement_level; 중앙값과 최빈값의 뜻, 적절한 대푯값 선택, 중앙값과 최빈값이 사용되는 예와 필요성 인식 수준을 구분",,prerequisite_ref;textbook_page_refs,Find textbook sequencing or prior-knowledge evidence for the prerequisite relation.,pending_textbook_pdf,,,,,,,,,,
11,중1(교육과정 학년군: 중1-3),자료와 가능성,도수분포표와 상대도수,m1_data_relative_frequency__prerequisite_for__m1_data_experimental_probability,cross_unit,m1_data_relative_frequency,상대도수,도수분포표와 상대도수,m1_data_experimental_probability,상대도수로서의 확률,경우의 수와 확률,prerequisite_for,medium,1,"curriculum_math_2022: printed p. 41; [9수04-05]~[9수04-06] explanation; teaching_note; 경우의 수는 두 경우의 수를 합하거나 곱하는 정도로 다루며, 확률은 실험·관찰로 구한 상대도수와 경우의 수의 비율을 연결해 이해하게 함",,prerequisite_ref;textbook_page_refs,Find textbook sequencing or prior-knowledge evidence for the prerequisite relation.,pending_textbook_pdf,,,,,,,,,,
11,중1(교육과정 학년군: 중1-3),자료와 가능성,도수분포표와 상대도수,m1_data_relative_frequency__prerequisite_for__m1_data_probability_unit,cross_unit,m1_data_relative_frequency,상대도수,도수분포표와 상대도수,m1_data_probability_unit,경우의 수와 확률,경우의 수와 확률,prerequisite_for,high,5,"curriculum_math_2022: printed p. 40; [9수04-05]; achievement_standard; 경우의 수를 구하는 성취기준 | curriculum_math_2022: printed p. 40; [9수04-06]; achievement_standard; 확률의 개념과 기본 성질을 이해하고 확률을 구하는 성취기준 | curriculum_math_2022: printed p. 41; [9수04-05]~[9수04-06] explanation; teaching_note; 경우의 수는 두 경우의 수를 합하거나 곱하는 정도로 다루며, 확률은 실험·관찰로 구한 상대도수와 경우의 수의 비율을 연결해 이해하게 함 | curriculum_math_2022: printed pp. 41-42; achievement-standard considerations; teaching_note; 순열·조합을 이용하면 쉽게 해결되는 복잡한 경우의 수 문제는 다루지 않고, 확률에서 각 경우가 발생할 가능성이 동등하다는 가정을 유의하게 하며, 상자그림은 두 집단 분포 비교에 중점을 둠 | achievement_math_2022: 자료와 가능성 section; [9수04-05]~[9수04-06] achievement levels; achievement_level; 사건 A 또는 B, 사건 A와 B가 동시에 일어나는 경우의 수, 확률의 개념과 기본 성질, 사건의 확률을 구하는 수준을 구분",,prerequisite_ref;textbook_page_refs,Find textbook sequencing or prior-knowledge evidence for the prerequisite relation.,pending_textbook_pdf,,,,,,,,,,
11,중1(교육과정 학년군: 중1-3),자료와 가능성,도수분포표와 상대도수,m1_data_relative_frequency__prerequisite_for__m1_data_relative_frequency_case_ratio_link,cross_unit,m1_data_relative_frequency,상대도수,도수분포표와 상대도수,m1_data_relative_frequency_case_ratio_link,상대도수와 경우의 수의 비율 연결,경우의 수와 확률,prerequisite_for,medium,1,"curriculum_math_2022: printed p. 41; [9수04-05]~[9수04-06] explanation; teaching_note; 경우의 수는 두 경우의 수를 합하거나 곱하는 정도로 다루며, 확률은 실험·관찰로 구한 상대도수와 경우의 수의 비율을 연결해 이해하게 함",,prerequisite_ref;textbook_page_refs,Find textbook sequencing or prior-knowledge evidence for the prerequisite relation.,pending_textbook_pdf,,,,,,,,,,
11,중1(교육과정 학년군: 중1-3),자료와 가능성,도수분포표와 상대도수,m1_data_representative_unit__prerequisite_for__m1_data_frequency_unit,cross_unit,m1_data_representative_unit,대푯값,대푯값,m1_data_frequency_unit,도수분포표와 상대도수,도수분포표와 상대도수,prerequisite_for,high,5,"curriculum_math_2022: printed p. 40; [9수04-02]; achievement_standard; 자료를 줄기와 잎 그림, 도수분포표, 히스토그램, 도수분포다각형으로 나타내고 해석하는 성취기준 | curriculum_math_2022: printed p. 40; [9수04-03]; achievement_standard; 상대도수를 구하고 상대도수의 분포를 표나 그래프로 나타내고 해석하는 성취기준 | curriculum_math_2022: printed p. 41; [9수04-03] explanation; teaching_note; 상대도수는 도수의 총합이 다른 두 집단의 분포를 비교하는 상황에서 간단히 다루고 그 필요성과 유용성을 인식하게 함 | achievement_math_2022: 자료와 가능성 section; [9수04-02]~[9수04-04] achievement levels; achievement_level; 줄기와 잎 그림, 도수분포표, 히스토그램, 도수분포다각형, 상대도수의 분포, 통계적 탐구 문제 설정과 공학 도구 활용 수준을 구분 | achievement_research_report_2022: 연구보고서 p. 227, p. 228; 도수분포표와 상대도수 성취기준별 성취수준; research_report_achievement_level_context; 자료를 줄기와 잎 그림, 도수분포표, 히스토그램, 도수분포다각형으로 나타내고 해석하기, 상대도수를 구하고 상대도수의 분포를 표나 그래프로 나타내고 해석하기, 통계적 탐구 문제 설정과 공학 도구 활용 성취수준 맥락",,prerequisite_ref;textbook_page_refs,Find textbook sequencing or prior-knowledge evidence for the prerequisite relation.,pending_textbook_pdf,,,,,,,,,,
11,중1(교육과정 학년군: 중1-3),자료와 가능성,도수분포표와 상대도수,m1_data_technology_tool_stats__prerequisite_for__m1_data_box_plot_construction_tool,cross_unit,m1_data_technology_tool_stats,공학 도구로 자료 수집·분석하기,도수분포표와 상대도수,m1_data_box_plot_construction_tool,공학 도구로 상자그림 나타내기,상자그림과 산점도,prerequisite_for,high,2,"curriculum_math_2022: printed p. 41; [9수04-08]; achievement_standard; 공학 도구를 이용하여 자료를 상자그림으로 나타내고 분포를 비교하는 성취기준 | achievement_math_2022: 자료와 가능성 section; [9수04-08]~[9수04-09] achievement levels; achievement_level; 공학 도구로 사분위수와 상자그림을 구해 두 집단의 분포를 비교하고, 산점도와 상관관계를 말하는 수준을 구분",,prerequisite_ref;textbook_page_refs,Find textbook sequencing or prior-knowledge evidence for the prerequisite relation.,pending_textbook_pdf,,,,,,,,,,
11,중1(교육과정 학년군: 중1-3),자료와 가능성,도수분포표와 상대도수,m1_graph_graph__prerequisite_for__m1_data_critical_graph_reading,cross_unit,m1_graph_graph,그래프,좌표평면과 그래프,m1_data_critical_graph_reading,표와 그래프의 오류 비판적으로 읽기,도수분포표와 상대도수,prerequisite_for,medium,1,"curriculum_math_2022: printed p. 42; achievement-standard considerations; teaching_note; 눈금 등을 부적절하게 사용해 자료를 부정확하게 나타낸 표나 그래프의 오류를 찾고, 자료 정리·표현·대푯값·산포도 계산에 공학 도구를 활용하게 함",,prerequisite_ref;textbook_page_refs,Find textbook sequencing or prior-knowledge evidence for the prerequisite relation.,pending_textbook_pdf,,,,,,,,,,
11,중1(교육과정 학년군: 중1-3),자료와 가능성,도수분포표와 상대도수,m1_graph_graph__prerequisite_for__m1_data_frequency_unit,cross_unit,m1_graph_graph,그래프,좌표평면과 그래프,m1_data_frequency_unit,도수분포표와 상대도수,도수분포표와 상대도수,prerequisite_for,high,5,"curriculum_math_2022: printed p. 40; [9수04-02]; achievement_standard; 자료를 줄기와 잎 그림, 도수분포표, 히스토그램, 도수분포다각형으로 나타내고 해석하는 성취기준 | curriculum_math_2022: printed p. 40; [9수04-03]; achievement_standard; 상대도수를 구하고 상대도수의 분포를 표나 그래프로 나타내고 해석하는 성취기준 | curriculum_math_2022: printed p. 41; [9수04-03] explanation; teaching_note; 상대도수는 도수의 총합이 다른 두 집단의 분포를 비교하는 상황에서 간단히 다루고 그 필요성과 유용성을 인식하게 함 | achievement_math_2022: 자료와 가능성 section; [9수04-02]~[9수04-04] achievement levels; achievement_level; 줄기와 잎 그림, 도수분포표, 히스토그램, 도수분포다각형, 상대도수의 분포, 통계적 탐구 문제 설정과 공학 도구 활용 수준을 구분 | achievement_research_report_2022: 연구보고서 p. 227, p. 228; 도수분포표와 상대도수 성취기준별 성취수준; research_report_achievement_level_context; 자료를 줄기와 잎 그림, 도수분포표, 히스토그램, 도수분포다각형으로 나타내고 해석하기, 상대도수를 구하고 상대도수의 분포를 표나 그래프로 나타내고 해석하기, 통계적 탐구 문제 설정과 공학 도구 활용 성취수준 맥락",,prerequisite_ref;textbook_page_refs,Find textbook sequencing or prior-knowledge evidence for the prerequisite relation.,pending_textbook_pdf,,,,,,,,,,
11,중1(교육과정 학년군: 중1-3),자료와 가능성,도수분포표와 상대도수,m1_graph_graph__prerequisite_for__m1_data_histogram,cross_unit,m1_graph_graph,그래프,좌표평면과 그래프,m1_data_histogram,히스토그램,도수분포표와 상대도수,prerequisite_for,high,4,"curriculum_math_2022: printed pp. 41-42; terms and symbols for 자료와 가능성; term_list; 변량, 대푯값, 중앙값, 최빈값, 줄기와 잎 그림, 계급, 계급의 크기, 도수, 도수분포표, 히스토그램, 도수분포다각형, 상대도수, 사건, 확률, 산포도, 편차, 분산, 표준편차, 사분위수, 상자그림, 산점도, 상관관계를 다룸 | curriculum_math_2022: printed p. 40; [9수04-02]; achievement_standard; 자료를 줄기와 잎 그림, 도수분포표, 히스토그램, 도수분포다각형으로 나타내고 해석하는 성취기준 | achievement_math_2022: 자료와 가능성 section; [9수04-02]~[9수04-04] achievement levels; achievement_level; 줄기와 잎 그림, 도수분포표, 히스토그램, 도수분포다각형, 상대도수의 분포, 통계적 탐구 문제 설정과 공학 도구 활용 수준을 구분 | achievement_research_report_2022: 연구보고서 p. 227, p. 228; 도수분포표와 상대도수 성취기준별 성취수준; research_report_achievement_level_context; 자료를 줄기와 잎 그림, 도수분포표, 히스토그램, 도수분포다각형으로 나타내고 해석하기, 상대도수를 구하고 상대도수의 분포를 표나 그래프로 나타내고 해석하기, 통계적 탐구 문제 설정과 공학 도구 활용 성취수준 맥락",,prerequisite_ref;textbook_page_refs,Find textbook sequencing or prior-knowledge evidence for the prerequisite relation.,pending_textbook_pdf,,,,,,,,,,
11,중1(교육과정 학년군: 중1-3),자료와 가능성,도수분포표와 상대도수,m1_graph_graph__prerequisite_for__m1_data_histogram_drawing,cross_unit,m1_graph_graph,그래프,좌표평면과 그래프,m1_data_histogram_drawing,히스토그램으로 나타내기,도수분포표와 상대도수,prerequisite_for,high,3,"curriculum_math_2022: printed p. 40; [9수04-02]; achievement_standard; 자료를 줄기와 잎 그림, 도수분포표, 히스토그램, 도수분포다각형으로 나타내고 해석하는 성취기준 | achievement_math_2022: 자료와 가능성 section; [9수04-02]~[9수04-04] achievement levels; achievement_level; 줄기와 잎 그림, 도수분포표, 히스토그램, 도수분포다각형, 상대도수의 분포, 통계적 탐구 문제 설정과 공학 도구 활용 수준을 구분 | achievement_research_report_2022: 연구보고서 p. 227, p. 228; 도수분포표와 상대도수 성취기준별 성취수준; research_report_achievement_level_context; 자료를 줄기와 잎 그림, 도수분포표, 히스토그램, 도수분포다각형으로 나타내고 해석하기, 상대도수를 구하고 상대도수의 분포를 표나 그래프로 나타내고 해석하기, 통계적 탐구 문제 설정과 공학 도구 활용 성취수준 맥락",,prerequisite_ref;textbook_page_refs,Find textbook sequencing or prior-knowledge evidence for the prerequisite relation.,pending_textbook_pdf,,,,,,,,,,
11,중1(교육과정 학년군: 중1-3),자료와 가능성,도수분포표와 상대도수,m1_graph_graph__prerequisite_for__m1_data_relative_frequency_table_graph,cross_unit,m1_graph_graph,그래프,좌표평면과 그래프,m1_data_relative_frequency_table_graph,상대도수의 분포를 표나 그래프로 나타내기,도수분포표와 상대도수,prerequisite_for,high,4,"curriculum_math_2022: printed p. 40; [9수04-03]; achievement_standard; 상대도수를 구하고 상대도수의 분포를 표나 그래프로 나타내고 해석하는 성취기준 | curriculum_math_2022: printed p. 41; [9수04-03] explanation; teaching_note; 상대도수는 도수의 총합이 다른 두 집단의 분포를 비교하는 상황에서 간단히 다루고 그 필요성과 유용성을 인식하게 함 | achievement_math_2022: 자료와 가능성 section; [9수04-02]~[9수04-04] achievement levels; achievement_level; 줄기와 잎 그림, 도수분포표, 히스토그램, 도수분포다각형, 상대도수의 분포, 통계적 탐구 문제 설정과 공학 도구 활용 수준을 구분 | achievement_research_report_2022: 연구보고서 p. 227, p. 228; 도수분포표와 상대도수 성취기준별 성취수준; research_report_achievement_level_context; 자료를 줄기와 잎 그림, 도수분포표, 히스토그램, 도수분포다각형으로 나타내고 해석하기, 상대도수를 구하고 상대도수의 분포를 표나 그래프로 나타내고 해석하기, 통계적 탐구 문제 설정과 공학 도구 활용 성취수준 맥락",,prerequisite_ref;textbook_page_refs,Find textbook sequencing or prior-knowledge evidence for the prerequisite relation.,pending_textbook_pdf,,,,,,,,,,
11,중1(교육과정 학년군: 중1-3),자료와 가능성,도수분포표와 상대도수,m1_num_order_relation__prerequisite_for__m1_data_class,cross_unit,m1_num_order_relation,정수와 유리수의 대소 관계,정수와 유리수,m1_data_class,계급,도수분포표와 상대도수,prerequisite_for,high,3,"curriculum_math_2022: printed pp. 41-42; terms and symbols for 자료와 가능성; term_list; 변량, 대푯값, 중앙값, 최빈값, 줄기와 잎 그림, 계급, 계급의 크기, 도수, 도수분포표, 히스토그램, 도수분포다각형, 상대도수, 사건, 확률, 산포도, 편차, 분산, 표준편차, 사분위수, 상자그림, 산점도, 상관관계를 다룸 | curriculum_math_2022: printed p. 40; [9수04-02]; achievement_standard; 자료를 줄기와 잎 그림, 도수분포표, 히스토그램, 도수분포다각형으로 나타내고 해석하는 성취기준 | achievement_math_2022: 자료와 가능성 section; [9수04-02]~[9수04-04] achievement levels; achievement_level; 줄기와 잎 그림, 도수분포표, 히스토그램, 도수분포다각형, 상대도수의 분포, 통계적 탐구 문제 설정과 공학 도구 활용 수준을 구분",,prerequisite_ref;textbook_page_refs,Find textbook sequencing or prior-knowledge evidence for the prerequisite relation.,pending_textbook_pdf,,,,,,,,,,
11,중1(교육과정 학년군: 중1-3),자료와 가능성,도수분포표와 상대도수,m1_num_order_relation__prerequisite_for__m1_data_stem_leaf_plot,cross_unit,m1_num_order_relation,정수와 유리수의 대소 관계,정수와 유리수,m1_data_stem_leaf_plot,줄기와 잎 그림,도수분포표와 상대도수,prerequisite_for,high,4,"curriculum_math_2022: printed pp. 41-42; terms and symbols for 자료와 가능성; term_list; 변량, 대푯값, 중앙값, 최빈값, 줄기와 잎 그림, 계급, 계급의 크기, 도수, 도수분포표, 히스토그램, 도수분포다각형, 상대도수, 사건, 확률, 산포도, 편차, 분산, 표준편차, 사분위수, 상자그림, 산점도, 상관관계를 다룸 | curriculum_math_2022: printed p. 40; [9수04-02]; achievement_standard; 자료를 줄기와 잎 그림, 도수분포표, 히스토그램, 도수분포다각형으로 나타내고 해석하는 성취기준 | achievement_math_2022: 자료와 가능성 section; [9수04-02]~[9수04-04] achievement levels; achievement_level; 줄기와 잎 그림, 도수분포표, 히스토그램, 도수분포다각형, 상대도수의 분포, 통계적 탐구 문제 설정과 공학 도구 활용 수준을 구분 | achievement_research_report_2022: 연구보고서 p. 227, p. 228; 도수분포표와 상대도수 성취기준별 성취수준; research_report_achievement_level_context; 자료를 줄기와 잎 그림, 도수분포표, 히스토그램, 도수분포다각형으로 나타내고 해석하기, 상대도수를 구하고 상대도수의 분포를 표나 그래프로 나타내고 해석하기, 통계적 탐구 문제 설정과 공학 도구 활용 성취수준 맥락",,prerequisite_ref;textbook_page_refs,Find textbook sequencing or prior-knowledge evidence for the prerequisite relation.,pending_textbook_pdf,,,,,,,,,,
11,중1(교육과정 학년군: 중1-3),자료와 가능성,도수분포표와 상대도수,m1_num_ratio__prerequisite_for__m1_data_relative_frequency_calculation,cross_unit,m1_num_ratio,비,공통 선수개념,m1_data_relative_frequency_calculation,상대도수 구하기,도수분포표와 상대도수,prerequisite_for,high,4,"curriculum_math_2022: printed p. 40; [9수04-03]; achievement_standard; 상대도수를 구하고 상대도수의 분포를 표나 그래프로 나타내고 해석하는 성취기준 | curriculum_math_2022: printed p. 41; [9수04-03] explanation; teaching_note; 상대도수는 도수의 총합이 다른 두 집단의 분포를 비교하는 상황에서 간단히 다루고 그 필요성과 유용성을 인식하게 함 | achievement_math_2022: 자료와 가능성 section; [9수04-02]~[9수04-04] achievement levels; achievement_level; 줄기와 잎 그림, 도수분포표, 히스토그램, 도수분포다각형, 상대도수의 분포, 통계적 탐구 문제 설정과 공학 도구 활용 수준을 구분 | achievement_research_report_2022: 연구보고서 p. 227, p. 228; 도수분포표와 상대도수 성취기준별 성취수준; research_report_achievement_level_context; 자료를 줄기와 잎 그림, 도수분포표, 히스토그램, 도수분포다각형으로 나타내고 해석하기, 상대도수를 구하고 상대도수의 분포를 표나 그래프로 나타내고 해석하기, 통계적 탐구 문제 설정과 공학 도구 활용 성취수준 맥락",,prerequisite_ref;textbook_page_refs,Find textbook sequencing or prior-knowledge evidence for the prerequisite relation.,pending_textbook_pdf,,,,,,,,,,
11,중1(교육과정 학년군: 중1-3),자료와 가능성,도수분포표와 상대도수,m1_num_rational_number__prerequisite_for__m1_data_relative_frequency,cross_unit,m1_num_rational_number,유리수,정수와 유리수,m1_data_relative_frequency,상대도수,도수분포표와 상대도수,prerequisite_for,high,5,"curriculum_math_2022: printed pp. 41-42; terms and symbols for 자료와 가능성; term_list; 변량, 대푯값, 중앙값, 최빈값, 줄기와 잎 그림, 계급, 계급의 크기, 도수, 도수분포표, 히스토그램, 도수분포다각형, 상대도수, 사건, 확률, 산포도, 편차, 분산, 표준편차, 사분위수, 상자그림, 산점도, 상관관계를 다룸 | curriculum_math_2022: printed p. 40; [9수04-03]; achievement_standard; 상대도수를 구하고 상대도수의 분포를 표나 그래프로 나타내고 해석하는 성취기준 | curriculum_math_2022: printed p. 41; [9수04-03] explanation; teaching_note; 상대도수는 도수의 총합이 다른 두 집단의 분포를 비교하는 상황에서 간단히 다루고 그 필요성과 유용성을 인식하게 함 | achievement_math_2022: 자료와 가능성 section; [9수04-02]~[9수04-04] achievement levels; achievement_level; 줄기와 잎 그림, 도수분포표, 히스토그램, 도수분포다각형, 상대도수의 분포, 통계적 탐구 문제 설정과 공학 도구 활용 수준을 구분 | achievement_research_report_2022: 연구보고서 p. 227, p. 228; 도수분포표와 상대도수 성취기준별 성취수준; research_report_achievement_level_context; 자료를 줄기와 잎 그림, 도수분포표, 히스토그램, 도수분포다각형으로 나타내고 해석하기, 상대도수를 구하고 상대도수의 분포를 표나 그래프로 나타내고 해석하기, 통계적 탐구 문제 설정과 공학 도구 활용 성취수준 맥락",,prerequisite_ref;textbook_page_refs,Find textbook sequencing or prior-knowledge evidence for the prerequisite relation.,pending_textbook_pdf,,,,,,,,,,
11,중1(교육과정 학년군: 중1-3),자료와 가능성,도수분포표와 상대도수,m1_repr_table__prerequisite_for__m1_data_critical_graph_reading,cross_unit,m1_repr_table,표,좌표평면과 그래프,m1_data_critical_graph_reading,표와 그래프의 오류 비판적으로 읽기,도수분포표와 상대도수,prerequisite_for,medium,1,"curriculum_math_2022: printed p. 42; achievement-standard considerations; teaching_note; 눈금 등을 부적절하게 사용해 자료를 부정확하게 나타낸 표나 그래프의 오류를 찾고, 자료 정리·표현·대푯값·산포도 계산에 공학 도구를 활용하게 함",,prerequisite_ref;textbook_page_refs,Find textbook sequencing or prior-knowledge evidence for the prerequisite relation.,pending_textbook_pdf,,,,,,,,,,
11,중1(교육과정 학년군: 중1-3),자료와 가능성,도수분포표와 상대도수,m1_repr_table__prerequisite_for__m1_data_frequency_table,cross_unit,m1_repr_table,표,좌표평면과 그래프,m1_data_frequency_table,도수분포표,도수분포표와 상대도수,prerequisite_for,high,4,"curriculum_math_2022: printed pp. 41-42; terms and symbols for 자료와 가능성; term_list; 변량, 대푯값, 중앙값, 최빈값, 줄기와 잎 그림, 계급, 계급의 크기, 도수, 도수분포표, 히스토그램, 도수분포다각형, 상대도수, 사건, 확률, 산포도, 편차, 분산, 표준편차, 사분위수, 상자그림, 산점도, 상관관계를 다룸 | curriculum_math_2022: printed p. 40; [9수04-02]; achievement_standard; 자료를 줄기와 잎 그림, 도수분포표, 히스토그램, 도수분포다각형으로 나타내고 해석하는 성취기준 | achievement_math_2022: 자료와 가능성 section; [9수04-02]~[9수04-04] achievement levels; achievement_level; 줄기와 잎 그림, 도수분포표, 히스토그램, 도수분포다각형, 상대도수의 분포, 통계적 탐구 문제 설정과 공학 도구 활용 수준을 구분 | achievement_research_report_2022: 연구보고서 p. 227, p. 228; 도수분포표와 상대도수 성취기준별 성취수준; research_report_achievement_level_context; 자료를 줄기와 잎 그림, 도수분포표, 히스토그램, 도수분포다각형으로 나타내고 해석하기, 상대도수를 구하고 상대도수의 분포를 표나 그래프로 나타내고 해석하기, 통계적 탐구 문제 설정과 공학 도구 활용 성취수준 맥락",,prerequisite_ref;textbook_page_refs,Find textbook sequencing or prior-knowledge evidence for the prerequisite relation.,pending_textbook_pdf,,,,,,,,,,
11,중1(교육과정 학년군: 중1-3),자료와 가능성,도수분포표와 상대도수,m1_repr_table__prerequisite_for__m1_data_frequency_table_construction,cross_unit,m1_repr_table,표,좌표평면과 그래프,m1_data_frequency_table_construction,도수분포표로 나타내기,도수분포표와 상대도수,prerequisite_for,high,3,"curriculum_math_2022: printed p. 40; [9수04-02]; achievement_standard; 자료를 줄기와 잎 그림, 도수분포표, 히스토그램, 도수분포다각형으로 나타내고 해석하는 성취기준 | achievement_math_2022: 자료와 가능성 section; [9수04-02]~[9수04-04] achievement levels; achievement_level; 줄기와 잎 그림, 도수분포표, 히스토그램, 도수분포다각형, 상대도수의 분포, 통계적 탐구 문제 설정과 공학 도구 활용 수준을 구분 | achievement_research_report_2022: 연구보고서 p. 227, p. 228; 도수분포표와 상대도수 성취기준별 성취수준; research_report_achievement_level_context; 자료를 줄기와 잎 그림, 도수분포표, 히스토그램, 도수분포다각형으로 나타내고 해석하기, 상대도수를 구하고 상대도수의 분포를 표나 그래프로 나타내고 해석하기, 통계적 탐구 문제 설정과 공학 도구 활용 성취수준 맥락",,prerequisite_ref;textbook_page_refs,Find textbook sequencing or prior-knowledge evidence for the prerequisite relation.,pending_textbook_pdf,,,,,,,,,,
11,중1(교육과정 학년군: 중1-3),자료와 가능성,도수분포표와 상대도수,m1_repr_table__prerequisite_for__m1_data_frequency_unit,cross_unit,m1_repr_table,표,좌표평면과 그래프,m1_data_frequency_unit,도수분포표와 상대도수,도수분포표와 상대도수,prerequisite_for,high,5,"curriculum_math_2022: printed p. 40; [9수04-02]; achievement_standard; 자료를 줄기와 잎 그림, 도수분포표, 히스토그램, 도수분포다각형으로 나타내고 해석하는 성취기준 | curriculum_math_2022: printed p. 40; [9수04-03]; achievement_standard; 상대도수를 구하고 상대도수의 분포를 표나 그래프로 나타내고 해석하는 성취기준 | curriculum_math_2022: printed p. 41; [9수04-03] explanation; teaching_note; 상대도수는 도수의 총합이 다른 두 집단의 분포를 비교하는 상황에서 간단히 다루고 그 필요성과 유용성을 인식하게 함 | achievement_math_2022: 자료와 가능성 section; [9수04-02]~[9수04-04] achievement levels; achievement_level; 줄기와 잎 그림, 도수분포표, 히스토그램, 도수분포다각형, 상대도수의 분포, 통계적 탐구 문제 설정과 공학 도구 활용 수준을 구분 | achievement_research_report_2022: 연구보고서 p. 227, p. 228; 도수분포표와 상대도수 성취기준별 성취수준; research_report_achievement_level_context; 자료를 줄기와 잎 그림, 도수분포표, 히스토그램, 도수분포다각형으로 나타내고 해석하기, 상대도수를 구하고 상대도수의 분포를 표나 그래프로 나타내고 해석하기, 통계적 탐구 문제 설정과 공학 도구 활용 성취수준 맥락",,prerequisite_ref;textbook_page_refs,Find textbook sequencing or prior-knowledge evidence for the prerequisite relation.,pending_textbook_pdf,,,,,,,,,,
11,중1(교육과정 학년군: 중1-3),자료와 가능성,도수분포표와 상대도수,m1_repr_table__prerequisite_for__m1_data_relative_frequency_table_graph,cross_unit,m1_repr_table,표,좌표평면과 그래프,m1_data_relative_frequency_table_graph,상대도수의 분포를 표나 그래프로 나타내기,도수분포표와 상대도수,prerequisite_for,high,4,"curriculum_math_2022: printed p. 40; [9수04-03]; achievement_standard; 상대도수를 구하고 상대도수의 분포를 표나 그래프로 나타내고 해석하는 성취기준 | curriculum_math_2022: printed p. 41; [9수04-03] explanation; teaching_note; 상대도수는 도수의 총합이 다른 두 집단의 분포를 비교하는 상황에서 간단히 다루고 그 필요성과 유용성을 인식하게 함 | achievement_math_2022: 자료와 가능성 section; [9수04-02]~[9수04-04] achievement levels; achievement_level; 줄기와 잎 그림, 도수분포표, 히스토그램, 도수분포다각형, 상대도수의 분포, 통계적 탐구 문제 설정과 공학 도구 활용 수준을 구분 | achievement_research_report_2022: 연구보고서 p. 227, p. 228; 도수분포표와 상대도수 성취기준별 성취수준; research_report_achievement_level_context; 자료를 줄기와 잎 그림, 도수분포표, 히스토그램, 도수분포다각형으로 나타내고 해석하기, 상대도수를 구하고 상대도수의 분포를 표나 그래프로 나타내고 해석하기, 통계적 탐구 문제 설정과 공학 도구 활용 성취수준 맥락",,prerequisite_ref;textbook_page_refs,Find textbook sequencing or prior-knowledge evidence for the prerequisite relation.,pending_textbook_pdf,,,,,,,,,,
11,중1(교육과정 학년군: 중1-3),자료와 가능성,도수분포표와 상대도수,m1_data_dataset__represented_by__m1_data_frequency_table,cross_unit,m1_data_dataset,자료,자료와 가능성,m1_data_frequency_table,도수분포표,도수분포표와 상대도수,represented_by,high,3,"curriculum_math_2022: printed p. 40; [9수04-02]; achievement_standard; 자료를 줄기와 잎 그림, 도수분포표, 히스토그램, 도수분포다각형으로 나타내고 해석하는 성취기준 | curriculum_math_2022: printed pp. 41-42; terms and symbols for 자료와 가능성; term_list; 변량, 대푯값, 중앙값, 최빈값, 줄기와 잎 그림, 계급, 계급의 크기, 도수, 도수분포표, 히스토그램, 도수분포다각형, 상대도수, 사건, 확률, 산포도, 편차, 분산, 표준편차, 사분위수, 상자그림, 산점도, 상관관계를 다룸 | achievement_math_2022: 자료와 가능성 section; [9수04-02]~[9수04-04] achievement levels; achievement_level; 줄기와 잎 그림, 도수분포표, 히스토그램, 도수분포다각형, 상대도수의 분포, 통계적 탐구 문제 설정과 공학 도구 활용 수준을 구분",,representation_ref;textbook_page_refs,"Find textbook representation evidence such as a table, graph, expression, or diagram.",pending_textbook_pdf,,,,,,,,,,
11,중1(교육과정 학년군: 중1-3),자료와 가능성,도수분포표와 상대도수,m1_data_dataset__represented_by__m1_data_stem_leaf_plot,cross_unit,m1_data_dataset,자료,자료와 가능성,m1_data_stem_leaf_plot,줄기와 잎 그림,도수분포표와 상대도수,represented_by,high,3,"curriculum_math_2022: printed p. 40; [9수04-02]; achievement_standard; 자료를 줄기와 잎 그림, 도수분포표, 히스토그램, 도수분포다각형으로 나타내고 해석하는 성취기준 | curriculum_math_2022: printed pp. 41-42; terms and symbols for 자료와 가능성; term_list; 변량, 대푯값, 중앙값, 최빈값, 줄기와 잎 그림, 계급, 계급의 크기, 도수, 도수분포표, 히스토그램, 도수분포다각형, 상대도수, 사건, 확률, 산포도, 편차, 분산, 표준편차, 사분위수, 상자그림, 산점도, 상관관계를 다룸 | achievement_math_2022: 자료와 가능성 section; [9수04-02]~[9수04-04] achievement levels; achievement_level; 줄기와 잎 그림, 도수분포표, 히스토그램, 도수분포다각형, 상대도수의 분포, 통계적 탐구 문제 설정과 공학 도구 활용 수준을 구분",,representation_ref;textbook_page_refs,"Find textbook representation evidence such as a table, graph, expression, or diagram.",pending_textbook_pdf,,,,,,,,,,
11,중1(교육과정 학년군: 중1-3),자료와 가능성,도수분포표와 상대도수,m1_data_experimental_probability__represented_by__m1_data_relative_frequency,cross_unit,m1_data_experimental_probability,상대도수로서의 확률,경우의 수와 확률,m1_data_relative_frequency,상대도수,도수분포표와 상대도수,represented_by,medium,1,"curriculum_math_2022: printed p. 41; [9수04-05]~[9수04-06] explanation; teaching_note; 경우의 수는 두 경우의 수를 합하거나 곱하는 정도로 다루며, 확률은 실험·관찰로 구한 상대도수와 경우의 수의 비율을 연결해 이해하게 함",,representation_ref;textbook_page_refs,"Find textbook representation evidence such as a table, graph, expression, or diagram.",pending_textbook_pdf,,,,,,,,,,
11,중1(교육과정 학년군: 중1-3),자료와 가능성,도수분포표와 상대도수,m1_data_critical_graph_reading__used_in__m1_graph_graph_interpretation,cross_unit,m1_data_critical_graph_reading,표와 그래프의 오류 비판적으로 읽기,도수분포표와 상대도수,m1_graph_graph_interpretation,그래프 해석,좌표평면과 그래프,used_in,medium,1,"curriculum_math_2022: printed p. 42; achievement-standard considerations; teaching_note; 눈금 등을 부적절하게 사용해 자료를 부정확하게 나타낸 표나 그래프의 오류를 찾고, 자료 정리·표현·대푯값·산포도 계산에 공학 도구를 활용하게 함",,procedure_ref;textbook_page_refs,"Find a worked example, procedure, or application where this source concept is used.",pending_textbook_pdf,,,,,,,,,,
11,중1(교육과정 학년군: 중1-3),자료와 가능성,도수분포표와 상대도수,m1_data_distribution__used_in__m1_data_choose_representative_value,cross_unit,m1_data_distribution,자료의 분포,도수분포표와 상대도수,m1_data_choose_representative_value,자료의 특성에 맞는 대푯값 선택,대푯값,used_in,high,2,"curriculum_math_2022: printed p. 41; [9수04-01] explanation; teaching_note; 대푯값에는 평균 이외에도 중앙값과 최빈값이 있음을 알고, 자료의 특성에 따라 적절한 대푯값을 선택하며 각 대푯값의 유용성을 토론하게 함 | achievement_math_2022: 자료와 가능성 section; [9수04-01] achievement levels; achievement_level; 중앙값과 최빈값의 뜻, 적절한 대푯값 선택, 중앙값과 최빈값이 사용되는 예와 필요성 인식 수준을 구분",,procedure_ref;textbook_page_refs,"Find a worked example, procedure, or application where this source concept is used.",pending_textbook_pdf,,,,,,,,,,
11,중1(교육과정 학년군: 중1-3),자료와 가능성,도수분포표와 상대도수,m1_data_distribution__used_in__m1_data_explain_distribution_with_variability,cross_unit,m1_data_distribution,자료의 분포,도수분포표와 상대도수,m1_data_explain_distribution_with_variability,산포도로 자료의 분포 설명하기,산포도,used_in,high,2,"curriculum_math_2022: printed p. 41; [9수04-07]; achievement_standard; 분산과 표준편차를 구하고 자료의 분포를 설명하는 성취기준 | achievement_math_2022: 자료와 가능성 section; [9수04-07] achievement levels; achievement_level; 산포도, 편차, 분산, 표준편차의 뜻, 분산과 표준편차 계산, 두 집단 분포 비교 수준을 구분",,procedure_ref;textbook_page_refs,"Find a worked example, procedure, or application where this source concept is used.",pending_textbook_pdf,,,,,,,,,,
11,중1(교육과정 학년군: 중1-3),자료와 가능성,도수분포표와 상대도수,m1_data_distribution__used_in__m1_data_variability,cross_unit,m1_data_distribution,자료의 분포,도수분포표와 상대도수,m1_data_variability,산포도,산포도,used_in,high,2,"curriculum_math_2022: printed p. 41; [9수04-07]; achievement_standard; 분산과 표준편차를 구하고 자료의 분포를 설명하는 성취기준 | achievement_math_2022: 자료와 가능성 section; [9수04-07] achievement levels; achievement_level; 산포도, 편차, 분산, 표준편차의 뜻, 분산과 표준편차 계산, 두 집단 분포 비교 수준을 구분",,procedure_ref;textbook_page_refs,"Find a worked example, procedure, or application where this source concept is used.",pending_textbook_pdf,,,,,,,,,,
11,중1(교육과정 학년군: 중1-3),자료와 가능성,도수분포표와 상대도수,m1_data_distribution_interpretation__used_in__m1_data_box_plot_compare,cross_unit,m1_data_distribution_interpretation,자료의 분포 특징 해석,도수분포표와 상대도수,m1_data_box_plot_compare,상자그림으로 두 집단의 분포 비교,상자그림과 산점도,used_in,medium,2,"curriculum_math_2022: printed p. 41; [9수04-08]; achievement_standard; 공학 도구를 이용하여 자료를 상자그림으로 나타내고 분포를 비교하는 성취기준 | achievement_math_2022: 자료와 가능성 section; [9수04-08]~[9수04-09] achievement levels; achievement_level; 공학 도구로 사분위수와 상자그림을 구해 두 집단의 분포를 비교하고, 산점도와 상관관계를 말하는 수준을 구분",,procedure_ref;textbook_page_refs,"Find a worked example, procedure, or application where this source concept is used.",pending_textbook_pdf,,,,,,,,,,
11,중1(교육과정 학년군: 중1-3),자료와 가능성,도수분포표와 상대도수,m1_data_technology_tool_stats__used_in__m1_data_box_plot,cross_unit,m1_data_technology_tool_stats,공학 도구로 자료 수집·분석하기,도수분포표와 상대도수,m1_data_box_plot,상자그림,상자그림과 산점도,used_in,high,2,"curriculum_math_2022: printed p. 41; [9수04-08]; achievement_standard; 공학 도구를 이용하여 자료를 상자그림으로 나타내고 분포를 비교하는 성취기준 | achievement_math_2022: 자료와 가능성 section; [9수04-08]~[9수04-09] achievement levels; achievement_level; 공학 도구로 사분위수와 상자그림을 구해 두 집단의 분포를 비교하고, 산점도와 상관관계를 말하는 수준을 구분",,procedure_ref;textbook_page_refs,"Find a worked example, procedure, or application where this source concept is used.",pending_textbook_pdf,,,,,,,,,,
11,중1(교육과정 학년군: 중1-3),자료와 가능성,도수분포표와 상대도수,m1_data_technology_tool_stats__used_in__m1_data_box_scatter_unit,cross_unit,m1_data_technology_tool_stats,공학 도구로 자료 수집·분석하기,도수분포표와 상대도수,m1_data_box_scatter_unit,상자그림과 산점도,상자그림과 산점도,used_in,medium,2,"curriculum_math_2022: printed p. 41; [9수04-08]; achievement_standard; 공학 도구를 이용하여 자료를 상자그림으로 나타내고 분포를 비교하는 성취기준 | achievement_math_2022: 자료와 가능성 section; [9수04-08]~[9수04-09] achievement levels; achievement_level; 공학 도구로 사분위수와 상자그림을 구해 두 집단의 분포를 비교하고, 산점도와 상관관계를 말하는 수준을 구분",공학 도구는 상자그림 생성과 해석 수행에 쓰이는 수단이므로 단원 전체의 prerequisite보다 used_in으로 둔다.,procedure_ref;textbook_page_refs,"Find a worked example, procedure, or application where this source concept is used.",pending_textbook_pdf,,,,,,,,,,
11,중1(교육과정 학년군: 중1-3),자료와 가능성,도수분포표와 상대도수,m1_data_technology_tool_stats__used_in__m1_data_calculate_variance_sd,cross_unit,m1_data_technology_tool_stats,공학 도구로 자료 수집·분석하기,도수분포표와 상대도수,m1_data_calculate_variance_sd,분산과 표준편차 구하기,산포도,used_in,medium,2,"curriculum_math_2022: printed p. 42; achievement-standard considerations; teaching_note; 눈금 등을 부적절하게 사용해 자료를 부정확하게 나타낸 표나 그래프의 오류를 찾고, 자료 정리·표현·대푯값·산포도 계산에 공학 도구를 활용하게 함 | achievement_math_2022: 자료와 가능성 section; [9수04-07] achievement levels; achievement_level; 산포도, 편차, 분산, 표준편차의 뜻, 분산과 표준편차 계산, 두 집단 분포 비교 수준을 구분",,procedure_ref;textbook_page_refs,"Find a worked example, procedure, or application where this source concept is used.",pending_textbook_pdf,,,,,,,,,,
11,중1(교육과정 학년군: 중1-3),자료와 가능성,도수분포표와 상대도수,m1_data_dataset__related_to__m1_data_data_collection,cross_unit,m1_data_dataset,자료,자료와 가능성,m1_data_data_collection,자료 수집,도수분포표와 상대도수,related_to,medium,4,"curriculum_math_2022: printed p. 40; [9수04-02]; achievement_standard; 자료를 줄기와 잎 그림, 도수분포표, 히스토그램, 도수분포다각형으로 나타내고 해석하는 성취기준 | curriculum_math_2022: printed p. 40; [9수04-04]; achievement_standard; 통계적 탐구 문제를 설정하고 공학 도구를 이용하여 자료를 수집·분석하고 결과를 해석하는 성취기준 | curriculum_math_2022: printed p. 41; [9수04-04] explanation and considerations; teaching_note; 통계적 탐구 문제 설정, 계획 수립, 자료 수집·정리·분석·해석, 인터넷 검색·웹 기반 소프트웨어·통계 프로그램 활용, 통계적 근거 토론을 다룸 | achievement_math_2022: 자료와 가능성 section; [9수04-02]~[9수04-04] achievement levels; achievement_level; 줄기와 잎 그림, 도수분포표, 히스토그램, 도수분포다각형, 상대도수의 분포, 통계적 탐구 문제 설정과 공학 도구 활용 수준을 구분",Data collection is the procedure that obtains or prepares datasets for statistical analysis.,related_ref;textbook_page_refs,Find textbook wording or examples that justify keeping these concepts linked.,pending_textbook_pdf,,,,,,,,,,
11,중1(교육과정 학년군: 중1-3),자료와 가능성,도수분포표와 상대도수,m1_data_frequency_unit__related_to__m1_data_variability_unit,cross_unit,m1_data_frequency_unit,도수분포표와 상대도수,도수분포표와 상대도수,m1_data_variability_unit,산포도,산포도,related_to,medium,5,"curriculum_math_2022: printed p. 40; [9수04-02]; achievement_standard; 자료를 줄기와 잎 그림, 도수분포표, 히스토그램, 도수분포다각형으로 나타내고 해석하는 성취기준 | curriculum_math_2022: printed p. 40; [9수04-03]; achievement_standard; 상대도수를 구하고 상대도수의 분포를 표나 그래프로 나타내고 해석하는 성취기준 | curriculum_math_2022: printed p. 41; [9수04-07]; achievement_standard; 분산과 표준편차를 구하고 자료의 분포를 설명하는 성취기준 | achievement_math_2022: 자료와 가능성 section; [9수04-02]~[9수04-04] achievement levels; achievement_level; 줄기와 잎 그림, 도수분포표, 히스토그램, 도수분포다각형, 상대도수의 분포, 통계적 탐구 문제 설정과 공학 도구 활용 수준을 구분 | achievement_math_2022: 자료와 가능성 section; [9수04-07] achievement levels; achievement_level; 산포도, 편차, 분산, 표준편차의 뜻, 분산과 표준편차 계산, 두 집단 분포 비교 수준을 구분",Frequency-table and relative-frequency work represents distributions later described with variability measures.,related_ref;textbook_page_refs,Find textbook wording or examples that justify keeping these concepts linked.,pending_textbook_pdf,,,,,,,,,,
